game_id,game_date,venue,venue_location,a_team_id,h_team_id,a_team_code,h_team_code,a_team_score,h_team_score,a_sog,h_sog,a_fo_win_perc,h_fo_win_perc,a_pp_perc,h_pp_perc,a_pim,h_pim,a_hits,h_hits,a_blocked_shots,h_blocked_shots,a_giveaways,h_giveaways,a_takeaways,h_takeaways,a_ppg,h_ppg,a_total_pp,h_total_pp
2025020001,2025-10-07,Amerant Bank Arena,Sunrise,16,13,CHI,FLA,2,3,19,37,0.414286,0.585714,0.0,0.5,9,11,27,28,16,15,19,17,4,3,0,1,3,2
2025020002,2025-10-07,Madison Square Garden,New York,5,3,PIT,NYR,3,0,31,25,0.525,0.475,0.0,0.0,4,2,22,34,20,17,19,17,1,4,0,0,1,2
2025020003,2025-10-07,Crypto.com Arena,Los Angeles,21,26,COL,LAK,4,1,23,25,0.45,0.55,0.166667,0.25,13,17,25,33,21,14,17,19,2,7,1,1,6,4
2025020004,2025-10-08,Scotiabank Arena,Toronto,8,10,MTL,TOR,2,5,31,27,0.40678,0.59322,0.0,0.0,4,4,27,35,13,17,13,12,3,2,0,0,2,2
2025020005,2025-10-08,Capital One Arena,Washington,6,15,BOS,WSH,3,1,22,36,0.5,0.5,0.5,0.0,10,4,33,35,23,11,20,15,3,3,1,0,2,5
2025020006,2025-10-08,Rogers Place,Edmonton,20,22,CGY,EDM,4,3,22,35,0.517241,0.482759,0.25,0.5,18,8,35,23,17,18,22,18,4,3,1,2,4,4
2025020007,2025-10-08,T-Mobile Arena,Paradise,26,54,LAK,VGK,6,5,26,35,0.37931,0.62069,1.0,0.333333,13,6,37,36,18,14,21,17,3,8,1,2,1,6
2025020008,2025-10-09,TD Garden,Boston,16,6,CHI,BOS,3,4,24,33,0.415385,0.584615,0.0,0.2,14,10,15,25,6,16,15,17,7,5,0,1,3,5
2025020009,2025-10-09,KeyBank Center,Buffalo,3,7,NYR,BUF,4,0,33,37,0.65,0.35,0.0,0.0,10,8,28,24,16,12,14,17,5,3,0,0,3,4
2025020010,2025-10-09,Little Caesars Arena,Detroit,8,17,MTL,DET,5,1,17,31,0.425,0.575,0.333333,0.25,8,6,25,34,14,13,14,18,3,4,1,1,3,4
2025020011,2025-10-09,Benchmark International Arena,Tampa,9,14,OTT,TBL,5,4,34,25,0.545455,0.454545,0.25,0.666667,20,22,37,40,10,18,13,16,2,4,1,2,4,3
2025020012,2025-10-09,Amerant Bank Arena,Sunrise,4,13,PHI,FLA,1,2,20,34,0.61194,0.38806,0.0,0.2,10,4,17,27,10,5,23,13,4,2,0,1,2,5
2025020013,2025-10-09,PPG Paints Arena,Pittsburgh,2,5,NYI,PIT,3,4,37,28,0.58209,0.41791,0.0,0.4,25,8,22,23,13,12,16,22,4,6,0,2,3,5
2025020014,2025-10-09,Lenovo Center,Raleigh,1,12,NJD,CAR,3,6,22,33,0.46875,0.53125,0.0,0.25,8,4,25,27,19,13,28,20,4,6,0,1,2,4
2025020015,2025-10-09,Enterprise Center,St. Louis,30,19,MIN,STL,5,0,21,26,0.537037,0.462963,0.333333,0.0,4,6,19,40,16,17,9,14,3,5,1,0,3,2
2025020016,2025-10-09,Bridgestone Arena,Nashville,29,18,CBJ,NSH,1,2,39,32,0.483871,0.516129,0.0,0.25,10,4,28,22,15,19,18,18,5,8,0,1,1,4
2025020017,2025-10-09,Canada Life Centre,Winnipeg,25,52,DAL,WPG,5,4,37,25,0.52459,0.47541,0.2,0.0,12,14,21,33,18,8,9,22,2,9,1,0,5,4
2025020018,2025-10-09,Ball Arena,Denver,68,21,UTA,COL,1,2,33,27,0.305556,0.694444,0.333333,0.25,8,6,19,20,21,13,36,23,0,4,1,1,3,4
2025020019,2025-10-09,Rogers Arena,Vancouver,20,23,CGY,VAN,1,5,18,26,0.563636,0.436364,0.0,0.0,10,10,35,27,7,18,16,17,3,5,0,0,4,4
2025020020,2025-10-09,SAP Center at San Jose,San Jose,54,28,VGK,SJS,4,3,31,23,0.569231,0.430769,0.25,0.25,8,8,22,22,17,14,17,24,1,5,1,1,4,4
2025020021,2025-10-09,Climate Pledge Arena,Seattle,24,55,ANA,SEA,1,3,36,31,0.453125,0.546875,0.0,0.0,4,2,24,29,7,26,12,24,2,7,0,0,1,2
2025020022,2025-10-11,Canada Life Centre,Winnipeg,26,52,LAK,WPG,2,3,32,27,0.516129,0.483871,0.0,0.25,13,15,23,26,11,28,19,18,8,5,0,1,5,4
2025020023,2025-10-11,Scotiabank Saddledome,Calgary,19,20,STL,CGY,4,2,28,29,0.590164,0.409836,0.25,0.166667,17,13,29,22,17,21,13,11,8,7,1,1,4,6
2025020024,2025-10-11,TD Garden,Boston,7,6,BUF,BOS,1,3,22,31,0.464286,0.535714,0.0,0.0,8,8,32,25,16,17,18,15,1,2,0,0,4,4
2025020025,2025-10-11,Little Caesars Arena,Detroit,10,17,TOR,DET,3,6,23,35,0.480769,0.519231,0.0,0.25,10,6,22,15,16,14,14,13,2,4,0,1,2,4
2025020026,2025-10-11,Benchmark International Arena,Tampa,1,14,NJD,TBL,5,3,31,17,0.576271,0.423729,0.0,0.0,6,8,27,25,24,17,14,16,6,3,0,0,4,3
2025020027,2025-10-11,Amerant Bank Arena,Sunrise,9,13,OTT,FLA,2,6,28,27,0.672131,0.327869,0.0,0.6,10,4,27,28,17,7,22,17,13,5,0,3,2,5
2025020028,2025-10-11,UBS Arena,Elmont,15,2,WSH,NYI,4,2,29,36,0.47541,0.52459,0.0,0.666667,6,4,23,33,20,22,17,19,6,3,0,2,2,3
2025020029,2025-10-11,PPG Paints Arena,Pittsburgh,3,5,NYR,PIT,6,1,30,19,0.48,0.52,0.5,0.0,8,8,30,14,12,18,19,18,8,6,2,0,4,4
2025020030,2025-10-11,Lenovo Center,Raleigh,4,12,PHI,CAR,3,4,23,39,0.463768,0.536232,0.333333,0.0,10,8,27,24,21,13,17,11,5,2,1,0,3,4
2025020031,2025-10-11,United Center,Chicago,8,16,MTL,CHI,3,2,28,22,0.615385,0.384615,0.2,0.25,17,39,16,22,8,16,14,15,4,8,2,1,10,4
2025020032,2025-10-11,Bridgestone Arena,Nashville,68,18,UTA,NSH,3,2,23,23,0.421053,0.578947,0.0,0.0,14,12,21,20,20,12,20,25,6,7,0,0,4,5
2025020033,2025-10-11,Grand Casino Arena,St. Paul,29,30,CBJ,MIN,7,4,32,52,0.619718,0.380282,0.333333,0.5,16,6,16,18,16,19,11,14,6,6,1,4,3,8
2025020034,2025-10-11,Ball Arena,Denver,25,21,DAL,COL,5,4,22,39,0.526316,0.473684,0.0,0.2,15,9,17,19,25,8,22,15,3,4,0,1,2,5
2025020035,2025-10-11,Rogers Place,Edmonton,23,22,VAN,EDM,1,3,15,37,0.444444,0.555556,0.0,0.0,12,6,26,22,14,13,21,15,3,2,0,0,2,5
2025020036,2025-10-11,SAP Center at San Jose,San Jose,24,28,ANA,SJS,7,6,44,23,0.421053,0.578947,0.5,0.5,13,13,24,20,12,18,15,20,3,3,2,2,4,4
2025020037,2025-10-11,Climate Pledge Arena,Seattle,54,55,VGK,SEA,1,2,27,22,0.586207,0.413793,0.333333,0.333333,11,11,22,30,14,20,20,17,3,2,1,1,3,3
2025020038,2025-10-12,Madison Square Garden,New York,15,3,WSH,NYR,1,0,21,35,0.346939,0.653061,0.0,0.0,4,2,26,18,18,15,18,16,3,6,0,0,1,2
2025020039,2025-10-13,KeyBank Center,Buffalo,21,7,COL,BUF,3,1,37,28,0.564516,0.435484,0.0,0.0,8,10,20,11,21,11,18,20,5,7,0,0,4,3
2025020040,2025-10-13,TD Garden,Boston,14,6,TBL,BOS,4,3,23,33,0.316667,0.683333,0.0,0.0,14,8,21,31,14,12,21,16,9,6,0,0,2,5
2025020041,2025-10-13,Canadian Tire Centre,Ottawa,18,9,NSH,OTT,4,1,26,32,0.285714,0.714286,0.0,0.2,10,12,20,29,14,15,12,18,3,3,0,1,6,5
2025020042,2025-10-13,UBS Arena,Elmont,52,2,WPG,NYI,5,2,26,35,0.568627,0.431373,0.333333,0.0,10,6,16,14,24,13,13,12,4,3,1,0,3,5
2025020043,2025-10-13,Scotiabank Arena,Toronto,17,10,DET,TOR,3,2,15,40,0.393443,0.606557,0.25,0.0,6,10,18,22,20,10,16,22,11,7,1,0,4,2
2025020044,2025-10-13,Xfinity Mobile Arena,Philadelphia,13,4,FLA,PHI,2,5,26,22,0.509804,0.490196,0.2,0.0,10,10,24,8,15,14,17,14,2,4,1,0,5,5
2025020045,2025-10-13,Nationwide Arena,Columbus,1,29,NJD,CBJ,3,2,28,33,0.41791,0.58209,1.0,0.0,10,4,15,18,18,12,19,21,5,3,2,0,2,5
2025020046,2025-10-13,Rogers Arena,Vancouver,19,23,STL,VAN,5,2,36,29,0.478261,0.521739,0.333333,0.0,2,6,22,29,17,17,16,24,8,6,1,0,3,1
2025020047,2025-10-13,Grand Casino Arena,St. Paul,26,30,LAK,MIN,3,4,34,26,0.485714,0.514286,0.333333,0.5,12,6,24,23,10,11,22,20,6,9,1,3,3,6
2025020048,2025-10-13,United Center,Chicago,68,16,UTA,CHI,1,3,22,14,0.54717,0.45283,0.0,0.333333,6,6,16,31,3,14,17,16,1,2,0,1,3,3
2025020049,2025-10-14,Scotiabank Arena,Toronto,18,10,NSH,TOR,4,7,30,28,0.491525,0.508475,0.0,0.0,6,6,18,21,11,20,17,17,4,4,0,0,2,2
2025020050,2025-10-14,Centre Bell,Montreal,55,8,SEA,MTL,4,5,22,22,0.4375,0.5625,0.25,0.0,6,8,32,25,17,23,14,13,5,3,1,0,4,2
2025020051,2025-10-14,Madison Square Garden,New York,22,3,EDM,NYR,2,0,22,30,0.534884,0.465116,0.0,0.0,6,0,12,18,23,11,18,13,6,2,0,0,0,3
2025020052,2025-10-14,Capital One Arena,Washington,14,15,TBL,WSH,2,3,19,28,0.464286,0.535714,0.5,0.333333,10,8,8,23,17,8,19,14,2,4,1,1,2,3
2025020053,2025-10-14,Scotiabank Saddledome,Calgary,54,20,VGK,CGY,4,2,30,29,0.569231,0.430769,0.0,0.0,4,6,26,23,11,18,13,12,6,6,0,0,2,1
2025020054,2025-10-14,American Airlines Center,Dallas,30,25,MIN,DAL,2,5,41,25,0.460317,0.539683,0.5,1.0,11,25,26,15,16,17,11,15,4,5,2,2,4,2
2025020055,2025-10-14,SAP Center at San Jose,San Jose,12,28,CAR,SJS,5,1,43,17,0.555556,0.444444,0.0,0.0,12,8,13,21,8,18,23,15,5,4,0,0,3,5
2025020056,2025-10-14,Honda Center,Anaheim,5,24,PIT,ANA,3,4,25,22,0.481481,0.518519,0.0,0.333333,12,2,16,25,26,16,12,14,3,1,0,2,1,6
2025020057,2025-10-15,KeyBank Center,Buffalo,9,7,OTT,BUF,4,8,37,27,0.649123,0.350877,0.2,1.0,10,14,21,28,10,20,15,14,5,6,1,3,5,3
2025020058,2025-10-15,Little Caesars Arena,Detroit,13,17,FLA,DET,1,4,21,25,0.442623,0.557377,0.0,0.333333,6,4,32,15,9,21,15,23,2,3,0,1,2,3
2025020059,2025-10-15,Enterprise Center,St. Louis,16,19,CHI,STL,8,3,29,26,0.555556,0.444444,0.333333,0.0,4,6,9,28,9,10,23,15,11,1,1,0,3,2
2025020060,2025-10-15,Delta Center,Salt Lake City,20,68,CGY,UTA,1,3,20,32,0.566038,0.433962,0.25,0.0,21,17,21,25,14,17,11,10,5,2,1,0,4,6
2025020061,2025-10-16,Scotiabank Arena,Toronto,3,10,NYR,TOR,1,2,29,24,0.527273,0.472727,0.0,0.5,4,6,22,18,10,13,13,21,6,2,0,1,3,2
2025020062,2025-10-16,Centre Bell,Montreal,18,8,NSH,MTL,2,3,19,30,0.553191,0.446809,0.5,0.0,6,4,16,13,12,17,16,12,4,5,1,0,2,3
2025020063,2025-10-16,Canadian Tire Centre,Ottawa,55,9,SEA,OTT,3,4,33,23,0.457627,0.542373,0.333333,0.5,4,6,27,19,21,18,17,16,7,4,1,1,3,2
2025020064,2025-10-16,Prudential Center,Newark,13,1,FLA,NJD,1,3,22,33,0.56,0.44,0.0,0.2,12,12,27,22,18,20,14,10,3,4,0,1,5,5
2025020065,2025-10-16,UBS Arena,Elmont,22,2,EDM,NYI,2,4,33,25,0.568966,0.431034,0.25,0.2,10,8,7,18,13,13,17,12,5,5,1,1,4,5
2025020066,2025-10-16,Xfinity Mobile Arena,Philadelphia,52,4,WPG,PHI,5,2,15,17,0.533333,0.466667,1.0,0.0,8,2,17,15,9,16,14,16,3,4,1,0,1,3
2025020067,2025-10-16,Nationwide Arena,Columbus,21,29,COL,CBJ,4,1,36,23,0.54717,0.45283,0.0,0.0,4,2,13,12,14,20,20,22,6,2,0,0,1,2
2025020068,2025-10-16,American Airlines Center,Dallas,23,25,VAN,DAL,5,3,26,31,0.425926,0.574074,0.666667,0.5,8,6,26,21,15,20,12,11,3,4,2,2,3,4
2025020069,2025-10-16,T-Mobile Arena,Paradise,6,54,BOS,VGK,5,6,24,37,0.492958,0.507042,0.333333,0.333333,12,6,26,20,20,22,14,13,5,3,1,2,3,6
2025020070,2025-10-16,Honda Center,Anaheim,12,24,CAR,ANA,4,1,32,24,0.413793,0.586207,0.333333,0.0,14,10,19,31,16,16,22,15,4,1,1,0,3,4
2025020071,2025-10-16,Crypto.com Arena,Los Angeles,5,26,PIT,LAK,4,2,26,32,0.390244,0.609756,0.5,0.0,4,4,13,23,15,10,15,16,0,3,1,0,2,2
2025020072,2025-10-17,Little Caesars Arena,Detroit,14,17,TBL,DET,1,2,32,31,0.440678,0.559322,0.0,0.0,6,6,20,27,13,22,15,17,4,4,0,0,3,3
2025020073,2025-10-17,Capital One Arena,Washington,30,15,MIN,WSH,1,5,14,45,0.5,0.5,0.0,0.2,10,4,18,23,17,14,14,20,1,6,0,1,2,5
2025020074,2025-10-17,United Center,Chicago,23,16,VAN,CHI,3,2,32,33,0.41791,0.58209,0.166667,0.333333,8,14,26,19,10,10,11,13,2,6,1,1,6,3
2025020075,2025-10-17,Delta Center,Salt Lake City,28,68,SJS,UTA,3,6,21,34,0.489796,0.510204,0.666667,0.25,20,18,25,14,12,8,18,17,7,4,2,1,3,4
2025020076,2025-10-18,KeyBank Center,Buffalo,13,7,FLA,BUF,0,3,32,31,0.5,0.5,0.0,0.5,12,28,29,23,17,20,15,13,3,4,0,2,7,4
2025020077,2025-10-18,Canadian Tire Centre,Ottawa,2,9,NYI,OTT,5,4,23,32,0.480769,0.519231,0.0,0.5,4,6,28,29,19,9,13,22,2,4,0,1,3,2
2025020078,2025-10-18,Prudential Center,Newark,22,1,EDM,NJD,3,5,30,23,0.58,0.42,0.0,0.333333,6,6,20,24,13,15,25,10,4,8,0,1,3,3
2025020079,2025-10-18,Scotiabank Arena,Toronto,55,10,SEA,TOR,4,3,28,30,0.381818,0.618182,0.5,0.25,8,4,26,29,19,15,19,28,7,2,1,1,2,4
2025020080,2025-10-18,Centre Bell,Montreal,3,8,NYR,MTL,4,3,22,24,0.482759,0.517241,0.5,0.5,13,13,24,16,13,11,11,13,4,4,1,1,2,2
2025020081,2025-10-18,Xfinity Mobile Arena,Philadelphia,30,4,MIN,PHI,1,2,16,21,0.489362,0.510638,0.0,0.0,9,11,19,32,15,16,14,15,1,4,0,0,3,2
2025020082,2025-10-18,Nationwide Arena,Columbus,14,29,TBL,CBJ,2,3,24,31,0.428571,0.571429,0.333333,0.0,15,17,14,23,15,18,21,18,3,3,1,0,3,2
2025020083,2025-10-18,Enterprise Center,St. Louis,25,19,DAL,STL,1,3,19,22,0.5,0.5,0.0,0.0,4,4,31,24,13,11,20,13,3,8,0,0,2,2
2025020084,2025-10-18,Canada Life Centre,Winnipeg,18,52,NSH,WPG,1,4,31,24,0.584906,0.415094,0.0,0.666667,11,13,19,16,7,16,10,12,5,2,0,2,4,3
2025020085,2025-10-18,Ball Arena,Denver,6,21,BOS,COL,1,4,14,38,0.541667,0.458333,0.0,0.0,10,4,24,12,29,17,18,12,1,3,0,0,2,5
2025020086,2025-10-18,Crypto.com Arena,Los Angeles,12,26,CAR,LAK,4,3,40,28,0.621622,0.378378,0.0,1.0,2,6,18,29,20,20,16,21,7,4,0,1,3,1
2025020087,2025-10-18,T-Mobile Arena,Paradise,20,54,CGY,VGK,1,6,27,28,0.490566,0.509434,0.333333,1.0,16,16,22,14,10,21,14,19,2,3,1,3,3,3
2025020088,2025-10-18,SAP Center at San Jose,San Jose,5,28,PIT,SJS,3,0,27,31,0.45,0.55,0.0,0.0,4,2,11,25,21,14,20,16,4,5,0,0,1,2
2025020089,2025-10-19,Capital One Arena,Washington,23,15,VAN,WSH,4,3,24,31,0.45098,0.54902,0.25,0.25,13,13,22,28,23,1,17,19,5,3,1,1,4,4
2025020090,2025-10-19,Little Caesars Arena,Detroit,22,17,EDM,DET,2,4,18,25,0.434783,0.565217,0.0,0.0,0,2,19,24,21,11,21,17,3,4,0,0,1,0
2025020091,2025-10-19,United Center,Chicago,24,16,ANA,CHI,1,2,39,30,0.444444,0.555556,0.2,0.0,6,10,30,26,9,12,18,18,8,5,1,0,5,3
2025020092,2025-10-19,Delta Center,Salt Lake City,6,68,BOS,UTA,2,3,26,27,0.59322,0.40678,0.25,0.2,17,15,24,23,19,21,18,20,8,3,1,1,4,5
2025020093,2025-10-20,Madison Square Garden,New York,30,3,MIN,NYR,3,1,32,24,0.491228,0.508772,0.0,0.0,2,6,20,34,19,21,12,11,3,2,0,0,3,1
2025020094,2025-10-20,Xfinity Mobile Arena,Philadelphia,55,4,SEA,PHI,2,5,23,27,0.428571,0.571429,0.166667,0.5,28,32,23,20,11,11,16,19,4,3,1,2,6,4
2025020095,2025-10-20,Centre Bell,Montreal,7,8,BUF,MTL,2,4,32,32,0.436364,0.563636,0.0,0.0,6,6,15,22,9,21,15,11,6,3,0,0,1,1
2025020096,2025-10-20,Scotiabank Saddledome,Calgary,52,20,WPG,CGY,2,1,27,33,0.644068,0.355932,0.2,0.0,10,10,15,22,19,11,19,18,3,4,1,0,5,5
2025020097,2025-10-20,T-Mobile Arena,Paradise,12,54,CAR,VGK,1,4,27,26,0.453125,0.546875,0.0,0.0,8,8,15,13,18,20,13,18,1,2,0,0,4,4
2025020098,2025-10-21,Scotiabank Arena,Toronto,1,10,NJD,TOR,5,2,35,25,0.490909,0.509091,0.5,0.0,11,11,21,22,17,16,25,17,6,7,1,0,2,2
2025020099,2025-10-21,Canadian Tire Centre,Ottawa,22,9,EDM,OTT,3,2,25,21,0.409091,0.590909,0.666667,0.333333,6,6,20,20,17,9,18,13,5,1,2,1,3,3
2025020100,2025-10-21,UBS Arena,Elmont,28,2,SJS,NYI,3,4,36,27,0.590909,0.409091,0.0,0.666667,6,6,22,18,6,19,21,21,4,4,0,2,3,3
2025020101,2025-10-21,PPG Paints Arena,Pittsburgh,23,5,VAN,PIT,1,5,24,26,0.327586,0.672414,0.0,0.4,10,6,26,18,20,17,19,17,2,4,0,2,3,5
2025020102,2025-10-21,Capital One Arena,Washington,55,15,SEA,WSH,1,4,19,34,0.520833,0.479167,0.0,0.5,4,4,13,18,19,16,15,14,4,8,0,1,2,2
2025020103,2025-10-21,TD Garden,Boston,13,6,FLA,BOS,4,3,23,31,0.446154,0.553846,0.333333,0.2,19,15,26,23,16,7,18,15,2,11,1,1,3,5
2025020104,2025-10-21,Enterprise Center,St. Louis,26,19,LAK,STL,2,1,28,18,0.465517,0.534483,0.333333,0.333333,11,11,13,20,14,9,19,12,7,3,1,1,3,3
2025020105,2025-10-21,Bridgestone Arena,Nashville,24,18,ANA,NSH,5,2,32,28,0.540984,0.459016,0.0,0.0,12,20,23,16,9,11,13,16,7,5,0,0,5,1
2025020106,2025-10-21,American Airlines Center,Dallas,29,25,CBJ,DAL,5,1,29,23,0.418182,0.581818,1.0,0.0,4,4,35,21,5,14,15,17,9,5,2,0,2,2
2025020107,2025-10-21,Delta Center,Salt Lake City,21,68,COL,UTA,3,4,33,33,0.447761,0.552239,0.0,0.5,4,2,20,28,8,19,17,21,7,4,0,1,1,2
2025020108,2025-10-22,Prudential Center,Newark,30,1,MIN,NJD,1,4,31,35,0.534483,0.465517,0.0,0.5,4,6,25,8,20,19,9,15,4,5,0,1,3,2
2025020109,2025-10-22,KeyBank Center,Buffalo,17,7,DET,BUF,2,4,31,31,0.547945,0.452055,0.0,0.2,10,4,15,19,15,18,12,10,4,3,0,1,2,5
2025020110,2025-10-22,Scotiabank Saddledome,Calgary,8,20,MTL,CGY,2,1,28,37,0.47541,0.52459,0.333333,0.0,10,6,17,23,25,13,13,12,6,3,1,0,3,5
2025020111,2025-10-23,TD Garden,Boston,24,6,ANA,BOS,7,5,30,42,0.42029,0.57971,0.333333,1.0,9,11,17,18,22,15,20,18,1,4,1,2,3,2
2025020112,2025-10-23,Canadian Tire Centre,Ottawa,4,9,PHI,OTT,1,2,23,33,0.55814,0.44186,0.0,0.0,12,8,21,17,16,16,12,11,4,3,0,0,3,5
2025020113,2025-10-23,Benchmark International Arena,Tampa,16,14,CHI,TBL,3,2,25,31,0.392157,0.607843,0.2,0.0,8,12,18,18,15,7,14,12,2,4,1,0,5,4
2025020114,2025-10-23,Amerant Bank Arena,Sunrise,5,13,PIT,FLA,5,3,17,37,0.530303,0.469697,1.0,0.666667,8,6,18,26,19,9,13,10,9,4,2,2,2,3
2025020115,2025-10-23,UBS Arena,Elmont,17,2,DET,NYI,2,7,34,30,0.454545,0.545455,0.2,0.0,18,32,28,14,11,22,9,10,2,6,1,0,5,3
2025020116,2025-10-23,Madison Square Garden,New York,28,3,SJS,NYR,6,5,24,28,0.448276,0.551724,0.2,0.25,13,15,26,24,19,10,22,12,1,3,1,1,5,4
2025020117,2025-10-23,Enterprise Center,St. Louis,68,19,UTA,STL,7,4,25,20,0.459016,0.540984,0.5,0.25,12,12,15,32,9,5,17,15,3,4,2,1,4,4
2025020118,2025-10-23,Bridgestone Arena,Nashville,23,18,VAN,NSH,1,2,22,35,0.404255,0.595745,0.0,0.0,6,10,25,21,20,19,13,10,3,8,0,0,5,3
2025020119,2025-10-23,American Airlines Center,Dallas,26,25,LAK,DAL,3,2,25,31,0.597015,0.402985,0.333333,0.4,10,6,14,18,16,14,20,15,5,5,1,2,3,5
2025020120,2025-10-23,Canada Life Centre,Winnipeg,55,52,SEA,WPG,3,0,28,32,0.45614,0.54386,0.0,0.0,16,12,13,30,14,14,16,24,6,2,0,0,1,3
2025020121,2025-10-23,Ball Arena,Denver,12,21,CAR,COL,5,4,31,48,0.452055,0.547945,0.0,0.125,20,14,19,28,12,12,12,10,4,5,0,1,5,8
2025020122,2025-10-23,Rogers Place,Edmonton,8,22,MTL,EDM,5,6,27,29,0.368421,0.631579,0.0,0.4,20,2,15,15,16,19,14,12,6,3,0,2,1,5
2025020123,2025-10-24,KeyBank Center,Buffalo,10,7,TOR,BUF,3,5,34,30,0.583333,0.416667,0.25,0.0,4,10,30,8,13,21,18,13,7,3,1,0,4,2
2025020124,2025-10-24,Prudential Center,Newark,28,1,SJS,NJD,1,3,17,29,0.545455,0.454545,0.25,0.4,10,8,11,22,21,18,13,12,2,5,1,2,4,5
2025020125,2025-10-24,Nationwide Arena,Columbus,15,29,WSH,CBJ,5,1,30,35,0.531915,0.468085,0.4,0.0,6,9,23,25,11,7,18,12,3,4,2,0,5,3
2025020126,2025-10-24,Canada Life Centre,Winnipeg,20,52,CGY,WPG,3,5,33,32,0.393443,0.606557,0.166667,0.25,23,19,16,19,10,13,13,9,4,5,1,2,6,8
2025020127,2025-10-25,Xfinity Mobile Arena,Philadelphia,2,4,NYI,PHI,3,4,26,26,0.509091,0.490909,0.0,0.333333,20,18,24,30,10,16,15,15,3,6,0,1,2,3
2025020128,2025-10-25,TD Garden,Boston,21,6,COL,BOS,2,3,33,19,0.440678,0.559322,0.0,0.0,14,10,15,24,7,34,8,17,8,3,0,0,3,4
2025020129,2025-10-25,Benchmark International Arena,Tampa,24,14,ANA,TBL,3,4,40,33,0.479452,0.520548,0.0,0.166667,19,11,14,21,17,15,10,23,8,5,0,1,2,6
2025020130,2025-10-25,Amerant Bank Arena,Sunrise,54,13,VGK,FLA,0,3,17,26,0.54717,0.45283,0.0,0.0,8,6,25,24,21,16,20,9,5,7,0,0,2,3
2025020131,2025-10-25,Grand Casino Arena,St. Paul,68,30,UTA,MIN,6,2,41,35,0.484375,0.515625,1.0,0.25,10,4,12,32,21,9,25,20,5,2,1,1,1,4
2025020132,2025-10-25,Scotiabank Arena,Toronto,7,10,BUF,TOR,3,4,26,23,0.333333,0.666667,0.25,0.0,21,13,20,25,15,18,15,9,6,2,1,0,4,3
2025020133,2025-10-25,Little Caesars Arena,Detroit,19,17,STL,DET,4,6,29,28,0.508475,0.491525,0.5,0.333333,6,8,17,18,18,19,16,16,4,3,2,1,4,3
2025020134,2025-10-25,PPG Paints Arena,Pittsburgh,29,5,CBJ,PIT,5,4,41,31,0.461538,0.538462,0.0,0.333333,11,9,24,18,15,16,8,20,8,3,0,1,2,3
2025020135,2025-10-25,Capital One Arena,Washington,9,15,OTT,WSH,7,1,34,13,0.610169,0.389831,0.75,0.0,12,16,12,28,23,11,14,12,8,3,3,0,4,2
2025020136,2025-10-25,Rogers Arena,Vancouver,8,23,MTL,VAN,4,3,24,31,0.622951,0.377049,0.666667,0.333333,6,6,16,20,17,15,14,14,2,3,2,1,3,3
2025020137,2025-10-25,Bridgestone Arena,Nashville,26,18,LAK,NSH,4,5,40,25,0.449275,0.550725,0.0,0.0,4,6,10,23,7,19,22,15,5,9,0,0,3,2
2025020138,2025-10-25,American Airlines Center,Dallas,12,25,CAR,DAL,2,3,28,34,0.526316,0.473684,0.0,0.5,8,6,29,30,9,30,13,18,3,3,0,2,3,4
2025020139,2025-10-25,Climate Pledge Arena,Seattle,22,55,EDM,SEA,2,3,33,23,0.533333,0.466667,0.5,0.0,6,4,15,10,13,19,13,21,7,2,1,0,2,3
2025020140,2025-10-26,Prudential Center,Newark,21,1,COL,NJD,3,4,24,24,0.473684,0.526316,0.0,0.0,2,4,22,20,17,20,16,15,7,11,0,0,2,1
2025020141,2025-10-26,Benchmark International Arena,Tampa,54,14,VGK,TBL,1,2,19,28,0.5,0.5,0.0,0.0,15,11,27,19,24,14,15,17,3,2,0,0,3,5
2025020142,2025-10-26,Grand Casino Arena,St. Paul,28,30,SJS,MIN,6,5,25,33,0.525424,0.474576,1.0,0.5,8,4,22,17,18,12,18,15,5,5,2,2,2,4
2025020143,2025-10-26,Canada Life Centre,Winnipeg,68,52,UTA,WPG,3,2,32,30,0.470588,0.529412,0.25,1.0,4,10,9,25,14,13,20,16,4,3,1,1,4,1
2025020144,2025-10-26,United Center,Chicago,26,16,LAK,CHI,3,1,22,23,0.444444,0.555556,0.0,0.0,10,6,14,24,8,8,19,11,4,6,0,0,3,5
2025020145,2025-10-26,Bridgestone Arena,Nashville,25,18,DAL,NSH,3,2,28,25,0.508197,0.491803,0.2,0.5,4,10,23,29,14,6,14,16,3,4,1,1,5,2
2025020146,2025-10-26,Scotiabank Saddledome,Calgary,3,20,NYR,CGY,1,5,31,30,0.557692,0.442308,0.0,0.0,6,2,28,18,21,18,9,13,10,4,0,0,1,3
2025020147,2025-10-26,Rogers Arena,Vancouver,22,23,EDM,VAN,3,4,29,27,0.40678,0.59322,0.5,0.5,4,4,19,14,13,18,13,17,3,5,1,1,2,2
2025020148,2025-10-27,PPG Paints Arena,Pittsburgh,19,5,STL,PIT,3,6,28,26,0.553191,0.446809,0.0,0.0,2,8,17,9,11,20,15,31,2,4,0,0,3,0
2025020149,2025-10-27,Canadian Tire Centre,Ottawa,6,9,BOS,OTT,2,7,28,23,0.432836,0.567164,0.0,0.8,10,2,33,19,9,19,13,11,5,2,0,4,1,5
2025020150,2025-10-28,Xfinity Mobile Arena,Philadelphia,5,4,PIT,PHI,2,3,26,34,0.482143,0.517857,0.0,0.25,48,48,15,20,12,14,19,15,5,1,0,1,4,4
2025020151,2025-10-28,Scotiabank Arena,Toronto,20,10,CGY,TOR,3,4,29,37,0.5,0.5,0.0,0.25,8,6,20,18,10,15,30,16,3,8,0,1,3,4
2025020152,2025-10-28,KeyBank Center,Buffalo,29,7,CBJ,BUF,4,3,39,38,0.568966,0.431034,1.0,0.0,6,4,23,13,14,20,15,11,6,4,1,0,1,2
2025020153,2025-10-28,Amerant Bank Arena,Sunrise,24,13,ANA,FLA,3,2,17,33,0.391304,0.608696,0.2,0.0,13,15,19,30,17,22,16,16,4,2,1,0,5,4
2025020154,2025-10-28,TD Garden,Boston,2,6,NYI,BOS,2,5,35,22,0.44186,0.55814,0.0,0.5,8,10,13,20,13,14,10,18,5,6,0,2,5,4
2025020155,2025-10-28,Lenovo Center,Raleigh,54,12,VGK,CAR,6,3,35,24,0.485714,0.514286,0.25,1.0,4,10,22,17,16,17,21,19,5,8,1,1,4,1
2025020156,2025-10-28,Bridgestone Arena,Nashville,14,18,TBL,NSH,5,2,32,20,0.338983,0.661017,0.0,0.333333,10,12,16,24,15,5,10,15,3,6,0,1,4,3
2025020157,2025-10-28,Grand Casino Arena,St. Paul,52,30,WPG,MIN,4,3,21,35,0.527273,0.472727,0.0,0.25,13,7,24,28,17,10,13,14,4,6,0,1,1,4
2025020158,2025-10-28,Enterprise Center,St. Louis,17,19,DET,STL,5,2,20,22,0.6,0.4,0.5,0.0,9,9,14,31,14,11,19,13,3,3,1,0,2,2
2025020159,2025-10-28,American Airlines Center,Dallas,15,25,WSH,DAL,0,1,24,19,0.44898,0.55102,0.0,0.25,8,6,22,30,14,19,15,10,7,7,0,1,3,4
2025020160,2025-10-28,United Center,Chicago,9,16,OTT,CHI,3,7,24,26,0.5625,0.4375,0.0,1.0,16,22,32,34,17,15,9,14,3,10,0,1,4,1
2025020161,2025-10-28,Ball Arena,Denver,1,21,NJD,COL,4,8,30,42,0.486111,0.513889,0.0,0.666667,12,4,26,17,10,15,14,21,1,3,0,4,2,6
2025020162,2025-10-28,Rogers Place,Edmonton,68,22,UTA,EDM,3,6,23,24,0.423077,0.576923,0.0,0.0,2,4,17,19,14,13,12,16,6,6,0,0,2,1
2025020163,2025-10-28,Rogers Arena,Vancouver,3,23,NYR,VAN,2,0,25,23,0.553191,0.446809,0.0,0.0,11,13,18,19,11,10,9,6,4,6,0,0,3,3
2025020164,2025-10-28,Climate Pledge Arena,Seattle,8,55,MTL,SEA,4,3,21,21,0.612245,0.387755,1.0,0.25,10,6,18,22,15,9,15,15,4,5,2,1,2,4
2025020165,2025-10-28,SAP Center at San Jose,San Jose,26,28,LAK,SJS,4,3,14,40,0.522727,0.477273,0.0,0.0,10,2,14,17,23,12,14,9,3,6,0,0,1,5
2025020166,2025-10-29,Nationwide Arena,Columbus,10,29,TOR,CBJ,3,6,36,24,0.423729,0.576271,0.0,0.0,4,4,24,7,21,19,23,19,9,5,0,0,2,2
2025020167,2025-10-30,TD Garden,Boston,7,6,BUF,BOS,3,4,40,22,0.433333,0.566667,0.2,0.25,13,15,25,12,19,7,20,20,5,3,1,1,5,4
2025020168,2025-10-30,Canadian Tire Centre,Ottawa,20,9,CGY,OTT,3,4,29,38,0.342857,0.657143,0.5,0.0,10,10,17,16,7,21,19,23,4,8,2,0,4,4
2025020169,2025-10-30,Benchmark International Arena,Tampa,25,14,DAL,TBL,1,2,21,33,0.565217,0.434783,0.0,0.25,8,6,30,21,10,15,13,17,3,5,0,1,3,4
2025020170,2025-10-30,Xfinity Mobile Arena,Philadelphia,18,4,NSH,PHI,1,4,33,18,0.54902,0.45098,0.0,1.0,4,6,21,21,12,21,19,17,4,3,0,1,2,1
2025020171,2025-10-30,Lenovo Center,Raleigh,2,12,NYI,CAR,2,6,28,34,0.613333,0.386667,0.25,0.0,6,12,30,19,13,10,19,24,2,5,1,0,4,1
2025020172,2025-10-30,Enterprise Center,St. Louis,23,19,VAN,STL,4,3,18,39,0.519231,0.480769,0.333333,0.666667,6,6,21,17,16,14,14,11,5,5,1,2,3,3
2025020173,2025-10-30,Grand Casino Arena,St. Paul,5,30,PIT,MIN,4,1,34,27,0.627451,0.372549,1.0,0.0,8,2,23,23,15,9,12,19,5,4,1,0,1,4
2025020174,2025-10-30,Canada Life Centre,Winnipeg,16,52,CHI,WPG,3,6,24,32,0.433962,0.566038,0.0,0.333333,6,6,16,18,7,14,20,13,4,5,0,1,3,3
2025020175,2025-10-30,Rogers Place,Edmonton,3,22,NYR,EDM,4,3,35,36,0.529412,0.470588,0.0,0.333333,6,4,18,17,12,13,15,15,5,6,0,1,2,3
2025020176,2025-10-30,SAP Center at San Jose,San Jose,1,28,NJD,SJS,2,5,31,28,0.534483,0.465517,0.666667,0.0,4,6,30,16,11,27,16,17,6,1,2,0,3,2
2025020177,2025-10-30,Crypto.com Arena,Los Angeles,17,26,DET,LAK,4,3,27,39,0.483871,0.516129,0.666667,0.0,8,6,11,17,18,15,18,14,3,2,2,0,3,4
2025020178,2025-10-31,T-Mobile Arena,Paradise,21,54,COL,VGK,4,2,26,23,0.483871,0.516129,0.0,0.166667,12,4,16,14,22,10,18,15,6,3,0,1,2,6
2025020179,2025-10-31,Capital One Arena,Washington,2,15,NYI,WSH,3,1,23,23,0.627451,0.372549,0.0,0.0,8,10,12,14,16,13,22,24,4,4,0,0,5,4
2025020180,2025-10-31,Honda Center,Anaheim,17,24,DET,ANA,2,5,30,32,0.641509,0.358491,0.142857,0.2,10,16,16,21,10,12,22,22,3,1,1,1,7,5
2025020181,2025-11-01,TD Garden,Boston,12,6,CAR,BOS,1,2,29,22,0.534884,0.465116,0.0,0.0,2,2,21,26,11,21,14,9,6,2,0,0,1,1
2025020182,2025-11-01,Canada Life Centre,Winnipeg,5,52,PIT,WPG,2,5,30,34,0.541667,0.458333,0.5,0.0,8,4,18,29,14,14,13,14,6,5,1,0,2,3
2025020183,2025-11-01,Bridgestone Arena,Nashville,20,18,CGY,NSH,2,4,35,24,0.491228,0.508772,0.0,0.25,20,6,18,13,16,16,15,11,3,8,0,1,2,4
2025020184,2025-11-01,SAP Center at San Jose,San Jose,21,28,COL,SJS,2,3,38,23,0.492537,0.507463,0.0,0.0,6,4,13,16,14,10,18,18,2,6,0,0,2,3
2025020185,2025-11-01,Amerant Bank Arena,Sunrise,25,13,DAL,FLA,3,4,22,28,0.673913,0.326087,0.666667,0.0,2,6,21,26,22,9,13,21,7,3,2,0,3,1
2025020186,2025-11-01,KeyBank Center,Buffalo,15,7,WSH,BUF,3,4,34,24,0.519231,0.480769,0.0,0.0,25,17,17,22,13,13,15,16,4,3,0,0,4,3
2025020187,2025-11-01,Centre Bell,Montreal,9,8,OTT,MTL,3,4,17,27,0.576923,0.423077,0.0,0.333333,16,16,27,27,12,20,15,8,5,2,0,1,3,3
2025020188,2025-11-01,Xfinity Mobile Arena,Philadelphia,10,4,TOR,PHI,5,2,27,33,0.573529,0.426471,0.0,0.166667,12,6,20,17,20,11,15,17,0,1,0,1,3,6
2025020189,2025-11-01,Nationwide Arena,Columbus,19,29,STL,CBJ,2,3,39,35,0.553571,0.446429,0.0,0.333333,11,9,21,14,13,13,14,15,4,2,0,1,2,3
2025020190,2025-11-01,Grand Casino Arena,St. Paul,23,30,VAN,MIN,2,5,28,28,0.491228,0.508772,0.0,0.333333,18,18,22,26,12,15,14,11,2,1,0,1,3,3
2025020191,2025-11-01,Crypto.com Arena,Los Angeles,1,26,NJD,LAK,4,1,22,44,0.465517,0.534483,0.0,0.0,8,0,12,10,28,14,17,22,3,5,0,0,0,4
2025020192,2025-11-01,Rogers Place,Edmonton,16,22,CHI,EDM,2,3,29,30,0.444444,0.555556,1.0,0.666667,6,2,9,18,17,14,17,14,5,5,1,2,1,3
2025020193,2025-11-01,Climate Pledge Arena,Seattle,3,55,NYR,SEA,3,2,27,13,0.621212,0.378788,0.0,0.5,4,6,24,11,13,20,15,22,5,3,0,1,3,2
2025020194,2025-11-02,Delta Center,Salt Lake City,14,68,TBL,UTA,4,2,26,27,0.442623,0.557377,0.0,0.0,8,16,16,19,14,13,14,15,3,6,0,0,2,3
2025020195,2025-11-02,UBS Arena,Elmont,29,2,CBJ,NYI,2,3,22,39,0.319149,0.680851,0.0,0.5,4,8,26,10,13,10,19,19,4,6,0,1,4,2
2025020196,2025-11-02,Xfinity Mobile Arena,Philadelphia,20,4,CGY,PHI,2,1,21,18,0.526316,0.473684,0.0,0.0,2,4,25,21,18,17,20,17,7,5,0,0,2,1
2025020197,2025-11-02,Honda Center,Anaheim,1,24,NJD,ANA,1,4,33,29,0.520833,0.479167,0.0,0.0,4,2,15,18,19,18,13,20,4,6,0,0,1,2
2025020198,2025-11-02,SAP Center at San Jose,San Jose,17,28,DET,SJS,3,2,32,18,0.62963,0.37037,0.0,0.0,6,6,16,16,17,19,23,15,6,4,0,0,2,2
2025020199,2025-11-03,Scotiabank Arena,Toronto,5,10,PIT,TOR,3,4,37,20,0.410714,0.589286,0.333333,0.0,2,6,9,35,5,24,18,22,5,5,1,0,3,1
2025020200,2025-11-03,Enterprise Center,St. Louis,22,19,EDM,STL,2,3,26,22,0.588235,0.411765,1.0,0.5,4,2,17,13,12,21,16,19,5,8,1,1,1,2
2025020201,2025-11-03,Bridgestone Arena,Nashville,23,18,VAN,NSH,5,4,36,29,0.447761,0.552239,0.666667,0.5,8,6,22,19,22,7,21,18,5,5,2,2,3,4
2025020202,2025-11-03,Climate Pledge Arena,Seattle,16,55,CHI,SEA,1,3,30,24,0.578947,0.421053,0.0,0.5,4,6,12,20,11,19,21,20,2,4,0,1,3,2
2025020203,2025-11-04,KeyBank Center,Buffalo,68,7,UTA,BUF,2,1,35,18,0.6,0.4,0.0,0.0,4,4,15,20,9,21,15,11,4,4,0,0,2,2
2025020204,2025-11-04,Centre Bell,Montreal,4,8,PHI,MTL,5,4,42,20,0.344828,0.655172,0.333333,0.5,15,19,22,26,10,15,17,17,3,3,2,2,6,4
2025020205,2025-11-04,UBS Arena,Elmont,6,2,BOS,NYI,4,3,27,33,0.5,0.5,0.25,0.0,10,12,16,15,16,14,13,14,5,6,1,0,4,3
2025020206,2025-11-04,Madison Square Garden,New York,12,3,CAR,NYR,3,0,32,26,0.526316,0.473684,0.333333,0.0,6,6,13,22,16,14,16,8,6,10,1,0,3,3
2025020207,2025-11-04,American Airlines Center,Dallas,22,25,EDM,DAL,3,4,26,27,0.54386,0.45614,0.333333,0.25,8,6,18,18,18,8,13,14,10,2,1,1,3,4
2025020208,2025-11-04,Grand Casino Arena,St. Paul,18,30,NSH,MIN,2,3,34,24,0.54,0.46,0.0,0.666667,6,4,13,22,11,22,18,18,3,6,0,2,2,3
2025020209,2025-11-04,Ball Arena,Denver,14,21,TBL,COL,2,3,24,33,0.491803,0.508197,0.0,0.25,13,11,23,17,14,15,14,11,4,7,0,1,3,4
2025020210,2025-11-04,T-Mobile Arena,Paradise,17,54,DET,VGK,0,1,24,34,0.33871,0.66129,0.0,0.0,2,4,10,21,13,17,15,14,0,3,0,0,2,1
2025020211,2025-11-04,Honda Center,Anaheim,13,24,FLA,ANA,3,7,21,32,0.447761,0.552239,0.2,0.285714,16,25,27,13,17,8,18,13,4,6,1,2,5,7
2025020212,2025-11-04,Crypto.com Arena,Los Angeles,52,26,WPG,LAK,0,3,23,26,0.372549,0.627451,0.0,0.166667,12,10,16,13,15,10,10,13,5,3,0,1,5,6
2025020213,2025-11-05,Scotiabank Arena,Toronto,68,10,UTA,TOR,3,5,24,19,0.45098,0.54902,0.0,0.0,2,6,17,15,6,8,27,19,5,6,0,0,3,1
2025020214,2025-11-05,Capital One Arena,Washington,19,15,STL,WSH,1,6,24,32,0.434783,0.565217,0.0,0.333333,11,11,27,8,22,14,16,18,3,2,0,1,3,3
2025020215,2025-11-05,Scotiabank Saddledome,Calgary,29,20,CBJ,CGY,1,5,43,26,0.588235,0.411765,0.0,0.0,6,4,18,24,10,23,19,13,3,1,0,0,1,2
2025020216,2025-11-05,Rogers Arena,Vancouver,16,23,CHI,VAN,5,2,28,45,0.444444,0.555556,1.0,0.0,4,2,12,18,8,15,17,21,4,6,1,0,1,2
2025020217,2025-11-05,Climate Pledge Arena,Seattle,28,55,SJS,SEA,6,1,23,30,0.431818,0.568182,0.333333,0.0,12,6,18,16,20,10,11,13,5,4,1,0,3,6
2025020218,2025-11-06,TD Garden,Boston,9,6,OTT,BOS,2,3,22,25,0.490566,0.509434,0.0,0.0,8,8,30,25,18,13,10,12,7,8,0,0,2,3
2025020219,2025-11-06,KeyBank Center,Buffalo,19,7,STL,BUF,3,0,17,28,0.54386,0.45614,0.0,0.0,11,9,15,16,19,12,8,15,4,1,0,0,2,3
2025020220,2025-11-06,Prudential Center,Newark,8,1,MTL,NJD,3,4,19,28,0.568182,0.431818,0.0,0.0,10,4,14,19,21,13,16,16,6,2,0,0,2,5
2025020221,2025-11-06,PPG Paints Arena,Pittsburgh,15,5,WSH,PIT,3,5,30,31,0.516667,0.483333,0.0,0.6,10,6,27,10,15,16,17,18,6,5,0,3,3,5
2025020222,2025-11-06,Lenovo Center,Raleigh,30,12,MIN,CAR,3,4,24,27,0.470588,0.529412,0.333333,0.0,12,23,35,19,17,11,16,13,3,9,1,0,3,2
2025020223,2025-11-06,Bridgestone Arena,Nashville,4,18,PHI,NSH,3,1,26,24,0.481481,0.518519,0.0,0.0,10,6,24,22,17,12,20,22,4,5,0,0,1,3
2025020224,2025-11-06,American Airlines Center,Dallas,24,25,ANA,DAL,7,5,25,26,0.40678,0.59322,0.4,0.6,10,10,22,15,10,19,10,17,5,5,2,3,5,5
2025020225,2025-11-06,T-Mobile Arena,Paradise,14,54,TBL,VGK,6,3,27,32,0.407407,0.592593,0.5,0.0,6,8,11,13,16,17,8,13,9,2,2,0,4,3
2025020226,2025-11-06,Crypto.com Arena,Los Angeles,13,26,FLA,LAK,5,2,24,26,0.509434,0.490566,0.0,0.25,13,9,24,16,14,16,11,13,2,4,0,1,2,4
2025020227,2025-11-07,Little Caesars Arena,Detroit,3,17,NYR,DET,4,1,26,33,0.555556,0.444444,0.333333,0.0,13,11,27,24,20,14,6,17,4,3,1,0,3,4
2025020228,2025-11-07,UBS Arena,Elmont,30,2,MIN,NYI,5,2,26,27,0.451613,0.548387,0.0,0.0,4,2,16,15,11,15,13,22,6,2,0,0,1,2
2025020229,2025-11-07,Scotiabank Saddledome,Calgary,16,20,CHI,CGY,4,0,27,33,0.416667,0.583333,0.333333,0.0,21,21,18,29,10,13,17,15,10,5,1,0,3,3
2025020230,2025-11-07,SAP Center at San Jose,San Jose,52,28,WPG,SJS,1,2,33,28,0.625,0.375,0.0,0.0,8,4,20,16,28,11,12,8,6,1,0,0,2,4
2025020231,2025-11-08,Prudential Center,Newark,5,1,PIT,NJD,1,2,34,24,0.418182,0.581818,0.0,0.0,9,7,19,22,14,22,13,11,3,6,0,0,1,2
2025020232,2025-11-08,Xfinity Mobile Arena,Philadelphia,9,4,OTT,PHI,3,2,14,22,0.54717,0.45283,0.0,0.0,8,8,18,26,17,10,16,13,5,8,0,0,2,2
2025020233,2025-11-08,Bridgestone Arena,Nashville,25,18,DAL,NSH,5,4,22,21,0.45614,0.54386,0.2,0.25,8,10,15,23,12,6,10,20,3,3,1,1,5,4
2025020234,2025-11-08,Scotiabank Arena,Toronto,6,10,BOS,TOR,5,3,39,33,0.515625,0.484375,1.0,0.5,15,9,22,26,12,10,21,25,4,6,1,2,1,4
2025020235,2025-11-08,Centre Bell,Montreal,68,8,UTA,MTL,2,6,27,23,0.5,0.5,0.0,0.0,4,4,22,25,11,13,16,12,4,4,0,0,2,2
2025020236,2025-11-08,Benchmark International Arena,Tampa,15,14,WSH,TBL,2,3,30,20,0.557692,0.442308,0.0,0.5,23,11,19,20,12,10,12,11,5,4,0,1,1,2
2025020237,2025-11-08,Madison Square Garden,New York,2,3,NYI,NYR,5,0,26,33,0.517857,0.482143,0.5,0.0,4,4,18,14,18,14,14,15,5,5,1,0,2,2
2025020238,2025-11-08,Lenovo Center,Raleigh,7,12,BUF,CAR,3,6,22,35,0.484375,0.515625,0.0,0.5,6,4,21,25,16,13,25,24,7,7,0,1,1,2
2025020239,2025-11-08,Enterprise Center,St. Louis,55,19,SEA,STL,4,3,30,19,0.4375,0.5625,0.333333,0.5,4,6,14,32,10,22,20,15,4,2,1,1,3,2
2025020240,2025-11-08,Rogers Place,Edmonton,21,22,COL,EDM,9,1,34,24,0.451613,0.548387,0.0,0.2,10,14,7,13,14,16,23,10,4,2,0,1,7,5
2025020241,2025-11-08,Rogers Arena,Vancouver,29,23,CBJ,VAN,3,4,32,24,0.596154,0.403846,0.0,0.0,21,10,15,20,11,16,10,11,4,5,0,0,3,3
2025020242,2025-11-08,T-Mobile Arena,Paradise,24,54,ANA,VGK,4,3,29,39,0.446154,0.553846,0.0,0.333333,6,2,18,17,21,13,16,19,5,13,0,1,1,3
2025020243,2025-11-08,SAP Center at San Jose,San Jose,13,28,FLA,SJS,1,3,39,23,0.542373,0.457627,0.0,0.0,4,10,23,17,11,18,15,13,7,6,0,0,5,2
2025020244,2025-11-09,Little Caesars Arena,Detroit,16,17,CHI,DET,5,1,20,46,0.484375,0.515625,1.0,0.0,10,6,17,20,16,8,12,20,4,3,3,0,3,5
2025020245,2025-11-09,PPG Paints Arena,Pittsburgh,26,5,LAK,PIT,3,2,27,33,0.5,0.5,0.25,0.5,4,8,9,19,7,17,15,16,3,2,1,1,4,2
2025020246,2025-11-09,Scotiabank Arena,Toronto,12,10,CAR,TOR,5,4,47,20,0.416667,0.583333,0.25,0.333333,8,10,13,21,9,23,12,10,6,3,1,1,4,3
2025020247,2025-11-09,Canadian Tire Centre,Ottawa,68,9,UTA,OTT,2,4,31,25,0.383333,0.616667,0.0,0.0,6,4,13,28,9,11,20,15,3,5,0,0,1,2
2025020248,2025-11-09,American Airlines Center,Dallas,55,25,SEA,DAL,1,2,31,25,0.326087,0.673913,0.0,0.333333,8,8,25,15,15,14,11,19,6,5,0,1,3,3
2025020249,2025-11-09,Grand Casino Arena,St. Paul,20,30,CGY,MIN,0,2,36,19,0.57377,0.42623,0.0,0.0,8,6,15,13,13,20,19,16,5,6,0,0,3,4
2025020250,2025-11-09,Rogers Arena,Vancouver,21,23,COL,VAN,5,4,32,33,0.409091,0.590909,0.666667,0.2,10,6,18,10,13,18,10,12,5,2,2,1,3,5
2025020251,2025-11-09,Honda Center,Anaheim,52,24,WPG,ANA,1,4,24,21,0.535714,0.464286,0.0,0.5,8,8,21,20,15,14,21,12,5,4,0,2,4,4
2025020252,2025-11-10,Prudential Center,Newark,2,1,NYI,NJD,3,2,24,35,0.595238,0.404762,1.0,0.25,8,2,17,13,19,11,12,20,4,3,1,1,1,4
2025020253,2025-11-10,Madison Square Garden,New York,18,3,NSH,NYR,3,6,30,18,0.492063,0.507937,0.5,0.5,4,8,15,31,6,12,14,18,2,6,2,1,4,2
2025020254,2025-11-10,Rogers Place,Edmonton,29,22,CBJ,EDM,4,5,22,24,0.509434,0.490566,0.0,0.0,11,13,11,23,13,27,19,19,7,5,0,0,2,1
2025020255,2025-11-10,T-Mobile Arena,Paradise,13,54,FLA,VGK,3,2,20,32,0.530612,0.469388,0.333333,0.0,13,13,21,22,13,13,13,16,2,6,1,0,3,3
2025020256,2025-11-11,TD Garden,Boston,10,6,TOR,BOS,3,5,33,32,0.596774,0.403226,0.2,0.5,16,14,30,20,15,11,12,7,4,3,1,3,5,6
2025020257,2025-11-11,Centre Bell,Montreal,26,8,LAK,MTL,5,1,26,22,0.509434,0.490566,0.0,0.0,6,6,10,21,16,15,9,18,3,6,0,0,3,3
2025020258,2025-11-11,Canadian Tire Centre,Ottawa,25,9,DAL,OTT,3,2,33,29,0.530612,0.469388,0.333333,0.0,4,6,24,15,10,13,16,11,5,4,1,0,3,2
2025020259,2025-11-11,Lenovo Center,Raleigh,15,12,WSH,CAR,4,1,28,31,0.46,0.54,0.2,0.0,17,17,13,22,21,10,24,20,7,6,1,0,5,5
2025020260,2025-11-11,Enterprise Center,St. Louis,20,19,CGY,STL,2,3,40,31,0.519231,0.480769,0.0,0.5,6,4,15,25,5,18,22,10,6,6,0,1,1,2
2025020261,2025-11-11,Grand Casino Arena,St. Paul,28,30,SJS,MIN,2,1,18,29,0.5,0.5,0.333333,0.25,8,6,22,16,13,16,12,7,1,5,1,1,3,4
2025020262,2025-11-11,Ball Arena,Denver,24,21,ANA,COL,1,4,36,36,0.482759,0.517241,0.0,0.25,10,6,26,16,19,13,16,12,7,6,0,1,2,4
2025020263,2025-11-11,Rogers Arena,Vancouver,52,23,WPG,VAN,5,3,30,33,0.6,0.4,0.5,0.5,4,8,12,19,17,14,13,12,5,4,2,1,4,2
2025020264,2025-11-11,Climate Pledge Arena,Seattle,29,55,CBJ,SEA,2,1,34,23,0.508475,0.491525,0.25,0.0,4,8,15,9,21,11,16,14,5,7,1,0,4,2
2025020265,2025-11-12,Benchmark International Arena,Tampa,3,14,NYR,TBL,7,3,21,36,0.548387,0.451613,0.333333,0.0,8,8,21,26,15,19,17,14,4,3,1,0,3,3
2025020266,2025-11-12,Xfinity Mobile Arena,Philadelphia,22,4,EDM,PHI,2,1,31,21,0.673469,0.326531,0.0,0.333333,8,6,10,21,10,13,23,18,5,5,0,1,2,3
2025020267,2025-11-12,Delta Center,Salt Lake City,7,68,BUF,UTA,2,5,19,37,0.411765,0.588235,0.0,0.0,24,14,20,16,13,9,20,11,3,5,0,0,2,2
2025020268,2025-11-12,United Center,Chicago,1,16,NJD,CHI,4,3,37,20,0.574468,0.425532,0.0,0.333333,6,2,19,28,7,13,16,20,6,3,0,1,1,3
2025020269,2025-11-13,Scotiabank Arena,Toronto,26,10,LAK,TOR,4,3,37,15,0.283019,0.716981,0.0,0.0,2,4,14,26,7,20,18,18,3,2,0,0,2,1
2025020270,2025-11-13,Centre Bell,Montreal,25,8,DAL,MTL,7,0,19,24,0.636364,0.363636,0.333333,0.0,13,15,17,30,12,13,17,14,6,4,1,0,3,3
2025020271,2025-11-13,Canadian Tire Centre,Ottawa,6,9,BOS,OTT,3,5,21,22,0.395833,0.604167,0.5,0.5,9,9,30,26,18,19,23,16,6,7,1,1,2,2
2025020272,2025-11-13,Little Caesars Arena,Detroit,24,17,ANA,DET,3,6,28,33,0.507937,0.492063,0.0,0.5,24,22,21,16,14,17,12,20,5,7,0,2,3,4
2025020273,2025-11-13,Amerant Bank Arena,Sunrise,15,13,WSH,FLA,3,6,40,28,0.525424,0.474576,0.0,0.4,10,4,14,22,13,19,11,14,6,4,0,2,2,5
2025020274,2025-11-13,Nationwide Arena,Columbus,22,29,EDM,CBJ,4,5,29,25,0.40678,0.59322,0.0,0.0,4,6,15,12,11,15,13,14,2,7,0,0,2,1
2025020275,2025-11-13,Ball Arena,Denver,7,21,BUF,COL,3,6,21,34,0.40625,0.59375,0.25,0.0,4,8,16,22,11,13,23,13,9,4,1,0,4,2
2025020276,2025-11-13,Scotiabank Saddledome,Calgary,28,20,SJS,CGY,0,2,17,36,0.377778,0.622222,0.0,0.0,6,4,19,10,25,13,14,15,4,6,0,0,2,3
2025020277,2025-11-13,T-Mobile Arena,Paradise,2,54,NYI,VGK,4,3,24,29,0.566038,0.433962,0.2,0.0,10,10,9,22,14,12,7,12,3,2,1,0,5,5
2025020278,2025-11-13,Climate Pledge Arena,Seattle,52,55,WPG,SEA,3,5,26,18,0.534483,0.465517,0.333333,0.333333,6,6,20,14,13,12,14,8,5,2,1,1,3,3
2025020279,2025-11-14,Lenovo Center,Raleigh,23,12,VAN,CAR,3,4,17,38,0.484375,0.515625,0.5,0.5,4,4,25,21,29,4,17,16,5,5,1,1,2,2
2025020280,2025-11-14,Enterprise Center,St. Louis,4,19,PHI,STL,6,5,31,17,0.433962,0.566038,0.0,0.0,2,2,18,20,16,11,10,13,4,6,0,0,1,1
2025020281,2025-11-14,Avicii Arena,Stockholm,5,18,PIT,NSH,1,2,17,30,0.5,0.5,0.0,0.0,2,4,10,17,14,7,13,21,7,3,0,0,2,1
2025020282,2025-11-14,Delta Center,Salt Lake City,2,68,NYI,UTA,3,2,21,30,0.54386,0.45614,0.0,0.166667,22,8,18,13,11,20,20,13,4,4,0,1,4,6
2025020283,2025-11-15,Amerant Bank Arena,Sunrise,14,13,TBL,FLA,3,1,20,23,0.438596,0.561404,0.0,0.2,16,14,27,25,14,7,18,15,2,4,0,1,4,5
2025020284,2025-11-15,Grand Casino Arena,St. Paul,24,30,ANA,MIN,0,2,28,30,0.421053,0.578947,0.0,0.0,14,4,20,18,13,7,12,21,3,2,0,0,2,7
2025020285,2025-11-15,Centre Bell,Montreal,6,8,BOS,MTL,3,2,23,28,0.589286,0.410714,0.2,0.0,30,26,27,27,16,22,14,10,5,7,1,0,5,7
2025020286,2025-11-15,Canadian Tire Centre,Ottawa,26,9,LAK,OTT,1,0,18,17,0.444444,0.555556,0.0,0.0,4,6,16,22,20,13,18,14,2,4,0,0,2,2
2025020287,2025-11-15,Little Caesars Arena,Detroit,7,17,BUF,DET,5,4,27,28,0.361111,0.638889,0.0,0.2,10,8,19,18,16,14,15,10,8,3,0,1,4,5
2025020288,2025-11-15,Capital One Arena,Washington,1,15,NJD,WSH,3,2,31,31,0.525424,0.474576,0.333333,0.0,2,6,13,26,21,16,17,11,4,8,1,0,3,1
2025020289,2025-11-15,Lenovo Center,Raleigh,22,12,EDM,CAR,4,3,23,36,0.574074,0.425926,1.0,0.0,4,2,25,17,13,11,20,23,4,8,1,0,1,2
2025020290,2025-11-15,Nationwide Arena,Columbus,3,29,NYR,CBJ,2,1,33,27,0.47619,0.52381,0.5,0.5,9,9,31,27,12,19,17,19,4,7,1,1,2,2
2025020291,2025-11-15,United Center,Chicago,10,16,TOR,CHI,2,3,33,32,0.611111,0.388889,0.0,0.0,4,6,28,15,5,17,13,20,6,4,0,0,3,2
2025020292,2025-11-15,Enterprise Center,St. Louis,54,19,VGK,STL,4,1,34,23,0.5,0.5,0.333333,0.0,4,6,12,24,11,15,22,16,4,3,1,0,3,2
2025020293,2025-11-15,American Airlines Center,Dallas,4,25,PHI,DAL,1,5,21,28,0.538462,0.461538,0.0,0.5,4,2,32,23,12,12,17,11,6,3,0,1,1,2
2025020294,2025-11-15,Scotiabank Saddledome,Calgary,52,20,WPG,CGY,4,3,23,34,0.5,0.5,1.0,0.333333,16,2,21,27,15,22,17,19,5,4,1,1,1,3
2025020295,2025-11-15,Climate Pledge Arena,Seattle,28,55,SJS,SEA,1,4,26,23,0.54717,0.45283,0.166667,0.0,4,12,19,13,8,25,14,12,5,3,1,0,6,2
2025020296,2025-11-16,Avicii Arena,Stockholm,18,5,NSH,PIT,0,4,21,22,0.589286,0.410714,0.0,0.0,0,8,27,15,11,14,20,10,7,4,0,0,4,0
2025020297,2025-11-16,Benchmark International Arena,Tampa,23,14,VAN,TBL,6,2,18,30,0.525424,0.474576,0.666667,0.0,33,33,28,18,10,8,12,16,5,3,2,0,3,2
2025020298,2025-11-16,Grand Casino Arena,St. Paul,54,30,VGK,MIN,2,3,25,28,0.481481,0.518519,0.5,0.25,8,8,15,31,11,16,17,15,4,7,2,1,4,4
2025020299,2025-11-16,Madison Square Garden,New York,17,3,DET,NYR,2,1,42,19,0.604167,0.395833,0.2,0.5,14,22,23,26,21,18,16,19,5,4,1,1,5,2
2025020300,2025-11-16,Ball Arena,Denver,2,21,NYI,COL,1,4,29,28,0.573529,0.426471,0.0,0.0,11,13,11,19,14,11,12,14,3,7,0,0,4,3
2025020301,2025-11-17,TD Garden,Boston,12,6,CAR,BOS,3,1,32,30,0.439394,0.560606,0.0,0.25,10,6,19,26,10,20,15,27,6,4,0,1,2,4
2025020302,2025-11-17,KeyBank Center,Buffalo,22,7,EDM,BUF,1,5,33,28,0.560606,0.439394,0.0,0.5,9,7,20,13,16,19,17,14,5,7,0,1,1,2
2025020303,2025-11-17,Amerant Bank Arena,Sunrise,23,13,VAN,FLA,5,8,15,41,0.521739,0.478261,0.333333,0.333333,18,18,13,24,15,20,10,10,2,4,2,2,6,6
2025020304,2025-11-17,Capital One Arena,Washington,26,15,LAK,WSH,1,2,31,25,0.531915,0.468085,0.333333,0.0,4,6,18,17,16,21,12,12,4,4,1,0,3,2
2025020305,2025-11-17,Nationwide Arena,Columbus,8,29,MTL,CBJ,3,4,32,23,0.596154,0.403846,0.0,0.5,4,0,17,15,13,12,16,17,5,4,0,1,0,2
2025020306,2025-11-17,Honda Center,Anaheim,68,24,UTA,ANA,2,3,18,26,0.510204,0.489796,0.0,0.0,9,9,17,20,15,12,19,18,5,9,0,0,1,1
2025020307,2025-11-18,Scotiabank Arena,Toronto,19,10,STL,TOR,2,3,29,29,0.534483,0.465517,0.333333,0.0,6,6,18,21,12,16,10,19,5,4,1,0,3,3
2025020308,2025-11-18,Little Caesars Arena,Detroit,55,17,SEA,DET,2,4,22,27,0.492063,0.507937,0.5,0.5,4,4,11,23,14,9,14,13,3,4,1,1,2,2
2025020309,2025-11-18,Benchmark International Arena,Tampa,1,14,NJD,TBL,1,5,32,29,0.563636,0.436364,0.0,0.666667,8,10,17,14,11,7,13,11,6,4,0,2,4,3
2025020310,2025-11-18,American Airlines Center,Dallas,2,25,NYI,DAL,3,2,22,24,0.365385,0.634615,0.0,0.0,16,19,17,16,16,6,16,7,8,1,0,0,2,3
2025020311,2025-11-18,Canada Life Centre,Winnipeg,29,52,CBJ,WPG,2,5,22,30,0.451613,0.548387,0.0,0.5,4,2,13,16,11,18,18,13,5,3,0,1,1,2
2025020312,2025-11-18,United Center,Chicago,20,16,CGY,CHI,2,5,21,23,0.558824,0.441176,0.25,0.0,62,60,43,13,15,11,9,19,3,5,1,0,4,4
2025020313,2025-11-18,T-Mobile Arena,Paradise,3,54,NYR,VGK,2,3,19,26,0.54,0.46,0.0,1.0,4,2,34,20,17,17,15,16,5,4,0,2,1,2
2025020314,2025-11-18,SAP Center at San Jose,San Jose,68,28,UTA,SJS,2,3,26,22,0.45,0.55,0.0,0.2,10,4,13,22,10,17,13,14,6,4,0,1,2,5
2025020315,2025-11-19,Capital One Arena,Washington,22,15,EDM,WSH,4,7,30,22,0.537037,0.462963,0.333333,0.0,2,6,11,16,6,25,11,12,4,7,1,0,3,1
2025020316,2025-11-19,KeyBank Center,Buffalo,20,7,CGY,BUF,6,2,35,30,0.533333,0.466667,0.0,0.0,6,2,17,17,16,25,12,17,4,3,0,0,1,3
2025020317,2025-11-19,Grand Casino Arena,St. Paul,12,30,CAR,MIN,3,4,45,19,0.539683,0.460317,0.0,0.0,2,4,12,18,4,25,18,14,5,4,0,0,2,1
2025020318,2025-11-19,Honda Center,Anaheim,6,24,BOS,ANA,3,4,39,33,0.561404,0.438596,1.0,0.333333,26,14,38,16,21,18,16,22,3,5,2,1,2,3
2025020319,2025-11-20,Scotiabank Arena,Toronto,29,10,CBJ,TOR,3,2,30,29,0.3125,0.6875,0.0,0.0,4,4,15,27,25,14,20,14,2,3,0,0,2,2
2025020320,2025-11-20,Centre Bell,Montreal,15,8,WSH,MTL,8,4,36,28,0.454545,0.545455,0.5,0.333333,10,12,19,20,13,15,16,16,4,2,2,1,4,3
2025020321,2025-11-20,Little Caesars Arena,Detroit,2,17,NYI,DET,5,0,26,29,0.419355,0.580645,0.0,0.0,21,37,8,23,15,14,13,19,4,2,0,0,4,1
2025020322,2025-11-20,Benchmark International Arena,Tampa,22,14,EDM,TBL,1,2,25,35,0.574074,0.425926,0.0,0.0,21,9,17,29,10,19,14,17,5,3,0,0,2,3
2025020323,2025-11-20,Amerant Bank Arena,Sunrise,1,13,NJD,FLA,0,1,32,24,0.55102,0.44898,0.0,0.0,2,4,23,22,13,14,13,10,4,3,0,0,2,1
2025020324,2025-11-20,Xfinity Mobile Arena,Philadelphia,19,4,STL,PHI,2,3,29,28,0.591837,0.408163,0.5,0.0,4,4,25,24,16,14,15,14,6,5,1,0,2,2
2025020325,2025-11-20,United Center,Chicago,55,16,SEA,CHI,3,2,27,24,0.509804,0.490196,0.333333,0.5,4,6,16,11,10,6,16,19,4,7,1,1,3,2
2025020326,2025-11-20,Ball Arena,Denver,3,21,NYR,COL,3,6,19,35,0.607143,0.392857,1.0,0.166667,12,4,22,17,26,13,17,19,5,4,2,1,2,6
2025020327,2025-11-20,Delta Center,Salt Lake City,54,68,VGK,UTA,4,1,33,26,0.559322,0.440678,0.0,0.0,15,17,19,24,16,9,13,11,6,4,0,0,3,2
2025020328,2025-11-20,Rogers Arena,Vancouver,25,23,DAL,VAN,4,2,24,36,0.385965,0.614035,0.0,0.2,10,4,21,24,20,8,15,13,5,5,0,1,2,5
2025020329,2025-11-20,Honda Center,Anaheim,9,24,OTT,ANA,3,2,25,25,0.540984,0.459016,0.333333,0.0,4,6,29,24,11,20,16,15,2,5,1,0,3,2
2025020330,2025-11-20,SAP Center at San Jose,San Jose,26,28,LAK,SJS,3,4,34,24,0.533333,0.466667,0.0,0.0,8,10,12,26,10,24,15,15,6,5,0,0,4,3
2025020331,2025-11-21,KeyBank Center,Buffalo,16,7,CHI,BUF,3,9,23,31,0.40678,0.59322,0.5,0.5,4,4,13,19,17,14,24,14,4,8,1,1,2,2
2025020332,2025-11-21,PPG Paints Arena,Pittsburgh,30,5,MIN,PIT,5,0,21,19,0.470588,0.529412,0.333333,0.0,4,6,20,9,14,13,18,22,7,5,1,0,3,2
2025020333,2025-11-21,Canada Life Centre,Winnipeg,12,52,CAR,WPG,4,3,28,28,0.5,0.5,0.333333,0.333333,8,8,13,29,9,20,14,18,4,3,1,1,3,3
2025020334,2025-11-21,Crypto.com Arena,Los Angeles,6,26,BOS,LAK,2,1,26,32,0.381818,0.618182,0.0,0.0,20,4,28,12,23,12,13,13,4,5,0,0,2,5
2025020335,2025-11-22,Little Caesars Arena,Detroit,29,17,CBJ,DET,3,4,35,33,0.573529,0.426471,0.333333,0.0,8,10,16,12,16,22,16,13,4,6,1,0,3,2
2025020336,2025-11-22,UBS Arena,Elmont,19,2,STL,NYI,2,1,22,30,0.475,0.525,0.0,0.0,6,2,22,20,14,12,14,15,3,4,0,0,1,3
2025020337,2025-11-22,Centre Bell,Montreal,10,8,TOR,MTL,2,5,26,29,0.54902,0.45098,0.333333,0.0,35,35,20,25,14,17,17,17,1,8,1,0,3,3
2025020338,2025-11-22,Amerant Bank Arena,Sunrise,22,13,EDM,FLA,6,3,31,38,0.479167,0.520833,0.0,0.25,24,20,20,30,13,10,13,14,3,4,0,1,2,4
2025020339,2025-11-22,Xfinity Mobile Arena,Philadelphia,1,4,NJD,PHI,3,6,35,29,0.5,0.5,0.5,0.0,12,8,28,23,4,10,14,13,2,7,1,0,2,4
2025020340,2025-11-22,PPG Paints Arena,Pittsburgh,55,5,SEA,PIT,3,2,21,32,0.431373,0.568627,0.0,0.25,10,6,22,16,13,14,15,20,5,2,0,1,2,4
2025020341,2025-11-22,Capital One Arena,Washington,14,15,TBL,WSH,5,3,16,32,0.537037,0.462963,0.333333,0.0,27,11,15,22,23,13,19,18,4,5,1,0,3,6
2025020342,2025-11-22,SAP Center at San Jose,San Jose,9,28,OTT,SJS,3,2,27,19,0.611111,0.388889,0.2,0.2,15,15,19,23,9,14,9,19,3,3,1,1,5,5
2025020343,2025-11-22,Bridgestone Arena,Nashville,21,18,COL,NSH,3,0,26,35,0.428571,0.571429,0.0,0.0,6,4,28,15,13,8,10,17,4,8,0,0,2,3
2025020344,2025-11-22,Delta Center,Salt Lake City,3,68,NYR,UTA,2,3,22,34,0.677966,0.322034,0.0,0.0,4,6,30,17,9,12,18,19,6,3,0,0,2,1
2025020345,2025-11-22,Scotiabank Saddledome,Calgary,25,20,DAL,CGY,2,3,30,33,0.538462,0.461538,0.0,0.333333,28,25,15,17,15,15,12,19,4,4,0,2,4,6
2025020346,2025-11-22,Honda Center,Anaheim,54,24,VGK,ANA,3,4,32,33,0.661017,0.338983,0.25,0.0,6,10,15,19,20,14,23,16,4,8,1,0,4,2
2025020347,2025-11-23,KeyBank Center,Buffalo,12,7,CAR,BUF,1,4,30,21,0.566038,0.433962,0.25,0.25,8,8,18,27,9,21,18,17,6,4,1,1,4,4
2025020348,2025-11-23,Canada Life Centre,Winnipeg,30,52,MIN,WPG,3,0,30,32,0.428571,0.571429,0.0,0.0,15,9,28,20,18,11,16,8,4,3,0,0,1,4
2025020349,2025-11-23,UBS Arena,Elmont,55,2,SEA,NYI,0,1,19,34,0.45098,0.54902,0.0,0.0,4,2,14,18,23,15,21,17,5,6,0,0,1,2
2025020350,2025-11-23,United Center,Chicago,21,16,COL,CHI,1,0,26,22,0.431034,0.568966,0.0,0.0,4,6,29,20,14,12,14,18,3,5,0,0,3,2
2025020351,2025-11-23,SAP Center at San Jose,San Jose,6,28,BOS,SJS,1,3,35,31,0.5,0.5,0.0,0.166667,22,16,30,23,9,15,16,13,3,4,0,1,3,6
2025020352,2025-11-23,Rogers Arena,Vancouver,20,23,CGY,VAN,5,2,21,31,0.509434,0.490566,0.0,0.25,8,8,15,17,15,11,18,20,3,4,0,1,4,4
2025020353,2025-11-24,Benchmark International Arena,Tampa,4,14,PHI,TBL,0,3,20,18,0.522727,0.477273,0.0,0.0,9,7,22,20,12,10,11,17,4,7,0,0,1,2
2025020354,2025-11-24,Prudential Center,Newark,17,1,DET,NJD,3,4,35,20,0.649123,0.350877,0.333333,0.0,23,17,22,25,20,19,16,11,3,4,1,0,3,1
2025020355,2025-11-24,Madison Square Garden,New York,19,3,STL,NYR,2,3,21,21,0.525424,0.474576,0.0,0.0,0,8,18,31,19,15,6,12,3,4,0,0,4,0
2025020356,2025-11-24,Capital One Arena,Washington,29,15,CBJ,WSH,1,5,23,31,0.55,0.45,0.0,0.333333,6,4,21,11,10,12,16,16,5,6,0,1,2,3
2025020357,2025-11-24,Bridgestone Arena,Nashville,13,18,FLA,NSH,8,3,26,39,0.428571,0.571429,0.0,0.333333,8,6,19,25,14,5,15,13,10,6,0,1,2,3
2025020358,2025-11-24,Delta Center,Salt Lake City,54,68,VGK,UTA,1,5,34,23,0.59322,0.40678,0.0,0.0,4,6,17,19,9,16,14,12,2,5,0,0,3,2
2025020359,2025-11-24,Crypto.com Arena,Los Angeles,9,26,OTT,LAK,1,2,28,22,0.6875,0.3125,0.0,0.333333,6,6,22,14,14,8,12,12,4,2,0,1,3,3
2025020360,2025-11-25,Rogers Place,Edmonton,25,22,DAL,EDM,8,3,30,25,0.591837,0.408163,0.75,0.0,6,10,17,22,14,11,14,20,4,6,3,0,4,2
2025020361,2025-11-26,Little Caesars Arena,Detroit,18,17,NSH,DET,6,3,29,31,0.478873,0.521127,0.25,0.5,10,10,22,13,8,17,7,14,3,3,1,2,4,4
2025020362,2025-11-26,Benchmark International Arena,Tampa,20,14,CGY,TBL,1,5,32,23,0.45098,0.54902,0.0,0.0,8,10,25,13,17,15,16,15,4,6,0,0,5,4
2025020363,2025-11-26,Amerant Bank Arena,Sunrise,4,13,PHI,FLA,4,2,18,27,0.48,0.52,0.0,0.0,6,2,17,33,15,12,14,21,4,5,0,0,1,3
2025020364,2025-11-26,Prudential Center,Newark,19,1,STL,NJD,2,3,23,29,0.44,0.56,0.25,0.5,4,8,15,26,14,18,13,11,7,4,1,1,4,2
2025020365,2025-11-26,UBS Arena,Elmont,6,2,BOS,NYI,3,1,14,44,0.5,0.5,0.0,0.0,8,2,24,17,12,17,10,12,4,3,0,0,1,4
2025020366,2025-11-26,PPG Paints Arena,Pittsburgh,7,5,BUF,PIT,2,4,31,19,0.416667,0.583333,0.0,0.0,2,0,21,17,15,10,15,14,8,6,0,0,0,1
2025020367,2025-11-26,Capital One Arena,Washington,52,15,WPG,WSH,3,4,21,35,0.5,0.5,0.5,0.0,6,6,12,20,15,21,13,11,3,5,1,0,2,2
2025020368,2025-11-26,Lenovo Center,Raleigh,3,12,NYR,CAR,4,2,18,38,0.540984,0.459016,0.0,0.2,10,2,34,26,20,10,16,24,3,6,0,1,1,5
2025020369,2025-11-26,Nationwide Arena,Columbus,10,29,TOR,CBJ,2,1,24,36,0.59322,0.40678,0.0,0.0,8,6,21,20,13,12,19,15,6,4,0,0,2,3
2025020370,2025-11-26,United Center,Chicago,30,16,MIN,CHI,4,3,24,37,0.438596,0.561404,0.2,0.0,18,20,26,11,5,11,18,19,4,4,1,0,5,4
2025020371,2025-11-26,Ball Arena,Denver,28,21,SJS,COL,0,6,26,42,0.482143,0.517857,0.0,0.25,8,8,22,10,18,22,13,12,5,2,0,1,4,4
2025020372,2025-11-26,Delta Center,Salt Lake City,8,68,MTL,UTA,4,3,17,34,0.5,0.5,0.666667,0.25,10,8,20,18,18,13,13,14,4,4,2,1,3,4
2025020373,2025-11-26,T-Mobile Arena,Paradise,9,54,OTT,VGK,4,3,22,35,0.548387,0.451613,0.333333,0.333333,6,6,26,33,10,12,12,14,4,5,1,1,3,3
2025020374,2025-11-26,Honda Center,Anaheim,23,24,VAN,ANA,5,4,28,41,0.491803,0.508197,0.333333,0.166667,14,8,13,15,17,16,11,11,5,4,1,1,3,6
2025020375,2025-11-26,Climate Pledge Arena,Seattle,25,55,DAL,SEA,3,2,21,28,0.511111,0.488889,0.0,0.0,12,4,17,23,13,8,13,17,7,4,0,0,1,5
2025020376,2025-11-28,TD Garden,Boston,3,6,NYR,BOS,6,2,37,21,0.553571,0.446429,0.666667,0.0,4,6,34,25,16,9,15,16,2,3,2,0,3,2
2025020377,2025-11-28,Little Caesars Arena,Detroit,14,17,TBL,DET,6,3,27,37,0.526316,0.473684,1.0,0.0,4,4,15,20,4,16,12,12,4,7,1,0,1,1
2025020378,2025-11-28,Grand Casino Arena,St. Paul,21,30,COL,MIN,2,3,41,39,0.596491,0.403509,0.0,0.0,2,2,12,25,12,17,16,14,2,4,0,0,1,1
2025020379,2025-11-28,KeyBank Center,Buffalo,1,7,NJD,BUF,5,0,23,42,0.561404,0.438596,0.0,0.0,9,7,20,24,20,9,19,19,8,6,0,0,1,2
2025020380,2025-11-28,Amerant Bank Arena,Sunrise,20,13,CGY,FLA,5,3,34,41,0.521127,0.478873,0.5,0.0,4,4,20,30,28,11,14,10,3,4,1,0,2,2
2025020381,2025-11-28,UBS Arena,Elmont,4,2,PHI,NYI,4,3,21,31,0.469388,0.530612,0.5,0.2,10,4,20,17,18,11,13,16,4,5,1,1,2,5
2025020382,2025-11-28,Enterprise Center,St. Louis,9,19,OTT,STL,3,4,28,31,0.519231,0.480769,0.0,0.0,10,6,20,17,17,15,15,21,7,0,0,0,1,3
2025020383,2025-11-28,T-Mobile Arena,Paradise,8,54,MTL,VGK,4,1,19,31,0.407407,0.592593,0.0,0.0,4,4,20,15,24,7,11,17,9,2,0,0,1,1
2025020384,2025-11-28,Honda Center,Anaheim,26,24,LAK,ANA,4,5,27,31,0.527273,0.472727,0.0,0.5,4,2,14,18,24,21,13,19,3,11,0,1,1,2
2025020385,2025-11-28,SAP Center at San Jose,San Jose,23,28,VAN,SJS,2,3,34,24,0.393939,0.606061,0.0,0.333333,16,22,17,14,9,15,13,12,4,5,0,2,8,6
2025020386,2025-11-28,Capital One Arena,Washington,10,15,TOR,WSH,2,4,22,34,0.592593,0.407407,0.0,0.0,4,0,28,17,14,12,17,22,4,0,0,0,0,2
2025020387,2025-11-28,Lenovo Center,Raleigh,52,12,WPG,CAR,1,5,13,35,0.546875,0.453125,0.0,0.0,12,8,32,13,17,14,15,12,2,6,0,0,2,4
2025020388,2025-11-28,Nationwide Arena,Columbus,5,29,PIT,CBJ,4,3,24,29,0.491525,0.508475,0.0,0.0,4,4,18,16,20,14,13,19,5,3,0,0,2,2
2025020389,2025-11-28,United Center,Chicago,18,16,NSH,CHI,4,3,29,27,0.629032,0.370968,0.0,0.25,10,6,21,15,20,13,11,16,6,4,0,1,2,4
2025020390,2025-11-28,American Airlines Center,Dallas,68,25,UTA,DAL,3,4,30,28,0.5,0.5,0.0,0.4,10,4,22,19,10,6,18,14,3,6,0,2,2,5
2025020391,2025-11-29,Madison Square Garden,New York,14,3,TBL,NYR,4,1,35,13,0.354167,0.645833,0.0,0.0,4,4,16,24,20,15,19,13,3,3,0,0,2,2
2025020392,2025-11-29,Ball Arena,Denver,8,21,MTL,COL,2,7,23,36,0.448276,0.551724,0.5,0.25,10,6,27,13,17,10,17,18,4,5,1,1,2,4
2025020393,2025-11-29,Climate Pledge Arena,Seattle,22,55,EDM,SEA,4,0,25,26,0.444444,0.555556,1.0,0.0,32,24,19,18,16,11,15,15,4,5,2,0,2,6
2025020394,2025-11-29,TD Garden,Boston,17,6,DET,BOS,2,3,26,20,0.528302,0.471698,0.0,0.5,11,17,24,28,9,17,21,16,3,6,0,1,5,2
2025020395,2025-11-29,Prudential Center,Newark,4,1,PHI,NJD,5,3,31,32,0.430769,0.569231,0.0,0.25,10,6,20,20,23,7,12,16,5,3,0,1,2,4
2025020396,2025-11-29,PPG Paints Arena,Pittsburgh,10,5,TOR,PIT,7,2,23,35,0.545455,0.454545,0.333333,0.333333,10,10,19,16,26,11,19,11,6,2,1,1,3,3
2025020397,2025-11-29,Bridgestone Arena,Nashville,52,18,WPG,NSH,5,2,27,23,0.515625,0.484375,0.0,0.25,15,15,27,19,14,8,14,14,5,3,0,1,4,4
2025020398,2025-11-29,Enterprise Center,St. Louis,68,19,UTA,STL,0,1,18,19,0.543478,0.456522,0.0,0.0,4,17,20,26,13,23,13,18,4,5,0,0,2,2
2025020399,2025-11-29,Grand Casino Arena,St. Paul,7,30,BUF,MIN,3,2,33,24,0.448276,0.551724,0.0,0.0,6,6,20,18,8,14,18,15,6,6,0,0,3,3
2025020400,2025-11-29,T-Mobile Arena,Paradise,28,54,SJS,VGK,3,4,21,24,0.389831,0.610169,0.5,0.5,4,4,25,6,22,18,20,12,5,4,1,1,2,2
2025020401,2025-11-29,Crypto.com Arena,Los Angeles,23,26,VAN,LAK,1,2,20,23,0.534483,0.465517,0.0,0.0,8,6,16,14,13,11,11,15,6,4,0,0,3,4
2025020402,2025-11-30,UBS Arena,Elmont,15,2,WSH,NYI,4,1,19,31,0.413043,0.586957,0.5,0.333333,6,4,21,23,13,13,8,18,3,6,1,1,2,3
2025020403,2025-11-30,United Center,Chicago,24,16,ANA,CHI,3,5,26,18,0.537037,0.462963,0.0,0.5,8,6,22,15,9,19,10,16,3,5,0,2,3,4
2025020404,2025-11-30,Lenovo Center,Raleigh,20,12,CGY,CAR,0,1,16,17,0.472727,0.527273,0.0,0.0,14,4,21,18,25,7,22,14,4,5,0,0,1,1
2025020405,2025-11-30,American Airlines Center,Dallas,9,25,OTT,DAL,1,6,16,26,0.508772,0.491228,0.0,0.5,10,8,31,21,9,11,18,15,5,6,0,2,3,4
2025020406,2025-12-01,Prudential Center,Newark,29,1,CBJ,NJD,5,3,25,33,0.641509,0.358491,0.333333,0.4,34,40,21,23,11,11,15,14,7,5,1,2,3,5
2025020407,2025-12-01,Xfinity Mobile Arena,Philadelphia,5,4,PIT,PHI,5,1,27,29,0.509091,0.490909,0.75,0.142857,14,8,18,27,12,13,15,20,7,2,3,1,4,7
2025020408,2025-12-01,KeyBank Center,Buffalo,52,7,WPG,BUF,1,5,24,31,0.477273,0.522727,0.0,0.333333,26,14,35,12,17,8,13,8,1,6,0,1,2,3
2025020409,2025-12-01,Enterprise Center,St. Louis,24,19,ANA,STL,4,1,26,22,0.351852,0.648148,0.0,0.0,12,6,17,15,22,8,17,15,6,3,0,0,3,6
2025020410,2025-12-01,SAP Center at San Jose,San Jose,68,28,UTA,SJS,3,6,34,30,0.606557,0.393443,0.0,0.25,8,6,16,19,17,8,17,10,1,6,0,1,3,4
2025020411,2025-12-02,Centre Bell,Montreal,9,8,OTT,MTL,5,2,29,22,0.529412,0.470588,0.0,0.666667,10,8,21,33,16,16,10,14,7,4,0,2,2,3
2025020412,2025-12-02,Little Caesars Arena,Detroit,6,17,BOS,DET,4,5,38,32,0.482759,0.517241,0.0,0.333333,28,6,27,18,15,20,14,18,5,5,0,1,2,3
2025020413,2025-12-02,Amerant Bank Arena,Sunrise,10,13,TOR,FLA,4,1,31,26,0.722222,0.277778,0.0,0.0,2,6,22,27,20,11,10,10,7,4,0,0,3,1
2025020414,2025-12-02,UBS Arena,Elmont,14,2,TBL,NYI,1,2,31,24,0.52381,0.47619,0.0,0.0,6,6,14,19,7,19,13,17,4,3,0,0,3,3
2025020415,2025-12-02,Madison Square Garden,New York,25,3,DAL,NYR,2,3,26,41,0.55,0.45,0.0,0.0,10,4,17,27,14,14,13,12,5,4,0,0,2,5
2025020416,2025-12-02,Bridgestone Arena,Nashville,20,18,CGY,NSH,1,5,28,28,0.589286,0.410714,0.333333,0.0,18,20,24,18,10,9,25,14,5,8,1,0,3,3
2025020417,2025-12-02,Ball Arena,Denver,23,21,VAN,COL,1,3,21,31,0.468085,0.531915,0.0,0.0,2,2,17,18,11,16,15,17,4,5,0,0,1,1
2025020418,2025-12-02,Rogers Place,Edmonton,30,22,MIN,EDM,1,0,24,33,0.387755,0.612245,0.0,0.0,6,4,25,19,20,13,12,18,8,4,0,0,2,3
2025020419,2025-12-02,T-Mobile Arena,Paradise,16,54,CHI,VGK,3,4,30,28,0.596491,0.403509,0.0,0.0,4,10,9,20,16,18,15,13,4,5,0,0,5,2
2025020420,2025-12-02,Crypto.com Arena,Los Angeles,15,26,WSH,LAK,3,1,25,25,0.530612,0.469388,0.5,0.0,9,9,20,13,21,5,15,13,6,6,1,0,2,2
2025020421,2025-12-03,Prudential Center,Newark,25,1,DAL,NJD,3,0,28,30,0.381818,0.618182,0.0,0.0,6,4,12,23,24,9,16,21,7,4,0,0,1,2
2025020422,2025-12-03,Centre Bell,Montreal,52,8,WPG,MTL,2,3,32,31,0.393443,0.606557,0.0,1.0,7,7,22,25,15,19,26,15,6,5,0,1,1,1
2025020423,2025-12-03,Xfinity Mobile Arena,Philadelphia,7,4,BUF,PHI,2,5,29,35,0.473684,0.526316,0.166667,0.4,25,14,16,18,20,15,13,9,3,7,1,2,6,5
2025020424,2025-12-03,Honda Center,Anaheim,68,24,UTA,ANA,7,0,34,27,0.47619,0.52381,0.5,0.0,6,4,30,22,25,13,11,14,4,3,1,0,2,3
2025020425,2025-12-03,SAP Center at San Jose,San Jose,15,28,WSH,SJS,7,1,31,24,0.56,0.44,0.5,0.2,10,4,10,19,16,6,15,12,6,5,1,1,2,5
2025020426,2025-12-04,TD Garden,Boston,19,6,STL,BOS,2,5,39,27,0.508475,0.491525,0.0,0.5,4,4,31,19,7,11,18,19,3,6,0,1,2,2
2025020427,2025-12-04,Canadian Tire Centre,Ottawa,3,9,NYR,OTT,4,2,28,27,0.54902,0.45098,0.0,0.666667,6,2,20,29,13,17,18,13,2,6,0,2,1,3
2025020428,2025-12-04,Benchmark International Arena,Tampa,5,14,PIT,TBL,4,3,31,40,0.542373,0.457627,0.5,0.166667,17,13,21,13,14,4,13,20,4,5,2,1,4,6
2025020429,2025-12-04,Amerant Bank Arena,Sunrise,18,13,NSH,FLA,2,1,29,31,0.646154,0.353846,0.0,0.0,14,12,19,19,12,9,17,17,3,5,0,0,5,6
2025020430,2025-12-04,UBS Arena,Elmont,21,2,COL,NYI,3,6,38,42,0.545455,0.454545,0.0,0.25,10,6,26,18,12,20,16,10,5,3,0,1,3,4
2025020431,2025-12-04,Lenovo Center,Raleigh,10,12,TOR,CAR,5,1,24,33,0.564516,0.435484,0.0,0.0,6,4,20,18,20,4,18,13,5,6,0,0,2,3
2025020432,2025-12-04,Nationwide Arena,Columbus,17,29,DET,CBJ,5,6,33,32,0.451613,0.548387,0.6,0.666667,6,10,15,24,21,11,15,14,5,6,3,2,5,3
2025020433,2025-12-04,Scotiabank Saddledome,Calgary,30,20,MIN,CGY,1,4,27,31,0.490566,0.509434,0.0,0.0,2,10,24,22,17,14,14,13,5,3,0,0,5,1
2025020434,2025-12-04,Rogers Place,Edmonton,55,22,SEA,EDM,4,9,32,32,0.46,0.54,0.333333,0.8,10,6,23,22,7,20,14,13,6,3,1,4,3,5
2025020435,2025-12-04,Crypto.com Arena,Los Angeles,16,26,CHI,LAK,2,1,36,27,0.440678,0.559322,0.333333,0.0,10,6,13,20,25,20,15,19,6,4,1,0,3,5
2025020436,2025-12-05,Prudential Center,Newark,54,1,VGK,NJD,3,0,25,24,0.468085,0.531915,1.0,0.0,4,4,21,15,23,11,19,16,5,7,2,0,2,2
2025020437,2025-12-05,Canada Life Centre,Winnipeg,7,52,BUF,WPG,1,4,35,23,0.464286,0.535714,0.5,0.0,4,6,22,33,7,9,13,16,6,2,1,0,2,1
2025020438,2025-12-05,American Airlines Center,Dallas,28,25,SJS,DAL,1,4,17,24,0.444444,0.555556,0.0,0.5,6,10,24,17,9,17,13,10,6,6,0,1,4,2
2025020439,2025-12-05,Rogers Arena,Vancouver,68,23,UTA,VAN,4,1,18,33,0.473684,0.526316,0.5,0.0,8,6,25,21,23,12,18,20,6,6,1,0,2,3
2025020440,2025-12-05,Honda Center,Anaheim,15,24,WSH,ANA,3,4,21,38,0.46,0.54,0.0,0.0,10,6,21,18,21,19,21,16,4,7,0,0,3,5
2025020441,2025-12-06,Madison Square Garden,New York,21,3,COL,NYR,3,2,42,27,0.424242,0.575758,0.0,0.0,4,4,21,32,13,18,13,21,4,3,0,0,2,2
2025020442,2025-12-06,Amerant Bank Arena,Sunrise,29,13,CBJ,FLA,6,7,31,40,0.426471,0.573529,0.25,0.5,8,8,15,30,20,7,21,12,5,4,1,2,4,4
2025020443,2025-12-06,TD Garden,Boston,1,6,NJD,BOS,1,4,30,22,0.436364,0.563636,0.0,0.0,2,2,15,24,16,18,17,22,4,5,0,0,1,1
2025020444,2025-12-06,Scotiabank Arena,Toronto,8,10,MTL,TOR,2,1,34,23,0.419355,0.580645,0.25,0.0,6,8,21,28,11,8,12,12,3,5,1,0,4,3
2025020445,2025-12-06,Canadian Tire Centre,Ottawa,19,9,STL,OTT,2,1,20,42,0.507463,0.492537,0.0,0.142857,20,10,22,25,21,10,17,10,1,7,0,1,2,7
2025020446,2025-12-06,Benchmark International Arena,Tampa,2,14,NYI,TBL,2,0,19,32,0.425532,0.574468,0.333333,0.0,4,6,22,21,22,10,16,10,2,7,1,0,3,2
2025020447,2025-12-06,Lenovo Center,Raleigh,18,12,NSH,CAR,3,6,22,40,0.584416,0.415584,0.333333,0.333333,14,8,19,12,14,9,18,17,5,5,1,2,3,6
2025020448,2025-12-06,Scotiabank Saddledome,Calgary,68,20,UTA,CGY,0,2,28,23,0.350877,0.649123,0.0,0.0,7,9,22,20,14,19,17,11,4,8,0,0,2,1
2025020449,2025-12-06,Crypto.com Arena,Los Angeles,16,26,CHI,LAK,0,6,23,32,0.403509,0.596491,0.0,0.5,6,8,10,20,11,10,18,23,5,7,0,1,3,2
2025020450,2025-12-06,Rogers Place,Edmonton,52,22,WPG,EDM,2,6,21,27,0.463415,0.536585,0.0,1.0,4,4,36,9,6,12,12,16,5,2,0,1,1,1
2025020451,2025-12-06,Rogers Arena,Vancouver,30,23,MIN,VAN,2,4,30,21,0.366667,0.633333,0.333333,0.0,10,10,22,27,13,9,16,13,4,4,1,0,3,3
2025020452,2025-12-06,Climate Pledge Arena,Seattle,17,55,DET,SEA,4,3,25,27,0.555556,0.444444,1.0,0.0,6,4,19,17,25,20,14,8,7,6,1,0,1,2
2025020453,2025-12-07,Xfinity Mobile Arena,Philadelphia,21,4,COL,PHI,3,2,28,25,0.520833,0.479167,0.5,0.0,2,4,18,21,18,20,16,16,5,7,1,0,2,1
2025020454,2025-12-07,Amerant Bank Arena,Sunrise,2,13,NYI,FLA,1,4,21,30,0.489796,0.510204,0.0,0.0,6,6,23,18,16,16,13,12,4,6,0,0,1,1
2025020455,2025-12-07,Lenovo Center,Raleigh,28,12,SJS,CAR,4,1,23,29,0.507937,0.492063,0.5,0.333333,8,6,21,12,26,9,9,18,4,6,1,1,2,3
2025020456,2025-12-07,American Airlines Center,Dallas,5,25,PIT,DAL,2,3,29,23,0.531915,0.468085,0.0,0.0,2,4,26,17,19,20,13,23,5,5,0,0,2,1
2025020457,2025-12-07,Centre Bell,Montreal,19,8,STL,MTL,4,3,18,26,0.592593,0.407407,0.5,0.0,6,6,34,14,19,9,15,16,5,2,1,0,2,2
2025020458,2025-12-07,Madison Square Garden,New York,54,3,VGK,NYR,3,2,28,24,0.530612,0.469388,0.0,0.0,9,11,15,33,11,23,18,16,7,3,0,0,1,0
2025020459,2025-12-07,Capital One Arena,Washington,29,15,CBJ,WSH,0,2,39,38,0.47541,0.52459,0.0,0.0,8,6,12,16,7,11,17,15,5,4,0,0,3,4
2025020460,2025-12-07,Honda Center,Anaheim,16,24,CHI,ANA,1,7,20,53,0.482759,0.517241,0.5,0.4,10,4,15,15,10,8,17,12,5,4,1,2,2,5
2025020461,2025-12-08,Scotiabank Arena,Toronto,14,10,TBL,TOR,0,2,29,25,0.436364,0.563636,0.0,0.0,24,12,16,20,8,14,19,10,4,8,0,0,1,2
2025020462,2025-12-08,Delta Center,Salt Lake City,26,68,LAK,UTA,4,2,27,21,0.403509,0.596491,0.0,0.25,8,2,17,32,15,18,13,12,2,5,0,1,1,4
2025020463,2025-12-08,Scotiabank Saddledome,Calgary,7,20,BUF,CGY,4,7,29,28,0.471429,0.528571,0.333333,0.4,16,18,19,17,8,17,9,14,4,4,2,2,6,5
2025020464,2025-12-08,Rogers Arena,Vancouver,17,23,DET,VAN,4,0,21,39,0.5,0.5,0.0,0.0,6,4,15,27,23,7,17,12,5,3,0,0,2,3
2025020465,2025-12-08,Climate Pledge Arena,Seattle,30,55,MIN,SEA,4,1,29,24,0.44,0.56,0.0,0.333333,8,8,24,16,17,20,13,19,7,4,0,1,3,3
2025020466,2025-12-09,Centre Bell,Montreal,14,8,TBL,MTL,6,1,27,27,0.302326,0.697674,0.333333,0.25,17,15,27,24,16,18,10,14,4,3,1,1,3,4
2025020467,2025-12-09,Canadian Tire Centre,Ottawa,1,9,NJD,OTT,4,3,32,38,0.461538,0.538462,0.0,1.0,8,8,15,22,15,11,17,16,5,2,0,3,3,3
2025020468,2025-12-09,UBS Arena,Elmont,54,2,VGK,NYI,4,5,37,27,0.48,0.52,0.0,0.5,8,10,14,24,12,10,20,15,6,8,0,1,4,2
2025020469,2025-12-09,Xfinity Mobile Arena,Philadelphia,28,4,SJS,PHI,1,4,18,30,0.333333,0.666667,0.0,0.0,4,4,28,17,20,11,17,10,3,4,0,0,2,2
2025020470,2025-12-09,PPG Paints Arena,Pittsburgh,24,5,ANA,PIT,4,3,28,47,0.509091,0.490909,0.0,0.2,10,2,24,11,17,13,17,19,7,9,0,1,1,5
2025020471,2025-12-09,Lenovo Center,Raleigh,29,12,CBJ,CAR,1,4,24,32,0.392857,0.607143,0.333333,0.25,8,6,14,19,18,16,11,11,6,8,1,1,3,4
2025020472,2025-12-09,Enterprise Center,St. Louis,6,19,BOS,STL,5,2,31,26,0.421053,0.578947,0.0,0.5,6,6,26,30,21,20,16,14,12,2,0,1,2,2
2025020473,2025-12-09,Canada Life Centre,Winnipeg,25,52,DAL,WPG,4,3,19,33,0.618182,0.381818,0.5,0.0,8,8,8,32,15,10,17,15,5,6,2,0,4,4
2025020474,2025-12-09,Rogers Place,Edmonton,7,22,BUF,EDM,4,3,28,30,0.381818,0.618182,0.333333,0.0,8,12,14,17,12,15,10,14,6,3,2,0,6,4
2025020475,2025-12-09,Bridgestone Arena,Nashville,21,18,COL,NSH,3,4,42,31,0.5,0.5,0.25,0.5,4,8,9,11,7,18,16,14,7,3,1,1,4,2
2025020476,2025-12-10,United Center,Chicago,3,16,NYR,CHI,0,3,21,25,0.680851,0.319149,0.0,0.0,8,6,36,12,13,14,16,9,2,7,0,0,3,3
2025020477,2025-12-10,Scotiabank Saddledome,Calgary,17,20,DET,CGY,4,3,29,37,0.520548,0.479452,0.0,0.0,10,8,20,15,26,5,18,17,2,7,0,0,2,3
2025020478,2025-12-10,Delta Center,Salt Lake City,13,68,FLA,UTA,4,3,36,30,0.491525,0.508475,0.0,0.0,6,4,21,19,15,15,16,13,6,3,0,0,2,3
2025020479,2025-12-10,Climate Pledge Arena,Seattle,26,55,LAK,SEA,2,3,26,33,0.522388,0.477612,0.2,0.428571,14,10,18,18,18,14,16,11,4,4,1,3,5,7
2025020480,2025-12-11,Scotiabank Arena,Toronto,28,10,SJS,TOR,3,2,32,30,0.393443,0.606557,0.0,0.333333,6,4,22,19,13,15,13,16,2,10,0,1,2,3
2025020481,2025-12-11,Prudential Center,Newark,14,1,TBL,NJD,8,4,35,37,0.515152,0.484848,0.666667,0.333333,11,11,15,32,13,13,7,14,2,6,2,1,3,3
2025020482,2025-12-11,UBS Arena,Elmont,24,2,ANA,NYI,2,5,33,37,0.457143,0.542857,0.0,0.5,8,2,15,20,13,18,14,19,3,7,0,2,1,4
2025020483,2025-12-11,Xfinity Mobile Arena,Philadelphia,54,4,VGK,PHI,3,2,22,19,0.543478,0.456522,0.5,0.0,6,4,23,25,16,13,19,10,4,4,1,0,2,3
2025020484,2025-12-11,PPG Paints Arena,Pittsburgh,8,5,MTL,PIT,4,2,29,38,0.409836,0.590164,0.25,0.166667,12,8,12,25,24,19,12,14,1,9,1,1,4,6
2025020485,2025-12-11,Capital One Arena,Washington,12,15,CAR,WSH,3,2,39,25,0.652174,0.347826,0.0,0.0,7,9,29,21,10,21,16,10,7,3,0,0,2,1
2025020486,2025-12-11,Nationwide Arena,Columbus,9,29,OTT,CBJ,6,3,29,27,0.578125,0.421875,0.5,1.0,2,4,18,23,21,12,16,14,6,4,1,1,2,1
2025020487,2025-12-11,Bridgestone Arena,Nashville,19,18,STL,NSH,2,7,26,32,0.519231,0.480769,0.0,0.25,13,11,27,14,10,15,14,11,2,5,0,1,3,4
2025020488,2025-12-11,Grand Casino Arena,St. Paul,25,30,DAL,MIN,2,5,18,32,0.52381,0.47619,1.0,0.0,6,2,12,26,14,20,13,17,8,6,1,0,1,3
2025020489,2025-12-11,Canada Life Centre,Winnipeg,6,52,BOS,WPG,6,3,24,29,0.520833,0.479167,1.0,0.25,13,9,21,24,18,16,15,10,3,6,2,1,2,4
2025020490,2025-12-11,Ball Arena,Denver,13,21,FLA,COL,2,6,25,42,0.303571,0.696429,0.0,0.0,6,4,28,11,13,17,11,21,7,5,0,0,2,3
2025020491,2025-12-11,Rogers Place,Edmonton,17,22,DET,EDM,1,4,28,29,0.458333,0.541667,0.0,0.5,4,4,9,25,11,20,14,14,5,5,0,1,2,2
2025020492,2025-12-11,Rogers Arena,Vancouver,7,23,BUF,VAN,3,2,15,32,0.404762,0.595238,0.5,0.333333,10,8,13,22,26,7,17,14,8,4,1,1,2,3
2025020493,2025-12-12,Enterprise Center,St. Louis,16,19,CHI,STL,2,3,29,26,0.442308,0.557692,0.0,0.0,14,12,19,30,11,13,16,13,4,9,0,0,0,1
2025020494,2025-12-12,Delta Center,Salt Lake City,55,68,SEA,UTA,3,5,37,33,0.516667,0.483333,0.0,0.5,6,10,14,13,25,17,14,15,4,4,0,1,4,2
2025020495,2025-12-13,Prudential Center,Newark,24,1,ANA,NJD,1,4,31,22,0.372881,0.627119,0.0,0.0,4,6,17,17,21,12,16,14,3,5,0,0,3,2
2025020496,2025-12-13,Grand Casino Arena,St. Paul,9,30,OTT,MIN,2,3,36,25,0.564516,0.435484,0.5,0.333333,13,15,30,21,7,19,17,16,5,4,2,1,4,3
2025020497,2025-12-13,PPG Paints Arena,Pittsburgh,28,5,SJS,PIT,6,5,31,43,0.507937,0.492063,0.25,0.6,14,12,17,14,16,21,18,9,6,4,1,3,4,5
2025020498,2025-12-13,UBS Arena,Elmont,14,2,TBL,NYI,2,3,34,17,0.507246,0.492754,0.25,0.25,8,10,27,19,10,20,8,13,6,4,1,1,4,4
2025020499,2025-12-13,Scotiabank Arena,Toronto,22,10,EDM,TOR,6,3,37,28,0.528302,0.471698,0.0,0.0,2,4,17,25,10,15,18,24,5,4,0,0,2,1
2025020500,2025-12-13,Madison Square Garden,New York,8,3,MTL,NYR,4,5,18,29,0.469388,0.530612,0.0,1.0,6,4,21,32,23,18,13,14,7,4,0,2,1,2
2025020501,2025-12-13,Xfinity Mobile Arena,Philadelphia,12,4,CAR,PHI,4,3,21,18,0.435484,0.564516,0.0,0.0,0,4,19,28,3,21,13,18,6,3,0,0,2,0
2025020502,2025-12-13,Nationwide Arena,Columbus,54,29,VGK,CBJ,3,2,26,30,0.419355,0.580645,0.333333,0.0,8,6,15,15,20,19,14,16,5,7,1,0,3,4
2025020503,2025-12-13,Canada Life Centre,Winnipeg,15,52,WSH,WPG,1,5,25,35,0.563636,0.436364,0.2,0.333333,6,10,20,23,16,12,17,11,3,6,1,1,5,3
2025020504,2025-12-13,United Center,Chicago,17,16,DET,CHI,4,0,24,26,0.454545,0.545455,0.0,0.0,6,6,15,30,21,7,13,10,5,2,0,0,3,3
2025020505,2025-12-13,American Airlines Center,Dallas,13,25,FLA,DAL,4,0,23,15,0.527273,0.472727,0.333333,0.0,13,25,22,13,13,18,18,17,3,8,1,0,3,3
2025020506,2025-12-13,Ball Arena,Denver,18,21,NSH,COL,2,4,29,41,0.457627,0.542373,0.333333,0.0,8,6,18,16,19,16,13,15,5,3,1,0,3,4
2025020507,2025-12-13,Crypto.com Arena,Los Angeles,20,26,CGY,LAK,2,1,38,22,0.471429,0.528571,0.0,0.0,9,13,12,13,16,15,23,17,5,7,0,0,4,2
2025020508,2025-12-14,Prudential Center,Newark,23,1,VAN,NJD,2,1,15,26,0.482143,0.517857,0.666667,0.0,6,6,22,18,16,11,12,16,4,4,2,0,3,3
2025020509,2025-12-14,PPG Paints Arena,Pittsburgh,68,5,UTA,PIT,5,4,36,16,0.5,0.5,0.2,0.0,4,10,9,18,7,17,20,15,5,4,1,0,5,2
2025020510,2025-12-14,Lenovo Center,Raleigh,4,12,PHI,CAR,2,3,26,32,0.484375,0.515625,0.0,0.166667,14,10,23,10,18,10,13,17,7,6,0,1,4,6
2025020511,2025-12-14,Grand Casino Arena,St. Paul,6,30,BOS,MIN,2,6,31,31,0.514706,0.485294,0.0,0.666667,6,4,20,14,16,14,14,15,3,5,0,2,2,3
2025020512,2025-12-14,Centre Bell,Montreal,22,8,EDM,MTL,1,4,28,27,0.509091,0.490909,0.2,0.5,8,10,17,20,12,11,20,17,3,4,1,2,5,4
2025020513,2025-12-14,Climate Pledge Arena,Seattle,7,55,BUF,SEA,3,1,23,24,0.468085,0.531915,0.0,0.333333,6,4,17,23,13,11,19,13,5,5,0,1,2,3
2025020514,2025-12-15,Benchmark International Arena,Tampa,13,14,FLA,TBL,5,2,24,28,0.467742,0.532258,0.25,0.0,19,17,25,33,17,3,18,14,5,5,1,0,4,5
2025020515,2025-12-15,Madison Square Garden,New York,24,3,ANA,NYR,4,1,26,27,0.3125,0.6875,0.333333,0.0,8,6,25,20,14,12,15,13,7,4,1,0,3,4
2025020516,2025-12-15,Canada Life Centre,Winnipeg,9,52,OTT,WPG,3,2,31,25,0.456522,0.543478,0.0,0.0,4,6,31,20,14,15,13,12,7,0,0,0,3,2
2025020517,2025-12-15,Enterprise Center,St. Louis,18,19,NSH,STL,5,2,26,22,0.653061,0.346939,0.25,0.333333,15,17,13,22,7,11,13,10,6,2,1,1,4,3
2025020518,2025-12-15,American Airlines Center,Dallas,26,25,LAK,DAL,1,4,28,26,0.5,0.5,0.333333,0.0,6,8,30,19,15,18,20,14,4,2,1,0,3,2
2025020519,2025-12-16,TD Garden,Boston,68,6,UTA,BOS,1,4,21,23,0.483333,0.516667,0.333333,0.25,28,16,21,21,10,23,12,15,4,4,1,1,3,4
2025020520,2025-12-16,Scotiabank Arena,Toronto,16,10,CHI,TOR,2,3,25,27,0.428571,0.571429,0.0,0.333333,6,2,15,29,12,14,13,14,4,4,0,1,1,3
2025020521,2025-12-16,Centre Bell,Montreal,4,8,PHI,MTL,4,1,21,22,0.672414,0.327586,0.0,0.0,4,8,23,21,13,10,15,8,4,2,0,0,3,1
2025020522,2025-12-16,Little Caesars Arena,Detroit,2,17,NYI,DET,2,3,18,21,0.54717,0.45283,0.0,1.0,4,2,16,14,21,19,9,13,3,5,0,2,1,2
2025020523,2025-12-16,Madison Square Garden,New York,23,3,VAN,NYR,3,0,17,23,0.468085,0.531915,0.0,0.0,8,6,20,26,13,6,14,12,4,6,0,0,3,4
2025020524,2025-12-16,PPG Paints Arena,Pittsburgh,22,5,EDM,PIT,6,4,23,30,0.62,0.38,0.75,0.166667,12,8,8,27,19,8,14,16,4,4,3,1,4,6
2025020525,2025-12-16,Nationwide Arena,Columbus,24,29,ANA,CBJ,3,4,27,28,0.423077,0.576923,0.0,0.0,4,8,20,20,21,19,19,17,2,5,0,0,4,2
2025020526,2025-12-16,Grand Casino Arena,St. Paul,15,30,WSH,MIN,0,5,25,32,0.473684,0.526316,0.0,0.25,8,4,18,22,8,21,9,18,4,3,0,1,2,4
2025020527,2025-12-16,SAP Center at San Jose,San Jose,20,28,CGY,SJS,3,6,30,26,0.451613,0.548387,0.0,0.0,2,4,24,24,12,25,16,22,4,5,0,0,2,1
2025020528,2025-12-16,Climate Pledge Arena,Seattle,21,55,COL,SEA,5,3,39,38,0.5,0.5,0.25,0.25,16,16,14,18,14,26,13,19,6,4,1,1,4,4
2025020529,2025-12-17,Amerant Bank Arena,Sunrise,26,13,LAK,FLA,2,3,29,29,0.534483,0.465517,0.25,0.25,8,8,16,28,15,21,12,11,5,5,1,1,4,4
2025020530,2025-12-17,Little Caesars Arena,Detroit,68,17,UTA,DET,4,1,28,28,0.468085,0.531915,0.0,0.25,8,8,21,11,18,15,13,16,4,4,0,1,4,4
2025020531,2025-12-17,Enterprise Center,St. Louis,52,19,WPG,STL,0,1,24,26,0.627907,0.372093,0.0,0.0,20,6,21,14,9,14,19,11,3,4,0,0,2,4
2025020532,2025-12-17,Bridgestone Arena,Nashville,12,18,CAR,NSH,4,1,37,26,0.467532,0.532468,0.25,0.0,6,8,11,23,14,15,12,18,7,6,1,0,4,3
2025020533,2025-12-17,T-Mobile Arena,Paradise,1,54,NJD,VGK,2,1,33,37,0.563636,0.436364,0.0,0.25,8,4,21,21,10,19,11,16,5,6,0,1,2,4
2025020534,2025-12-18,TD Garden,Boston,22,6,EDM,BOS,3,1,25,26,0.460317,0.539683,0.2,0.333333,6,20,21,22,19,11,13,17,3,5,1,1,5,3
2025020535,2025-12-18,KeyBank Center,Buffalo,4,7,PHI,BUF,3,5,27,28,0.535714,0.464286,0.0,0.2,10,6,29,24,10,15,9,25,1,6,0,1,3,5
2025020536,2025-12-18,Centre Bell,Montreal,16,8,CHI,MTL,1,4,15,35,0.340426,0.659574,0.0,0.0,4,4,14,21,8,13,14,10,8,3,0,0,2,2
2025020537,2025-12-18,Canadian Tire Centre,Ottawa,5,9,PIT,OTT,0,4,25,26,0.44898,0.55102,0.0,0.333333,6,4,21,18,13,11,22,10,4,3,0,1,2,3
2025020538,2025-12-18,Benchmark International Arena,Tampa,26,14,LAK,TBL,2,1,20,32,0.453125,0.546875,0.0,0.2,20,2,17,18,22,7,20,9,11,2,0,1,1,5
2025020539,2025-12-18,Capital One Arena,Washington,10,15,TOR,WSH,0,4,22,29,0.541667,0.458333,0.0,0.0,6,10,27,13,13,12,16,18,6,4,0,0,5,3
2025020540,2025-12-18,Nationwide Arena,Columbus,30,29,MIN,CBJ,5,2,28,29,0.358209,0.641791,1.0,0.0,4,2,15,26,18,12,19,16,6,6,1,0,1,2
2025020541,2025-12-18,Enterprise Center,St. Louis,3,19,NYR,STL,2,1,31,27,0.474576,0.525424,0.5,0.0,8,6,24,13,17,7,15,13,5,5,1,0,2,3
2025020542,2025-12-18,Scotiabank Saddledome,Calgary,55,20,SEA,CGY,2,4,23,46,0.42623,0.57377,1.0,0.2,10,2,24,22,14,14,13,8,6,4,1,1,1,5
2025020543,2025-12-18,SAP Center at San Jose,San Jose,25,28,DAL,SJS,5,3,30,37,0.584615,0.415385,1.0,0.0,6,2,16,30,20,11,15,21,6,4,1,0,1,3
2025020544,2025-12-19,Amerant Bank Arena,Sunrise,12,13,CAR,FLA,3,4,29,41,0.417722,0.582278,0.333333,0.0,8,8,27,23,16,14,16,15,8,3,1,0,3,2
2025020545,2025-12-19,UBS Arena,Elmont,23,2,VAN,NYI,4,1,31,24,0.54902,0.45098,0.333333,0.0,8,6,10,21,14,12,17,16,6,3,1,0,3,4
2025020546,2025-12-19,Ball Arena,Denver,52,21,WPG,COL,2,3,22,26,0.509091,0.490909,0.5,0.0,11,9,20,21,15,13,14,12,4,3,1,0,2,3
2025020547,2025-12-19,Delta Center,Salt Lake City,1,68,NJD,UTA,2,1,22,33,0.462963,0.537037,0.2,0.25,8,10,12,20,26,16,13,9,5,2,1,1,5,4
2025020548,2025-12-19,Honda Center,Anaheim,25,24,DAL,ANA,8,3,25,25,0.537037,0.462963,0.333333,0.0,8,18,8,22,21,13,22,18,4,4,1,0,3,3
2025020549,2025-12-20,Madison Square Garden,New York,4,3,PHI,NYR,4,5,32,27,0.508475,0.491525,0.4,0.25,13,15,19,23,21,4,10,23,1,7,2,1,5,4
2025020550,2025-12-20,Capital One Arena,Washington,17,15,DET,WSH,5,2,41,26,0.431373,0.568627,0.0,0.0,4,6,10,32,19,18,18,18,6,2,0,0,3,2
2025020551,2025-12-20,Canadian Tire Centre,Ottawa,16,9,CHI,OTT,4,6,24,40,0.403226,0.596774,0.333333,0.166667,26,10,21,29,17,8,15,7,5,5,1,1,3,6
2025020552,2025-12-20,Grand Casino Arena,St. Paul,22,30,EDM,MIN,2,5,30,37,0.5,0.5,0.5,0.5,4,4,23,25,5,21,11,16,4,7,1,1,2,2
2025020553,2025-12-20,KeyBank Center,Buffalo,2,7,NYI,BUF,2,3,34,32,0.55,0.45,0.333333,0.25,8,6,25,18,8,11,21,18,4,5,1,1,3,4
2025020554,2025-12-20,Amerant Bank Arena,Sunrise,19,13,STL,FLA,6,2,32,29,0.507692,0.492308,0.333333,0.25,8,6,19,26,14,7,11,15,4,2,1,1,3,4
2025020555,2025-12-20,TD Garden,Boston,23,6,VAN,BOS,5,4,23,43,0.389831,0.610169,0.25,0.333333,8,10,29,20,15,11,16,16,5,6,1,1,4,3
2025020556,2025-12-20,Centre Bell,Montreal,5,8,PIT,MTL,0,4,31,21,0.608696,0.391304,0.0,1.0,2,6,24,16,13,16,20,8,4,5,0,1,3,1
2025020557,2025-12-20,Benchmark International Arena,Tampa,12,14,CAR,TBL,4,6,22,29,0.423077,0.576923,0.4,0.0,10,14,23,19,15,15,13,14,6,1,2,0,5,3
2025020558,2025-12-20,Bridgestone Arena,Nashville,10,18,TOR,NSH,3,5,22,34,0.622222,0.377778,0.0,0.5,6,4,21,20,23,12,20,13,2,4,0,1,1,2
2025020559,2025-12-20,Scotiabank Saddledome,Calgary,54,20,VGK,CGY,3,6,37,26,0.479167,0.520833,0.5,0.0,5,9,27,14,13,12,15,9,4,5,1,0,2,0
2025020560,2025-12-20,Honda Center,Anaheim,29,24,CBJ,ANA,3,4,26,28,0.57377,0.42623,0.5,0.0,6,4,12,19,11,26,15,16,4,5,1,0,2,3
2025020561,2025-12-20,SAP Center at San Jose,San Jose,55,28,SEA,SJS,4,2,32,36,0.555556,0.444444,0.0,0.25,8,2,18,19,23,8,9,13,6,7,0,1,1,4
2025020562,2025-12-21,Little Caesars Arena,Detroit,15,17,WSH,DET,2,3,33,27,0.491228,0.508772,0.0,0.5,4,2,11,16,13,18,12,18,3,8,0,1,1,2
2025020563,2025-12-21,Grand Casino Arena,St. Paul,21,30,COL,MIN,5,1,42,29,0.552632,0.447368,0.5,0.0,6,8,17,13,8,25,20,11,6,2,2,0,4,3
2025020564,2025-12-21,TD Garden,Boston,9,6,OTT,BOS,6,2,28,20,0.508197,0.491803,0.5,0.2,54,42,22,32,17,11,22,15,6,2,2,1,4,5
2025020565,2025-12-21,Prudential Center,Newark,7,1,BUF,NJD,3,1,25,27,0.411765,0.588235,0.0,0.0,2,0,20,16,23,13,16,18,7,2,0,0,0,1
2025020566,2025-12-21,PPG Paints Arena,Pittsburgh,8,5,MTL,PIT,3,4,25,31,0.480769,0.519231,0.0,0.333333,8,6,25,30,18,11,19,16,5,4,0,1,2,3
2025020567,2025-12-21,Bridgestone Arena,Nashville,3,18,NYR,NSH,1,2,17,32,0.636364,0.363636,0.0,0.0,4,6,17,18,19,16,19,12,2,6,0,0,3,2
2025020568,2025-12-21,American Airlines Center,Dallas,10,25,TOR,DAL,1,5,28,22,0.608696,0.391304,0.0,0.0,6,8,24,11,9,12,24,10,3,6,0,0,4,3
2025020569,2025-12-21,Delta Center,Salt Lake City,52,68,WPG,UTA,3,4,26,22,0.509434,0.490566,0.333333,0.0,6,6,27,16,15,13,11,13,6,4,1,0,3,3
2025020570,2025-12-21,Rogers Place,Edmonton,54,22,VGK,EDM,3,4,31,21,0.537037,0.462963,0.4,0.666667,6,10,32,24,13,16,17,22,4,2,2,2,5,3
2025020571,2025-12-22,Benchmark International Arena,Tampa,19,14,STL,TBL,1,4,24,17,0.509091,0.490909,0.0,0.5,8,4,27,10,16,15,14,11,4,6,0,2,2,4
2025020572,2025-12-22,Xfinity Mobile Arena,Philadelphia,23,4,VAN,PHI,2,5,25,39,0.578947,0.421053,0.0,0.0,2,4,33,14,18,12,13,12,3,1,0,0,2,1
2025020573,2025-12-22,Honda Center,Anaheim,55,24,SEA,ANA,3,1,21,41,0.42623,0.57377,0.333333,0.0,16,18,24,24,13,12,16,13,4,7,1,0,3,2
2025020574,2025-12-22,Crypto.com Arena,Los Angeles,29,26,CBJ,LAK,3,1,30,24,0.533333,0.466667,0.428571,0.0,12,16,15,19,12,10,14,15,6,4,3,0,7,5
2025020575,2025-12-23,Scotiabank Arena,Toronto,5,10,PIT,TOR,3,6,32,31,0.413793,0.586207,0.0,0.0,6,6,16,19,7,14,14,19,7,6,0,0,1,2
2025020576,2025-12-23,Capital One Arena,Washington,3,15,NYR,WSH,7,3,21,32,0.541667,0.458333,0.25,0.333333,6,8,18,13,18,17,14,11,3,2,1,1,4,3
2025020577,2025-12-23,TD Garden,Boston,8,6,MTL,BOS,6,2,29,28,0.473684,0.526316,0.285714,0.2,32,36,23,27,18,16,11,20,3,7,2,1,7,5
2025020578,2025-12-23,Canadian Tire Centre,Ottawa,7,9,BUF,OTT,3,2,25,26,0.4375,0.5625,0.0,0.333333,8,4,15,19,16,9,10,11,4,5,0,1,1,3
2025020579,2025-12-23,Little Caesars Arena,Detroit,25,17,DAL,DET,3,4,22,25,0.482143,0.517857,0.4,0.666667,6,10,20,16,8,16,15,12,4,4,2,2,5,3
2025020580,2025-12-23,UBS Arena,Elmont,1,2,NJD,NYI,1,2,32,25,0.55,0.45,0.0,0.0,0,0,15,26,20,11,15,14,1,8,0,0,0,0
2025020581,2025-12-23,Lenovo Center,Raleigh,13,12,FLA,CAR,5,2,22,19,0.431373,0.568627,0.25,0.0,6,12,32,35,11,12,17,11,5,5,1,0,4,2
2025020582,2025-12-23,Grand Casino Arena,St. Paul,18,30,NSH,MIN,3,2,29,32,0.607843,0.392157,0.5,0.0,8,10,22,27,10,9,13,15,5,4,2,0,4,3
2025020583,2025-12-23,United Center,Chicago,4,16,PHI,CHI,3,1,26,21,0.372549,0.627451,0.25,0.0,10,10,12,17,16,10,14,17,4,0,1,0,4,4
2025020584,2025-12-23,Ball Arena,Denver,68,21,UTA,COL,0,1,32,26,0.551724,0.448276,0.0,0.0,4,6,16,20,19,21,16,21,3,5,0,0,3,2
2025020585,2025-12-23,Rogers Place,Edmonton,20,22,CGY,EDM,1,5,19,39,0.566038,0.433962,0.0,0.5,89,65,27,14,13,21,21,15,5,5,0,3,4,6
2025020586,2025-12-23,T-Mobile Arena,Paradise,28,54,SJS,VGK,2,7,23,26,0.526316,0.473684,0.0,0.25,8,4,25,13,6,9,15,20,6,6,0,1,1,4
2025020587,2025-12-23,Crypto.com Arena,Los Angeles,55,26,SEA,LAK,3,2,28,37,0.478873,0.521127,0.5,0.0,6,4,17,25,19,5,13,15,6,5,1,0,2,3
2025020588,2025-12-27,UBS Arena,Elmont,3,2,NYR,NYI,0,2,27,26,0.578947,0.421053,0.0,0.0,12,8,24,14,17,19,9,15,4,9,0,0,3,5
2025020589,2025-12-27,KeyBank Center,Buffalo,6,7,BOS,BUF,1,4,23,34,0.576923,0.423077,0.0,0.0,6,2,27,18,12,13,17,19,4,8,0,0,1,3
2025020590,2025-12-27,Scotiabank Arena,Toronto,9,10,OTT,TOR,5,7,31,33,0.563636,0.436364,0.0,0.666667,8,4,30,32,6,7,18,17,4,6,0,2,1,3
2025020591,2025-12-27,Amerant Bank Arena,Sunrise,14,13,TBL,FLA,4,2,25,26,0.48,0.52,0.0,0.1,87,49,32,27,17,9,10,10,5,3,0,1,6,10
2025020592,2025-12-27,Prudential Center,Newark,15,1,WSH,NJD,4,3,33,38,0.660714,0.339286,0.0,0.5,6,4,14,17,21,10,10,15,4,8,0,1,1,2
2025020593,2025-12-27,Lenovo Center,Raleigh,17,12,DET,CAR,2,5,20,38,0.569231,0.430769,0.5,0.0,4,6,22,22,17,6,16,17,2,8,1,0,2,1
2025020594,2025-12-27,Canada Life Centre,Winnipeg,30,52,MIN,WPG,4,3,19,26,0.466667,0.533333,0.25,0.0,11,13,19,16,18,15,17,14,5,3,1,0,4,3
2025020595,2025-12-27,Enterprise Center,St. Louis,18,19,NSH,STL,2,3,32,20,0.377358,0.622642,0.0,0.5,4,4,17,25,3,19,13,17,3,5,0,1,2,2
2025020596,2025-12-27,American Airlines Center,Dallas,16,25,CHI,DAL,4,3,33,31,0.431373,0.568627,0.0,0.0,8,4,29,16,13,14,13,18,6,5,0,0,2,4
2025020597,2025-12-27,Crypto.com Arena,Los Angeles,24,26,ANA,LAK,1,6,26,30,0.55102,0.44898,0.5,0.25,12,8,16,12,13,16,18,17,4,3,1,1,2,4
2025020598,2025-12-27,Scotiabank Saddledome,Calgary,22,20,EDM,CGY,2,3,31,32,0.632653,0.367347,0.333333,0.0,6,8,13,29,21,24,25,16,7,6,1,0,3,2
2025020599,2025-12-27,Rogers Arena,Vancouver,28,23,SJS,VAN,6,3,37,27,0.444444,0.555556,0.2,0.25,8,10,12,25,13,9,16,19,7,2,1,1,5,4
2025020600,2025-12-27,T-Mobile Arena,Paradise,21,54,COL,VGK,6,5,39,25,0.532258,0.467742,0.0,0.0,6,2,16,21,8,27,15,19,5,5,0,0,1,3
2025020601,2025-12-28,Little Caesars Arena,Detroit,10,17,TOR,DET,2,3,27,36,0.466667,0.533333,0.5,0.0,4,6,24,12,11,14,11,15,5,4,1,0,2,1
2025020602,2025-12-28,Benchmark International Arena,Tampa,8,14,MTL,TBL,4,5,35,21,0.627119,0.372881,0.0,0.0,7,13,26,17,11,23,13,18,8,3,0,0,4,1
2025020603,2025-12-28,Nationwide Arena,Columbus,2,29,NYI,CBJ,2,4,26,35,0.559322,0.440678,0.0,0.0,21,8,15,25,20,17,12,20,5,4,0,0,2,4
2025020604,2025-12-28,United Center,Chicago,5,16,PIT,CHI,7,3,24,24,0.534483,0.465517,0.5,0.0,11,9,17,26,17,4,20,15,6,4,1,0,2,3
2025020605,2025-12-28,Climate Pledge Arena,Seattle,4,55,PHI,SEA,1,4,33,20,0.52,0.48,0.0,0.0,0,6,16,18,16,17,13,17,4,3,0,0,3,0
2025020606,2025-12-29,Canadian Tire Centre,Ottawa,29,9,CBJ,OTT,4,1,22,28,0.526316,0.473684,0.0,0.0,13,11,23,18,16,10,20,14,5,3,0,0,3,4
2025020607,2025-12-29,Amerant Bank Arena,Sunrise,15,13,WSH,FLA,3,5,27,29,0.534483,0.465517,0.166667,0.166667,12,12,19,16,21,6,15,17,6,4,1,1,6,6
2025020608,2025-12-29,Lenovo Center,Raleigh,3,12,NYR,CAR,2,3,20,35,0.402778,0.597222,0.5,0.5,8,4,23,25,18,11,15,18,4,5,1,2,2,4
2025020609,2025-12-29,Canada Life Centre,Winnipeg,22,52,EDM,WPG,3,1,21,42,0.6,0.4,1.0,0.0,11,7,22,32,17,8,21,13,9,3,1,0,1,3
2025020610,2025-12-29,Enterprise Center,St. Louis,7,19,BUF,STL,4,2,34,18,0.555556,0.444444,0.0,0.0,2,6,18,27,11,18,12,17,5,3,0,0,3,1
2025020611,2025-12-29,Ball Arena,Denver,26,21,LAK,COL,2,5,25,26,0.5,0.5,0.333333,0.0,8,6,29,18,11,9,18,17,4,3,1,0,3,4
2025020612,2025-12-29,Delta Center,Salt Lake City,18,68,NSH,UTA,4,3,26,31,0.471429,0.528571,0.5,0.25,8,4,16,16,19,16,10,15,4,3,1,1,2,4
2025020613,2025-12-29,Scotiabank Saddledome,Calgary,6,20,BOS,CGY,1,2,26,20,0.510638,0.489362,0.0,0.2,10,6,18,21,17,14,17,14,11,4,0,1,3,5
2025020614,2025-12-29,T-Mobile Arena,Paradise,30,54,MIN,VGK,5,2,27,16,0.529412,0.470588,0.0,0.0,4,17,17,30,20,13,15,13,4,4,0,0,2,2
2025020615,2025-12-29,Honda Center,Anaheim,28,24,SJS,ANA,5,4,13,42,0.448276,0.551724,0.0,0.0,6,4,17,18,19,11,18,17,4,7,0,0,2,3
2025020616,2025-12-29,Climate Pledge Arena,Seattle,23,55,VAN,SEA,3,2,24,39,0.546875,0.453125,0.0,0.166667,17,9,22,21,15,17,12,14,5,3,0,1,2,6
2025020617,2025-12-30,Scotiabank Arena,Toronto,1,10,NJD,TOR,0,4,33,30,0.442308,0.557692,0.0,0.333333,11,11,18,18,11,16,15,9,5,2,0,1,3,3
2025020618,2025-12-30,Amerant Bank Arena,Sunrise,8,13,MTL,FLA,3,2,29,30,0.557377,0.442623,0.25,0.25,8,8,16,30,18,11,13,9,7,1,1,1,4,4
2025020619,2025-12-30,PPG Paints Arena,Pittsburgh,12,5,CAR,PIT,1,5,28,28,0.472727,0.527273,0.0,0.5,4,0,21,15,15,19,21,15,4,7,0,1,0,2
2025020620,2025-12-30,United Center,Chicago,2,16,NYI,CHI,3,2,21,19,0.54,0.46,0.333333,0.5,6,8,28,23,9,16,24,12,6,5,1,1,3,2
2025020621,2025-12-30,Rogers Arena,Vancouver,4,23,PHI,VAN,6,3,33,35,0.561404,0.438596,0.0,0.0,15,9,26,29,15,16,17,19,3,5,0,0,1,4
2025020622,2025-12-31,Capital One Arena,Washington,3,15,NYR,WSH,3,6,25,27,0.5,0.5,1.0,0.333333,11,7,21,21,27,21,17,18,5,5,1,1,1,3
2025020623,2025-12-31,T-Mobile Arena,Paradise,18,54,NSH,VGK,4,2,19,31,0.523077,0.476923,0.5,0.333333,6,18,26,26,18,11,12,17,7,4,2,1,4,3
2025020624,2025-12-31,Honda Center,Anaheim,14,24,TBL,ANA,4,3,29,28,0.381818,0.618182,0.333333,0.333333,6,6,19,13,12,12,15,22,6,6,1,1,3,3
2025020625,2025-12-31,SAP Center at San Jose,San Jose,30,28,MIN,SJS,3,4,23,28,0.446429,0.553571,0.0,1.0,2,2,19,19,13,22,14,19,3,5,0,1,1,1
2025020626,2025-12-31,Little Caesars Arena,Detroit,52,17,WPG,DET,1,2,24,19,0.489362,0.510638,0.0,0.333333,6,6,24,14,11,20,13,12,6,4,0,1,3,3
2025020627,2025-12-31,Nationwide Arena,Columbus,1,29,NJD,CBJ,3,2,33,35,0.5,0.5,1.0,0.0,11,7,17,26,10,11,14,18,5,8,1,0,1,3
2025020628,2025-12-31,American Airlines Center,Dallas,7,25,BUF,DAL,4,1,31,29,0.583333,0.416667,0.0,0.0,4,4,24,15,9,12,14,12,4,3,0,0,2,2
2025020629,2025-12-31,Ball Arena,Denver,19,21,STL,COL,1,6,13,43,0.461538,0.538462,0.0,0.333333,6,6,22,6,24,7,20,12,4,5,0,1,3,3
2025020630,2025-12-31,Scotiabank Saddledome,Calgary,4,20,PHI,CGY,1,5,26,26,0.454545,0.545455,0.0,0.666667,8,6,23,15,18,15,13,12,6,7,0,2,2,3
2025020631,2025-12-31,Rogers Place,Edmonton,6,22,BOS,EDM,6,2,29,36,0.491803,0.508197,0.333333,0.0,47,43,14,18,13,14,13,16,6,4,1,0,3,5
2025020632,2026-01-01,Canadian Tire Centre,Ottawa,15,9,WSH,OTT,3,4,29,32,0.508772,0.491228,0.25,0.0,17,17,15,32,19,14,9,17,5,6,1,0,4,4
2025020633,2026-01-01,UBS Arena,Elmont,68,2,UTA,NYI,7,2,21,22,0.489796,0.510204,0.4,0.2,10,10,16,13,14,13,18,9,3,6,2,1,5,5
2025020634,2026-01-01,Scotiabank Arena,Toronto,52,10,WPG,TOR,5,6,40,30,0.5,0.5,0.5,1.0,2,4,17,23,12,11,14,15,4,6,1,1,2,1
2025020635,2026-01-01,PPG Paints Arena,Pittsburgh,17,5,DET,PIT,3,4,27,31,0.473684,0.526316,0.25,0.333333,6,16,21,15,17,18,11,11,4,4,2,1,8,3
2025020636,2026-01-01,Lenovo Center,Raleigh,8,12,MTL,CAR,7,5,23,25,0.444444,0.555556,0.0,0.666667,6,2,26,18,15,10,18,19,4,9,0,2,1,3
2025020637,2026-01-01,United Center,Chicago,25,16,DAL,CHI,3,4,25,21,0.534884,0.465116,0.0,0.5,8,2,29,20,16,17,17,15,4,7,0,2,1,4
2025020638,2026-01-01,Climate Pledge Arena,Seattle,18,55,NSH,SEA,1,4,25,23,0.533333,0.466667,0.5,0.0,2,4,23,20,16,21,20,17,6,4,1,0,2,1
2025020639,2026-01-01,Crypto.com Arena,Los Angeles,14,26,TBL,LAK,5,3,24,20,0.5,0.5,0.5,0.666667,11,9,22,20,12,21,10,19,2,6,1,2,2,3
2025020640,2026-01-02,Enterprise Center,St. Louis,54,19,VGK,STL,3,4,25,19,0.431373,0.568627,0.0,0.0,4,4,21,19,14,9,16,18,6,6,0,0,2,2
2025020641,2026-01-02,loanDepot park,Miami,3,13,NYR,FLA,5,1,20,37,0.574074,0.425926,0.666667,0.166667,12,6,20,38,27,11,9,10,3,5,2,1,3,6
2025020642,2026-01-02,Rogers Arena,Vancouver,55,23,SEA,VAN,4,3,28,24,0.444444,0.555556,0.5,0.666667,6,4,13,26,20,6,21,23,5,5,1,2,2,3
2025020643,2026-01-02,Honda Center,Anaheim,30,24,MIN,ANA,5,2,34,28,0.472727,0.527273,0.25,0.0,2,8,11,22,18,20,15,22,2,6,1,0,4,1
2025020644,2026-01-03,Little Caesars Arena,Detroit,5,17,PIT,DET,4,1,31,12,0.541667,0.458333,0.0,0.0,4,4,20,21,13,12,16,19,8,2,0,0,2,2
2025020645,2026-01-03,Prudential Center,Newark,68,1,UTA,NJD,1,4,31,30,0.481481,0.518519,0.0,0.333333,6,4,28,24,8,14,12,17,4,5,0,1,2,3
2025020646,2026-01-03,Nationwide Arena,Columbus,7,29,BUF,CBJ,1,5,33,35,0.525424,0.474576,0.0,0.0,6,14,15,23,15,13,21,14,2,5,0,0,5,1
2025020647,2026-01-03,Rogers Place,Edmonton,4,22,PHI,EDM,5,2,29,25,0.590164,0.409836,0.0,0.5,11,9,15,12,15,18,12,15,3,5,0,1,2,2
2025020648,2026-01-03,Enterprise Center,St. Louis,8,19,MTL,STL,0,2,26,19,0.561404,0.438596,0.0,0.0,4,8,15,16,10,17,14,17,5,4,0,0,4,2
2025020649,2026-01-03,SAP Center at San Jose,San Jose,14,28,TBL,SJS,7,3,26,22,0.440678,0.559322,0.6,0.333333,16,30,8,23,8,17,19,13,2,7,3,1,5,3
2025020650,2026-01-03,Canadian Tire Centre,Ottawa,52,9,WPG,OTT,2,4,23,27,0.589286,0.410714,0.0,0.4,10,18,18,20,7,19,8,10,7,5,0,2,4,5
2025020651,2026-01-03,UBS Arena,Elmont,10,2,TOR,NYI,3,4,21,25,0.571429,0.428571,0.0,0.0,4,4,19,21,11,11,19,17,2,6,0,0,1,1
2025020652,2026-01-03,Capital One Arena,Washington,16,15,CHI,WSH,3,2,33,34,0.489796,0.510204,0.5,0.0,2,4,11,23,9,19,19,17,9,2,1,0,2,1
2025020653,2026-01-03,Lenovo Center,Raleigh,21,12,COL,CAR,5,3,34,28,0.629032,0.370968,0.4,0.333333,6,10,19,18,10,15,13,16,5,2,2,1,5,3
2025020654,2026-01-03,Scotiabank Saddledome,Calgary,18,20,NSH,CGY,4,3,36,23,0.575342,0.424658,0.0,0.0,28,26,23,26,15,12,22,17,7,4,0,0,1,2
2025020655,2026-01-03,Crypto.com Arena,Los Angeles,30,26,MIN,LAK,4,5,28,38,0.507937,0.492063,0.25,0.333333,6,8,17,15,21,18,16,19,5,4,1,1,4,3
2025020656,2026-01-03,Rogers Arena,Vancouver,6,23,BOS,VAN,3,2,22,34,0.672414,0.327586,0.666667,0.166667,12,6,16,32,17,12,15,13,3,6,2,1,3,6
2025020657,2026-01-04,American Airlines Center,Dallas,8,25,MTL,DAL,4,3,28,27,0.422222,0.577778,0.2,0.0,6,10,30,15,13,16,14,15,3,7,1,0,5,3
2025020658,2026-01-04,Nationwide Arena,Columbus,5,29,PIT,CBJ,5,4,43,25,0.53125,0.46875,0.333333,0.0,0,6,14,22,14,19,14,21,5,7,1,0,3,0
2025020659,2026-01-04,Amerant Bank Arena,Sunrise,21,13,COL,FLA,1,2,28,25,0.548387,0.451613,0.0,0.0,6,8,15,25,8,9,19,16,4,7,0,0,4,3
2025020660,2026-01-04,Prudential Center,Newark,12,1,CAR,NJD,3,1,29,29,0.559322,0.440678,0.0,0.0,10,6,16,22,18,9,19,12,6,3,0,0,3,5
2025020661,2026-01-04,United Center,Chicago,54,16,VGK,CHI,2,3,15,20,0.537037,0.462963,0.0,0.0,4,2,34,15,19,8,14,16,2,7,0,0,1,2
2025020662,2026-01-05,Madison Square Garden,New York,68,3,UTA,NYR,3,2,27,24,0.5,0.5,0.0,0.5,10,4,18,38,9,14,14,16,7,5,0,2,1,4
2025020663,2026-01-05,Capital One Arena,Washington,24,15,ANA,WSH,4,7,45,29,0.430769,0.569231,0.0,0.0,14,16,13,20,7,22,12,13,6,3,0,0,3,2
2025020664,2026-01-05,Canadian Tire Centre,Ottawa,17,9,DET,OTT,5,3,21,37,0.413333,0.586667,0.2,0.166667,12,10,13,20,11,12,13,18,4,5,1,1,5,6
2025020665,2026-01-05,Scotiabank Saddledome,Calgary,55,20,SEA,CGY,5,1,28,42,0.454545,0.545455,0.0,0.0,2,2,20,35,14,12,16,20,2,6,0,0,1,1
2025020666,2026-01-05,Crypto.com Arena,Los Angeles,30,26,MIN,LAK,2,4,35,33,0.481481,0.518519,0.166667,0.0,4,14,22,10,19,16,15,20,7,5,1,0,6,1
2025020667,2026-01-06,KeyBank Center,Buffalo,23,7,VAN,BUF,3,5,37,20,0.464286,0.535714,0.25,0.0,2,8,17,16,8,14,16,15,4,5,1,0,4,1
2025020668,2026-01-06,Benchmark International Arena,Tampa,21,14,COL,TBL,2,4,33,28,0.690909,0.309091,0.0,0.5,6,18,20,21,19,16,19,12,4,5,0,1,2,2
2025020669,2026-01-06,UBS Arena,Elmont,1,2,NJD,NYI,0,9,44,24,0.545455,0.454545,0.0,0.0,0,6,18,16,5,17,20,11,5,3,0,0,3,0
2025020670,2026-01-06,Xfinity Mobile Arena,Philadelphia,24,4,ANA,PHI,2,5,18,39,0.369231,0.630769,0.666667,0.125,39,26,19,22,15,23,15,18,2,7,2,1,3,8
2025020671,2026-01-06,Lenovo Center,Raleigh,25,12,DAL,CAR,3,6,23,33,0.451613,0.548387,0.666667,0.4,10,6,29,28,10,12,14,20,5,6,2,2,3,5
2025020672,2026-01-06,Scotiabank Arena,Toronto,13,10,FLA,TOR,1,4,32,23,0.482759,0.517241,0.0,0.0,9,11,31,21,10,18,12,14,8,2,0,0,3,2
2025020673,2026-01-06,Canada Life Centre,Winnipeg,54,52,VGK,WPG,4,3,31,20,0.438596,0.561404,0.5,0.0,9,13,27,25,10,18,13,14,5,3,2,0,4,2
2025020674,2026-01-06,Rogers Place,Edmonton,18,22,NSH,EDM,2,6,26,43,0.433333,0.566667,0.0,0.5,4,4,17,15,13,16,18,16,6,7,0,1,2,2
2025020675,2026-01-06,SAP Center at San Jose,San Jose,29,28,CBJ,SJS,2,5,36,36,0.577465,0.422535,0.0,0.2,15,11,12,20,16,15,12,12,3,7,0,1,3,5
2025020676,2026-01-06,Climate Pledge Arena,Seattle,6,55,BOS,SEA,4,7,36,27,0.455882,0.544118,0.333333,0.75,8,6,24,12,13,17,14,20,3,9,1,3,3,4
2025020677,2026-01-07,Capital One Arena,Washington,25,15,DAL,WSH,4,1,36,24,0.444444,0.555556,0.0,0.0,11,11,16,22,11,16,13,24,3,6,0,0,2,2
2025020678,2026-01-07,Centre Bell,Montreal,20,8,CGY,MTL,1,4,29,36,0.516129,0.483871,0.0,0.0,4,8,15,24,13,19,13,11,5,4,0,0,4,2
2025020679,2026-01-07,United Center,Chicago,19,16,STL,CHI,3,7,30,35,0.391304,0.608696,0.0,0.75,8,20,25,19,7,16,13,18,4,7,0,3,5,4
2025020680,2026-01-07,Delta Center,Salt Lake City,9,68,OTT,UTA,1,3,33,21,0.586207,0.413793,0.0,0.0,8,6,26,20,13,20,16,20,2,5,0,0,3,4
2025020681,2026-01-07,Crypto.com Arena,Los Angeles,28,26,SJS,LAK,4,3,28,26,0.553571,0.446429,0.5,0.0,6,8,21,12,17,14,17,18,8,3,2,0,4,3
2025020682,2026-01-08,TD Garden,Boston,20,6,CGY,BOS,1,4,29,30,0.464286,0.535714,0.0,0.0,6,6,27,23,19,17,16,21,8,3,0,0,2,2
2025020683,2026-01-08,Centre Bell,Montreal,13,8,FLA,MTL,2,6,27,19,0.576271,0.423729,0.0,0.0,24,22,18,18,11,20,18,10,4,7,0,0,3,4
2025020684,2026-01-08,Little Caesars Arena,Detroit,23,17,VAN,DET,1,5,24,25,0.54717,0.45283,0.5,0.333333,6,4,24,13,14,27,17,20,3,5,1,1,2,3
2025020685,2026-01-08,Madison Square Garden,New York,7,3,BUF,NYR,5,2,21,32,0.392157,0.607843,0.5,0.0,6,4,16,32,20,12,17,13,9,5,1,0,2,3
2025020686,2026-01-08,Xfinity Mobile Arena,Philadelphia,10,4,TOR,PHI,2,1,23,23,0.686275,0.313725,0.0,0.0,6,4,20,25,13,11,17,8,6,5,0,0,2,3
2025020687,2026-01-08,PPG Paints Arena,Pittsburgh,1,5,NJD,PIT,1,4,29,29,0.559322,0.440678,0.5,0.333333,6,4,25,10,19,16,20,23,6,5,1,1,2,3
2025020688,2026-01-08,Lenovo Center,Raleigh,24,12,ANA,CAR,2,5,13,35,0.359375,0.640625,0.0,0.0,14,6,25,16,20,8,17,23,4,6,0,0,3,2
2025020689,2026-01-08,Bridgestone Arena,Nashville,2,18,NYI,NSH,1,2,31,27,0.471698,0.528302,0.0,0.0,8,10,20,19,23,16,22,15,4,8,0,0,2,1
2025020690,2026-01-08,Canada Life Centre,Winnipeg,22,52,EDM,WPG,4,3,30,16,0.522727,0.477273,0.5,0.0,9,9,9,24,8,9,16,16,2,5,1,0,2,2
2025020691,2026-01-08,Ball Arena,Denver,9,21,OTT,COL,2,8,31,34,0.459016,0.540984,0.0,0.333333,42,16,38,12,14,21,7,11,5,4,0,2,3,6
2025020692,2026-01-08,T-Mobile Arena,Paradise,29,54,CBJ,VGK,3,5,25,26,0.631579,0.368421,0.0,0.5,4,2,28,19,12,20,18,15,4,8,0,1,1,2
2025020693,2026-01-08,Climate Pledge Arena,Seattle,30,55,MIN,SEA,3,2,34,28,0.403509,0.596491,0.0,0.333333,6,2,16,13,9,19,16,13,6,5,0,1,1,3
2025020694,2026-01-09,United Center,Chicago,15,16,WSH,CHI,5,1,24,24,0.461538,0.538462,0.0,0.25,8,6,13,23,9,6,17,19,5,5,0,1,3,4
2025020695,2026-01-09,Canada Life Centre,Winnipeg,26,52,LAK,WPG,1,5,24,20,0.568966,0.431034,0.0,0.5,4,6,22,23,12,22,9,17,7,2,0,1,3,2
2025020696,2026-01-09,Delta Center,Salt Lake City,19,68,STL,UTA,2,4,28,23,0.444444,0.555556,0.0,0.333333,20,22,28,14,19,15,15,11,2,6,0,1,4,3
2025020697,2026-01-10,TD Garden,Boston,3,6,NYR,BOS,2,10,29,34,0.515625,0.484375,0.5,0.333333,18,26,27,29,9,14,20,11,5,4,1,1,2,3
2025020698,2026-01-10,PPG Paints Arena,Pittsburgh,20,5,CGY,PIT,2,1,25,28,0.436364,0.563636,0.0,0.0,10,10,17,15,18,17,14,15,3,1,0,0,3,3
2025020699,2026-01-10,Ball Arena,Denver,29,21,CBJ,COL,0,4,29,31,0.467742,0.532258,0.0,0.0,4,4,18,6,22,17,14,10,2,3,0,0,2,2
2025020700,2026-01-10,SAP Center at San Jose,San Jose,25,28,DAL,SJS,4,5,20,31,0.519231,0.480769,0.0,0.666667,12,4,12,21,14,11,16,20,5,4,0,4,2,6
2025020701,2026-01-10,KeyBank Center,Buffalo,24,7,ANA,BUF,3,5,36,32,0.537313,0.462687,0.0,0.0,13,13,29,10,7,22,20,19,4,4,0,0,2,2
2025020702,2026-01-10,Scotiabank Arena,Toronto,23,10,VAN,TOR,0,5,29,24,0.303571,0.696429,0.0,0.5,15,19,19,15,10,20,17,16,7,4,0,2,6,4
2025020703,2026-01-10,Centre Bell,Montreal,17,8,DET,MTL,4,0,24,27,0.576923,0.423077,0.2,0.0,2,10,14,27,16,17,8,12,1,9,1,0,5,1
2025020704,2026-01-10,Canadian Tire Centre,Ottawa,13,9,FLA,OTT,3,2,21,19,0.459016,0.540984,0.5,0.0,12,10,24,20,6,14,12,13,6,5,2,0,4,5
2025020705,2026-01-10,Xfinity Mobile Arena,Philadelphia,14,4,TBL,PHI,7,2,23,20,0.630435,0.369565,0.0,0.5,9,9,18,32,6,14,15,14,5,5,0,1,2,2
2025020706,2026-01-10,Lenovo Center,Raleigh,55,12,SEA,CAR,2,3,12,36,0.508197,0.491803,0.0,0.0,2,2,25,16,12,13,18,14,7,7,0,0,1,1
2025020707,2026-01-10,Bridgestone Arena,Nashville,16,18,CHI,NSH,3,0,21,36,0.453125,0.546875,0.333333,0.0,8,8,18,20,8,8,14,13,2,7,1,0,3,3
2025020708,2026-01-10,Grand Casino Arena,St. Paul,2,30,NYI,MIN,4,3,27,36,0.580645,0.419355,0.0,0.25,8,6,15,18,9,14,7,16,2,5,0,1,3,4
2025020709,2026-01-10,Rogers Place,Edmonton,26,22,LAK,EDM,4,3,30,26,0.45614,0.54386,0.5,0.25,8,4,20,20,12,20,19,15,4,6,1,1,2,4
2025020710,2026-01-10,T-Mobile Arena,Paradise,19,54,STL,VGK,2,4,19,25,0.574074,0.425926,1.0,0.0,7,7,30,21,17,9,12,19,3,7,1,0,1,1
2025020711,2026-01-11,Canada Life Centre,Winnipeg,1,52,NJD,WPG,3,4,27,22,0.519231,0.480769,0.0,0.0,4,2,17,15,11,13,16,22,4,5,0,0,1,2
2025020712,2026-01-11,TD Garden,Boston,5,6,PIT,BOS,0,1,27,19,0.44,0.56,0.0,0.0,12,4,18,15,17,18,16,16,3,6,0,0,2,6
2025020713,2026-01-11,Bridgestone Arena,Nashville,15,18,WSH,NSH,2,3,32,21,0.545455,0.454545,0.4,0.333333,12,10,21,16,5,11,14,17,5,2,2,2,5,6
2025020714,2026-01-11,Delta Center,Salt Lake City,29,68,CBJ,UTA,3,2,36,27,0.479167,0.520833,0.666667,0.0,4,6,18,15,23,21,17,11,2,5,2,0,3,2
2025020715,2026-01-11,SAP Center at San Jose,San Jose,54,28,VGK,SJS,7,2,32,20,0.526316,0.473684,0.5,0.0,10,8,19,21,11,15,24,11,4,5,2,0,4,5
2025020716,2026-01-12,KeyBank Center,Buffalo,13,7,FLA,BUF,4,3,32,23,0.483333,0.516667,1.0,0.0,9,7,18,22,14,19,12,24,6,4,1,0,1,2
2025020717,2026-01-12,Little Caesars Arena,Detroit,12,17,CAR,DET,3,4,34,18,0.630769,0.369231,0.4,0.25,28,10,23,19,11,25,12,21,5,6,2,1,5,4
2025020718,2026-01-12,Madison Square Garden,New York,55,3,SEA,NYR,4,2,29,22,0.478261,0.521739,0.0,0.0,4,4,20,31,19,3,17,14,8,6,0,0,2,2
2025020719,2026-01-12,Xfinity Mobile Arena,Philadelphia,14,4,TBL,PHI,5,1,26,21,0.354167,0.645833,0.5,0.0,32,46,10,32,11,17,9,19,6,1,2,0,4,2
2025020720,2026-01-12,Centre Bell,Montreal,23,8,VAN,MTL,3,6,23,41,0.442308,0.557692,0.0,1.0,2,4,12,26,9,26,18,19,4,4,0,1,2,1
2025020721,2026-01-12,Grand Casino Arena,St. Paul,1,30,NJD,MIN,5,2,29,23,0.576271,0.423729,0.0,0.5,4,4,18,16,19,14,12,15,3,4,0,1,2,2
2025020722,2026-01-12,United Center,Chicago,22,16,EDM,CHI,4,1,37,30,0.480769,0.519231,0.0,0.0,4,4,13,20,16,9,15,16,2,6,0,0,2,2
2025020723,2026-01-12,Ball Arena,Denver,10,21,TOR,COL,4,3,31,34,0.509091,0.490909,0.0,0.333333,8,6,13,14,22,12,15,22,8,3,0,1,2,3
2025020724,2026-01-12,Crypto.com Arena,Los Angeles,25,26,DAL,LAK,3,1,18,25,0.564103,0.435897,0.0,0.5,6,2,17,24,13,12,15,10,7,3,0,1,0,2
2025020725,2026-01-13,Canadian Tire Centre,Ottawa,23,9,VAN,OTT,1,2,20,40,0.425532,0.574468,0.0,0.0,4,2,21,25,18,16,14,11,5,5,0,0,1,2
2025020726,2026-01-13,PPG Paints Arena,Pittsburgh,14,5,TBL,PIT,2,1,31,27,0.431818,0.568182,0.0,0.0,33,14,15,13,8,15,18,15,4,9,0,0,3,3
2025020727,2026-01-13,Capital One Arena,Washington,8,15,MTL,WSH,2,3,25,42,0.542373,0.457627,0.0,0.0,25,23,21,18,20,15,10,16,2,5,0,0,4,5
2025020728,2026-01-13,Nationwide Arena,Columbus,20,29,CGY,CBJ,3,5,32,43,0.446154,0.553846,1.0,0.25,13,11,12,21,9,14,17,14,5,3,3,1,3,4
2025020729,2026-01-13,TD Garden,Boston,17,6,DET,BOS,0,3,24,41,0.394366,0.605634,0.0,0.0,4,4,14,18,16,10,17,18,5,3,0,0,2,2
2025020730,2026-01-13,Enterprise Center,St. Louis,12,19,CAR,STL,0,3,33,31,0.515152,0.484848,0.0,0.333333,6,6,14,26,8,19,16,22,8,5,0,1,3,3
2025020731,2026-01-13,Bridgestone Arena,Nashville,22,18,EDM,NSH,3,4,31,27,0.479167,0.520833,0.5,0.0,11,13,18,22,19,11,20,20,4,7,2,0,4,3
2025020732,2026-01-13,Canada Life Centre,Winnipeg,2,52,NYI,WPG,4,5,27,22,0.555556,0.444444,0.0,0.333333,6,2,13,18,12,9,20,16,6,5,0,1,1,3
2025020733,2026-01-13,Delta Center,Salt Lake City,10,68,TOR,UTA,1,6,20,41,0.4375,0.5625,0.0,0.0,6,8,21,21,21,15,17,14,5,5,0,0,3,2
2025020734,2026-01-13,Honda Center,Anaheim,25,24,DAL,ANA,1,3,25,25,0.509804,0.490196,0.0,0.0,4,6,24,29,21,17,20,16,1,8,0,0,3,2
2025020735,2026-01-14,Prudential Center,Newark,55,1,SEA,NJD,2,3,17,26,0.468085,0.531915,0.5,0.5,4,4,20,14,17,12,18,15,3,9,1,1,2,2
2025020736,2026-01-14,KeyBank Center,Buffalo,4,7,PHI,BUF,2,5,22,15,0.525424,0.474576,0.2,0.333333,12,10,26,27,9,9,5,18,2,5,1,2,5,6
2025020737,2026-01-14,Madison Square Garden,New York,9,3,OTT,NYR,8,4,30,22,0.339623,0.660377,0.333333,1.0,2,6,13,38,16,20,12,24,3,6,1,1,3,1
2025020738,2026-01-14,Crypto.com Arena,Los Angeles,54,26,VGK,LAK,3,2,27,24,0.432432,0.567568,0.5,0.0,2,4,20,24,20,13,16,21,3,5,1,0,2,1
2025020739,2026-01-15,TD Garden,Boston,55,6,SEA,BOS,2,4,28,24,0.468085,0.531915,0.5,0.5,9,13,22,25,14,16,14,17,5,9,2,1,4,2
2025020740,2026-01-15,KeyBank Center,Buffalo,8,7,MTL,BUF,3,5,23,27,0.589286,0.410714,0.666667,0.5,12,10,26,21,18,6,14,15,4,6,2,2,3,4
2025020741,2026-01-15,PPG Paints Arena,Pittsburgh,4,5,PHI,PIT,3,6,34,30,0.471698,0.528302,0.0,0.75,13,13,22,20,11,14,11,14,3,7,0,3,4,4
2025020742,2026-01-15,Capital One Arena,Washington,28,15,SJS,WSH,3,2,26,23,0.583333,0.416667,0.0,0.5,4,6,16,18,10,14,22,13,4,3,0,1,3,2
2025020743,2026-01-15,Nationwide Arena,Columbus,23,29,VAN,CBJ,1,4,31,36,0.529412,0.470588,0.5,1.0,4,4,11,19,18,15,18,10,6,6,1,2,2,2
2025020744,2026-01-15,Grand Casino Arena,St. Paul,52,30,WPG,MIN,6,2,29,34,0.5,0.5,0.5,0.0,6,8,19,11,12,7,8,14,2,5,2,0,4,3
2025020745,2026-01-15,United Center,Chicago,20,16,CGY,CHI,3,1,23,23,0.45614,0.54386,0.25,0.0,19,17,29,11,12,19,18,18,4,7,1,0,4,4
2025020746,2026-01-15,Delta Center,Salt Lake City,25,68,DAL,UTA,1,2,27,27,0.328125,0.671875,0.5,0.0,6,6,15,18,18,15,16,21,6,5,1,0,2,2
2025020747,2026-01-15,Rogers Place,Edmonton,2,22,NYI,EDM,1,0,18,35,0.478261,0.521739,1.0,0.0,4,2,15,16,16,8,15,16,6,3,1,0,1,2
2025020748,2026-01-15,T-Mobile Arena,Paradise,10,54,TOR,VGK,5,6,28,33,0.623188,0.376812,1.0,0.666667,6,2,17,18,14,15,18,13,5,4,1,2,1,3
2025020749,2026-01-16,Little Caesars Arena,Detroit,28,17,SJS,DET,2,4,22,25,0.469388,0.530612,0.0,0.5,4,2,16,14,16,17,22,11,2,5,0,1,1,2
2025020750,2026-01-16,Lenovo Center,Raleigh,13,12,FLA,CAR,1,9,16,36,0.344828,0.655172,0.0,0.8,29,19,19,30,13,8,16,20,5,8,0,4,5,5
2025020751,2026-01-16,Enterprise Center,St. Louis,14,19,TBL,STL,2,3,36,21,0.538462,0.461538,0.666667,0.0,4,6,12,24,10,10,18,12,3,8,2,0,3,2
2025020752,2026-01-16,Ball Arena,Denver,18,21,NSH,COL,7,3,30,43,0.642857,0.357143,1.0,0.0,4,2,16,14,12,17,16,20,5,6,1,0,1,2
2025020753,2026-01-16,Crypto.com Arena,Los Angeles,24,26,ANA,LAK,3,2,28,28,0.5,0.5,0.0,0.0,8,6,21,15,18,11,16,16,5,6,0,0,2,3
2025020754,2026-01-17,KeyBank Center,Buffalo,30,7,MIN,BUF,5,4,36,24,0.551724,0.448276,0.25,0.25,15,15,31,21,9,16,11,10,6,3,1,1,4,4
2025020755,2026-01-17,Xfinity Mobile Arena,Philadelphia,3,4,NYR,PHI,6,3,28,28,0.640625,0.359375,0.333333,0.0,4,8,26,27,21,13,17,14,3,3,1,0,3,1
2025020756,2026-01-17,Scotiabank Saddledome,Calgary,2,20,NYI,CGY,2,4,30,19,0.632653,0.367347,0.0,0.0,6,4,25,9,16,14,9,18,4,4,0,0,2,3
2025020757,2026-01-17,Delta Center,Salt Lake City,55,68,SEA,UTA,3,6,21,31,0.469697,0.530303,0.0,0.0,4,6,13,25,18,15,14,17,5,4,0,0,3,2
2025020758,2026-01-17,Canadian Tire Centre,Ottawa,8,9,MTL,OTT,6,5,19,34,0.533333,0.466667,0.4,0.666667,8,12,28,26,24,15,14,16,5,5,2,2,5,3
2025020759,2026-01-17,Prudential Center,Newark,12,1,CAR,NJD,4,1,35,30,0.440678,0.559322,0.0,0.25,8,2,20,22,12,15,9,19,9,2,0,1,1,4
2025020760,2026-01-17,PPG Paints Arena,Pittsburgh,29,5,CBJ,PIT,4,3,26,33,0.419355,0.580645,0.0,0.0,8,6,24,17,24,14,13,14,10,3,0,0,2,3
2025020761,2026-01-17,Capital One Arena,Washington,13,15,FLA,WSH,5,2,31,24,0.410714,0.589286,0.5,0.0,4,6,22,30,8,18,15,20,9,2,1,0,2,1
2025020762,2026-01-17,Canada Life Centre,Winnipeg,10,52,TOR,WPG,4,3,37,30,0.612245,0.387755,0.0,0.0,6,4,21,17,11,11,23,13,5,2,0,0,2,3
2025020763,2026-01-17,United Center,Chicago,6,16,BOS,CHI,5,2,23,24,0.520833,0.479167,1.0,0.0,2,2,18,24,11,10,16,16,8,3,1,0,1,1
2025020764,2026-01-17,Rogers Arena,Vancouver,22,23,EDM,VAN,6,0,35,31,0.422222,0.577778,0.25,0.0,2,8,15,19,7,8,14,19,5,3,1,0,4,1
2025020765,2026-01-17,T-Mobile Arena,Paradise,18,54,NSH,VGK,2,7,29,36,0.52381,0.47619,0.333333,0.0,4,8,14,25,16,16,16,20,7,4,1,0,3,1
2025020766,2026-01-17,Honda Center,Anaheim,26,24,LAK,ANA,1,2,18,33,0.451613,0.548387,0.166667,0.0,11,17,21,30,9,22,13,10,8,3,1,0,6,3
2025020767,2026-01-18,American Airlines Center,Dallas,14,25,TBL,DAL,4,1,26,20,0.395833,0.604167,0.0,0.0,6,6,21,16,14,14,17,13,6,3,0,0,2,2
2025020768,2026-01-18,Little Caesars Arena,Detroit,9,17,OTT,DET,3,4,22,34,0.592593,0.407407,0.666667,0.4,14,10,24,19,10,11,11,18,4,3,2,2,3,5
2025020769,2026-01-18,Rogers Place,Edmonton,19,22,STL,EDM,0,5,27,28,0.517857,0.482143,0.0,0.333333,6,8,20,15,6,21,12,14,5,3,0,1,4,3
2025020770,2026-01-19,Lenovo Center,Raleigh,7,12,BUF,CAR,1,2,18,29,0.458333,0.541667,0.0,0.5,8,6,25,23,12,6,20,17,6,7,0,1,1,2
2025020771,2026-01-19,Ball Arena,Denver,15,21,WSH,COL,2,5,24,44,0.522388,0.477612,0.25,0.166667,14,10,14,14,24,9,14,15,7,6,1,1,4,6
2025020772,2026-01-19,Climate Pledge Arena,Seattle,5,55,PIT,SEA,6,3,32,23,0.566038,0.433962,0.0,0.333333,6,6,23,20,10,16,18,17,6,3,0,1,3,3
2025020773,2026-01-19,Amerant Bank Arena,Sunrise,28,13,SJS,FLA,4,1,28,36,0.492063,0.507937,0.0,0.0,19,19,28,22,19,13,15,16,3,5,0,0,3,3
2025020774,2026-01-19,Scotiabank Arena,Toronto,30,10,MIN,TOR,6,3,39,30,0.462963,0.537037,0.666667,0.25,8,6,21,23,13,15,12,12,5,5,2,1,3,4
2025020775,2026-01-19,T-Mobile Arena,Paradise,4,54,PHI,VGK,2,1,17,25,0.625,0.375,0.0,0.142857,14,4,15,23,17,11,18,13,3,7,0,1,2,7
2025020776,2026-01-19,United Center,Chicago,52,16,WPG,CHI,0,2,32,24,0.44186,0.55814,0.0,0.0,6,4,26,13,13,16,8,14,3,4,0,0,2,3
2025020777,2026-01-19,Scotiabank Saddledome,Calgary,1,20,NJD,CGY,2,1,32,22,0.644444,0.355556,0.0,0.0,8,4,16,22,11,14,15,18,4,3,0,0,2,4
2025020778,2026-01-19,Rogers Arena,Vancouver,2,23,NYI,VAN,4,3,33,32,0.44898,0.55102,0.333333,0.0,4,6,17,20,17,7,13,14,4,3,1,0,3,2
2025020779,2026-01-19,Honda Center,Anaheim,3,24,NYR,ANA,3,5,22,26,0.535714,0.464286,0.5,0.333333,6,8,20,29,14,11,18,20,5,7,2,1,4,3
2025020780,2026-01-20,Centre Bell,Montreal,30,8,MIN,MTL,3,4,20,33,0.483333,0.516667,0.5,0.0,6,8,17,18,22,12,16,16,2,5,2,0,4,3
2025020781,2026-01-20,Benchmark International Arena,Tampa,28,14,SJS,TBL,1,4,23,20,0.56,0.44,0.0,0.0,2,2,29,13,18,14,13,18,7,1,0,0,1,1
2025020782,2026-01-20,Nationwide Arena,Columbus,9,29,OTT,CBJ,4,1,21,22,0.596154,0.403846,0.0,0.0,8,8,15,27,14,13,16,19,6,3,0,0,3,3
2025020783,2026-01-20,American Airlines Center,Dallas,6,25,BOS,DAL,2,6,18,37,0.35,0.65,0.5,0.666667,11,9,35,13,17,12,16,13,3,8,1,2,2,3
2025020784,2026-01-20,Bridgestone Arena,Nashville,7,18,BUF,NSH,5,3,33,34,0.45,0.55,0.0,0.0,6,4,17,27,19,8,15,10,4,6,0,0,1,2
2025020785,2026-01-20,Canada Life Centre,Winnipeg,19,52,STL,WPG,1,3,23,16,0.526316,0.473684,0.25,0.666667,6,8,20,16,12,23,17,12,5,4,1,2,4,3
2025020786,2026-01-20,Rogers Place,Edmonton,1,22,NJD,EDM,2,1,17,23,0.385965,0.614035,0.0,0.0,11,19,14,17,12,12,12,19,4,3,0,0,1,2
2025020787,2026-01-20,Crypto.com Arena,Los Angeles,3,26,NYR,LAK,3,4,36,27,0.714286,0.285714,0.0,0.0,6,4,24,15,21,14,14,15,2,7,0,0,2,3
2025020788,2026-01-21,Scotiabank Arena,Toronto,17,10,DET,TOR,2,1,41,31,0.507692,0.492308,0.0,0.0,4,4,15,22,12,16,16,16,5,4,0,0,2,2
2025020789,2026-01-21,Ball Arena,Denver,24,21,ANA,COL,2,1,16,41,0.45,0.55,0.0,0.0,4,2,27,16,24,15,13,24,5,7,0,0,1,2
2025020790,2026-01-21,Delta Center,Salt Lake City,4,68,PHI,UTA,4,5,29,27,0.566667,0.433333,0.333333,0.333333,11,17,25,26,18,11,20,13,5,3,2,1,6,3
2025020791,2026-01-21,Scotiabank Saddledome,Calgary,5,20,PIT,CGY,4,1,25,19,0.436364,0.563636,0.0,0.0,2,2,17,24,17,11,16,16,6,3,0,0,1,1
2025020792,2026-01-21,Rogers Arena,Vancouver,15,23,WSH,VAN,3,4,32,25,0.611111,0.388889,0.666667,0.0,10,10,18,17,14,13,15,18,5,4,2,0,3,3
2025020793,2026-01-21,Climate Pledge Arena,Seattle,2,55,NYI,SEA,1,4,25,25,0.45098,0.54902,0.142857,0.25,8,14,7,15,6,18,9,13,4,5,1,1,7,4
2025020794,2026-01-22,TD Garden,Boston,54,6,VGK,BOS,3,4,33,29,0.580645,0.419355,0.25,0.666667,13,15,28,19,14,20,18,13,3,9,1,2,4,3
2025020795,2026-01-22,Centre Bell,Montreal,7,8,BUF,MTL,4,2,17,34,0.357143,0.642857,0.0,0.0,10,8,26,28,18,16,9,12,5,3,0,0,2,3
2025020796,2026-01-22,Lenovo Center,Raleigh,16,12,CHI,CAR,4,3,22,31,0.35,0.65,0.0,0.0,15,7,22,29,14,6,11,13,6,4,0,0,1,5
2025020797,2026-01-22,Nationwide Arena,Columbus,25,29,DAL,CBJ,0,1,28,22,0.490566,0.509434,0.0,0.0,2,4,7,35,10,17,14,14,5,4,0,0,2,1
2025020798,2026-01-22,Bridgestone Arena,Nashville,9,18,OTT,NSH,3,5,26,27,0.716981,0.283019,0.0,0.4,12,8,16,23,11,9,13,18,4,6,0,2,3,5
2025020799,2026-01-22,Canada Life Centre,Winnipeg,13,52,FLA,WPG,2,1,20,18,0.45098,0.54902,0.0,0.0,10,8,27,24,14,9,14,18,1,7,0,0,1,2
2025020800,2026-01-22,Rogers Place,Edmonton,5,22,PIT,EDM,6,2,23,32,0.45098,0.54902,0.0,0.0,4,4,13,20,10,9,17,17,4,3,0,0,2,2
2025020801,2026-01-22,Grand Casino Arena,St. Paul,17,30,DET,MIN,3,4,34,39,0.666667,0.333333,0.5,0.25,8,4,15,18,18,20,14,16,4,3,1,1,2,4
2025020802,2026-01-23,Scotiabank Arena,Toronto,54,10,VGK,TOR,6,3,31,21,0.42,0.58,0.0,0.0,2,2,11,21,15,8,18,15,6,2,0,0,1,1
2025020803,2026-01-23,United Center,Chicago,14,16,TBL,CHI,2,1,31,19,0.526316,0.473684,0.0,0.0,11,11,18,16,10,13,16,20,4,6,0,0,3,3
2025020804,2026-01-23,American Airlines Center,Dallas,19,25,STL,DAL,2,3,22,19,0.403509,0.596491,0.333333,0.4,10,6,26,16,10,16,9,12,8,5,1,2,3,5
2025020805,2026-01-23,Ball Arena,Denver,4,21,PHI,COL,7,3,20,35,0.52,0.48,0.5,0.0,8,4,21,15,21,10,23,11,5,3,1,0,2,4
2025020806,2026-01-23,Scotiabank Saddledome,Calgary,15,20,WSH,CGY,3,1,38,26,0.530303,0.469697,0.0,0.5,16,18,17,21,22,17,18,16,3,4,0,1,3,2
2025020807,2026-01-23,Rogers Arena,Vancouver,1,23,NJD,VAN,5,4,24,25,0.520833,0.479167,0.666667,0.0,4,6,17,19,15,17,11,18,2,5,2,0,3,2
2025020808,2026-01-23,SAP Center at San Jose,San Jose,3,28,NYR,SJS,1,3,29,32,0.568627,0.431373,0.0,0.285714,14,4,18,14,11,18,13,16,3,5,0,2,2,7
2025020809,2026-01-23,Climate Pledge Arena,Seattle,24,55,ANA,SEA,4,2,31,22,0.517241,0.482759,0.5,0.0,4,4,25,21,10,11,11,12,2,4,1,0,2,2
2025020810,2026-01-24,UBS Arena,Elmont,7,2,BUF,NYI,5,0,21,26,0.26,0.74,0.0,0.0,8,6,16,24,11,13,14,16,7,5,0,0,2,3
2025020811,2026-01-24,Bridgestone Arena,Nashville,68,18,UTA,NSH,5,2,30,29,0.538462,0.461538,0.5,0.333333,6,4,19,29,13,13,23,15,5,4,1,1,2,3
2025020812,2026-01-24,TD Garden,Boston,8,6,MTL,BOS,3,4,25,20,0.492063,0.507937,0.666667,0.75,13,11,16,21,10,14,18,17,6,2,2,3,3,4
2025020813,2026-01-24,Canadian Tire Centre,Ottawa,12,9,CAR,OTT,4,1,19,37,0.321429,0.678571,0.25,0.0,18,8,12,34,13,14,16,13,4,8,1,0,4,4
2025020814,2026-01-24,Nationwide Arena,Columbus,14,29,TBL,CBJ,5,8,30,31,0.610169,0.389831,0.5,0.5,6,6,22,27,9,15,19,14,5,5,1,1,2,2
2025020815,2026-01-24,Canada Life Centre,Winnipeg,17,52,DET,WPG,5,1,31,27,0.55,0.45,0.0,0.0,2,6,22,22,14,15,15,12,6,4,0,0,3,1
2025020816,2026-01-24,Enterprise Center,St. Louis,26,19,LAK,STL,5,4,28,29,0.530612,0.469388,0.0,0.333333,13,13,17,20,14,20,17,13,3,3,0,1,3,3
2025020817,2026-01-24,Grand Casino Arena,St. Paul,13,30,FLA,MIN,4,3,34,21,0.535714,0.464286,0.333333,0.333333,17,17,17,17,15,10,13,20,3,5,2,2,6,6
2025020818,2026-01-24,Rogers Place,Edmonton,15,22,WSH,EDM,5,6,27,40,0.490196,0.509804,0.2,0.2,12,10,8,11,17,18,16,21,5,4,1,1,5,5
2025020819,2026-01-25,Scotiabank Arena,Toronto,21,10,COL,TOR,4,1,37,33,0.440678,0.559322,0.0,0.333333,6,4,14,28,8,16,17,14,3,6,0,1,2,3
2025020820,2026-01-25,Climate Pledge Arena,Seattle,1,55,NJD,SEA,2,4,29,19,0.5,0.5,0.5,0.0,23,13,13,19,16,20,17,11,3,4,2,0,4,4
2025020821,2026-01-25,Canadian Tire Centre,Ottawa,54,9,VGK,OTT,1,7,20,32,0.54902,0.45098,0.0,0.0,2,4,20,34,16,18,14,10,10,3,0,0,2,1
2025020822,2026-01-25,Rogers Arena,Vancouver,5,23,PIT,VAN,3,2,25,32,0.54902,0.45098,0.0,0.0,4,0,27,25,14,13,18,16,2,7,0,0,0,1
2025020823,2026-01-25,United Center,Chicago,13,16,FLA,CHI,5,1,25,22,0.535714,0.464286,0.0,0.0,6,2,25,11,5,14,15,12,7,2,0,0,1,3
2025020824,2026-01-25,Scotiabank Saddledome,Calgary,24,20,ANA,CGY,4,3,21,35,0.418182,0.581818,0.0,1.0,2,4,25,28,16,18,17,20,3,3,0,1,2,1
2025020825,2026-01-26,Benchmark International Arena,Tampa,68,14,UTA,TBL,0,2,28,29,0.519231,0.480769,0.0,0.5,19,17,18,18,8,20,10,10,5,3,0,2,3,4
2025020826,2026-01-26,Madison Square Garden,New York,6,3,BOS,NYR,3,4,24,28,0.508772,0.491228,0.0,0.0,8,2,17,34,13,12,16,13,3,5,0,0,1,4
2025020827,2026-01-26,Xfinity Mobile Arena,Philadelphia,2,4,NYI,PHI,4,0,23,21,0.578947,0.421053,0.333333,0.0,8,8,15,23,11,10,11,16,7,6,1,0,3,3
2025020828,2026-03-09,Nationwide Arena,Columbus,26,29,LAK,CBJ,5,4,31,32,0.656716,0.343284,0.0,0.25,8,6,25,12,13,18,18,15,4,4,0,1,3,4
2025020829,2026-01-26,Rogers Place,Edmonton,24,22,ANA,EDM,4,7,41,32,0.522388,0.477612,0.75,0.333333,6,8,25,13,15,10,14,19,6,6,3,1,4,3
2025020830,2026-01-27,TD Garden,Boston,18,6,NSH,BOS,2,3,30,28,0.4,0.6,0.25,0.0,8,10,16,25,8,11,16,19,5,4,1,0,4,3
2025020831,2026-01-27,Scotiabank Arena,Toronto,7,10,BUF,TOR,7,4,31,23,0.326923,0.673077,0.5,0.0,0,4,16,32,19,13,24,11,5,8,1,0,2,0
2025020832,2026-01-27,Centre Bell,Montreal,54,8,VGK,MTL,2,3,34,26,0.55,0.45,0.0,0.0,8,6,24,24,15,18,12,8,4,5,0,0,3,4
2025020833,2026-01-27,Little Caesars Arena,Detroit,26,17,LAK,DET,3,1,22,28,0.314815,0.685185,0.333333,0.0,8,6,21,11,16,15,20,15,5,6,1,0,3,4
2025020834,2026-01-27,Amerant Bank Arena,Sunrise,68,13,UTA,FLA,4,3,20,30,0.583333,0.416667,0.0,0.0,12,10,16,31,13,7,24,15,4,4,0,0,3,4
2025020835,2026-01-27,Prudential Center,Newark,52,1,WPG,NJD,4,3,26,29,0.520833,0.479167,0.0,0.5,4,4,24,14,21,11,20,12,2,5,0,1,2,2
2025020836,2026-01-27,Enterprise Center,St. Louis,25,19,DAL,STL,4,3,24,26,0.518519,0.481481,0.666667,0.0,6,6,12,43,20,16,18,13,3,5,2,0,3,3
2025020837,2026-01-27,Grand Casino Arena,St. Paul,16,30,CHI,MIN,3,4,32,23,0.584615,0.415385,0.0,0.0,2,10,10,21,5,15,14,14,6,3,0,0,5,1
2025020838,2026-01-27,Rogers Arena,Vancouver,28,23,SJS,VAN,5,2,33,25,0.370968,0.629032,0.5,0.25,15,15,17,30,12,18,17,14,2,7,2,1,4,4
2025020839,2026-01-27,Climate Pledge Arena,Seattle,15,55,WSH,SEA,1,5,20,32,0.509434,0.490566,0.2,0.25,13,15,17,15,16,14,20,10,3,4,1,1,5,4
2025020840,2026-01-28,Nationwide Arena,Columbus,4,29,PHI,CBJ,3,5,27,31,0.37931,0.62069,0.0,0.0,6,10,21,17,18,11,9,12,5,5,0,0,5,3
2025020841,2026-01-28,Canadian Tire Centre,Ottawa,21,9,COL,OTT,2,5,18,23,0.62,0.38,0.0,0.0,6,0,22,31,10,10,16,13,3,8,0,0,0,3
2025020842,2026-01-28,UBS Arena,Elmont,3,2,NYR,NYI,2,5,16,36,0.425926,0.574074,0.5,0.4,10,6,31,23,11,16,15,16,8,3,1,2,2,5
2025020843,2026-01-29,TD Garden,Boston,4,6,PHI,BOS,3,6,36,27,0.433962,0.566038,0.333333,0.0,8,12,36,15,17,9,19,19,4,6,1,0,3,1
2025020844,2026-01-29,KeyBank Center,Buffalo,26,7,LAK,BUF,1,4,38,32,0.375,0.625,0.5,0.333333,30,28,30,9,11,13,20,16,5,6,1,1,2,3
2025020845,2026-01-29,Centre Bell,Montreal,21,8,COL,MTL,3,7,29,28,0.45283,0.54717,0.0,0.5,6,6,25,22,8,21,17,14,4,6,0,1,2,2
2025020846,2026-01-29,Little Caesars Arena,Detroit,15,17,WSH,DET,4,3,23,21,0.54,0.46,0.0,0.0,8,4,26,13,22,17,6,14,4,3,0,0,2,4
2025020847,2026-01-29,Benchmark International Arena,Tampa,52,14,WPG,TBL,1,4,24,37,0.474576,0.525424,0.0,0.0,4,6,29,18,13,9,15,17,3,4,0,0,2,1
2025020848,2026-01-29,Prudential Center,Newark,18,1,NSH,NJD,2,3,29,35,0.5,0.5,0.0,0.0,6,4,17,27,14,19,16,18,3,6,0,0,2,3
2025020849,2026-01-29,Madison Square Garden,New York,2,3,NYI,NYR,2,1,21,21,0.375,0.625,0.0,0.333333,8,8,16,31,17,10,12,16,3,2,0,1,3,3
2025020850,2026-01-29,PPG Paints Arena,Pittsburgh,16,5,CHI,PIT,2,6,20,45,0.413793,0.586207,0.0,0.0,6,8,13,18,16,12,17,17,4,8,0,0,2,1
2025020851,2026-01-29,Lenovo Center,Raleigh,68,12,UTA,CAR,4,5,25,33,0.45,0.55,0.0,0.4,10,4,28,23,19,8,24,17,5,6,0,2,2,5
2025020852,2026-01-29,Enterprise Center,St. Louis,13,19,FLA,STL,4,5,20,31,0.537037,0.462963,0.25,0.2,19,25,17,26,8,17,13,11,4,5,2,1,8,5
2025020853,2026-01-29,Grand Casino Arena,St. Paul,20,30,CGY,MIN,1,4,30,24,0.491525,0.508475,0.0,0.5,9,11,16,11,17,15,18,13,6,3,0,1,3,2
2025020854,2026-01-29,Rogers Place,Edmonton,28,22,SJS,EDM,3,4,21,32,0.396552,0.603448,0.0,0.0,4,6,17,24,15,8,15,15,5,3,0,0,2,1
2025020855,2026-01-29,Rogers Arena,Vancouver,24,23,ANA,VAN,0,2,33,26,0.483871,0.516129,0.0,0.0,6,6,21,10,13,13,12,11,3,1,0,0,3,3
2025020856,2026-01-29,T-Mobile Arena,Paradise,25,54,DAL,VGK,5,4,27,21,0.491803,0.508197,0.0,0.0,2,4,29,26,23,11,19,15,8,1,0,0,2,1
2025020857,2026-01-29,Climate Pledge Arena,Seattle,10,55,TOR,SEA,2,5,31,22,0.431034,0.568966,0.333333,0.0,4,6,20,13,9,11,19,17,5,4,1,0,3,2
2025020858,2026-01-30,United Center,Chicago,29,16,CBJ,CHI,4,2,26,24,0.6,0.4,0.333333,0.0,4,6,16,13,13,15,12,17,6,3,1,0,3,2
2025020859,2026-01-31,Xfinity Mobile Arena,Philadelphia,26,4,LAK,PHI,3,2,21,21,0.470588,0.529412,0.0,0.5,4,4,25,29,11,16,7,18,2,4,0,1,2,2
2025020860,2026-01-31,Little Caesars Arena,Detroit,21,17,COL,DET,5,0,21,28,0.457627,0.542373,0.0,0.0,6,6,12,16,13,14,19,14,6,4,0,0,2,2
2025020861,2026-01-31,PPG Paints Arena,Pittsburgh,3,5,NYR,PIT,5,6,20,34,0.608696,0.391304,0.333333,0.2,12,8,26,16,10,12,12,12,2,5,1,1,3,5
2025020862,2026-01-31,Amerant Bank Arena,Sunrise,52,13,WPG,FLA,2,1,21,28,0.588235,0.411765,0.0,0.0,4,10,18,30,14,7,18,9,4,4,0,0,5,2
2025020863,2026-01-31,Scotiabank Saddledome,Calgary,28,20,SJS,CGY,2,3,25,42,0.433333,0.566667,0.25,0.166667,24,10,14,21,19,18,18,9,3,5,1,1,4,6
2025020864,2026-01-31,Capital One Arena,Washington,12,15,CAR,WSH,3,4,22,42,0.5,0.5,0.0,0.0,8,4,29,24,18,10,16,18,6,2,0,0,2,4
2025020865,2026-01-31,KeyBank Center,Buffalo,8,7,MTL,BUF,4,2,31,38,0.701754,0.298246,0.333333,0.25,8,6,29,24,20,7,13,16,5,4,1,1,3,4
2025020866,2026-01-31,Canadian Tire Centre,Ottawa,1,9,NJD,OTT,1,4,27,34,0.567164,0.432836,0.0,0.666667,8,12,22,24,9,18,17,17,5,7,0,2,5,3
2025020867,2026-01-31,UBS Arena,Elmont,18,2,NSH,NYI,4,3,42,30,0.425926,0.574074,0.5,0.0,18,8,25,23,6,10,11,18,8,4,1,0,2,2
2025020868,2026-01-31,Enterprise Center,St. Louis,29,19,CBJ,STL,5,3,23,33,0.473684,0.526316,0.5,0.25,8,4,20,21,11,10,15,17,5,3,1,1,2,4
2025020869,2026-01-31,Rogers Arena,Vancouver,10,23,TOR,VAN,3,2,41,30,0.5,0.5,0.0,0.0,2,2,17,14,10,23,15,19,4,7,0,0,0,0
2025020870,2026-01-31,Delta Center,Salt Lake City,25,68,DAL,UTA,3,2,32,14,0.568627,0.431373,0.5,0.0,6,10,25,18,12,8,10,18,4,4,2,0,4,2
2025020871,2026-01-31,Rogers Place,Edmonton,30,22,MIN,EDM,7,3,29,42,0.47619,0.52381,0.666667,0.0,4,6,17,24,22,17,17,6,3,5,2,0,3,2
2025020872,2026-01-31,T-Mobile Arena,Paradise,55,54,SEA,VGK,3,2,22,29,0.531915,0.468085,0.5,0.5,4,4,23,24,15,11,14,17,5,2,1,1,2,2
2025020873,2026-02-01,Raymond James Stadium,Tampa,6,14,BOS,TBL,5,6,34,46,0.426471,0.573529,0.333333,0.375,25,15,20,22,19,12,14,19,2,5,1,3,3,8
2025020874,2026-02-01,Lenovo Center,Raleigh,26,12,LAK,CAR,2,3,13,34,0.5,0.5,0.0,0.25,14,10,25,11,25,12,12,13,5,6,0,1,2,4
2025020875,2026-02-01,Honda Center,Anaheim,54,24,VGK,ANA,3,4,31,23,0.483871,0.516129,0.0,0.5,4,4,17,28,10,16,20,15,3,6,0,1,2,2
2025020876,2026-02-02,Amerant Bank Arena,Sunrise,7,13,BUF,FLA,5,3,20,42,0.491803,0.508197,0.333333,0.25,8,6,23,22,20,13,17,17,2,7,1,1,3,4
2025020877,2026-02-02,PPG Paints Arena,Pittsburgh,9,5,OTT,PIT,3,2,31,16,0.54,0.46,0.0,0.0,2,10,18,25,9,17,12,18,8,6,0,0,5,1
2025020878,2026-02-02,Capital One Arena,Washington,2,15,NYI,WSH,1,4,30,25,0.5,0.5,0.0,0.0,13,9,18,27,12,23,14,16,4,6,0,0,2,4
2025020879,2026-02-02,Grand Casino Arena,St. Paul,8,30,MTL,MIN,3,4,20,24,0.534483,0.465517,0.0,0.333333,6,2,16,18,13,15,12,14,6,6,0,1,1,3
2025020880,2026-02-02,Bridgestone Arena,Nashville,19,18,STL,NSH,5,6,34,28,0.459016,0.540984,0.5,0.5,4,4,16,15,10,11,16,14,8,4,1,1,2,2
2025020881,2026-02-02,United Center,Chicago,28,16,SJS,CHI,3,6,27,17,0.535714,0.464286,0.0,0.25,8,8,36,14,6,9,19,14,4,4,0,1,4,4
2025020882,2026-02-02,American Airlines Center,Dallas,52,25,WPG,DAL,3,4,27,28,0.42,0.58,0.333333,0.25,8,6,28,24,7,19,14,14,3,4,1,1,3,4
2025020883,2026-02-02,Ball Arena,Denver,17,21,DET,COL,2,0,25,21,0.479167,0.520833,0.0,0.0,4,14,27,29,17,15,10,16,5,2,0,0,2,2
2025020884,2026-02-02,Delta Center,Salt Lake City,23,68,VAN,UTA,2,6,24,19,0.425532,0.574468,0.0,0.5,14,18,21,13,10,9,19,13,6,3,0,1,4,2
2025020885,2026-02-02,Scotiabank Saddledome,Calgary,10,20,TOR,CGY,4,2,22,30,0.622222,0.377778,0.0,0.0,4,2,14,20,27,17,15,18,7,3,0,0,0,1
2025020886,2026-02-03,Benchmark International Arena,Tampa,7,14,BUF,TBL,3,4,26,35,0.491803,0.508197,0.333333,0.5,4,6,13,26,9,10,22,15,9,6,1,1,3,2
2025020887,2026-02-03,Prudential Center,Newark,29,1,CBJ,NJD,3,0,25,24,0.538462,0.461538,0.0,0.0,8,6,19,18,13,11,11,13,7,4,0,0,2,3
2025020888,2026-02-03,UBS Arena,Elmont,5,2,PIT,NYI,4,5,35,23,0.446429,0.553571,0.0,0.0,4,4,25,22,10,12,17,14,8,3,0,0,2,2
2025020889,2026-02-03,Xfinity Mobile Arena,Philadelphia,15,4,WSH,PHI,2,4,28,22,0.509091,0.490909,0.0,0.333333,16,2,27,21,12,25,9,21,4,3,0,1,1,3
2025020890,2026-02-03,Lenovo Center,Raleigh,9,12,OTT,CAR,3,4,27,19,0.5,0.5,0.666667,0.5,4,6,20,27,16,9,16,11,7,5,2,1,3,2
2025020891,2026-02-03,Rogers Place,Edmonton,10,22,TOR,EDM,5,2,27,36,0.537037,0.462963,1.0,0.0,9,21,13,19,19,7,18,13,4,3,2,0,2,1
2025020892,2026-02-03,Honda Center,Anaheim,55,24,SEA,ANA,2,4,28,31,0.566667,0.433333,0.0,0.0,20,4,12,16,20,14,12,18,6,5,0,0,0,3
2025020893,2026-02-04,Amerant Bank Arena,Sunrise,6,13,BOS,FLA,4,5,29,26,0.520548,0.479452,0.142857,0.666667,17,25,24,26,12,20,21,16,4,4,1,2,7,3
2025020894,2026-02-04,Nationwide Arena,Columbus,16,29,CHI,CBJ,0,4,21,20,0.384615,0.615385,0.0,0.0,4,8,14,12,12,11,18,7,3,6,0,0,3,1
2025020895,2026-02-04,Canada Life Centre,Winnipeg,8,52,MTL,WPG,5,1,27,37,0.55,0.45,0.5,0.25,8,4,21,15,11,16,11,21,8,1,1,1,2,4
2025020896,2026-02-04,Bridgestone Arena,Nashville,30,18,MIN,NSH,6,5,43,35,0.409836,0.590164,0.5,0.666667,11,9,26,14,12,17,16,17,2,6,1,2,2,3
2025020897,2026-02-04,Ball Arena,Denver,28,21,SJS,COL,2,4,25,42,0.392857,0.607143,0.0,0.0,8,8,24,16,21,6,23,12,5,7,0,0,3,3
2025020898,2026-02-04,Delta Center,Salt Lake City,17,68,DET,UTA,1,4,30,25,0.516129,0.483871,0.25,0.333333,11,13,24,15,5,15,12,9,4,3,1,1,4,3
2025020899,2026-02-04,American Airlines Center,Dallas,19,25,STL,DAL,4,5,18,28,0.468085,0.531915,0.25,0.333333,8,10,28,24,10,18,18,13,5,2,1,1,4,3
2025020900,2026-02-04,Scotiabank Saddledome,Calgary,22,20,EDM,CGY,3,4,39,25,0.6,0.4,0.5,0.666667,13,15,6,19,11,13,7,20,4,5,2,2,4,3
2025020901,2026-02-04,T-Mobile Arena,Paradise,23,54,VAN,VGK,2,5,23,31,0.508772,0.491228,0.0,0.0,2,2,21,18,9,11,19,20,5,5,0,0,1,1
2025020902,2026-02-04,Crypto.com Arena,Los Angeles,55,26,SEA,LAK,4,2,23,27,0.430769,0.569231,0.333333,0.5,12,16,17,18,17,15,14,12,5,4,2,2,6,4
2025020903,2026-02-05,KeyBank Center,Buffalo,5,7,PIT,BUF,5,2,32,27,0.454545,0.545455,0.0,0.2,15,11,20,16,8,10,17,15,6,4,0,1,3,5
2025020904,2026-02-05,Benchmark International Arena,Tampa,13,14,FLA,TBL,1,6,34,28,0.553571,0.446429,0.166667,0.25,76,91,17,34,5,16,16,18,3,5,1,1,6,4
2025020905,2026-02-05,Prudential Center,Newark,2,1,NYI,NJD,3,1,14,24,0.673469,0.326531,0.0,0.0,2,2,25,13,12,14,16,23,5,5,0,0,1,1
2025020906,2026-02-05,Madison Square Garden,New York,12,3,CAR,NYR,2,0,43,16,0.586957,0.413043,0.0,0.0,4,6,11,27,10,21,18,15,5,4,0,0,3,2
2025020907,2026-02-05,Xfinity Mobile Arena,Philadelphia,9,4,OTT,PHI,2,1,27,16,0.543478,0.456522,0.0,0.0,2,2,20,23,18,6,15,21,5,3,0,0,1,1
2025020908,2026-02-05,Capital One Arena,Washington,18,15,NSH,WSH,2,4,29,30,0.518519,0.481481,0.0,0.333333,12,8,18,26,8,18,15,15,4,3,0,2,4,6
2025020909,2026-02-05,T-Mobile Arena,Paradise,26,54,LAK,VGK,1,4,33,22,0.382353,0.617647,0.0,0.5,9,15,18,17,12,21,20,18,7,7,0,1,5,2
2025020910,2026-02-25,Prudential Center,Newark,7,1,BUF,NJD,2,1,30,28,0.462963,0.537037,0.0,0.0,9,11,21,24,10,13,18,17,4,4,0,0,3,2
2025020911,2026-02-25,Capital One Arena,Washington,4,15,PHI,WSH,1,3,24,29,0.477273,0.522727,0.0,0.0,2,4,26,25,19,14,13,16,2,5,0,0,2,1
2025020912,2026-02-25,Benchmark International Arena,Tampa,10,14,TOR,TBL,2,4,34,36,0.548387,0.451613,0.5,0.0,8,4,18,17,17,11,15,9,7,3,1,0,2,4
2025020913,2026-02-25,American Airlines Center,Dallas,55,25,SEA,DAL,1,4,19,32,0.425926,0.574074,0.0,0.333333,13,15,21,25,12,11,20,18,5,3,0,1,4,3
2025020914,2026-02-25,Delta Center,Salt Lake City,21,68,COL,UTA,4,2,26,30,0.394366,0.605634,0.333333,0.2,10,6,11,21,17,15,16,15,7,4,1,1,3,5
2025020915,2026-02-25,Rogers Arena,Vancouver,52,23,WPG,VAN,3,2,28,23,0.507692,0.492308,0.0,0.0,2,6,20,24,7,21,16,16,3,6,0,0,3,1
2025020916,2026-02-25,Crypto.com Arena,Los Angeles,54,26,VGK,LAK,6,4,25,19,0.461538,0.538462,0.5,1.0,7,19,26,24,24,14,8,13,3,5,1,1,2,1
2025020917,2026-02-25,Honda Center,Anaheim,22,24,EDM,ANA,5,6,27,29,0.578947,0.421053,0.5,0.2,10,4,21,23,11,15,15,24,5,8,1,1,2,5
2025020918,2026-02-26,TD Garden,Boston,29,6,CBJ,BOS,2,4,40,23,0.411765,0.588235,0.0,0.333333,6,2,24,20,11,20,18,15,6,8,0,1,1,3
2025020919,2026-02-26,Centre Bell,Montreal,2,8,NYI,MTL,4,3,26,25,0.484848,0.515152,0.5,0.666667,6,4,26,22,20,20,15,11,4,3,1,2,2,3
2025020920,2026-02-26,Canadian Tire Centre,Ottawa,17,9,DET,OTT,2,1,20,27,0.384615,0.615385,0.5,0.5,13,23,18,30,21,25,9,15,4,6,1,1,2,2
2025020921,2026-02-26,Amerant Bank Arena,Sunrise,10,13,TOR,FLA,1,5,30,37,0.442308,0.557692,0.333333,0.333333,8,8,21,19,12,10,15,14,4,3,1,1,3,3
2025020922,2026-02-26,PPG Paints Arena,Pittsburgh,1,5,NJD,PIT,1,4,30,37,0.6,0.4,0.0,0.333333,6,10,26,15,11,20,18,15,3,6,0,1,5,3
2025020923,2026-02-26,Lenovo Center,Raleigh,14,12,TBL,CAR,4,5,28,33,0.553846,0.446154,0.5,0.5,4,4,15,23,20,16,20,20,6,7,1,1,2,2
2025020924,2026-02-26,Madison Square Garden,New York,4,3,PHI,NYR,3,2,24,24,0.367347,0.632653,0.2,0.0,11,15,23,23,11,15,15,9,4,4,1,0,5,3
2025020925,2026-02-26,Enterprise Center,St. Louis,55,19,SEA,STL,1,5,24,32,0.519231,0.480769,0.0,0.0,0,6,13,20,11,12,18,15,2,2,0,0,3,0
2025020926,2026-02-26,Bridgestone Arena,Nashville,16,18,CHI,NSH,2,4,23,26,0.568182,0.431818,0.2,1.0,4,12,15,26,6,12,15,13,2,6,1,1,5,1
2025020927,2026-02-26,Ball Arena,Denver,30,21,MIN,COL,5,2,36,47,0.348485,0.651515,0.333333,0.0,6,12,24,24,13,12,16,19,6,5,2,0,6,3
2025020928,2026-02-26,SAP Center at San Jose,San Jose,20,28,CGY,SJS,4,1,29,35,0.508772,0.491228,0.0,0.0,6,6,16,33,23,7,21,16,3,4,0,0,3,3
2025020929,2026-02-26,Crypto.com Arena,Los Angeles,22,26,EDM,LAK,8,1,37,22,0.666667,0.333333,0.666667,0.0,4,6,11,21,14,11,11,12,4,3,2,0,3,2
2025020930,2026-02-27,Amerant Bank Arena,Sunrise,7,13,BUF,FLA,3,2,39,29,0.373134,0.626866,0.333333,0.25,8,6,14,20,18,16,15,16,7,3,1,1,3,4
2025020931,2026-02-27,Capital One Arena,Washington,54,15,VGK,WSH,2,3,26,30,0.481481,0.518519,0.333333,0.0,10,6,20,17,12,17,20,19,3,4,1,0,3,5
2025020932,2026-02-27,Delta Center,Salt Lake City,30,68,MIN,UTA,2,5,23,37,0.462963,0.537037,0.333333,0.333333,8,6,18,12,19,8,17,16,7,6,1,1,3,3
2025020933,2026-02-27,Honda Center,Anaheim,52,24,WPG,ANA,4,5,33,40,0.528302,0.471698,0.25,0.5,9,13,14,23,6,15,13,13,4,8,1,1,4,2
2025020934,2026-02-28,Madison Square Garden,New York,5,3,PIT,NYR,2,3,34,25,0.230769,0.769231,0.333333,0.5,4,16,15,28,19,11,15,16,6,4,1,1,3,2
2025020935,2026-02-28,Xfinity Mobile Arena,Philadelphia,6,4,BOS,PHI,1,3,27,17,0.534483,0.465517,0.0,0.0,9,11,25,29,21,14,10,17,2,7,0,0,3,2
2025020936,2026-02-28,SAP Center at San Jose,San Jose,22,28,EDM,SJS,4,5,24,33,0.516667,0.483333,0.333333,0.5,4,6,24,22,10,15,19,22,3,6,1,1,3,2
2025020937,2026-02-28,Nationwide Arena,Columbus,2,29,NYI,CBJ,4,3,27,30,0.566038,0.433962,0.0,0.0,0,4,22,32,20,20,9,20,4,4,0,0,2,0
2025020938,2026-02-28,Ball Arena,Denver,16,21,CHI,COL,1,3,15,35,0.4,0.6,0.2,0.0,8,10,20,13,13,11,16,18,4,5,1,0,5,4
2025020939,2026-02-28,Scotiabank Arena,Toronto,9,10,OTT,TOR,5,2,40,23,0.489796,0.510204,0.333333,0.0,15,27,27,24,6,15,14,14,6,5,1,0,3,2
2025020940,2026-02-28,Centre Bell,Montreal,15,8,WSH,MTL,2,6,29,25,0.5,0.5,0.0,0.0,8,10,20,13,13,12,15,16,4,3,0,0,4,3
2025020941,2026-02-28,Benchmark International Arena,Tampa,7,14,BUF,TBL,6,2,35,38,0.484375,0.515625,0.2,0.0,12,28,16,28,14,5,16,11,2,6,1,0,5,3
2025020942,2026-02-28,Lenovo Center,Raleigh,17,12,DET,CAR,2,5,29,36,0.45614,0.54386,0.0,0.25,10,4,26,20,23,6,14,20,2,8,0,1,1,4
2025020943,2026-02-28,Enterprise Center,St. Louis,1,19,NJD,STL,3,1,33,26,0.509091,0.490909,0.5,0.0,6,4,12,29,12,11,19,12,8,4,1,0,2,3
2025020944,2026-02-28,Crypto.com Arena,Los Angeles,20,26,CGY,LAK,0,2,29,37,0.472727,0.527273,0.0,0.0,0,0,20,26,14,20,10,16,4,5,0,0,0,0
2025020945,2026-02-28,American Airlines Center,Dallas,18,25,NSH,DAL,2,3,27,25,0.581818,0.418182,0.333333,0.333333,11,11,26,20,16,13,14,14,5,2,1,1,3,3
2025020946,2026-02-28,Climate Pledge Arena,Seattle,23,55,VAN,SEA,1,5,28,25,0.291667,0.708333,0.0,0.5,16,6,10,18,9,8,18,11,7,2,0,1,2,2
2025020947,2026-03-01,PPG Paints Arena,Pittsburgh,54,5,VGK,PIT,0,5,22,22,0.653846,0.346154,0.0,0.5,13,9,28,19,14,18,16,23,6,6,0,2,2,4
2025020948,2026-03-01,UBS Arena,Elmont,13,2,FLA,NYI,4,5,33,26,0.507692,0.492308,0.333333,0.0,2,6,23,25,13,17,12,15,5,6,1,0,3,1
2025020949,2026-03-01,Delta Center,Salt Lake City,16,68,CHI,UTA,4,0,28,22,0.339286,0.660714,0.333333,0.0,6,18,10,21,13,10,12,19,9,2,1,0,3,2
2025020950,2026-03-01,SAP Center at San Jose,San Jose,52,28,WPG,SJS,1,2,28,33,0.510204,0.489796,0.0,0.0,8,6,20,25,16,8,12,12,7,3,0,0,3,4
2025020951,2026-03-01,Grand Casino Arena,St. Paul,19,30,STL,MIN,3,1,24,23,0.490196,0.509804,0.0,0.5,4,2,19,13,6,11,17,19,4,7,0,1,1,2
2025020952,2026-03-01,Honda Center,Anaheim,20,24,CGY,ANA,2,3,34,36,0.486842,0.513158,0.333333,0.2,10,6,14,25,22,15,16,22,5,7,1,1,3,5
2025020953,2026-03-02,Madison Square Garden,New York,29,3,CBJ,NYR,5,4,29,33,0.484848,0.515152,1.0,0.0,2,2,15,27,21,13,13,11,3,6,1,0,1,1
2025020954,2026-03-02,Scotiabank Arena,Toronto,4,10,PHI,TOR,3,2,25,31,0.407407,0.592593,0.333333,0.333333,6,6,19,26,14,16,17,13,8,4,1,1,3,3
2025020955,2026-03-02,Bridgestone Arena,Nashville,17,18,DET,NSH,4,2,31,30,0.483871,0.516129,0.0,0.333333,6,4,14,18,19,8,16,11,5,2,0,1,2,3
2025020956,2026-03-02,Rogers Arena,Vancouver,25,23,DAL,VAN,6,1,37,14,0.5,0.5,0.5,0.0,4,4,19,19,8,14,14,21,4,3,1,0,2,2
2025020957,2026-03-02,Climate Pledge Arena,Seattle,12,55,CAR,SEA,1,2,36,15,0.48,0.52,0.0,0.0,6,2,13,31,6,22,20,17,5,6,0,0,1,3
2025020958,2026-03-02,Crypto.com Arena,Los Angeles,21,26,COL,LAK,4,2,39,21,0.535714,0.464286,1.0,1.0,4,4,13,36,11,23,23,13,2,5,1,1,1,1
2025020959,2026-03-03,TD Garden,Boston,5,6,PIT,BOS,1,2,35,28,0.333333,0.666667,0.0,0.0,6,8,24,23,23,12,12,17,4,4,0,0,4,3
2025020960,2026-03-03,KeyBank Center,Buffalo,54,7,VGK,BUF,2,3,29,28,0.442623,0.557377,0.0,0.0,2,2,28,15,10,10,14,15,5,9,0,0,1,1
2025020961,2026-03-03,Prudential Center,Newark,13,1,FLA,NJD,1,5,21,33,0.339286,0.660714,0.0,0.0,10,10,33,17,9,10,14,13,4,6,0,0,3,2
2025020962,2026-03-03,Capital One Arena,Washington,68,15,UTA,WSH,3,2,23,25,0.458333,0.541667,1.0,1.0,4,4,15,28,15,36,10,21,5,5,2,2,2,2
2025020963,2026-03-03,Nationwide Arena,Columbus,18,29,NSH,CBJ,2,3,25,27,0.5,0.5,0.5,0.0,8,4,12,14,16,16,15,12,6,4,1,0,2,4
2025020964,2026-03-03,Canada Life Centre,Winnipeg,16,52,CHI,WPG,2,3,19,32,0.568966,0.431034,0.333333,0.0,4,6,19,28,18,11,14,10,3,4,1,0,3,2
2025020965,2026-03-03,Scotiabank Saddledome,Calgary,25,20,DAL,CGY,6,1,35,21,0.6,0.4,0.2,0.0,8,12,16,18,11,20,16,22,5,5,1,0,5,3
2025020966,2026-03-03,Rogers Place,Edmonton,9,22,OTT,EDM,4,5,21,37,0.317073,0.682927,0.333333,0.666667,11,11,14,24,9,14,15,21,5,3,1,2,3,3
2025020967,2026-03-03,Grand Casino Arena,St. Paul,14,30,TBL,MIN,1,5,25,22,0.480769,0.519231,0.0,0.2,20,8,25,22,13,15,9,11,3,4,0,1,3,5
2025020968,2026-03-03,Honda Center,Anaheim,21,24,COL,ANA,5,1,26,28,0.509804,0.490196,0.333333,0.0,6,6,16,24,11,10,12,17,5,3,1,0,3,3
2025020969,2026-03-03,SAP Center at San Jose,San Jose,8,28,MTL,SJS,5,7,36,28,0.546875,0.453125,0.4,0.5,12,14,20,21,18,9,13,17,4,6,2,2,5,4
2025020970,2026-03-04,Little Caesars Arena,Detroit,54,17,VGK,DET,4,3,25,26,0.446429,0.553571,0.5,0.0,8,4,19,11,10,16,11,13,4,5,1,0,2,4
2025020971,2026-03-04,Prudential Center,Newark,10,1,TOR,NJD,3,4,27,47,0.52,0.48,0.333333,0.0,6,6,16,10,13,11,16,18,6,7,1,0,3,3
2025020972,2026-03-04,Rogers Arena,Vancouver,12,23,CAR,VAN,6,4,33,22,0.533333,0.466667,0.666667,0.5,10,8,13,30,11,17,11,18,4,2,2,2,3,4
2025020973,2026-03-04,Honda Center,Anaheim,2,24,NYI,ANA,1,5,43,26,0.508475,0.491525,0.25,0.25,8,8,19,28,16,13,18,16,7,6,1,1,4,4
2025020974,2026-03-04,Climate Pledge Arena,Seattle,19,55,STL,SEA,3,2,27,36,0.509434,0.490566,0.0,0.0,8,4,18,21,12,13,13,13,4,6,0,0,2,4
2025020975,2026-03-05,Madison Square Garden,New York,10,3,TOR,NYR,2,6,32,24,0.535714,0.464286,0.0,0.5,4,2,27,22,24,9,12,13,3,5,0,1,1,2
2025020976,2026-03-05,Xfinity Mobile Arena,Philadelphia,68,4,UTA,PHI,3,0,23,16,0.5,0.5,0.5,0.0,6,4,21,29,18,17,19,12,4,4,1,0,2,3
2025020977,2026-03-05,PPG Paints Arena,Pittsburgh,7,5,BUF,PIT,5,1,26,28,0.595745,0.404255,0.166667,0.0,12,25,20,18,11,11,13,17,3,2,1,0,6,5
2025020978,2026-03-05,Nationwide Arena,Columbus,13,29,FLA,CBJ,2,4,28,28,0.48,0.52,0.333333,0.333333,8,8,19,16,6,20,15,13,3,3,1,1,3,3
2025020979,2026-03-05,Bridgestone Arena,Nashville,6,18,BOS,NSH,3,6,23,29,0.622951,0.377049,0.25,0.2,12,10,27,23,15,18,15,10,3,6,1,1,4,5
2025020980,2026-03-05,Canada Life Centre,Winnipeg,14,52,TBL,WPG,1,4,27,30,0.442623,0.557377,0.5,0.0,4,4,23,26,17,15,17,17,1,8,1,0,2,2
2025020981,2026-03-05,Scotiabank Saddledome,Calgary,9,20,OTT,CGY,4,1,37,20,0.561404,0.438596,0.25,0.0,6,8,18,18,14,17,13,18,5,3,1,0,4,3
2025020982,2026-03-05,Crypto.com Arena,Los Angeles,2,26,NYI,LAK,3,5,35,35,0.557377,0.442623,0.0,0.333333,6,6,20,24,17,21,14,10,4,6,0,1,3,3
2025020983,2026-03-06,Little Caesars Arena,Detroit,13,17,FLA,DET,3,1,23,29,0.32,0.68,0.333333,0.25,8,6,29,11,17,10,14,12,4,5,1,1,3,4
2025020984,2026-03-06,American Airlines Center,Dallas,21,25,COL,DAL,5,4,29,21,0.534483,0.465517,0.4,0.25,8,10,24,19,11,17,16,14,2,8,2,1,5,4
2025020985,2026-03-06,United Center,Chicago,23,16,VAN,CHI,6,3,22,23,0.672727,0.327273,0.25,0.0,8,10,20,17,8,4,13,13,6,3,1,0,4,3
2025020986,2026-03-06,Rogers Place,Edmonton,12,22,CAR,EDM,6,3,32,16,0.436364,0.563636,0.0,0.5,4,6,15,27,9,18,19,13,8,2,0,1,3,2
2025020987,2026-03-06,Honda Center,Anaheim,8,24,MTL,ANA,5,6,28,33,0.55,0.45,0.25,0.5,4,8,21,17,15,12,17,15,3,4,1,1,4,2
2025020988,2026-03-06,T-Mobile Arena,Paradise,30,54,MIN,VGK,4,2,24,31,0.307692,0.692308,0.0,1.0,26,16,22,14,10,18,10,13,4,3,0,1,1,1
2025020989,2026-03-06,SAP Center at San Jose,San Jose,19,28,STL,SJS,3,2,14,25,0.386364,0.613636,0.0,0.0,14,14,19,25,12,9,17,23,5,5,0,0,2,2
2025020990,2026-03-07,TD Garden,Boston,15,6,WSH,BOS,1,3,23,30,0.528302,0.471698,0.0,0.166667,12,6,18,21,20,13,13,19,5,3,0,1,3,6
2025020991,2026-03-07,Prudential Center,Newark,3,1,NYR,NJD,3,6,20,35,0.548387,0.451613,0.0,1.0,8,10,23,9,11,12,22,13,5,2,0,3,4,3
2025020992,2026-03-07,KeyBank Center,Buffalo,18,7,NSH,BUF,2,3,25,24,0.612903,0.387097,0.333333,0.0,6,8,15,20,11,17,15,14,8,5,1,0,3,2
2025020993,2026-03-07,PPG Paints Arena,Pittsburgh,4,5,PHI,PIT,4,3,16,23,0.550725,0.449275,0.0,0.166667,17,9,26,19,15,5,12,14,4,6,0,1,2,6
2025020994,2026-03-07,Scotiabank Arena,Toronto,14,10,TBL,TOR,5,2,33,29,0.415094,0.584906,0.25,0.0,11,13,26,22,11,11,12,15,5,4,1,0,4,3
2025020995,2026-03-07,Nationwide Arena,Columbus,68,29,UTA,CBJ,5,4,25,31,0.473684,0.526316,0.0,0.0,16,34,13,25,25,11,19,20,7,5,0,0,1,2
2025020996,2026-03-07,Canada Life Centre,Winnipeg,23,52,VAN,WPG,2,3,23,36,0.434783,0.565217,0.0,0.5,4,0,25,15,17,5,24,16,3,3,0,1,0,2
2025020997,2026-03-07,Crypto.com Arena,Los Angeles,8,26,MTL,LAK,4,3,23,39,0.511111,0.488889,1.0,0.0,6,2,21,32,16,13,10,13,3,8,1,0,1,3
2025020998,2026-03-07,Scotiabank Saddledome,Calgary,12,20,CAR,CGY,4,5,29,25,0.52459,0.47541,0.5,0.333333,8,6,20,26,12,10,22,13,7,6,1,1,2,3
2025020999,2026-03-07,SAP Center at San Jose,San Jose,2,28,NYI,SJS,2,1,34,31,0.551724,0.448276,0.0,0.0,4,6,28,27,12,21,15,15,6,3,0,0,3,2
2025021000,2026-03-07,Climate Pledge Arena,Seattle,9,55,OTT,SEA,7,4,37,21,0.587302,0.412698,0.0,0.25,23,6,26,28,8,18,10,16,5,6,0,1,2,4
2025021001,2026-03-08,Ball Arena,Denver,30,21,MIN,COL,2,3,34,36,0.56,0.44,0.25,0.0,10,8,25,20,21,14,19,9,4,5,1,0,4,5
2025021002,2026-03-08,PPG Paints Arena,Pittsburgh,6,5,BOS,PIT,4,5,28,40,0.5,0.5,0.333333,0.5,6,8,17,24,16,13,16,19,5,7,1,1,3,2
2025021003,2026-03-08,KeyBank Center,Buffalo,14,7,TBL,BUF,7,8,28,42,0.5,0.5,0.5,0.571429,57,45,40,27,6,15,11,17,2,5,1,4,2,7
2025021004,2026-03-08,American Airlines Center,Dallas,16,25,CHI,DAL,3,4,19,31,0.309524,0.690476,0.0,0.333333,6,2,10,27,22,8,19,13,6,5,0,1,1,3
2025021005,2026-03-08,Prudential Center,Newark,17,1,DET,NJD,3,0,30,31,0.464286,0.535714,0.2,0.0,6,12,17,19,15,6,18,12,6,4,1,0,5,2
2025021006,2026-03-08,Honda Center,Anaheim,19,24,STL,ANA,4,0,35,22,0.423077,0.576923,0.333333,0.0,27,14,8,20,14,16,16,18,2,5,1,0,3,5
2025021007,2026-03-08,T-Mobile Arena,Paradise,22,54,EDM,VGK,4,2,19,26,0.5,0.5,0.0,0.0,8,6,26,15,19,11,12,12,5,4,0,0,2,2
2025021008,2026-03-09,Xfinity Mobile Arena,Philadelphia,3,4,NYR,PHI,6,2,27,34,0.454545,0.545455,0.75,0.333333,6,8,17,32,8,11,12,10,4,3,3,1,4,3
2025021009,2026-03-09,Capital One Arena,Washington,20,15,CGY,WSH,3,7,26,29,0.433962,0.566038,0.0,0.333333,6,0,15,20,13,22,16,19,5,7,0,1,0,3
2025021010,2026-03-09,United Center,Chicago,68,16,UTA,CHI,2,3,25,26,0.470588,0.529412,0.0,0.25,8,4,24,20,10,14,16,11,5,7,0,1,2,4
2025021011,2026-03-09,Rogers Arena,Vancouver,9,23,OTT,VAN,2,0,24,16,0.439024,0.560976,0.0,0.0,6,8,22,28,9,9,11,12,2,9,0,0,4,3
2025021012,2026-03-10,TD Garden,Boston,26,6,LAK,BOS,1,2,16,23,0.44898,0.55102,0.0,0.0,13,9,22,21,17,13,12,16,5,4,0,0,2,4
2025021013,2026-03-10,KeyBank Center,Buffalo,28,7,SJS,BUF,3,6,20,26,0.490909,0.509091,0.333333,0.0,24,18,23,21,16,14,17,14,4,7,1,0,3,1
2025021014,2026-03-10,Centre Bell,Montreal,10,8,TOR,MTL,1,3,18,33,0.508772,0.491228,0.0,0.0,11,11,23,20,15,18,12,11,3,8,0,0,2,2
2025021015,2026-03-10,Benchmark International Arena,Tampa,29,14,CBJ,TBL,5,2,32,18,0.436364,0.563636,0.5,0.0,13,15,21,29,15,8,17,11,9,2,2,0,4,3
2025021016,2026-03-10,Amerant Bank Arena,Sunrise,17,13,DET,FLA,3,4,28,28,0.517241,0.482759,0.0,0.0,6,4,16,31,18,10,15,14,4,6,0,0,2,3
2025021017,2026-03-10,Madison Square Garden,New York,20,3,CGY,NYR,0,4,21,29,0.5,0.5,0.0,0.333333,6,4,25,23,9,16,21,14,4,6,0,1,2,3
2025021018,2026-03-10,Lenovo Center,Raleigh,5,12,PIT,CAR,4,5,28,44,0.537313,0.462687,0.2,0.2,12,12,16,28,20,14,20,16,3,7,1,1,5,5
2025021019,2026-03-10,Enterprise Center,St. Louis,2,19,NYI,STL,4,3,49,23,0.511111,0.488889,0.5,0.0,4,8,25,21,12,12,12,13,4,5,2,0,4,2
2025021020,2026-03-10,American Airlines Center,Dallas,54,25,VGK,DAL,1,2,27,16,0.444444,0.555556,0.0,0.2,10,6,32,25,10,17,14,11,2,2,0,1,3,5
2025021021,2026-03-10,Grand Casino Arena,St. Paul,68,30,UTA,MIN,0,5,25,30,0.45,0.55,0.0,0.0,13,11,14,22,16,12,21,16,3,8,0,0,3,4
2025021022,2026-03-10,Canada Life Centre,Winnipeg,24,52,ANA,WPG,4,1,35,13,0.431373,0.568627,0.0,0.0,6,4,15,15,11,12,13,12,4,3,0,0,2,3
2025021023,2026-03-10,Ball Arena,Denver,22,21,EDM,COL,4,3,24,30,0.5,0.5,0.5,0.333333,11,26,22,11,22,8,21,15,6,4,2,1,4,3
2025021024,2026-03-10,Climate Pledge Arena,Seattle,18,55,NSH,SEA,4,2,27,45,0.507246,0.492754,0.0,0.0,7,7,13,23,8,18,13,14,5,7,0,0,1,1
2025021025,2026-03-11,Canadian Tire Centre,Ottawa,8,9,MTL,OTT,3,2,23,34,0.490566,0.509434,0.5,0.333333,8,6,31,33,25,11,24,9,5,6,1,1,2,3
2025021026,2026-03-11,Xfinity Mobile Arena,Philadelphia,15,4,WSH,PHI,1,4,23,22,0.553571,0.446429,0.333333,0.0,10,14,20,16,11,16,10,11,3,3,1,0,3,2
2025021027,2026-03-12,TD Garden,Boston,28,6,SJS,BOS,4,2,28,41,0.403226,0.596774,0.5,0.0,24,14,27,17,18,8,18,13,5,5,1,0,2,2
2025021028,2026-03-12,KeyBank Center,Buffalo,15,7,WSH,BUF,2,1,22,30,0.4,0.6,0.0,0.0,4,4,22,24,17,11,17,13,9,5,0,0,2,2
2025021029,2026-03-12,Scotiabank Arena,Toronto,24,10,ANA,TOR,4,6,40,28,0.433962,0.566038,0.0,0.428571,41,46,15,34,9,13,9,21,7,6,0,3,5,7
2025021030,2026-03-12,Benchmark International Arena,Tampa,17,14,DET,TBL,1,4,25,29,0.5,0.5,0.0,1.0,2,2,21,22,20,14,10,16,10,2,0,1,1,1
2025021031,2026-03-12,Amerant Bank Arena,Sunrise,29,13,CBJ,FLA,1,2,31,21,0.585366,0.414634,0.0,1.0,4,4,13,23,10,17,14,23,7,5,0,2,2,2
2025021032,2026-03-12,Prudential Center,Newark,20,1,CGY,NJD,5,4,29,32,0.436364,0.563636,0.0,0.666667,6,0,22,14,20,8,18,15,5,4,0,2,0,3
2025021033,2026-03-12,Lenovo Center,Raleigh,19,12,STL,CAR,3,1,17,32,0.5,0.5,0.0,0.0,4,2,18,16,9,12,16,11,5,7,0,0,1,2
2025021034,2026-03-12,American Airlines Center,Dallas,22,25,EDM,DAL,2,7,32,27,0.509434,0.490566,0.0,0.5,24,22,24,14,7,7,25,14,3,7,0,2,3,4
2025021035,2026-03-12,Grand Casino Arena,St. Paul,4,30,PHI,MIN,3,2,27,23,0.428571,0.571429,0.0,0.333333,6,8,21,32,10,11,19,16,8,3,0,1,4,3
2025021036,2026-03-12,Canada Life Centre,Winnipeg,3,52,NYR,WPG,6,3,17,26,0.433962,0.566038,0.5,0.0,2,4,24,23,18,15,20,18,6,1,1,0,2,1
2025021037,2026-03-12,Delta Center,Salt Lake City,16,68,CHI,UTA,3,2,23,31,0.428571,0.571429,1.0,0.0,4,4,15,35,17,11,13,12,8,8,1,0,1,1
2025021038,2026-03-12,Rogers Arena,Vancouver,18,23,NSH,VAN,3,4,19,27,0.410256,0.589744,0.0,0.0,4,6,22,17,16,11,14,15,4,6,0,0,2,1
2025021039,2026-03-12,T-Mobile Arena,Paradise,5,54,PIT,VGK,2,6,26,17,0.311475,0.688525,0.0,0.0,10,12,12,27,12,21,17,23,6,2,0,0,3,2
2025021040,2026-03-12,Climate Pledge Arena,Seattle,21,55,COL,SEA,5,1,26,29,0.436364,0.563636,0.333333,0.0,4,6,17,16,19,10,21,16,4,4,1,0,3,2
2025021041,2026-03-13,UBS Arena,Elmont,26,2,LAK,NYI,3,2,27,23,0.413043,0.586957,0.0,0.0,10,8,23,23,23,14,11,9,4,5,0,0,3,3
2025021042,2026-03-13,Enterprise Center,St. Louis,22,19,EDM,STL,2,3,38,25,0.510204,0.489796,0.0,0.0,2,6,22,18,13,12,14,18,5,6,0,0,3,1
2025021043,2026-03-14,Canadian Tire Centre,Ottawa,24,9,ANA,OTT,0,2,24,28,0.6,0.4,0.0,0.0,10,8,24,23,12,17,18,23,4,10,0,0,3,4
2025021044,2026-03-14,Capital One Arena,Washington,6,15,BOS,WSH,3,2,34,28,0.574074,0.425926,0.0,0.0,10,12,19,20,14,12,15,14,4,4,0,0,4,3
2025021045,2026-03-14,Canada Life Centre,Winnipeg,21,52,COL,WPG,1,3,29,19,0.574074,0.425926,0.0,0.0,2,4,17,20,5,24,13,16,3,8,0,0,2,1
2025021046,2026-03-14,Grand Casino Arena,St. Paul,3,30,NYR,MIN,4,2,18,48,0.482759,0.517241,0.333333,0.142857,18,10,13,24,21,10,16,9,2,2,1,1,3,7
2025021047,2026-03-14,KeyBank Center,Buffalo,10,7,TOR,BUF,2,3,18,33,0.529412,0.470588,0.0,0.25,19,15,35,21,22,9,22,15,6,5,0,1,2,4
2025021048,2026-03-14,Centre Bell,Montreal,28,8,SJS,MTL,4,2,22,27,0.393443,0.606557,0.0,0.0,6,2,23,22,14,9,23,21,5,4,0,0,1,3
2025021049,2026-03-14,Benchmark International Arena,Tampa,12,14,CAR,TBL,4,2,35,19,0.536585,0.463415,0.0,0.0,13,11,27,26,10,14,13,14,9,4,0,0,2,3
2025021050,2026-03-14,Prudential Center,Newark,26,1,LAK,NJD,4,6,31,28,0.45614,0.54386,0.666667,0.666667,6,6,22,16,13,14,13,17,2,4,2,2,3,3
2025021051,2026-03-14,UBS Arena,Elmont,20,2,CGY,NYI,2,3,32,27,0.422222,0.577778,0.0,0.0,2,4,9,22,10,18,17,16,6,7,0,0,2,1
2025021052,2026-03-14,Xfinity Mobile Arena,Philadelphia,29,4,CBJ,PHI,2,1,28,19,0.52459,0.47541,0.0,0.0,15,9,25,20,18,19,17,16,6,4,0,0,1,4
2025021053,2026-03-14,American Airlines Center,Dallas,17,25,DET,DAL,2,3,24,24,0.54902,0.45098,0.0,0.25,12,10,20,21,17,12,13,13,4,4,0,1,3,4
2025021054,2026-03-14,Delta Center,Salt Lake City,5,68,PIT,UTA,4,3,23,29,0.440678,0.559322,0.333333,0.333333,6,12,21,31,18,8,19,12,1,7,2,1,6,3
2025021055,2026-03-14,Rogers Arena,Vancouver,55,23,SEA,VAN,5,2,33,34,0.38,0.62,0.333333,0.0,4,6,20,24,9,16,9,22,4,4,1,0,3,2
2025021056,2026-03-14,T-Mobile Arena,Paradise,16,54,CHI,VGK,0,4,21,32,0.563636,0.436364,0.0,0.4,24,22,20,20,7,7,17,12,4,4,0,2,4,5
2025021057,2026-03-15,Canada Life Centre,Winnipeg,19,52,STL,WPG,2,3,31,16,0.340426,0.659574,0.0,0.0,6,2,13,26,6,15,13,17,3,4,0,0,1,3
2025021058,2026-03-15,Canadian Tire Centre,Ottawa,28,9,SJS,OTT,4,7,23,24,0.407407,0.592593,0.0,0.666667,6,4,23,30,19,12,20,11,5,4,0,2,2,3
2025021059,2026-03-15,Centre Bell,Montreal,24,8,ANA,MTL,4,3,28,30,0.473684,0.526316,0.0,0.0,10,4,17,14,15,20,8,19,3,7,0,0,1,4
2025021060,2026-03-15,Grand Casino Arena,St. Paul,10,30,TOR,MIN,4,2,26,38,0.527273,0.472727,0.0,0.0,8,6,14,22,28,13,23,16,4,6,0,0,1,2
2025021061,2026-03-15,Rogers Place,Edmonton,18,22,NSH,EDM,1,3,27,30,0.423077,0.576923,0.0,0.25,13,13,12,26,9,9,18,15,5,4,0,1,4,4
2025021062,2026-03-15,Climate Pledge Arena,Seattle,13,55,FLA,SEA,2,6,25,25,0.57377,0.42623,0.0,0.25,8,8,26,17,9,14,11,13,1,7,0,1,4,4
2025021063,2026-03-16,Little Caesars Arena,Detroit,20,17,CGY,DET,2,5,27,25,0.595745,0.404255,0.0,0.25,17,13,20,26,13,13,15,13,4,6,0,1,2,4
2025021064,2026-03-16,Prudential Center,Newark,6,1,BOS,NJD,3,4,22,34,0.521127,0.478873,0.0,0.0,18,20,22,20,19,9,18,19,6,6,0,0,3,2
2025021065,2026-03-16,Madison Square Garden,New York,26,3,LAK,NYR,4,1,26,22,0.488889,0.511111,0.5,0.5,4,4,26,20,12,12,14,20,5,4,1,1,2,2
2025021066,2026-03-16,American Airlines Center,Dallas,68,25,UTA,DAL,6,3,22,30,0.510204,0.489796,0.333333,0.0,16,16,26,26,5,16,18,17,3,3,1,0,3,3
2025021067,2026-03-16,Ball Arena,Denver,5,21,PIT,COL,7,2,20,27,0.491228,0.508772,0.333333,0.0,15,13,19,11,19,12,18,16,5,4,1,0,3,4
2025021068,2026-03-17,Scotiabank Arena,Toronto,2,10,NYI,TOR,3,1,34,27,0.514706,0.485294,0.333333,0.0,11,17,9,20,8,13,11,13,5,1,2,0,6,3
2025021069,2026-03-17,Centre Bell,Montreal,6,8,BOS,MTL,2,3,28,31,0.471698,0.528302,0.25,0.0,2,8,32,26,15,12,19,11,3,6,1,0,4,1
2025021070,2026-03-17,Nationwide Arena,Columbus,12,29,CAR,CBJ,1,5,29,30,0.349206,0.650794,0.0,0.4,17,9,29,11,18,23,18,17,3,4,0,2,1,5
2025021071,2026-03-17,Canada Life Centre,Winnipeg,18,52,NSH,WPG,4,3,23,39,0.446429,0.553571,1.0,0.25,8,2,21,16,17,13,8,11,6,3,1,1,1,4
2025021072,2026-03-17,United Center,Chicago,30,16,MIN,CHI,4,3,37,26,0.583333,0.416667,1.0,0.0,4,2,23,9,14,15,13,16,6,5,1,0,1,2
2025021073,2026-03-17,Rogers Place,Edmonton,28,22,SJS,EDM,3,5,30,37,0.454545,0.545455,0.0,0.25,8,2,22,17,16,8,15,16,4,5,0,1,1,4
2025021074,2026-03-17,Rogers Arena,Vancouver,13,23,FLA,VAN,2,5,23,22,0.411765,0.588235,0.0,0.5,28,24,27,20,10,12,20,14,5,7,0,2,2,4
2025021075,2026-03-17,T-Mobile Arena,Paradise,7,54,BUF,VGK,2,0,25,29,0.491525,0.508475,0.0,0.0,8,6,19,28,14,12,12,19,6,2,0,0,2,3
2025021076,2026-03-17,Climate Pledge Arena,Seattle,14,55,TBL,SEA,6,2,26,18,0.543478,0.456522,0.333333,0.0,11,11,21,23,7,20,16,21,5,4,1,0,3,3
2025021077,2026-03-18,Madison Square Garden,New York,1,3,NJD,NYR,6,3,39,18,0.507937,0.492063,0.5,0.0,4,8,14,25,11,8,19,24,6,5,2,0,4,2
2025021078,2026-03-18,Lenovo Center,Raleigh,5,12,PIT,CAR,5,6,35,44,0.474576,0.525424,0.25,0.5,6,10,24,26,16,9,16,17,5,5,1,1,4,2
2025021079,2026-03-18,Capital One Arena,Washington,9,15,OTT,WSH,1,4,35,25,0.672727,0.327273,0.0,0.5,4,6,15,25,12,20,12,12,2,5,0,1,3,2
2025021080,2026-03-18,Ball Arena,Denver,25,21,DAL,COL,2,1,18,34,0.423729,0.576271,0.0,0.5,6,6,25,29,20,6,14,12,6,5,0,1,2,2
2025021081,2026-03-18,Scotiabank Saddledome,Calgary,19,20,STL,CGY,1,2,26,31,0.509434,0.490566,0.0,0.0,14,10,26,17,11,10,22,14,7,6,0,0,2,4
2025021082,2026-03-18,Honda Center,Anaheim,4,24,PHI,ANA,3,2,28,36,0.56,0.44,0.0,0.25,15,15,19,20,20,11,20,12,7,2,0,1,4,4
2025021083,2026-03-19,TD Garden,Boston,52,6,WPG,BOS,1,6,24,27,0.4,0.6,0.25,0.0,2,8,10,24,8,10,20,11,4,5,1,0,4,1
2025021084,2026-03-19,Canadian Tire Centre,Ottawa,2,9,NYI,OTT,2,3,19,27,0.470588,0.529412,0.0,0.0,14,18,19,29,10,17,14,15,5,5,0,0,4,2
2025021085,2026-03-19,Little Caesars Arena,Detroit,8,17,MTL,DET,1,3,33,28,0.553571,0.446429,0.5,0.0,8,8,27,35,14,12,18,19,2,8,1,0,2,2
2025021086,2026-03-19,Nationwide Arena,Columbus,3,29,NYR,CBJ,3,6,25,37,0.545455,0.454545,0.166667,0.2,10,12,21,11,12,8,19,11,5,10,1,1,6,5
2025021087,2026-03-19,Bridgestone Arena,Nashville,55,18,SEA,NSH,1,3,26,28,0.537037,0.462963,0.0,0.333333,8,6,14,18,13,8,16,15,3,4,0,1,2,3
2025021088,2026-03-19,Grand Casino Arena,St. Paul,16,30,CHI,MIN,2,1,26,29,0.460317,0.539683,0.0,0.0,18,18,10,23,10,13,12,15,4,4,0,0,3,3
2025021089,2026-03-19,Rogers Place,Edmonton,13,22,FLA,EDM,4,0,23,21,0.457143,0.542857,0.5,0.0,4,4,21,28,9,14,17,16,3,7,1,0,2,2
2025021090,2026-03-19,Rogers Arena,Vancouver,14,23,TBL,VAN,6,2,31,21,0.526316,0.473684,0.0,0.0,4,2,12,25,14,6,16,12,6,5,0,0,1,2
2025021091,2026-03-19,T-Mobile Arena,Paradise,68,54,UTA,VGK,4,0,18,28,0.5,0.5,0.0,0.0,9,9,25,22,9,12,24,13,3,6,0,0,2,2
2025021092,2026-03-19,SAP Center at San Jose,San Jose,7,28,BUF,SJS,5,0,16,23,0.5,0.5,0.0,0.0,4,4,14,27,14,16,10,19,4,6,0,0,2,2
2025021093,2026-03-19,Crypto.com Arena,Los Angeles,4,26,PHI,LAK,4,3,20,25,0.339286,0.660714,0.0,0.25,8,4,20,18,22,17,16,13,7,3,0,1,2,4
2025021094,2026-03-20,Scotiabank Arena,Toronto,12,10,CAR,TOR,4,3,36,26,0.480769,0.519231,0.2,0.0,4,10,20,21,11,21,10,14,5,5,1,0,5,2
2025021095,2026-03-20,Capital One Arena,Washington,1,15,NJD,WSH,1,2,31,28,0.481481,0.518519,0.0,0.0,2,4,18,17,14,11,17,18,5,4,0,0,2,1
2025021096,2026-03-20,United Center,Chicago,21,16,COL,CHI,4,1,49,20,0.591837,0.408163,0.4,0.0,6,10,19,19,6,21,14,15,6,4,2,0,5,3
2025021097,2026-03-20,Scotiabank Saddledome,Calgary,13,20,FLA,CGY,1,4,25,36,0.442308,0.557692,0.0,0.285714,25,6,27,18,7,11,11,18,4,6,0,2,2,7
2025021098,2026-03-20,Delta Center,Salt Lake City,24,68,ANA,UTA,4,1,24,30,0.639344,0.360656,0.0,0.0,23,17,20,18,28,12,14,18,5,2,0,0,5,3
2025021099,2026-03-21,PPG Paints Arena,Pittsburgh,52,5,WPG,PIT,4,5,25,32,0.589286,0.410714,0.0,0.0,4,2,15,29,12,14,15,14,4,5,0,0,1,2
2025021100,2026-03-21,Bridgestone Arena,Nashville,54,18,VGK,NSH,1,4,40,20,0.57971,0.42029,0.25,0.5,12,12,13,13,8,15,14,14,2,8,1,2,4,4
2025021101,2026-03-21,Grand Casino Arena,St. Paul,25,30,DAL,MIN,1,2,30,28,0.611111,0.388889,0.2,0.0,6,12,25,36,15,22,10,16,3,2,1,0,5,2
2025021102,2026-03-21,Crypto.com Arena,Los Angeles,7,26,BUF,LAK,4,1,33,27,0.345455,0.654545,1.0,0.333333,6,2,15,27,16,15,10,11,7,4,1,1,1,3
2025021103,2026-03-21,SAP Center at San Jose,San Jose,4,28,PHI,SJS,4,1,28,25,0.465517,0.534483,0.2,0.25,18,20,23,19,17,10,11,14,6,4,1,1,5,4
2025021104,2026-03-21,Nationwide Arena,Columbus,55,29,SEA,CBJ,2,5,17,28,0.428571,0.571429,1.0,0.0,6,2,14,15,13,13,19,10,4,5,1,0,1,3
2025021105,2026-03-21,Centre Bell,Montreal,2,8,NYI,MTL,3,7,22,36,0.5,0.5,0.666667,0.75,30,28,34,25,11,18,11,13,3,4,2,3,3,4
2025021106,2026-03-21,Canadian Tire Centre,Ottawa,10,9,TOR,OTT,2,5,14,44,0.440678,0.559322,0.0,0.25,10,8,17,22,6,13,17,14,2,10,0,1,3,4
2025021107,2026-03-21,Rogers Arena,Vancouver,19,23,STL,VAN,3,1,21,15,0.325581,0.674419,0.333333,0.5,4,6,18,26,15,16,13,14,6,1,1,1,3,2
2025021108,2026-03-21,Little Caesars Arena,Detroit,6,17,BOS,DET,4,2,27,44,0.4,0.6,0.333333,0.25,8,6,21,22,12,13,16,9,4,3,1,1,3,4
2025021109,2026-03-21,Rogers Place,Edmonton,14,22,TBL,EDM,5,2,28,27,0.530612,0.469388,0.333333,0.0,18,18,11,28,13,17,19,18,5,2,1,0,3,3
2025021110,2026-03-22,Madison Square Garden,New York,52,3,WPG,NYR,3,2,37,29,0.46875,0.53125,0.25,0.333333,6,8,19,31,9,12,11,20,3,5,1,1,4,3
2025021111,2026-03-22,Capital One Arena,Washington,21,15,COL,WSH,3,2,24,22,0.595745,0.404255,0.0,0.2,10,4,15,18,5,14,13,12,7,2,0,1,2,5
2025021112,2026-03-22,PPG Paints Arena,Pittsburgh,12,5,CAR,PIT,5,1,26,19,0.485714,0.514286,0.6,0.0,8,14,21,29,14,12,15,18,6,3,3,0,5,2
2025021113,2026-03-22,United Center,Chicago,18,16,NSH,CHI,3,2,33,29,0.520833,0.479167,0.0,0.0,6,6,29,19,10,5,17,16,8,8,0,0,3,3
2025021114,2026-03-22,UBS Arena,Elmont,29,2,CBJ,NYI,0,1,26,22,0.4,0.6,0.0,0.0,6,0,24,24,16,16,15,16,1,5,0,0,0,3
2025021115,2026-03-22,American Airlines Center,Dallas,54,25,VGK,DAL,3,2,33,15,0.578947,0.421053,0.25,0.333333,6,8,26,24,12,25,14,11,3,5,1,1,4,3
2025021116,2026-03-22,Scotiabank Saddledome,Calgary,14,20,TBL,CGY,3,4,35,29,0.464286,0.535714,0.0,0.0,0,2,16,23,4,16,17,20,5,3,0,0,1,0
2025021117,2026-03-22,Honda Center,Anaheim,7,24,BUF,ANA,5,6,29,33,0.603175,0.396825,0.0,0.75,8,6,12,23,8,13,11,14,2,9,0,3,3,4
2025021118,2026-03-22,Delta Center,Salt Lake City,26,68,LAK,UTA,3,4,36,34,0.548387,0.451613,0.0,0.0,2,2,30,31,14,20,16,16,5,7,0,0,1,1
2025021119,2026-03-23,Madison Square Garden,New York,9,3,OTT,NYR,2,1,33,10,0.380952,0.619048,0.142857,0.0,8,16,20,39,12,8,16,17,5,4,1,0,7,3
2025021120,2026-03-24,TD Garden,Boston,10,6,TOR,BOS,4,2,35,20,0.348485,0.651515,0.5,0.2,17,16,22,16,8,6,12,28,6,3,2,1,4,5
2025021121,2026-03-24,Centre Bell,Montreal,12,8,CAR,MTL,2,5,43,19,0.5,0.5,0.5,0.0,8,6,19,22,11,23,16,12,5,4,1,0,2,3
2025021122,2026-03-24,Little Caesars Arena,Detroit,9,17,OTT,DET,3,2,21,35,0.574074,0.425926,0.5,0.25,15,11,26,13,9,14,19,16,6,4,1,1,2,4
2025021123,2026-03-24,Amerant Bank Arena,Sunrise,55,13,SEA,FLA,4,5,27,24,0.545455,0.454545,0.0,0.0,2,2,15,34,18,11,14,16,5,8,0,0,1,1
2025021124,2026-03-24,UBS Arena,Elmont,16,2,CHI,NYI,4,3,24,47,0.418182,0.581818,0.0,0.0,4,4,17,31,14,12,15,10,4,3,0,0,2,2
2025021125,2026-03-24,Xfinity Mobile Arena,Philadelphia,29,4,CBJ,PHI,3,2,19,26,0.48,0.52,0.0,0.0,9,11,25,13,10,11,15,14,8,3,0,0,2,1
2025021126,2026-03-24,PPG Paints Arena,Pittsburgh,21,5,COL,PIT,6,2,30,32,0.514706,0.485294,0.333333,0.0,10,8,14,16,20,10,23,15,2,6,1,0,3,4
2025021127,2026-03-24,Benchmark International Arena,Tampa,30,14,MIN,TBL,3,6,24,25,0.52459,0.47541,0.5,0.75,20,20,20,20,19,10,17,10,7,2,2,3,4,4
2025021128,2026-03-24,Enterprise Center,St. Louis,15,19,WSH,STL,0,3,21,27,0.577778,0.422222,0.0,0.0,18,17,17,18,19,12,19,14,6,5,0,0,2,3
2025021129,2026-03-24,Bridgestone Arena,Nashville,28,18,SJS,NSH,3,6,30,19,0.523077,0.476923,0.25,0.5,4,8,28,20,10,16,16,16,4,6,1,1,4,2
2025021130,2026-03-24,American Airlines Center,Dallas,1,25,NJD,DAL,6,4,25,27,0.5,0.5,0.0,0.25,8,6,15,21,22,13,12,15,4,9,0,1,3,4
2025021131,2026-03-24,Canada Life Centre,Winnipeg,54,52,VGK,WPG,1,4,27,21,0.480769,0.519231,0.25,0.0,13,13,11,22,14,9,11,9,4,6,1,0,4,4
2025021132,2026-03-24,Delta Center,Salt Lake City,22,68,EDM,UTA,5,2,26,18,0.482143,0.517857,0.0,0.5,4,0,19,16,24,20,14,14,4,4,0,1,0,2
2025021133,2026-03-24,Scotiabank Saddledome,Calgary,26,20,LAK,CGY,2,3,25,23,0.490909,0.509091,0.0,0.333333,6,4,22,19,14,16,16,15,6,4,0,1,2,3
2025021134,2026-03-24,Rogers Arena,Vancouver,24,23,ANA,VAN,5,3,34,30,0.4,0.6,0.333333,0.666667,6,6,21,13,7,8,19,14,8,4,1,2,3,3
2025021135,2026-03-25,KeyBank Center,Buffalo,6,7,BOS,BUF,4,3,31,25,0.532258,0.467742,0.0,0.666667,10,8,28,21,19,13,15,11,3,4,0,2,2,3
2025021136,2026-03-25,Scotiabank Arena,Toronto,3,10,NYR,TOR,3,4,43,18,0.555556,0.444444,0.5,0.0,4,8,25,25,12,17,15,13,3,5,2,0,4,2
2025021137,2026-03-26,Centre Bell,Montreal,29,8,CBJ,MTL,1,2,26,20,0.489362,0.510638,0.0,0.0,6,4,27,24,8,17,17,8,5,3,0,0,1,2
2025021138,2026-03-26,Canadian Tire Centre,Ottawa,5,9,PIT,OTT,4,3,40,29,0.307692,0.692308,0.5,0.5,4,4,15,31,15,12,18,18,8,3,1,1,2,2
2025021139,2026-03-26,Benchmark International Arena,Tampa,55,14,SEA,TBL,4,3,20,33,0.388889,0.611111,0.0,1.0,13,13,20,19,27,9,11,17,6,4,0,1,1,1
2025021140,2026-03-26,Amerant Bank Arena,Sunrise,30,13,MIN,FLA,3,2,50,20,0.514706,0.485294,0.0,0.0,2,2,15,21,20,9,13,13,4,5,0,0,1,1
2025021141,2026-03-26,UBS Arena,Elmont,25,2,DAL,NYI,1,2,27,25,0.421053,0.578947,0.0,0.0,6,4,21,15,10,15,18,17,5,4,0,0,2,3
2025021142,2026-03-26,Xfinity Mobile Arena,Philadelphia,16,4,CHI,PHI,1,5,26,42,0.381818,0.618182,0.0,0.0,8,6,13,22,8,11,14,14,1,6,0,0,3,4
2025021143,2026-03-26,Enterprise Center,St. Louis,28,19,SJS,STL,1,2,25,23,0.423729,0.576271,0.0,0.0,21,9,27,27,13,21,22,12,5,5,0,0,1,2
2025021144,2026-03-26,Bridgestone Arena,Nashville,1,18,NJD,NSH,4,2,30,17,0.652174,0.347826,0.333333,0.0,2,26,21,13,17,13,14,13,5,3,1,0,3,1
2025021145,2026-03-26,Canada Life Centre,Winnipeg,21,52,COL,WPG,3,2,35,24,0.5,0.5,0.25,0.0,15,15,14,25,7,22,14,14,4,3,1,0,4,4
2025021146,2026-03-26,Delta Center,Salt Lake City,15,68,WSH,UTA,7,4,25,40,0.516667,0.483333,0.333333,0.5,32,50,19,20,17,10,15,15,4,5,1,2,3,4
2025021147,2026-03-26,Scotiabank Saddledome,Calgary,24,20,ANA,CGY,3,2,33,25,0.515625,0.484375,0.4,0.0,2,10,22,17,14,21,16,24,6,7,2,0,5,1
2025021148,2026-03-26,T-Mobile Arena,Paradise,22,54,EDM,VGK,4,3,29,29,0.517241,0.482759,0.0,0.0,15,13,15,21,14,20,13,15,5,8,0,0,2,3
2025021149,2026-03-26,Rogers Arena,Vancouver,26,23,LAK,VAN,4,0,38,19,0.738095,0.261905,0.5,0.0,29,39,23,14,13,13,11,16,2,4,1,0,2,2
2025021150,2026-03-27,KeyBank Center,Buffalo,17,7,DET,BUF,5,2,20,30,0.55814,0.44186,0.333333,0.0,8,14,11,27,14,6,18,18,6,6,2,0,6,3
2025021151,2026-03-27,Madison Square Garden,New York,16,3,CHI,NYR,1,6,28,38,0.4,0.6,0.0,0.333333,13,13,12,22,9,9,20,14,3,6,0,1,3,3
2025021152,2026-03-28,Benchmark International Arena,Tampa,9,14,OTT,TBL,2,4,28,27,0.546875,0.453125,0.0,0.0,10,6,23,21,24,12,18,15,7,1,0,0,2,4
2025021153,2026-03-28,UBS Arena,Elmont,13,2,FLA,NYI,2,5,21,40,0.346154,0.653846,0.0,0.333333,6,2,21,13,10,18,17,17,4,3,0,1,1,3
2025021154,2026-03-28,Rogers Place,Edmonton,24,22,ANA,EDM,2,4,33,34,0.59322,0.40678,0.0,0.0,6,6,15,22,15,18,11,15,6,1,0,0,3,3
2025021155,2026-03-28,TD Garden,Boston,30,6,MIN,BOS,3,6,34,31,0.431034,0.568966,0.333333,0.0,11,13,19,20,11,23,22,18,7,3,1,0,3,2
2025021156,2026-03-28,PPG Paints Arena,Pittsburgh,25,5,DAL,PIT,6,3,26,12,0.589286,0.410714,0.4,0.25,8,10,12,19,24,13,12,17,4,3,2,1,5,4
2025021157,2026-03-28,Lenovo Center,Raleigh,1,12,NJD,CAR,2,5,19,34,0.5,0.5,0.0,1.0,2,6,26,12,15,9,17,23,4,7,0,1,3,1
2025021158,2026-03-28,Nationwide Arena,Columbus,28,29,SJS,CBJ,3,2,36,24,0.474576,0.525424,0.5,0.0,2,4,16,17,8,11,25,12,4,6,1,0,2,1
2025021159,2026-03-28,KeyBank Center,Buffalo,55,7,SEA,BUF,2,3,34,36,0.474576,0.525424,0.0,0.333333,11,13,14,27,17,10,14,18,6,6,0,1,4,3
2025021160,2026-03-28,Enterprise Center,St. Louis,10,19,TOR,STL,1,5,13,38,0.458333,0.541667,0.0,0.5,4,6,23,13,10,6,25,9,6,3,0,1,3,2
2025021161,2026-03-28,Bridgestone Arena,Nashville,8,18,MTL,NSH,4,1,32,24,0.5,0.5,0.0,0.0,8,16,20,25,16,7,20,18,5,3,0,0,2,3
2025021162,2026-03-28,Ball Arena,Denver,52,21,WPG,COL,4,2,21,23,0.5,0.5,0.0,0.5,8,8,32,21,18,16,13,14,7,5,0,1,2,2
2025021163,2026-03-28,Little Caesars Arena,Detroit,4,17,PHI,DET,5,3,26,35,0.548387,0.451613,1.0,0.0,6,16,25,22,14,9,14,13,4,6,2,0,2,2
2025021164,2026-03-28,Crypto.com Arena,Los Angeles,68,26,UTA,LAK,6,2,28,31,0.467742,0.532258,0.666667,0.0,4,6,21,36,13,24,13,17,6,2,2,0,3,2
2025021165,2026-03-28,Scotiabank Saddledome,Calgary,23,20,VAN,CGY,3,7,34,23,0.459016,0.540984,0.25,0.666667,11,13,32,18,12,11,19,21,8,5,1,2,4,3
2025021166,2026-03-28,T-Mobile Arena,Paradise,15,54,WSH,VGK,5,4,22,29,0.483871,0.516129,0.333333,0.333333,8,12,18,15,13,11,20,20,8,3,2,1,6,3
2025021167,2026-03-29,Madison Square Garden,New York,13,3,FLA,NYR,1,3,27,22,0.384615,0.615385,0.0,0.0,7,11,15,24,10,21,9,16,4,6,0,0,3,1
2025021168,2026-03-29,Benchmark International Arena,Tampa,18,14,NSH,TBL,2,3,31,28,0.538462,0.461538,0.0,0.0,8,18,19,18,12,13,15,13,3,6,0,0,4,4
2025021169,2026-03-29,Lenovo Center,Raleigh,8,12,MTL,CAR,3,1,18,35,0.458333,0.541667,0.25,0.333333,6,8,21,29,32,12,14,13,4,4,1,1,4,3
2025021170,2026-03-29,Nationwide Arena,Columbus,6,29,BOS,CBJ,4,3,39,25,0.542373,0.457627,0.5,0.5,16,20,21,23,14,24,14,16,4,5,2,1,4,2
2025021171,2026-03-29,Prudential Center,Newark,16,1,CHI,NJD,3,5,31,40,0.396552,0.603448,0.333333,0.5,4,6,13,23,20,14,16,24,2,6,1,1,3,2
2025021172,2026-03-29,Xfinity Mobile Arena,Philadelphia,25,4,DAL,PHI,1,2,18,30,0.4375,0.5625,0.0,0.333333,6,4,14,31,5,10,9,12,4,7,0,1,2,3
2025021173,2026-03-30,UBS Arena,Elmont,5,2,PIT,NYI,8,3,32,23,0.31746,0.68254,0.0,0.5,11,9,16,16,17,14,16,15,6,5,0,1,1,2
2025021174,2026-03-30,Ball Arena,Denver,20,21,CGY,COL,2,9,29,49,0.586207,0.413793,0.0,0.75,8,2,15,15,15,12,15,16,5,6,0,3,1,4
2025021175,2026-03-30,T-Mobile Arena,Paradise,23,54,VAN,VGK,2,4,24,34,0.516129,0.483871,1.0,0.0,11,9,25,33,15,4,6,10,2,4,1,0,1,2
2025021176,2026-03-30,Honda Center,Anaheim,10,24,TOR,ANA,5,4,29,32,0.430769,0.569231,0.5,0.166667,66,32,28,15,15,10,15,23,4,6,2,1,4,6
2025021177,2026-03-30,SAP Center at San Jose,San Jose,19,28,STL,SJS,4,5,26,29,0.537037,0.462963,0.666667,0.75,8,6,15,18,15,15,11,12,1,3,2,3,3,4
2025021178,2026-03-31,TD Garden,Boston,25,6,DAL,BOS,3,6,16,24,0.358491,0.641509,0.333333,0.5,4,6,24,24,12,8,17,20,4,4,1,1,3,2
2025021179,2026-03-31,KeyBank Center,Buffalo,2,7,NYI,BUF,3,4,28,33,0.542373,0.457627,0.333333,0.5,15,13,26,25,10,15,12,19,6,1,1,2,3,4
2025021180,2026-03-31,Benchmark International Arena,Tampa,8,14,MTL,TBL,4,1,23,37,0.540984,0.459016,0.333333,0.0,32,30,23,21,17,9,9,17,4,4,1,0,3,4
2025021181,2026-03-31,Amerant Bank Arena,Sunrise,9,13,OTT,FLA,3,6,26,29,0.548387,0.451613,0.0,0.666667,6,13,17,18,6,14,16,12,4,1,0,2,5,3
2025021182,2026-03-31,Madison Square Garden,New York,1,3,NJD,NYR,1,4,23,23,0.518519,0.481481,0.333333,0.333333,13,13,19,33,10,17,21,15,6,4,1,1,3,3
2025021183,2026-03-31,PPG Paints Arena,Pittsburgh,17,5,DET,PIT,1,5,23,32,0.52459,0.47541,1.0,0.0,13,9,32,18,13,13,17,14,5,6,1,0,1,3
2025021184,2026-03-31,Capital One Arena,Washington,4,15,PHI,WSH,4,6,24,18,0.561404,0.438596,0.0,0.666667,10,12,34,25,11,21,18,9,3,7,0,2,3,3
2025021185,2026-03-31,Nationwide Arena,Columbus,12,29,CAR,CBJ,5,2,33,25,0.606557,0.393443,0.6,0.0,6,10,18,23,10,15,16,13,5,4,3,0,5,3
2025021186,2026-03-31,United Center,Chicago,52,16,WPG,CHI,4,3,24,21,0.666667,0.333333,1.0,0.0,4,2,27,20,12,9,12,13,5,7,1,0,1,2
2025021187,2026-03-31,Rogers Place,Edmonton,55,22,SEA,EDM,0,3,27,24,0.510204,0.489796,0.0,0.0,2,6,13,17,8,16,12,8,5,7,0,0,3,1
2025021188,2026-04-01,Ball Arena,Denver,23,21,VAN,COL,8,6,26,30,0.557377,0.442623,0.333333,0.0,6,6,21,11,14,8,8,24,5,2,1,0,3,3
2025021189,2026-04-01,Crypto.com Arena,Los Angeles,19,26,STL,LAK,1,2,24,26,0.474576,0.525424,0.0,0.333333,11,11,15,26,14,23,17,21,4,7,0,1,3,3
2025021190,2026-04-01,SAP Center at San Jose,San Jose,24,28,ANA,SJS,3,4,31,21,0.414286,0.585714,0.0,0.5,11,13,20,25,15,9,9,16,5,9,0,1,3,2
2025021191,2026-04-02,Canadian Tire Centre,Ottawa,7,9,BUF,OTT,1,4,22,24,0.508772,0.491228,0.0,0.0,19,9,24,32,16,10,14,13,4,3,0,0,2,2
2025021192,2026-04-02,Benchmark International Arena,Tampa,5,14,PIT,TBL,3,6,24,33,0.609375,0.390625,0.25,0.0,8,10,21,18,18,10,15,17,4,4,1,0,4,3
2025021193,2026-04-02,Amerant Bank Arena,Sunrise,6,13,BOS,FLA,1,2,29,24,0.633333,0.366667,0.0,0.0,2,4,22,22,18,18,21,11,4,6,0,0,2,1
2025021194,2026-04-02,Prudential Center,Newark,15,1,WSH,NJD,3,7,32,30,0.473684,0.526316,0.333333,0.5,16,18,18,12,17,18,13,24,5,3,1,1,3,2
2025021195,2026-04-02,Madison Square Garden,New York,8,3,MTL,NYR,3,2,25,24,0.576923,0.423077,0.0,0.0,6,4,22,27,13,5,15,18,3,5,0,0,2,3
2025021196,2026-04-02,Xfinity Mobile Arena,Philadelphia,17,4,DET,PHI,4,2,19,34,0.5,0.5,0.5,0.0,2,4,21,31,16,9,12,13,6,3,1,0,2,1
2025021197,2026-04-02,Lenovo Center,Raleigh,29,12,CBJ,CAR,1,5,10,21,0.395349,0.604651,0.0,0.5,6,8,18,19,14,19,17,19,8,5,0,1,3,2
2025021198,2026-04-02,American Airlines Center,Dallas,52,25,WPG,DAL,0,3,22,21,0.55,0.45,0.0,1.0,19,23,14,20,5,15,11,21,3,5,0,1,3,1
2025021199,2026-04-02,Grand Casino Arena,St. Paul,23,30,VAN,MIN,2,5,33,39,0.59322,0.40678,0.5,0.0,4,4,22,17,11,19,16,18,4,2,1,0,2,2
2025021200,2026-04-02,Rogers Place,Edmonton,16,22,CHI,EDM,1,3,18,39,0.5,0.5,0.0,0.333333,6,2,9,18,14,20,13,12,7,3,0,1,1,3
2025021201,2026-04-02,T-Mobile Arena,Paradise,20,54,CGY,VGK,3,6,22,34,0.548387,0.451613,0.0,0.166667,12,4,24,23,21,9,15,25,3,4,0,1,2,6
2025021202,2026-04-02,SAP Center at San Jose,San Jose,10,28,TOR,SJS,1,4,20,25,0.466667,0.533333,1.0,0.0,4,2,21,17,16,16,14,19,7,4,1,0,1,2
2025021203,2026-04-02,Climate Pledge Arena,Seattle,68,55,UTA,SEA,6,2,31,27,0.590164,0.409836,0.5,0.0,6,12,13,24,13,11,20,11,7,4,3,0,6,3
2025021204,2026-04-02,Crypto.com Arena,Los Angeles,18,26,NSH,LAK,5,4,34,33,0.438356,0.561644,0.0,0.0,6,6,19,32,16,15,12,20,7,1,0,0,3,3
2025021205,2026-04-03,UBS Arena,Elmont,4,2,PHI,NYI,4,1,21,22,0.413793,0.586207,0.0,0.0,6,4,25,26,23,10,13,13,5,5,0,0,2,3
2025021206,2026-04-03,Honda Center,Anaheim,19,24,STL,ANA,6,2,29,27,0.515625,0.484375,0.5,0.0,8,10,19,25,14,10,16,16,6,4,2,0,4,3
2025021207,2026-04-04,Madison Square Garden,New York,17,3,DET,NYR,1,4,33,20,0.392857,0.607143,0.0,0.5,9,13,14,23,15,17,10,12,4,4,0,1,4,2
2025021208,2026-04-04,Canadian Tire Centre,Ottawa,30,9,MIN,OTT,4,1,23,34,0.433333,0.566667,0.0,0.0,16,14,30,18,13,11,11,14,5,6,0,0,1,2
2025021209,2026-04-04,American Airlines Center,Dallas,21,25,COL,DAL,2,0,22,17,0.55102,0.44898,0.0,0.0,6,4,22,17,11,12,16,11,8,1,0,0,1,2
2025021210,2026-04-04,Benchmark International Arena,Tampa,6,14,BOS,TBL,1,3,22,23,0.689655,0.310345,0.0,0.0,2,8,11,20,14,13,15,12,4,3,0,0,4,1
2025021211,2026-04-04,PPG Paints Arena,Pittsburgh,13,5,FLA,PIT,4,9,23,31,0.461538,0.538462,0.0,1.0,11,5,18,10,14,11,21,19,0,6,0,3,0,3
2025021212,2026-04-04,Prudential Center,Newark,8,1,MTL,NJD,4,3,29,38,0.423729,0.576271,0.2,0.0,2,10,16,17,6,13,12,13,6,1,1,0,5,1
2025021213,2026-04-04,Capital One Arena,Washington,7,15,BUF,WSH,2,6,39,28,0.515625,0.484375,0.0,0.0,14,20,17,14,8,11,17,18,3,9,0,0,5,2
2025021214,2026-04-04,Lenovo Center,Raleigh,2,12,NYI,CAR,3,4,16,40,0.526316,0.473684,0.0,0.0,8,4,23,21,19,7,15,6,4,5,0,0,1,3
2025021215,2026-04-04,Nationwide Arena,Columbus,52,29,WPG,CBJ,2,1,26,16,0.272727,0.727273,0.0,0.0,2,2,28,16,12,16,17,11,3,3,0,0,1,1
2025021216,2026-04-04,Rogers Arena,Vancouver,68,23,UTA,VAN,7,4,25,23,0.467742,0.532258,0.333333,0.5,14,12,15,21,15,10,12,18,4,4,1,2,3,4
2025021217,2026-04-04,Crypto.com Arena,Los Angeles,10,26,TOR,LAK,6,7,20,40,0.387097,0.612903,0.5,0.0,14,12,27,18,16,12,11,13,4,2,2,0,4,5
2025021218,2026-04-04,Rogers Place,Edmonton,54,22,VGK,EDM,5,1,33,32,0.44,0.56,0.5,0.0,6,4,16,34,15,11,19,15,8,3,1,0,2,3
2025021219,2026-04-04,Honda Center,Anaheim,20,24,CGY,ANA,5,3,20,39,0.555556,0.444444,0.0,0.333333,6,2,27,21,16,13,20,14,3,6,0,1,1,3
2025021220,2026-04-04,SAP Center at San Jose,San Jose,18,28,NSH,SJS,6,3,34,27,0.529412,0.470588,0.5,0.0,14,14,25,32,17,17,14,14,6,4,2,0,4,4
2025021221,2026-04-04,Climate Pledge Arena,Seattle,16,55,CHI,SEA,4,2,31,27,0.446154,0.553846,0.333333,0.0,4,6,17,16,20,12,16,13,6,6,1,0,3,2
2025021222,2026-04-05,Little Caesars Arena,Detroit,30,17,MIN,DET,5,4,20,24,0.385965,0.614035,0.5,0.0,2,4,25,18,25,8,13,14,4,4,1,0,2,1
2025021223,2026-04-05,PPG Paints Arena,Pittsburgh,13,5,FLA,PIT,2,5,31,23,0.58,0.42,0.166667,0.142857,23,21,28,7,9,16,16,13,4,4,1,1,6,7
2025021224,2026-04-05,Xfinity Mobile Arena,Philadelphia,6,4,BOS,PHI,1,2,19,31,0.40678,0.59322,1.0,0.2,12,4,19,21,12,14,18,8,4,5,1,1,1,5
2025021225,2026-04-05,Canadian Tire Centre,Ottawa,12,9,CAR,OTT,3,6,28,31,0.390625,0.609375,0.5,1.0,4,4,30,28,11,22,16,19,3,5,1,2,2,2
2025021226,2026-04-05,Centre Bell,Montreal,1,8,NJD,MTL,3,0,20,18,0.557692,0.442308,0.0,0.0,45,11,20,27,19,11,19,13,7,3,0,0,2,4
2025021227,2026-04-05,Madison Square Garden,New York,15,3,WSH,NYR,1,8,21,33,0.35,0.65,0.0,0.5,23,21,26,23,20,13,10,17,4,5,0,2,3,4
2025021228,2026-04-05,Ball Arena,Denver,19,21,STL,COL,3,2,29,28,0.5625,0.4375,0.0,0.0,6,8,14,13,12,9,17,15,4,4,0,0,4,3
2025021229,2026-04-06,KeyBank Center,Buffalo,14,7,TBL,BUF,2,4,25,30,0.525424,0.474576,0.2,0.0,12,14,28,22,10,10,18,13,5,4,1,0,5,4
2025021230,2026-04-06,Canada Life Centre,Winnipeg,55,52,SEA,WPG,2,6,24,31,0.416667,0.583333,0.0,1.0,6,0,16,27,10,11,15,13,5,3,0,3,0,3
2025021231,2026-04-06,SAP Center at San Jose,San Jose,16,28,CHI,SJS,2,3,29,23,0.307692,0.692308,0.333333,0.0,4,6,8,27,12,8,15,19,5,2,1,0,3,2
2025021232,2026-04-06,Crypto.com Arena,Los Angeles,18,26,NSH,LAK,2,3,31,28,0.416667,0.583333,0.5,0.0,0,4,24,18,20,18,18,14,3,6,1,0,2,0
2025021233,2026-04-07,Centre Bell,Montreal,13,8,FLA,MTL,3,4,33,32,0.430769,0.569231,0.0,0.25,8,4,29,26,18,11,13,13,7,5,0,1,2,4
2025021234,2026-04-07,Canadian Tire Centre,Ottawa,14,9,TBL,OTT,2,6,30,32,0.609375,0.390625,0.0,0.666667,8,6,15,19,12,12,18,11,4,4,0,2,2,3
2025021235,2026-04-07,Little Caesars Arena,Detroit,29,17,CBJ,DET,4,3,35,37,0.539683,0.460317,0.25,1.0,4,8,20,26,23,25,15,14,6,5,1,1,4,1
2025021236,2026-04-07,Prudential Center,Newark,4,1,PHI,NJD,5,1,20,24,0.574468,0.425532,0.5,0.0,6,4,15,17,15,3,20,18,1,7,1,0,2,3
2025021237,2026-04-07,Lenovo Center,Raleigh,6,12,BOS,CAR,5,6,21,41,0.56338,0.43662,0.0,0.25,8,4,18,30,10,11,23,17,2,4,0,1,2,4
2025021238,2026-04-07,Enterprise Center,St. Louis,21,19,COL,STL,3,1,37,19,0.545455,0.454545,0.0,0.0,6,2,11,22,16,14,11,19,2,5,0,0,1,3
2025021239,2026-04-07,American Airlines Center,Dallas,20,25,CGY,DAL,3,4,20,25,0.38,0.62,0.333333,0.2,10,6,13,19,14,16,22,17,7,5,1,1,3,5
2025021240,2026-04-07,Grand Casino Arena,St. Paul,55,30,SEA,MIN,2,5,27,29,0.5,0.5,0.0,0.0,9,13,9,15,11,18,15,20,3,5,0,0,3,1
2025021241,2026-04-07,Delta Center,Salt Lake City,22,68,EDM,UTA,5,6,26,31,0.538462,0.461538,0.333333,0.333333,6,6,24,19,13,6,14,27,2,5,1,1,3,3
2025021242,2026-04-07,Rogers Arena,Vancouver,54,23,VGK,VAN,2,1,29,11,0.58,0.42,0.0,0.0,4,2,22,27,20,16,11,9,1,7,0,0,1,2
2025021243,2026-04-07,Honda Center,Anaheim,18,24,NSH,ANA,5,0,25,43,0.462687,0.537313,0.25,0.0,12,8,11,19,16,9,16,16,3,4,1,0,4,6
2025021244,2026-04-08,Madison Square Garden,New York,7,3,BUF,NYR,5,3,27,20,0.442308,0.557692,0.0,0.666667,6,8,19,26,19,11,17,12,6,4,0,2,4,3
2025021245,2026-04-08,Scotiabank Arena,Toronto,15,10,WSH,TOR,4,0,20,22,0.344828,0.655172,0.0,0.0,6,4,16,13,18,12,14,16,7,4,0,0,2,3
2025021246,2026-04-08,SAP Center at San Jose,San Jose,22,28,EDM,SJS,5,2,26,14,0.488889,0.511111,1.0,0.333333,6,6,33,19,12,15,13,21,2,7,3,1,3,3
2025021247,2026-04-09,KeyBank Center,Buffalo,29,7,CBJ,BUF,0,5,37,24,0.578947,0.421053,0.0,0.0,4,8,18,15,9,20,16,10,4,4,0,0,4,2
2025021248,2026-04-09,Centre Bell,Montreal,14,8,TBL,MTL,1,2,18,21,0.47619,0.52381,0.0,0.0,71,55,29,34,13,9,19,16,5,6,0,0,4,7
2025021249,2026-04-09,Canadian Tire Centre,Ottawa,13,9,FLA,OTT,1,5,23,26,0.440678,0.559322,0.0,1.0,2,2,28,21,13,14,13,10,4,3,0,1,1,1
2025021250,2026-04-09,Little Caesars Arena,Detroit,4,17,PHI,DET,3,6,27,22,0.481481,0.518519,0.166667,0.75,12,16,30,20,13,12,12,9,3,4,1,3,6,4
2025021251,2026-04-09,Prudential Center,Newark,5,1,PIT,NJD,5,2,30,21,0.553191,0.446809,0.0,0.0,2,2,7,12,8,18,15,19,4,5,0,0,1,1
2025021252,2026-04-09,UBS Arena,Elmont,10,2,TOR,NYI,3,5,16,44,0.462687,0.537313,1.0,0.4,20,2,21,24,13,11,12,16,3,3,1,2,1,5
2025021253,2026-04-09,Enterprise Center,St. Louis,52,19,WPG,STL,3,2,34,22,0.651163,0.348837,0.0,0.2,10,2,14,19,13,10,11,14,2,3,0,1,1,5
2025021254,2026-04-09,American Airlines Center,Dallas,30,25,MIN,DAL,4,5,31,20,0.508772,0.491228,0.6,0.0,12,20,25,18,11,13,9,12,5,4,3,0,5,1
2025021255,2026-04-09,United Center,Chicago,12,16,CAR,CHI,7,2,22,25,0.491525,0.508475,0.0,0.0,10,4,14,14,10,16,15,19,5,3,0,0,1,4
2025021256,2026-04-09,Ball Arena,Denver,20,21,CGY,COL,1,3,29,41,0.509434,0.490566,0.0,0.333333,6,4,19,11,19,12,14,12,4,3,0,1,2,3
2025021257,2026-04-09,Delta Center,Salt Lake City,18,68,NSH,UTA,1,4,30,27,0.56,0.44,0.5,0.333333,16,4,18,21,11,12,18,15,2,4,1,1,2,3
2025021258,2026-04-09,Honda Center,Anaheim,28,24,SJS,ANA,1,6,19,30,0.422222,0.577778,0.0,0.666667,8,2,33,19,9,22,20,15,4,9,0,2,0,3
2025021259,2026-04-09,Climate Pledge Arena,Seattle,54,55,VGK,SEA,3,4,35,33,0.483871,0.516129,1.0,1.0,2,2,23,20,15,13,18,16,7,8,1,1,1,1
2025021260,2026-04-09,Crypto.com Arena,Los Angeles,23,26,VAN,LAK,1,4,25,26,0.367347,0.632653,0.0,0.0,2,2,21,19,11,15,17,18,4,3,0,0,0,0
2025021261,2026-04-11,TD Garden,Boston,14,6,TBL,BOS,2,1,24,21,0.380952,0.619048,0.0,0.0,4,4,27,23,14,13,20,18,8,5,0,0,1,1
2025021262,2026-04-11,UBS Arena,Elmont,9,2,OTT,NYI,3,0,16,23,0.54902,0.45098,0.2,0.0,15,15,27,26,15,12,12,10,3,5,1,0,5,5
2025021263,2026-04-11,PPG Paints Arena,Pittsburgh,15,5,WSH,PIT,6,3,32,11,0.574468,0.425532,0.5,0.0,0,4,17,21,15,16,17,18,3,3,1,0,2,0
2025021264,2026-04-11,Crypto.com Arena,Los Angeles,22,26,EDM,LAK,0,1,27,21,0.444444,0.555556,0.0,0.0,4,4,28,30,16,21,15,10,6,4,0,0,1,1
2025021265,2026-04-11,Little Caesars Arena,Detroit,1,17,NJD,DET,5,3,33,28,0.415094,0.584906,0.0,0.0,2,0,13,21,11,14,11,13,2,3,0,0,0,1
2025021266,2026-04-11,United Center,Chicago,19,16,STL,CHI,5,3,28,34,0.491228,0.508772,1.0,0.0,4,2,14,9,9,12,23,15,4,6,1,0,1,2
2025021267,2026-04-11,Bridgestone Arena,Nashville,30,18,MIN,NSH,1,2,22,22,0.477273,0.522727,0.0,0.0,8,4,21,18,14,15,13,17,4,5,0,0,1,4
2025021268,2026-04-11,American Airlines Center,Dallas,3,25,NYR,DAL,0,2,22,19,0.543478,0.456522,0.0,0.25,15,17,22,14,9,19,13,14,6,3,0,1,5,4
2025021269,2026-04-11,Delta Center,Salt Lake City,12,68,CAR,UTA,4,1,29,27,0.585714,0.414286,0.333333,0.2,15,11,17,24,18,16,10,18,4,5,1,1,3,5
2025021270,2026-04-11,Scotiabank Arena,Toronto,13,10,FLA,TOR,6,2,25,19,0.357143,0.642857,0.0,1.0,2,2,23,26,15,14,11,12,3,4,0,1,1,1
2025021271,2026-04-11,Centre Bell,Montreal,29,8,CBJ,MTL,5,2,33,22,0.555556,0.444444,0.25,0.25,12,12,15,22,11,18,18,14,5,1,1,1,4,4
2025021272,2026-04-11,Canada Life Centre,Winnipeg,4,52,PHI,WPG,7,1,23,28,0.578947,0.421053,0.0,0.0,6,4,25,20,17,13,10,24,5,6,0,0,2,3
2025021273,2026-04-11,Climate Pledge Arena,Seattle,20,55,CGY,SEA,1,4,27,21,0.537037,0.462963,0.0,0.0,6,2,13,12,17,11,6,16,5,7,0,0,1,3
2025021274,2026-04-11,Ball Arena,Denver,54,21,VGK,COL,3,2,29,32,0.538462,0.461538,0.25,0.333333,6,8,18,13,12,20,12,17,7,5,1,1,4,3
2025021275,2026-04-11,SAP Center at San Jose,San Jose,23,28,VAN,SJS,4,3,41,32,0.568966,0.431034,0.5,0.0,4,8,18,28,12,13,20,17,3,4,2,0,4,2
2025021276,2026-04-12,Capital One Arena,Washington,5,15,PIT,WSH,0,3,24,27,0.481481,0.518519,0.0,0.0,2,4,10,18,13,15,15,19,8,5,0,0,2,1
2025021277,2026-04-12,UBS Arena,Elmont,8,2,MTL,NYI,4,1,22,33,0.468085,0.531915,0.5,0.0,6,6,23,16,13,11,12,9,5,4,1,0,2,2
2025021278,2026-04-12,Nationwide Arena,Columbus,6,29,BOS,CBJ,3,2,22,35,0.45614,0.54386,0.0,0.0,6,0,12,20,11,4,14,13,4,3,0,0,0,3
2025021279,2026-04-12,Prudential Center,Newark,9,1,OTT,NJD,3,4,30,30,0.581818,0.418182,0.25,0.25,8,8,16,12,9,7,11,23,8,2,1,1,4,4
2025021280,2026-04-12,Honda Center,Anaheim,23,24,VAN,ANA,4,3,26,27,0.474576,0.525424,0.666667,0.5,14,16,16,26,10,9,15,22,4,6,2,1,3,2
2025021281,2026-04-12,Scotiabank Saddledome,Calgary,68,20,UTA,CGY,1,4,29,23,0.45283,0.54717,0.0,0.0,8,6,20,7,13,16,22,18,8,5,0,0,3,4
2025021282,2026-04-13,Benchmark International Arena,Tampa,17,14,DET,TBL,3,4,30,22,0.589286,0.410714,0.0,0.0,2,6,12,12,10,15,10,16,5,2,0,0,3,1
2025021283,2026-04-13,Amerant Bank Arena,Sunrise,3,13,NYR,FLA,2,3,27,16,0.642857,0.357143,0.0,0.0,4,8,28,31,14,12,13,10,3,1,0,0,3,1
2025021284,2026-04-13,Xfinity Mobile Arena,Philadelphia,12,4,CAR,PHI,2,3,26,23,0.340426,0.659574,1.0,0.5,4,2,27,32,14,23,18,15,7,5,1,1,1,2
2025021285,2026-04-13,Scotiabank Arena,Toronto,25,10,DAL,TOR,6,5,32,27,0.603774,0.396226,0.333333,0.5,4,6,11,27,11,10,18,13,7,3,1,1,3,2
2025021286,2026-04-13,Enterprise Center,St. Louis,30,19,MIN,STL,3,6,31,22,0.411765,0.588235,0.2,0.0,13,15,23,15,8,6,15,18,2,5,1,0,5,4
2025021287,2026-04-13,Bridgestone Arena,Nashville,28,18,SJS,NSH,3,2,23,28,0.5,0.5,1.0,0.0,2,2,28,18,14,11,18,11,3,6,1,0,1,1
2025021288,2026-04-13,United Center,Chicago,7,16,BUF,CHI,5,1,26,16,0.553571,0.446429,0.0,0.0,10,4,20,8,10,8,12,23,8,2,0,0,2,5
2025021289,2026-04-13,Rogers Place,Edmonton,21,22,COL,EDM,2,1,32,31,0.472727,0.527273,0.0,0.0,6,8,12,22,15,26,16,12,3,3,0,0,4,3
2025021290,2026-04-13,T-Mobile Arena,Paradise,52,54,WPG,VGK,2,6,23,38,0.563636,0.436364,0.2,0.285714,18,14,16,16,12,10,9,14,3,6,1,2,5,7
2025021291,2026-04-13,Climate Pledge Arena,Seattle,26,55,LAK,SEA,5,3,30,33,0.553846,0.446154,0.5,0.0,7,11,16,20,18,11,19,11,2,5,1,0,2,0
2025021292,2026-04-14,TD Garden,Boston,1,6,NJD,BOS,0,4,21,26,0.357143,0.642857,0.0,0.0,0,2,8,13,9,22,25,15,3,7,0,0,1,0
2025021293,2026-04-14,UBS Arena,Elmont,12,2,CAR,NYI,2,1,21,30,0.5,0.5,0.0,0.0,4,2,11,10,17,7,16,22,3,3,0,0,1,2
2025021294,2026-04-14,Xfinity Mobile Arena,Philadelphia,8,4,MTL,PHI,2,4,29,25,0.568627,0.431373,0.0,0.0,4,10,26,21,7,15,12,21,3,4,0,0,3,0
2025021295,2026-04-14,Nationwide Arena,Columbus,15,29,WSH,CBJ,2,1,21,28,0.533333,0.466667,0.333333,0.0,2,6,14,3,11,16,13,23,2,7,1,0,3,1
2025021296,2026-04-14,Grand Casino Arena,St. Paul,24,30,ANA,MIN,2,3,37,20,0.534483,0.465517,0.333333,0.0,4,8,16,25,7,16,27,10,4,8,1,0,3,1
2025021297,2026-04-14,Delta Center,Salt Lake City,52,68,WPG,UTA,3,5,24,36,0.508197,0.491803,0.666667,0.4,10,6,17,19,15,8,14,19,3,6,2,2,3,5
2025021298,2026-04-14,Scotiabank Saddledome,Calgary,21,20,COL,CGY,3,1,38,31,0.523077,0.476923,0.0,0.0,4,8,9,13,8,10,18,17,5,6,0,0,4,2
2025021299,2026-04-14,Enterprise Center,St. Louis,5,19,PIT,STL,5,7,23,31,0.54386,0.45614,0.0,0.333333,6,4,15,20,10,14,21,15,7,4,0,1,2,3
2025021300,2026-04-14,Rogers Arena,Vancouver,26,23,LAK,VAN,3,4,34,25,0.370968,0.629032,0.0,0.5,11,11,18,20,13,8,10,17,3,3,0,1,2,2
2025021301,2026-04-15,KeyBank Center,Buffalo,25,7,DAL,BUF,4,3,28,24,0.461538,0.538462,0.333333,0.0,6,6,21,23,14,14,12,13,8,4,1,0,3,3
2025021302,2026-04-15,Benchmark International Arena,Tampa,3,14,NYR,TBL,4,2,21,31,0.527273,0.472727,0.333333,0.0,10,10,23,18,16,11,12,20,4,4,1,0,3,3
2025021303,2026-04-15,Amerant Bank Arena,Sunrise,17,13,DET,FLA,1,8,26,28,0.589744,0.410256,0.0,1.0,2,6,17,10,9,17,20,12,4,4,0,1,3,1
2025021304,2026-04-15,Canadian Tire Centre,Ottawa,10,9,TOR,OTT,1,3,20,38,0.425926,0.574074,0.0,0.666667,6,4,28,27,13,7,22,18,3,5,0,2,2,3
2025021305,2026-04-15,United Center,Chicago,28,16,SJS,CHI,2,5,17,24,0.52381,0.47619,0.25,0.0,6,8,26,13,10,14,15,11,8,3,1,0,4,3
2025021306,2026-04-15,T-Mobile Arena,Paradise,55,54,SEA,VGK,1,4,23,26,0.446809,0.553191,0.0,0.0,4,0,22,19,15,11,13,19,4,3,0,0,0,2
2025021307,2026-04-16,Bridgestone Arena,Nashville,24,18,ANA,NSH,5,4,40,21,0.508475,0.491525,0.166667,0.666667,6,12,16,10,11,16,13,16,5,5,1,2,6,3
2025021308,2026-04-16,Canada Life Centre,Winnipeg,28,52,SJS,WPG,6,1,33,27,0.425926,0.574074,0.5,0.0,18,8,15,10,10,7,10,15,7,4,1,0,2,3
2025021309,2026-04-16,Delta Center,Salt Lake City,19,68,STL,UTA,5,3,29,23,0.492537,0.507463,0.0,0.0,2,4,17,17,13,11,12,15,5,2,0,0,1,0
2025021310,2026-04-16,Scotiabank Saddledome,Calgary,26,20,LAK,CGY,1,3,28,20,0.448276,0.551724,0.0,0.333333,8,6,12,16,17,22,13,26,6,3,0,1,2,3
2025021311,2026-04-16,Rogers Place,Edmonton,23,22,VAN,EDM,1,6,12,35,0.355556,0.644444,0.0,0.666667,18,14,14,21,19,11,15,9,2,6,0,2,1,3
2025021312,2026-04-16,Ball Arena,Denver,55,21,SEA,COL,0,2,22,35,0.410714,0.589286,0.0,0.0,10,6,22,12,19,8,17,12,6,4,0,0,2,4
