game_id,period,event_id,time_in_period,time_remaining,situation_code,home_def_code,type_code,event_name,event_owner_team_id,zone_code,x_coord,y_coord,penl_code,penl_type,penl_len,drawn_by_player_id,commit_player_id
2025020001,1,218,6:58,13:02,1551,right,509,penalty,16,N,2,2,MIN,slashing,2,8482113,8484783
2025020001,1,294,12:26,7:34,1551,right,509,penalty,16,D,-71,38,MIN,tripping,2,8473419,8484783
2025020001,1,25,16:50,3:10,1551,right,509,penalty,16,N,6,7,MAJ,fighting,5,8478421,8473422
2025020001,1,28,16:50,3:10,1551,right,509,penalty,13,N,6,7,MAJ,fighting,5,8473422,8478421
2025020001,2,639,1:12,18:48,1551,left,509,penalty,13,N,-2,-3,MIN,holding-the-stick,2,8476882,8473419
2025020001,2,727,8:17,11:43,1551,left,509,penalty,13,D,-74,19,MIN,slashing,2,8476882,8477495
2025020001,3,973,5:56,14:04,1551,right,509,penalty,13,O,-97,0,MIN,high-sticking,2,8476473,8479316
2025020002,1,65,0:59,19:01,1551,right,509,penalty,5,N,17,-29,MIN,hooking,2,8479323,8484839
2025020002,1,208,7:33,12:27,1551,right,509,penalty,3,D,79,-1,MIN,interference,2,8471675,8479323
2025020002,2,791,18:55,1:05,1551,left,509,penalty,5,D,79,7,MIN,tripping,2,8478550,8471724
2025020003,1,24,18:27,1:33,1551,right,509,penalty,26,O,-75,21,MIN,unsportsmanlike-conduct,2,8476312,8482408
2025020003,1,29,18:27,1:33,1551,right,509,penalty,21,D,-75,20,MAJ,fighting,5,8482408,8476312
2025020003,1,27,18:27,1:33,1551,right,509,penalty,26,O,-75,18,MAJ,fighting,5,8476312,8482408
2025020003,2,705,10:36,9:24,0651,left,509,penalty,26,D,-71,-28,MIN,slashing,2,8484149,8476441
2025020003,2,833,19:18,0:42,1551,left,509,penalty,26,D,-42,41,MIN,delaying-game-puck-over-glass,2,,
2025020003,3,863,1:54,18:06,1560,right,509,penalty,21,O,92,22,MIN,hooking,2,8482124,8470613
2025020003,3,898,4:34,15:26,1551,right,509,penalty,21,D,-85,-7,MIN,hooking,2,8475208,8480069
2025020003,3,928,6:54,13:06,1551,right,509,penalty,26,O,-85,-37,MIN,holding,2,8480039,8477998
2025020003,3,970,10:38,9:22,1551,right,509,penalty,26,D,64,-16,MIN,roughing,2,8479525,8477942
2025020003,3,1018,13:18,6:42,1551,right,509,penalty,21,D,-41,29,MIN,interference,2,8482730,8477492
2025020003,3,1034,14:36,5:24,1460,right,509,penalty,21,D,-71,5,MIN,cross-checking,2,8482730,8476312
2025020003,3,1070,17:41,2:19,1560,right,509,penalty,26,O,-79,8,MIN,cross-checking,2,8477476,8482730
2025020004,1,141,5:08,14:52,1551,right,509,penalty,8,O,68,-30,MIN,hooking,2,8475690,8479339
2025020004,1,308,12:44,7:16,1551,right,509,penalty,10,N,-21,21,MIN,high-sticking,2,8482087,8477939
2025020004,2,735,13:38,6:22,0651,left,509,penalty,10,O,80,33,MIN,holding,2,8476875,8482720
2025020004,3,893,5:06,14:54,1560,right,509,penalty,8,O,75,-33,MIN,hooking,2,8477503,8484984
2025020005,1,76,1:51,18:09,1551,right,509,penalty,6,O,94,-25,MIN,hooking,2,8476880,8477956
2025020005,1,192,6:46,13:14,1551,right,509,penalty,15,D,57,22,MIN,interference,2,8480355,8477845
2025020005,1,330,13:06,6:54,1551,right,509,penalty,6,D,-39,0,MIN,interference,2,8475343,8476374
2025020005,1,465,19:13,0:47,1551,right,509,penalty,6,O,65,41,MIN,cross-checking,2,8479520,8480035
2025020005,2,484,0:19,19:41,1451,left,509,penalty,6,D,98,10,MIN,tripping,2,8471214,8479325
2025020005,2,708,12:42,7:18,1551,left,509,penalty,6,N,9,40,MIN,tripping,2,8484186,8480355
2025020005,3,938,7:18,12:42,1551,right,509,penalty,15,D,67,18,MIN,holding,2,8479987,8474590
2025020006,1,221,8:51,11:09,1551,left,509,penalty,20,D,30,-31,MIN,delaying-game-puck-over-glass,2,,
2025020006,1,254,11:04,8:56,0651,left,509,penalty,22,O,26,40,MIN,tripping,2,8476399,8485493
2025020006,2,639,7:40,12:20,1551,right,509,penalty,20,D,-33,28,MIN,hooking,2,8478402,8483609
2025020006,2,738,13:38,6:22,1551,right,509,penalty,22,O,-29,39,MIN,high-sticking,2,8482074,8485493
2025020006,3,935,4:47,15:13,0651,left,509,penalty,22,D,-65,40,MIN,hooking,2,8474150,8476454
2025020006,3,994,8:52,11:08,1551,left,509,penalty,20,D,56,30,MIN,hooking,2,8477934,8483609
2025020006,3,1137,18:23,1:37,1551,left,509,penalty,22,O,70,1,MIN,tripping,2,8478397,8479365
2025020006,4,477,3:31,1:29,1331,right,509,penalty,20,D,-25,4,MIN,holding,2,8478402,8477346
2025020006,4,480,3:31,1:29,1331,right,509,penalty,20,N,-1,-40,MIS,misconduct,10,,
2025020007,1,120,4:19,15:41,0651,right,509,penalty,54,O,-30,-18,MIN,tripping,2,8471685,8476448
2025020007,1,190,9:39,10:21,1551,right,509,penalty,54,O,-97,-13,MIN,hooking,2,8482124,8476925
2025020007,1,194,9:39,10:21,1551,right,509,penalty,26,D,-96,-13,MIN,embellishment,2,,
2025020007,1,313,14:21,5:39,1551,right,509,penalty,26,D,-72,-1,MIN,tripping,2,8476448,8474563
2025020007,2,693,14:20,5:40,1551,left,509,penalty,54,D,-98,20,MIN,roughing,2,8481532,8481527
2025020007,2,687,14:20,5:40,1551,left,509,penalty,26,O,-98,19,MAJ,boarding,5,8478468,8481532
2025020007,2,735,18:07,1:53,1451,left,509,penalty,26,D,35,-29,MIN,tripping,2,8478403,8482155
2025020007,3,925,10:15,9:45,1560,right,509,penalty,26,D,-98,3,MIN,tripping,2,8475913,8476441
2025020008,1,281,13:01,6:59,1551,left,509,penalty,16,D,79,20,MIN,tripping,2,8480355,8477450
2025020008,1,298,14:16,5:44,0551,left,509,penalty,6,O,53,34,MIN,slashing,2,8476473,8477956
2025020008,2,662,13:08,6:52,1551,right,509,penalty,6,O,-64,-23,MIN,high-sticking,2,8483493,8482177
2025020008,2,735,18:48,1:12,1551,right,509,penalty,16,D,-69,41,MIN,cross-checking,2,8482177,8483450
2025020008,2,744,18:48,1:12,1551,right,509,penalty,16,D,-71,21,MIN,delaying-game-face-off-violation,2,,
2025020008,3,821,4:07,15:53,1551,left,509,penalty,16,O,-51,17,MIN,tripping,2,8477956,8483493
2025020008,3,897,9:50,10:10,0651,left,509,penalty,6,D,-69,38,MIN,interference,2,8484144,8479325
2025020008,3,920,11:45,8:15,1541,left,509,penalty,6,D,-72,5,MIN,cross-checking,2,8483493,8477507
2025020008,3,924,11:45,8:15,1541,left,509,penalty,6,D,-65,19,MIN,roughing,2,8484783,8476374
2025020008,3,927,11:45,8:15,1541,left,509,penalty,16,O,-71,5,MIN,roughing,2,8477507,8483493
2025020008,3,930,11:45,8:15,1541,left,509,penalty,16,O,-67,14,MIN,roughing,2,8476374,8484783
2025020008,3,1010,17:18,2:42,1560,left,509,penalty,16,D,79,2,MIN,high-sticking,2,8479987,8484783
2025020009,1,211,7:14,12:46,1551,left,509,penalty,7,D,-50,-13,MIN,tripping,2,8476459,8477419
2025020009,2,573,0:28,19:32,1551,right,509,penalty,3,N,13,-38,MIN,tripping,2,8481522,8482157
2025020009,2,663,6:22,13:38,1551,right,509,penalty,3,N,-12,-14,MIN,interference,2,8482659,8480001
2025020009,2,763,14:28,5:32,1551,right,509,penalty,3,D,-86,-3,MIN,roughing,2,8475722,8482073
2025020009,2,767,14:28,5:32,1551,right,509,penalty,7,O,-87,-3,MIN,roughing,2,8482073,8475722
2025020009,2,823,17:58,2:02,1551,right,509,penalty,3,D,-96,5,MIN,roughing-removing-opponents-helmet,2,8475722,8478840
2025020009,3,855,0:04,19:56,1551,left,509,penalty,7,N,-8,-6,MIN,high-sticking,2,8482157,8479420
2025020009,3,949,6:54,13:06,1551,left,509,penalty,3,N,15,-2,MIN,tripping,2,8482659,8482157
2025020009,3,986,9:24,10:36,1551,left,509,penalty,7,O,59,-39,MIN,hooking,2,8480001,8479941
2025020010,1,103,3:13,16:47,1551,right,509,penalty,8,D,-66,-32,MIN,interference,2,8481725,8480865
2025020010,1,143,5:51,14:09,1551,right,509,penalty,17,N,12,35,MIN,roughing,2,8481523,8483464
2025020010,1,241,13:15,6:45,1551,right,509,penalty,8,O,63,40,MIN,high-sticking,2,8484794,8475848
2025020010,2,749,12:53,7:07,1551,left,509,penalty,17,D,-44,5,MIN,interference,2,8476981,8482762
2025020010,2,803,17:05,2:55,1551,left,509,penalty,17,D,-64,10,MIN,tripping,2,8481618,8481542
2025020010,3,932,5:32,14:28,1560,right,509,penalty,8,D,-92,22,MIN,holding-the-stick,2,8477456,8482964
2025020010,3,1073,16:42,3:18,1551,right,509,penalty,8,O,91,-19,MIN,tripping,2,8482762,8475848
2025020011,1,12,2:26,17:34,1551,left,509,penalty,9,D,33,14,MAJ,fighting,5,8480876,8477073
2025020011,1,9,2:26,17:34,1551,left,509,penalty,14,O,32,13,MAJ,fighting,5,8477073,8480876
2025020011,1,135,4:45,15:15,1551,left,509,penalty,9,D,64,-4,MIN,holding,2,8482201,8481528
2025020011,1,313,9:10,10:50,1551,left,509,penalty,14,D,-92,22,MIN,tripping,2,8480801,8479542
2025020011,1,381,12:34,7:26,1551,left,509,penalty,9,O,-80,-36,MIN,roughing,2,8479542,8480801
2025020011,1,377,12:34,7:26,1551,left,509,penalty,14,D,-85,-34,MIN,roughing,2,8478469,8478519
2025020011,1,385,12:34,7:26,1551,left,509,penalty,14,D,-95,-17,MIN,roughing,2,8480801,8479542
2025020011,1,373,12:34,7:26,1551,left,509,penalty,9,O,-84,-34,MIN,roughing,2,8478519,8478469
2025020011,1,19,12:38,7:22,1551,left,509,penalty,14,D,-25,16,MAJ,fighting,5,8482131,8482929
2025020011,1,22,12:38,7:22,1551,left,509,penalty,9,N,-23,16,MAJ,fighting,5,8482929,8482131
2025020011,1,399,12:58,7:02,1551,left,509,penalty,9,N,-3,37,MIN,holding,2,8482070,8474102
2025020011,1,480,15:19,4:41,1551,left,509,penalty,14,D,-83,-36,MIN,holding,2,8480188,8480995
2025020011,2,718,7:53,12:07,1551,right,509,penalty,14,D,90,-6,MIN,roughing,2,8481528,8482070
2025020011,2,878,18:31,1:29,0651,right,509,penalty,14,N,-6,-13,MIN,holding,2,8482105,8482070
2025020011,3,937,2:23,17:37,1551,left,509,penalty,9,N,9,-23,MIN,interference,2,8476826,8482245
2025020012,1,63,0:44,19:16,1551,right,509,penalty,4,D,-63,-25,MIN,tripping,2,8477409,8484387
2025020012,1,78,1:00,19:00,1451,right,509,penalty,13,O,-99,7,MIN,slashing,2,8476372,8478542
2025020012,1,229,7:54,12:06,1551,right,509,penalty,13,O,-53,-40,MIN,tripping,2,8477903,8479316
2025020012,1,457,16:55,3:05,1560,right,509,penalty,4,O,98,-15,MIN,tripping,2,8478542,8477989
2025020012,2,542,3:37,16:23,1551,left,509,penalty,4,N,-5,41,MIN,interference,2,8477495,8481533
2025020012,2,573,5:57,14:03,1551,left,509,penalty,4,N,6,-1,MIN,hooking,2,8480003,8477989
2025020012,3,1246,18:44,1:16,0651,right,509,penalty,4,O,60,23,MIN,interference,2,8473419,8482159
2025020013,1,148,3:00,17:00,1560,left,509,penalty,2,D,72,-5,MIN,high-sticking,2,8480842,8481014
2025020013,1,306,7:41,12:19,1551,left,509,penalty,5,D,-60,-27,MIN,delaying-game-puck-over-glass,2,,
2025020013,2,737,7:00,13:00,1551,right,509,penalty,2,O,72,20,MIN,roughing,2,8478450,8475151
2025020013,2,741,7:00,13:00,1551,right,509,penalty,5,D,76,17,MIN,roughing,2,8475151,8478450
2025020013,2,767,8:43,11:17,1441,right,509,penalty,2,D,-76,12,MIN,hooking,2,8477511,8477500
2025020013,2,853,11:40,8:20,1551,right,509,penalty,5,D,91,-30,MIN,tripping,2,8475314,8474578
2025020013,2,871,13:38,6:22,1541,right,509,penalty,2,O,68,4,MIN,tripping,2,8478854,8478445
2025020013,3,994,2:15,17:45,1551,left,509,penalty,2,O,-53,6,MIN,hooking,2,8484839,8481601
2025020013,3,1182,16:15,3:45,1551,left,509,penalty,5,D,-40,10,MIN,hooking,2,8476917,8485414
2025020013,3,656,19:45,0:15,0651,left,509,penalty,2,O,-87,4,MAJ,cross-checking,5,8480980,8477494
2025020013,3,659,19:45,0:15,1451,left,509,penalty,2,O,-86,4,GAM,game-misconduct,10,,
2025020014,2,563,1:59,18:01,1551,left,509,penalty,1,N,-16,41,BEN,too-many-men-on-the-ice,2,,
2025020014,2,573,2:30,17:30,1451,left,509,penalty,12,O,59,25,MIN,high-sticking,2,8476462,8480817
2025020014,2,614,5:51,14:09,1551,left,509,penalty,1,O,-86,33,MIN,slashing,2,8480817,8481032
2025020014,2,733,14:45,5:15,1551,left,509,penalty,12,D,-81,1,MIN,cross-checking,2,8480002,8473533
2025020014,3,939,6:09,13:51,1551,right,509,penalty,1,D,-75,6,MIN,slashing,2,8482702,8481032
2025020014,3,980,9:03,10:57,1551,right,509,penalty,1,D,-71,2,MIN,slashing,2,8475791,8482684
2025020015,1,62,0:34,19:26,1551,left,509,penalty,19,D,-81,-1,MIN,high-sticking,2,8478493,8475753
2025020015,1,277,9:00,11:00,1551,left,509,penalty,19,N,6,19,MIN,tripping,2,8481557,8478472
2025020015,2,474,3:50,16:10,1551,right,509,penalty,30,D,-84,-9,MIN,hooking,2,8480023,8483460
2025020015,2,563,6:50,13:10,1551,right,509,penalty,30,D,-41,-12,MIN,slashing,2,8481006,8476994
2025020015,2,674,12:19,7:41,1551,right,509,penalty,19,D,69,6,MIN,hooking,2,8482079,8475170
2025020016,1,229,10:08,9:52,1551,left,509,penalty,18,D,-61,40,MIN,slashing,2,8479371,8478047
2025020016,1,233,10:08,9:52,1551,left,509,penalty,29,O,-59,41,MIN,interference,2,8478047,8479371
2025020016,1,277,12:43,7:17,1551,left,509,penalty,29,O,-92,26,MIN,tripping,2,8481056,8476432
2025020016,2,651,8:48,11:12,1551,right,509,penalty,29,O,71,33,MIN,high-sticking,2,8474600,8477497
2025020016,2,666,10:27,9:33,1451,right,509,penalty,29,D,-60,2,MIN,hooking,2,8476539,8480806
2025020016,2,753,16:55,3:05,1551,right,509,penalty,18,O,-81,37,MIN,tripping,2,8479944,8477446
2025020016,3,849,2:07,17:53,1551,left,509,penalty,29,O,-99,3,MIN,tripping,2,8482111,8479944
2025020017,1,295,12:48,7:12,1551,right,509,penalty,25,D,-72,8,MIN,roughing,2,8480014,8478449
2025020017,2,398,0:46,19:14,1551,left,509,penalty,52,D,-76,10,MIN,hooking,2,8475168,8476331
2025020017,2,481,4:01,15:59,1551,left,509,penalty,25,D,97,6,MIN,holding,2,8473604,8480950
2025020017,2,36,8:23,11:37,1551,left,509,penalty,25,N,-21,40,BEN,too-many-men-on-the-ice,2,,
2025020017,2,678,14:54,5:06,1551,left,509,penalty,25,O,-75,-41,MIN,roughing,2,8476480,8478420
2025020017,2,683,14:54,5:06,1551,left,509,penalty,52,D,-76,-40,MIN,roughing,2,8478420,8480145
2025020017,2,692,15:17,4:43,1441,left,509,penalty,52,N,-7,0,MIN,slashing,2,8480036,8473604
2025020017,2,785,18:56,1:04,1551,left,509,penalty,52,N,16,-40,MIN,interference,2,8478420,8480145
2025020017,2,793,19:13,0:47,1541,left,509,penalty,52,D,-43,30,MIN,tripping,2,8478420,8480113
2025020017,3,912,7:47,12:13,1551,right,509,penalty,25,O,39,34,MIN,slashing,2,8476460,8484829
2025020017,3,916,7:47,12:13,1551,right,509,penalty,52,D,40,35,MIN,slashing,2,8484829,8476460
2025020017,3,937,9:27,10:33,1441,right,509,penalty,52,D,59,-39,MIN,hooking,2,8481581,8477504
2025020017,3,1040,17:04,2:56,1551,right,509,penalty,25,D,-35,39,MIN,delaying-game-puck-over-glass,2,,
2025020018,1,516,18:09,1:51,1551,right,509,penalty,21,O,-80,39,MIN,interference,2,8474013,8476455
2025020018,2,646,6:37,13:23,1551,left,509,penalty,68,N,20,21,MIN,tripping,2,8476455,8479293
2025020018,2,699,10:40,9:20,1560,left,509,penalty,68,D,74,39,MIN,tripping,2,8476455,8477220
2025020018,2,811,17:44,2:16,1551,left,509,penalty,21,D,-47,23,MIN,slashing,2,8479977,8480448
2025020018,3,888,1:53,18:07,1551,right,509,penalty,68,D,-75,12,MIN,interference,2,8479525,8474013
2025020018,3,929,4:51,15:09,1551,right,509,penalty,21,D,98,-1,MIN,interference,2,8479343,8476312
2025020018,3,1034,11:40,8:20,1551,right,509,penalty,68,D,-36,-37,MIN,delaying-game-puck-over-glass,2,,
2025020019,1,158,6:25,13:35,1551,right,509,penalty,23,N,11,39,BEN,too-many-men-on-the-ice,2,,
2025020019,1,392,15:50,4:10,1551,right,509,penalty,20,D,-85,34,MIN,hooking,2,8483476,8479402
2025020019,2,443,0:20,19:40,1551,left,509,penalty,20,D,46,40,MIN,boarding,2,8480012,8477346
2025020019,2,607,4:33,15:27,1551,left,509,penalty,23,N,-6,-40,MIN,boarding,2,8482074,8483678
2025020019,2,690,11:01,8:59,1551,left,509,penalty,20,D,75,4,MIN,high-sticking,2,8482055,8481167
2025020019,2,780,17:52,2:08,0651,left,509,penalty,23,D,-58,39,MIN,holding-the-stick,2,8478397,8482055
2025020019,3,819,0:35,19:25,0651,right,509,penalty,23,N,-20,-6,MIN,tripping,2,8482074,8480078
2025020019,3,879,5:17,14:43,1560,right,509,penalty,20,N,3,-39,MIN,hooking,2,8483476,8482679
2025020019,3,982,9:24,10:36,1551,right,509,penalty,23,O,-88,32,MIN,roughing,2,8477346,8480748
2025020019,3,986,9:24,10:36,1551,right,509,penalty,20,D,-90,33,MIN,roughing,2,8480748,8477346
2025020020,1,301,10:53,9:07,0651,left,509,penalty,28,D,-68,-42,MIN,high-sticking,2,8478403,8482166
2025020020,2,559,2:35,17:25,1551,right,509,penalty,54,O,95,-26,MIN,cross-checking,2,8484801,8476448
2025020020,2,597,5:38,14:22,1551,right,509,penalty,54,D,-62,-42,MIN,boarding,2,8480848,8476881
2025020020,2,605,6:31,13:29,1451,right,509,penalty,54,D,-70,-10,MIN,slashing,2,8484801,8478483
2025020020,2,706,14:15,5:45,1551,right,509,penalty,28,D,69,2,MIN,hooking,2,8481604,8482166
2025020020,2,749,16:55,3:05,1551,right,509,penalty,28,D,85,3,MIN,hooking,2,8479353,8478874
2025020020,3,899,7:33,12:27,1551,left,509,penalty,54,O,-69,38,MIN,illegal-check-to-head,2,8475784,8476881
2025020020,3,992,15:02,4:58,1551,left,509,penalty,28,D,-34,-38,MIN,hooking,2,8476925,8484227
2025020021,2,749,11:07,8:53,1551,right,509,penalty,24,O,65,22,MIN,slashing,2,8482665,8483445
2025020021,2,804,15:38,4:22,1551,right,509,penalty,55,D,72,-7,MIN,interference,2,8478873,8476467
2025020021,3,969,6:43,13:17,1551,left,509,penalty,24,D,55,22,MIN,interference,2,8482751,8478366
2025020022,1,154,3:25,16:35,1551,right,509,penalty,26,D,-59,-38,MIN,holding,2,8476460,8482124
2025020022,1,227,9:26,10:34,1551,right,509,penalty,26,N,-18,-27,MAJ,fighting,5,8474568,8482408
2025020022,1,232,9:26,10:34,1551,right,509,penalty,52,N,-16,-30,MAJ,fighting,5,8482408,8474568
2025020022,1,246,10:17,9:43,1551,right,509,penalty,26,D,-77,0,MIN,cross-checking,2,8476460,8475208
2025020022,1,378,13:10,6:50,1551,right,509,penalty,26,O,85,36,MIN,high-sticking,2,8476331,8482155
2025020022,2,666,9:30,10:30,1551,left,509,penalty,52,O,25,-36,MIN,roughing,2,8477942,8476331
2025020022,2,763,16:52,3:08,1551,left,509,penalty,52,O,79,2,MIN,tripping,2,8482730,8478398
2025020022,3,814,0:31,19:29,1551,right,509,penalty,52,D,69,-6,MIN,hooking,2,8471685,8477504
2025020022,3,841,1:48,18:12,1541,right,509,penalty,26,O,54,25,MIN,holding,2,8476460,8476469
2025020022,3,1074,16:30,3:30,1551,right,509,penalty,52,D,84,4,MIN,roughing,2,8482730,8480145
2025020022,3,1093,19:42,0:18,0651,right,509,penalty,52,O,-25,1,MIN,tripping,2,8477960,8476871
2025020023,1,91,2:29,17:31,1551,right,509,penalty,19,O,66,-41,MIN,holding,2,8479066,8475760
2025020023,1,126,4:54,15:06,1551,right,509,penalty,20,O,-69,-1,MIN,tripping,2,8475170,8476399
2025020023,1,301,10:28,9:32,1551,right,509,penalty,20,D,75,40,MIN,tripping,2,8475764,8482074
2025020023,1,358,13:59,6:01,1551,right,509,penalty,19,O,45,24,MIN,tripping,2,8481167,8481598
2025020023,1,408,17:13,2:47,1551,right,509,penalty,19,O,97,21,MIN,tripping,2,8481068,8477402
2025020023,2,562,3:24,16:36,1551,left,509,penalty,19,D,66,32,MAJ,fighting,5,8479066,8481006
2025020023,2,565,3:24,16:36,1551,left,509,penalty,20,O,57,28,MAJ,fighting,5,8481006,8479066
2025020023,2,580,3:50,16:10,1551,left,509,penalty,19,D,72,9,MIN,slashing,2,8484180,8480023
2025020023,2,609,5:38,14:22,1451,left,509,penalty,19,D,89,-7,MIN,holding,2,8481068,8476892
2025020023,2,732,13:34,6:26,1551,left,509,penalty,20,D,-69,22,MIN,holding,2,8480023,8474150
2025020023,3,869,1:35,18:25,1560,right,509,penalty,19,D,-73,38,MIN,tripping,2,8476399,8480459
2025020023,3,910,4:50,15:10,1551,right,509,penalty,20,N,14,-39,MIN,hooking,2,8477402,8475172
2025020024,1,199,10:41,9:19,1551,left,509,penalty,7,D,54,-40,MIN,hooking,2,8477956,8479982
2025020024,1,338,16:22,3:38,1551,left,509,penalty,7,O,-93,12,MIN,tripping,2,8479325,8483468
2025020024,2,504,0:43,19:17,1551,right,509,penalty,6,D,41,41,MIN,hooking,2,8480839,8479987
2025020024,2,574,5:38,14:22,0651,right,509,penalty,6,D,72,21,MIN,tripping,2,8479420,8483489
2025020024,2,595,7:39,12:21,1551,right,509,penalty,7,D,-83,7,MIN,hooking,2,8480355,8482671
2025020024,2,723,17:50,2:10,1551,right,509,penalty,7,O,77,-4,MIN,interference,2,8480035,8479420
2025020024,2,736,18:46,1:14,1451,right,509,penalty,6,N,24,-35,MIN,interference,2,8477949,8477956
2025020024,3,914,10:07,9:53,1551,left,509,penalty,6,D,-60,34,MIN,tripping,2,8482659,8479325
2025020025,1,335,16:35,3:25,1551,right,509,penalty,10,D,-87,-9,MIN,tripping,2,8477456,8478443
2025020025,3,890,1:02,18:58,1551,right,509,penalty,17,D,90,16,MIN,interference,2,8475166,8484223
2025020025,3,47,1:42,18:18,1541,right,509,penalty,10,O,97,15,MIN,high-sticking,2,8475279,8479318
2025020025,3,963,5:42,14:18,1551,right,509,penalty,10,D,-76,-30,MIN,tripping,2,8482078,8475171
2025020025,3,987,7:21,12:39,1551,right,509,penalty,10,O,63,-2,MIN,holding,2,8481013,8477503
2025020025,3,1047,11:54,8:06,1551,right,509,penalty,10,N,-21,12,MIN,roughing,2,8482762,8482259
2025020025,3,1043,11:54,8:06,1551,right,509,penalty,17,N,-20,6,MIN,roughing,2,8482259,8482762
2025020025,3,1086,14:56,5:04,1551,right,509,penalty,17,O,-75,-38,MIN,holding,2,8481122,8481013
2025020026,1,104,3:41,16:19,1551,left,509,penalty,14,D,-82,5,MIN,roughing,2,8482110,8482090
2025020026,1,25,10:43,9:17,1551,left,509,penalty,14,N,12,-38,MIN,elbowing,2,8478414,8481719
2025020026,1,468,18:33,1:27,0651,left,509,penalty,14,D,-88,33,MIN,boarding,2,8476292,8478416
2025020026,2,648,8:37,11:23,1551,right,509,penalty,1,D,-86,-12,MIN,delaying-game,2,,
2025020026,2,726,14:23,5:37,1551,right,509,penalty,14,N,-2,30,MIN,tripping,2,8476292,8479542
2025020026,3,833,3:21,16:39,1551,left,509,penalty,1,D,72,-39,MIN,tripping,2,8480995,8478399
2025020026,3,1078,18:11,1:49,1560,left,509,penalty,1,D,95,-10,MIN,delaying-game-puck-over-glass,2,,
2025020027,1,220,7:33,12:27,1551,right,509,penalty,13,O,-77,-3,MIN,high-sticking,2,8478020,8482713
2025020027,1,537,19:01,0:59,1551,right,509,penalty,9,O,67,-22,MIN,interference,2,8478542,8482092
2025020027,2,687,5:38,14:22,1551,left,509,penalty,9,N,-20,-19,MIN,tripping,2,8477935,8478020
2025020027,2,844,17:03,2:57,1551,left,509,penalty,9,O,-71,-39,MIN,roughing,2,8478859,8480801
2025020027,3,455,3:42,16:18,1551,right,509,penalty,9,D,-80,39,MIN,high-sticking-double-minor,4,8480185,8478469
2025020027,3,1059,12:41,7:19,0651,right,509,penalty,13,D,70,0,MIN,tripping,2,8474102,8477935
2025020028,1,465,17:47,2:13,0651,left,509,penalty,2,O,82,35,MIN,hooking,2,8481656,8478445
2025020028,2,714,7:44,12:16,1551,right,509,penalty,2,D,52,-38,MIN,tripping,2,8481656,8475151
2025020028,2,857,18:43,1:17,1551,right,509,penalty,15,D,-55,21,MIN,elbowing,2,8485366,8479345
2025020028,3,935,3:26,16:34,1551,left,509,penalty,15,D,70,1,MIN,slashing,2,8481601,8478911
2025020028,3,951,4:28,15:32,1551,left,509,penalty,15,N,14,40,BEN,delaying-game-unsuccessful-challenge,2,,
2025020029,1,263,7:17,12:43,1560,left,509,penalty,3,D,38,40,MIN,tripping,2,8474578,8481704
2025020029,1,400,13:37,6:23,1551,left,509,penalty,3,D,90,-11,MIN,holding,2,8480842,8478882
2025020029,2,703,7:42,12:18,1551,right,509,penalty,5,O,-66,40,MIN,hooking,2,8480001,8485414
2025020029,2,747,11:09,8:51,0651,right,509,penalty,5,D,93,-14,MIN,tripping,2,8476468,8478450
2025020029,2,792,14:22,5:38,1551,right,509,penalty,3,D,-64,39,MIN,hooking,2,8471675,8478882
2025020029,2,818,16:33,3:27,1551,right,509,penalty,5,N,-13,41,BEN,too-many-men-on-the-ice,2,,
2025020029,2,865,19:40,0:20,1551,right,509,penalty,5,N,11,41,MIN,roughing,2,8483690,8484839
2025020029,3,1109,9:32,10:28,1551,left,509,penalty,3,D,88,-20,MIN,slashing,2,8485414,8480001
2025020030,1,202,8:09,11:51,1551,right,509,penalty,4,N,4,42,MIN,interference,2,8478970,8478439
2025020030,1,205,11:08,8:52,1551,right,509,penalty,4,D,-60,10,MIN,tripping,2,8482809,8481178
2025020030,1,210,16:14,3:46,1560,right,509,penalty,4,O,85,-22,MIN,slashing,2,8482809,8480220
2025020030,1,213,17:53,2:07,1451,right,509,penalty,4,D,-80,28,MIN,roughing,2,8482809,8477903
2025020030,1,507,17:53,2:07,1451,right,509,penalty,12,O,-78,16,MIN,roughing,2,8477903,8482809
2025020030,1,536,19:29,0:31,1551,right,509,penalty,12,O,-32,37,MIN,tripping,2,8480220,8478970
2025020030,2,749,13:25,6:35,1551,left,509,penalty,12,D,-81,3,MIN,interference,2,8481553,8480817
2025020030,3,225,2:11,17:49,1551,right,509,penalty,4,N,8,-39,MIN,roughing,2,8477478,8484387
2025020030,3,1044,11:42,8:18,1551,right,509,penalty,12,N,14,40,MIN,tripping,2,8480220,8478970
2025020031,1,100,3:35,16:25,1551,right,509,penalty,16,D,32,-40,MIN,delaying-game-puck-over-glass,2,,
2025020031,1,175,4:51,15:09,1541,right,509,penalty,8,O,78,28,MIN,holding,2,8476473,8480018
2025020031,1,240,9:31,10:29,1551,right,509,penalty,16,D,83,11,MIN,high-sticking,2,8478133,8476891
2025020031,1,256,10:58,9:02,1541,right,509,penalty,16,N,5,35,MIN,interference,2,8482737,8476473
2025020031,1,327,15:40,4:20,1551,right,509,penalty,16,N,9,-34,MIN,tripping,2,8480865,8478043
2025020031,2,508,1:46,18:14,1551,left,509,penalty,16,D,-84,0,MIN,cross-checking,2,8482737,8482176
2025020031,2,35,4:58,15:02,1551,left,509,penalty,16,N,7,-25,MIN,instigator,2,8482087,8481806
2025020031,2,613,4:58,15:02,1551,left,509,penalty,16,D,-35,-39,MIN,roughing,2,8481618,8482176
2025020031,2,620,4:58,15:02,1551,left,509,penalty,8,O,-34,-40,MIN,roughing,2,8482176,8481618
2025020031,2,603,4:58,15:02,1551,left,509,penalty,8,N,16,-28,MAJ,fighting,5,8481806,8482087
2025020031,2,606,4:58,15:02,1551,left,509,penalty,16,N,22,-32,MAJ,fighting,5,8482087,8481806
2025020031,2,33,4:58,15:02,1551,left,509,penalty,16,N,14,-28,MIS,instigator-misconduct,10,,
2025020031,2,677,8:29,11:31,1551,left,509,penalty,8,D,79,-1,MIN,roughing,2,8482703,8482964
2025020031,2,692,9:35,10:25,1551,left,509,penalty,16,O,70,-34,MIN,tripping,2,8483457,8478043
2025020031,2,44,12:12,7:48,1551,left,509,penalty,16,O,91,16,MIN,unsportsmanlike-conduct,2,8478851,8484144
2025020031,2,730,12:12,7:48,1551,left,509,penalty,16,O,95,16,MIN,roughing,2,8478851,8484144
2025020031,2,734,12:12,7:48,1551,left,509,penalty,8,D,92,16,MIN,roughing,2,8484144,8478851
2025020031,2,812,18:08,1:52,1551,left,509,penalty,16,N,-10,-35,MIN,tripping,2,8476981,8482703
2025020031,3,862,1:47,18:13,0651,right,509,penalty,16,D,27,15,MIN,tripping,2,8476981,8476473
2025020031,3,907,5:31,14:29,1551,right,509,penalty,8,D,-67,-6,MIN,hooking,2,8483493,8482087
2025020031,3,1021,13:41,6:19,1551,right,509,penalty,8,D,-79,10,MIN,high-sticking,2,8483493,8480865
2025020032,1,335,13:06,6:54,0651,left,509,penalty,18,N,23,6,MIN,interference,2,8475461,8474564
2025020032,1,501,13:06,6:54,0651,left,509,penalty,18,N,-17,-38,MIN,abuse-of-officials,2,,
2025020032,1,448,18:29,1:31,1551,left,509,penalty,18,D,-60,22,MIN,tripping,2,8482699,8475287
2025020032,2,619,3:26,16:34,1560,right,509,penalty,68,D,-57,-38,MIN,high-sticking,2,8478047,8484386
2025020032,2,688,8:30,11:30,1551,right,509,penalty,68,D,-74,-9,MIN,slashing,2,8481056,8478831
2025020032,2,703,9:30,10:30,1451,right,509,penalty,18,O,-99,5,MIN,roughing,2,8480855,8476539
2025020032,2,706,9:30,10:30,1451,right,509,penalty,68,D,-98,3,MIN,roughing,2,8476539,8480855
2025020032,2,724,10:45,9:15,1551,right,509,penalty,68,D,-38,-40,MIN,tripping,2,8474564,8480434
2025020032,2,741,12:29,7:31,1451,right,509,penalty,18,O,-97,-9,MIN,high-sticking,2,8474013,8474564
2025020032,2,454,12:29,7:31,1451,right,509,penalty,68,D,-77,-17,MIN,tripping,2,8474564,8474013
2025020032,2,829,19:13,0:47,1551,right,509,penalty,68,O,79,-21,MIN,tripping,2,8481056,8477951
2025020032,3,925,4:54,15:06,0651,left,509,penalty,18,D,-79,-12,MIN,hooking,2,8482699,8482482
2025020032,3,1033,8:37,11:23,1551,left,509,penalty,68,O,-34,25,MIN,high-sticking,2,8474600,8480434
2025020033,1,281,9:05,10:55,1551,right,509,penalty,29,D,-85,36,MIN,slashing,2,8474567,8481716
2025020033,1,307,10:50,9:10,1451,right,509,penalty,29,D,-87,-31,MIN,delaying-game-puck-over-glass,2,,
2025020033,2,569,5:45,14:15,1551,left,509,penalty,29,D,86,-19,MIN,holding,2,8475220,8475790
2025020033,2,43,6:18,13:42,1551,left,509,penalty,29,N,0,-40,BEN,delaying-game-unsuccessful-challenge,2,,
2025020033,2,606,7:47,12:13,1451,left,509,penalty,29,D,70,21,MIN,delaying-game-puck-over-glass,2,,
2025020033,2,721,12:37,7:23,1551,left,509,penalty,30,D,-94,-25,MIN,holding-the-stick,2,8479671,8478136
2025020033,3,839,1:35,18:25,1551,right,509,penalty,30,O,-60,-39,MIN,tripping,2,8479671,8478493
2025020033,3,859,2:13,17:47,1541,right,509,penalty,30,D,35,-38,MIN,hooking,2,8477497,8478136
2025020033,3,913,6:13,13:47,1551,right,509,penalty,29,D,-69,-41,MIN,closing-hand-on-puck,2,,
2025020033,3,952,9:11,10:49,1551,right,509,penalty,29,N,-15,41,BEN,too-many-men-on-the-ice,2,,
2025020033,3,1006,14:04,5:56,1551,right,509,penalty,29,D,-81,-25,MIN,delaying-game-puck-over-glass,2,,
2025020034,1,189,8:19,11:41,1551,right,509,penalty,25,D,-70,-3,MIN,hooking,2,8475754,8483425
2025020034,1,233,11:40,8:20,1551,right,509,penalty,21,N,8,34,MIN,high-sticking,2,8482740,8476312
2025020034,1,267,14:22,5:38,1551,right,509,penalty,25,D,-77,-1,MIN,cross-checking,2,8480039,8481581
2025020034,2,453,0:15,19:45,1551,left,509,penalty,25,O,-92,6,MIN,high-sticking,2,8480069,8478420
2025020034,2,603,4:41,15:19,1551,left,509,penalty,25,D,94,6,MAJ,fighting,5,8479525,8484829
2025020034,2,499,4:41,15:19,1551,left,509,penalty,21,O,92,7,MAJ,fighting,5,8484829,8479525
2025020034,2,694,11:13,8:47,1551,left,509,penalty,21,N,10,-23,MIN,tripping,2,8480027,8480069
2025020034,3,909,7:38,12:22,1551,right,509,penalty,25,D,-73,4,MIN,high-sticking-double-minor,4,8481641,8480950
2025020035,1,308,11:24,8:36,1551,left,509,penalty,23,D,90,21,MIN,holding,2,8478402,8475762
2025020035,1,382,17:07,2:53,1551,left,509,penalty,23,O,-62,39,MIN,high-sticking,2,8485493,8475169
2025020035,1,401,18:40,1:20,1451,left,509,penalty,22,O,67,41,MIN,tripping,2,8482691,8479365
2025020035,2,577,9:55,10:05,1551,right,509,penalty,23,D,-38,-24,MIN,tripping,2,8477934,8480748
2025020035,2,667,17:33,2:27,1551,right,509,penalty,22,D,69,16,MIN,unsportsmanlike-conduct,2,8475169,8477498
2025020035,2,671,17:33,2:27,1551,right,509,penalty,23,O,67,15,MIN,unsportsmanlike-conduct,2,8477498,8475169
2025020035,3,867,9:07,10:53,1551,left,509,penalty,23,D,75,41,MIN,delaying-game-puck-over-glass,2,,
2025020035,3,938,14:00,6:00,1551,left,509,penalty,23,O,-87,36,MIN,tripping,2,8479365,8480078
2025020035,3,974,16:55,3:05,1551,left,509,penalty,22,D,-98,10,MIN,cross-checking,2,8475169,8481491
2025020036,1,332,13:28,6:32,1551,left,509,penalty,28,N,-7,-24,MIN,tripping,2,8475798,8475200
2025020036,1,18,15:16,4:44,1551,left,509,penalty,28,D,-34,-27,MAJ,fighting,5,8477527,8471817
2025020036,1,21,15:16,4:44,1551,left,509,penalty,24,O,-33,-25,MAJ,fighting,5,8471817,8477527
2025020036,1,426,16:13,3:47,0651,left,509,penalty,28,D,-87,7,MIN,holding,2,8478366,8475906
2025020036,2,559,2:36,17:24,1551,right,509,penalty,28,O,-95,16,MIN,cross-checking,2,8482803,8478874
2025020036,2,643,8:54,11:06,1551,right,509,penalty,24,N,-15,41,MIN,hooking,2,8475784,8482803
2025020036,2,668,9:58,10:02,1451,right,509,penalty,24,D,-69,-1,MIN,delaying-game-puck-over-glass,2,,
2025020036,2,708,12:53,7:07,1551,right,509,penalty,24,N,-20,23,MIN,delaying-game-face-off-violation,2,,
2025020036,2,746,16:35,3:25,1551,right,509,penalty,24,O,71,13,MIN,high-sticking,2,8480848,8482745
2025020036,2,775,18:07,1:53,1551,right,509,penalty,28,D,82,-36,MIN,interference,2,8473986,8480043
2025020037,2,466,0:32,19:28,1551,right,509,penalty,54,O,60,-1,MIN,hooking,2,8477919,8476925
2025020037,2,575,4:47,15:13,1551,right,509,penalty,55,O,-56,40,MIN,cross-checking,2,8475913,8476467
2025020037,2,603,7:17,12:43,1551,right,509,penalty,54,D,-97,23,MIN,interference,2,8477955,8475188
2025020037,2,664,11:32,8:28,1551,right,509,penalty,55,O,-42,39,MAJ,fighting,5,8477018,8477986
2025020037,2,661,11:32,8:28,1551,right,509,penalty,54,D,-42,40,MAJ,fighting,5,8477986,8477018
2025020037,2,702,14:48,5:12,1551,right,509,penalty,54,D,-92,-33,MIN,tripping,2,8483497,8478468
2025020037,2,780,19:49,0:11,1551,right,509,penalty,55,N,-21,-40,MIN,holding,2,8477018,8474586
2025020037,3,830,3:26,16:34,1551,left,509,penalty,55,O,93,29,MIN,tripping,2,8480727,8482751
2025020038,2,708,15:18,4:42,1551,left,509,penalty,15,D,82,19,MIN,tripping,2,8477839,8476880
2025020038,2,741,17:42,2:18,1551,left,509,penalty,15,O,-34,22,MIN,hooking,2,8475842,8478463
2025020038,3,806,3:35,16:25,1551,right,509,penalty,3,D,92,-26,MIN,tripping,2,8479400,8476468
2025020039,1,127,4:38,15:22,1560,left,509,penalty,21,O,-71,-9,MIN,tripping,2,8482097,8480835
2025020039,1,233,8:56,11:04,1551,left,509,penalty,21,N,23,40,BEN,too-many-men-on-the-ice,2,,
2025020039,1,348,13:42,6:18,0651,left,509,penalty,7,D,-75,1,MIN,interference,2,8480039,8480839
2025020039,1,513,18:15,1:45,1551,left,509,penalty,21,D,95,-8,MIN,slashing,2,8475722,8480069
2025020039,2,661,8:54,11:06,1551,right,509,penalty,7,D,61,0,MIN,tripping,2,8480069,8477949
2025020039,2,696,11:38,8:22,1551,right,509,penalty,21,D,-62,0,MIN,tripping,2,8477949,8470613
2025020039,2,700,11:38,8:22,1551,right,509,penalty,7,O,-64,-2,MIN,embellishment,2,,
2025020039,3,959,10:08,9:52,1551,left,509,penalty,7,D,-60,-17,MIN,interference,2,8477501,8480839
2025020039,3,1039,16:12,3:48,1551,left,509,penalty,7,D,-94,18,MIN,delaying-game-puck-over-glass,2,,
2025020040,1,83,2:16,17:44,1551,left,509,penalty,14,D,70,-24,MIN,hooking,2,8479999,8482929
2025020040,1,106,3:46,16:14,1451,left,509,penalty,6,O,87,17,MIN,cross-checking,2,8475167,8478042
2025020040,2,674,6:41,13:19,1551,right,509,penalty,14,D,-76,3,MIN,holding,2,8480355,8480995
2025020040,2,778,10:34,9:26,1551,right,509,penalty,14,D,-98,-12,MIN,holding,2,8479591,8482929
2025020040,2,781,10:34,9:26,1551,right,509,penalty,6,O,-75,5,MIN,roughing-removing-opponents-helmet,2,8482929,8479591
2025020040,2,830,14:24,5:36,1551,right,509,penalty,14,O,83,-27,MIN,tripping,2,8482511,8480995
2025020040,3,992,6:05,13:55,1551,left,509,penalty,14,N,20,15,MIN,tripping,2,8478042,8482201
2025020040,3,552,10:03,9:57,0651,left,509,penalty,6,O,28,7,MIN,holding,2,8482655,8479661
2025020040,3,1167,19:36,0:24,1560,left,509,penalty,14,D,88,-24,MIN,roughing,2,8478042,8478010
2025020040,3,1173,19:36,0:24,1560,left,509,penalty,6,O,87,-30,MIN,roughing,2,8478010,8478042
2025020040,3,1183,19:51,0:09,1450,left,509,penalty,14,D,73,36,MIN,hooking,2,8479987,8478416
2025020041,1,92,2:23,17:37,1551,left,509,penalty,9,D,-87,-34,MIN,delaying-game-puck-over-glass,2,,
2025020041,1,117,4:01,15:59,1541,left,509,penalty,18,O,-40,29,MIN,interference,2,8482092,8482768
2025020041,1,132,5:24,14:36,1451,left,509,penalty,18,D,96,11,MIN,cross-checking,2,8480801,8474600
2025020041,1,301,9:33,10:27,1551,left,509,penalty,9,D,-76,-38,MIN,holding,2,8476887,8481596
2025020041,1,421,14:41,5:19,1551,left,509,penalty,18,D,76,-4,MIN,cross-checking,2,8476393,8480246
2025020041,1,447,16:52,3:08,1551,left,509,penalty,9,N,-15,41,BEN,bench,2,,
2025020041,1,540,19:50,0:10,1551,left,509,penalty,9,D,-97,-16,MIN,cross-checking,2,8478047,8482095
2025020041,2,791,16:53,3:07,1551,right,509,penalty,18,D,-76,1,MIN,hooking,2,8478020,8475287
2025020041,2,811,17:31,2:29,1451,right,509,penalty,9,O,-79,25,MIN,hooking,2,8476869,8481596
2025020041,3,1076,11:16,8:44,1551,left,509,penalty,9,O,98,-12,MIN,tripping,2,8476869,8474102
2025020041,3,1158,17:49,2:11,1560,left,509,penalty,18,D,43,-39,MIN,tripping,2,8482116,8475287
2025020042,1,177,4:52,15:08,0651,left,509,penalty,2,O,97,0,MIN,slashing,2,8480145,8475314
2025020042,1,237,9:50,10:10,1551,left,509,penalty,2,D,-67,-27,MIN,interference,2,8474679,8475231
2025020042,1,321,12:33,7:27,1551,left,509,penalty,52,D,69,-22,MIN,interference,2,8484958,8481043
2025020042,1,411,15:58,4:02,1551,left,509,penalty,52,D,82,-15,MIN,tripping,2,8477500,8476525
2025020042,2,41,7:56,12:04,1551,right,509,penalty,52,O,68,33,MIN,tripping,2,8485702,8479378
2025020042,2,651,10:29,9:31,1551,right,509,penalty,52,N,12,39,BEN,too-many-men-on-the-ice,2,,
2025020042,2,50,17:38,2:22,1551,right,509,penalty,2,D,75,-1,MIN,cross-checking,2,8480014,8476429
2025020042,2,506,19:55,0:05,1551,right,509,penalty,52,O,44,2,MIN,high-sticking,2,8485366,8476460
2025020043,1,361,16:53,3:07,1551,right,509,penalty,10,D,91,32,MIN,cross-checking,2,8477456,8476853
2025020043,1,391,18:42,1:18,1541,right,509,penalty,10,D,76,-1,MIN,delaying-game-puck-over-glass,2,,
2025020043,2,706,13:57,6:03,0651,left,509,penalty,10,D,-55,41,MIN,hooking,2,8474141,8481122
2025020043,2,722,15:22,4:38,1550,left,509,penalty,17,D,46,-11,MIN,interference,2,8482720,8477946
2025020043,2,749,17:31,2:29,1551,left,509,penalty,10,N,1,-38,BEN,too-many-men-on-the-ice,2,,
2025020043,3,1001,10:39,9:21,1551,right,509,penalty,17,O,82,-34,MIN,high-sticking,2,8475171,8477946
2025020043,3,1064,14:59,5:01,1551,right,509,penalty,17,O,69,19,MIN,embellishment,2,,
2025020043,3,1068,14:59,5:01,1551,right,509,penalty,10,D,74,16,MIN,high-sticking,2,8477946,8475171
2025020044,1,71,1:23,18:37,1551,right,509,penalty,13,D,-67,-8,MIN,slashing,2,8477989,8477932
2025020044,1,120,4:30,15:30,1551,right,509,penalty,4,O,-55,25,MIN,slashing,2,8478055,8480015
2025020044,2,481,2:57,17:03,1551,left,509,penalty,4,O,87,32,MIN,hooking,2,8484304,8476461
2025020044,2,630,6:33,13:27,1551,left,509,penalty,13,N,0,36,MIN,tripping,2,8484779,8477935
2025020044,2,704,12:31,7:29,1551,left,509,penalty,13,O,-25,40,MIN,holding,2,8482142,8480003
2025020044,2,776,18:05,1:55,1551,left,509,penalty,13,D,78,-30,MIN,delaying-game-puck-over-glass,2,,
2025020044,3,818,1:01,18:59,1551,right,509,penalty,4,N,-3,0,MIN,hooking,2,8478055,8484387
2025020044,3,909,9:00,11:00,0651,right,509,penalty,4,D,65,39,MIN,tripping,2,8473419,8480015
2025020044,3,950,12:33,7:27,1551,right,509,penalty,4,O,-85,-2,MIN,interference-goalkeeper,2,8480193,8477903
2025020044,3,962,13:38,6:22,1541,right,509,penalty,13,O,88,32,MIN,slashing,2,8478454,8477935
2025020045,1,15,6:08,13:52,1551,left,509,penalty,1,D,82,0,MIN,high-sticking-double-minor,4,8477425,8476462
2025020045,1,21,12:18,7:42,1551,left,509,penalty,1,D,98,11,MIN,hooking,2,8479671,8477488
2025020045,1,384,13:47,6:13,1451,left,509,penalty,29,N,17,38,MIN,hooking,2,8482110,8484166
2025020045,2,665,9:13,10:47,1551,right,509,penalty,29,O,-75,-10,MIN,hooking,2,8482684,8482705
2025020045,2,731,14:49,5:11,1551,right,509,penalty,1,D,-92,-28,MIN,hooking,2,8476432,8483495
2025020045,3,860,4:42,15:18,1551,left,509,penalty,1,D,49,0,MIN,holding,2,8484166,8481721
2025020046,2,562,7:45,12:15,1551,left,509,penalty,23,D,-65,20,MIN,hooking,2,8477402,8480012
2025020046,2,612,11:18,8:42,1551,left,509,penalty,23,D,-48,-21,MIN,high-sticking,2,8479385,8479425
2025020046,3,915,5:37,14:23,1551,right,509,penalty,23,D,41,17,MIN,tripping,2,8483516,8482055
2025020046,3,952,7:59,12:01,1560,right,509,penalty,19,N,-19,38,MIN,holding,2,8482055,8482077
2025020047,1,130,5:16,14:44,1551,right,509,penalty,26,O,96,10,MIN,interference,2,8476463,8477998
2025020047,1,217,12:14,7:46,1551,right,509,penalty,26,D,-80,0,MIN,cross-checking,2,8477451,8483808
2025020047,1,305,15:00,5:00,1551,right,509,penalty,26,D,-48,31,MIN,delaying-game-puck-over-glass,2,,
2025020047,1,315,15:18,4:42,1451,right,509,penalty,26,D,-61,1,MIN,hooking,2,8478864,8477960
2025020047,2,548,1:40,18:20,1551,left,509,penalty,30,O,91,-27,MIN,holding,2,8479998,8475220
2025020047,2,636,9:36,10:24,1551,left,509,penalty,26,D,70,4,MIN,tripping,2,8475220,8481532
2025020047,3,842,5:21,14:39,1551,right,509,penalty,30,D,72,36,MIN,tripping,2,8477998,8475149
2025020047,3,980,15:26,4:34,1551,right,509,penalty,26,D,-78,5,MIN,hooking,2,8478493,8477960
2025020047,4,1066,3:35,1:25,0431,left,509,penalty,30,D,-81,-9,MIN,slashing,2,8482730,8481557
2025020048,1,183,4:58,15:02,1551,right,509,penalty,68,D,-61,-7,MIN,holding,2,8482703,8484386
2025020048,1,269,7:24,12:36,1551,right,509,penalty,16,N,-11,36,MIN,tripping,2,8479343,8481806
2025020048,2,702,10:59,9:01,1551,left,509,penalty,16,N,-24,-41,MIN,delaying-game-puck-over-glass,2,,
2025020048,3,929,8:02,11:58,1560,right,509,penalty,68,D,-63,-37,MIN,hooking,2,8484144,8479410
2025020048,3,976,11:41,8:19,1551,right,509,penalty,16,N,18,-19,MIN,holding,2,8478474,8484144
2025020048,3,1055,16:56,3:04,1551,right,509,penalty,68,O,52,26,MIN,high-sticking,2,8483493,8478507
2025020049,1,315,15:01,4:59,1551,right,509,penalty,10,D,70,-3,MIN,hooking,2,8482768,8478462
2025020049,2,557,5:40,14:20,1551,left,509,penalty,10,D,-67,-27,MIN,hooking,2,8482768,8482720
2025020049,2,770,17:44,2:16,1551,left,509,penalty,18,O,-95,-12,MIN,roughing,2,8478443,8477446
2025020049,2,774,17:44,2:16,1551,left,509,penalty,10,D,-96,-11,MIN,roughing,2,8477446,8478443
2025020049,3,864,3:28,16:32,1551,right,509,penalty,18,O,82,-7,MIN,interference,2,8484158,8482103
2025020049,3,977,11:42,8:18,1551,right,509,penalty,18,N,-21,-34,MIN,holding,2,8482720,8482482
2025020050,1,147,6:32,13:28,1551,right,509,penalty,55,D,-59,29,MIN,tripping,2,8481540,8479372
2025020050,1,194,10:01,9:59,1551,right,509,penalty,8,O,-76,0,MIN,slashing,2,8476905,8481540
2025020050,1,256,11:06,8:54,1541,right,509,penalty,55,O,47,11,MIN,interference,2,8478133,8478407
2025020050,1,264,11:40,8:20,1441,right,509,penalty,8,O,-39,6,MIN,interference,2,8480009,8484984
2025020050,2,457,2:09,17:51,1551,left,509,penalty,8,D,-38,39,MIN,tripping,2,8476467,8476875
2025020050,2,641,11:38,8:22,1551,left,509,penalty,8,D,-43,40,MIN,hooking,2,8476467,8483515
2025020050,3,961,15:14,4:46,1560,right,509,penalty,55,D,-52,33,MIN,holding,2,8478851,8478975
2025020051,2,650,10:33,9:27,1551,left,509,penalty,22,D,40,29,MIN,holding-the-stick,2,8477380,8479442
2025020051,2,675,12:22,7:38,1451,left,509,penalty,22,N,7,40,MIN,high-sticking,2,8482073,8477934
2025020051,3,878,8:19,11:41,1551,right,509,penalty,22,O,90,-16,MIN,high-sticking,2,8478882,8476967
2025020052,1,223,13:58,6:02,1551,right,509,penalty,14,D,-48,-38,MIN,hooking,2,8478440,8476453
2025020052,2,601,6:18,13:42,1551,left,509,penalty,14,O,-48,18,MIN,tripping,2,8475343,8482929
2025020052,2,804,13:47,6:13,1551,left,509,penalty,15,O,91,-26,MIN,slashing,2,8475167,8484186
2025020052,2,879,19:26,0:34,0651,left,509,penalty,15,N,5,36,MIN,slashing,2,8482655,8471214
2025020052,3,941,3:35,16:25,1551,right,509,penalty,14,D,-66,40,MIN,cross-checking,2,8484186,8482929
2025020052,3,965,5:22,14:38,1551,right,509,penalty,14,O,73,4,MIN,roughing,2,8479345,8480876
2025020052,3,969,5:22,14:38,1551,right,509,penalty,15,D,72,3,MIN,roughing,2,8480876,8479345
2025020052,3,972,5:22,14:38,1551,right,509,penalty,15,D,74,5,MIN,roughing,2,8483447,8477845
2025020052,3,975,5:22,14:38,1551,right,509,penalty,14,O,73,5,MIN,roughing,2,8477845,8483447
2025020053,2,651,5:37,14:23,1551,left,509,penalty,54,D,81,4,MIN,hooking,2,8484180,8481527
2025020053,2,664,6:20,13:40,1451,left,509,penalty,20,O,92,-6,MIN,interference,2,8475188,8475172
2025020053,2,809,16:48,3:12,0651,left,509,penalty,20,D,-92,-16,MIN,hooking,2,8477964,8480860
2025020053,3,1023,12:02,7:58,1551,right,509,penalty,20,O,-69,-26,MIN,tripping,2,8476925,8477346
2025020053,3,1027,12:02,7:58,1551,right,509,penalty,54,N,-22,31,MIN,elbowing,2,8484768,8476925
2025020054,1,310,15:47,4:13,1551,right,509,penalty,30,D,-63,-12,MIN,tripping,2,8475168,8478493
2025020054,1,463,19:37,0:23,1551,right,509,penalty,30,N,21,-22,MIN,interference,2,8480036,8477451
2025020054,2,572,4:51,15:09,1551,left,509,penalty,25,D,-98,0,MIN,holding,2,8475765,8480878
2025020054,2,737,18:51,1:09,0651,left,509,penalty,25,D,-42,38,MIN,holding,2,8476463,8484829
2025020054,3,784,2:19,17:41,1551,right,509,penalty,25,O,-90,31,MIN,instigator,2,8478136,8475755
2025020054,3,780,2:19,17:41,1551,right,509,penalty,30,D,-88,34,MAJ,fighting,5,8475755,8478136
2025020054,3,353,2:19,17:41,1551,right,509,penalty,25,O,-87,35,MAJ,fighting,5,8478136,8475755
2025020054,3,358,2:19,17:41,1551,right,509,penalty,25,O,-85,35,MIS,instigator-misconduct,10,,
2025020054,3,795,2:36,17:24,1541,right,509,penalty,25,D,77,1,MIN,holding,2,8478493,8476278
2025020054,3,799,2:36,17:24,1541,right,509,penalty,30,O,79,1,MIN,interference,2,8476278,8478493
2025020054,3,922,12:33,7:27,1551,right,509,penalty,25,D,79,-36,MIN,holding,2,8484798,8476278
2025020055,1,59,0:25,19:35,1551,left,509,penalty,12,D,93,-11,MIN,slashing,2,8484801,8480817
2025020055,1,270,11:31,8:29,1551,left,509,penalty,12,D,76,11,MIN,slashing,2,8475784,8476906
2025020055,1,430,15:41,4:19,1551,left,509,penalty,12,O,-74,-41,MIN,boarding,2,8479983,8477478
2025020055,1,447,17:04,2:56,1451,left,509,penalty,28,D,-75,-5,MIN,slashing,2,8478427,8484227
2025020055,2,613,5:55,14:05,1551,right,509,penalty,28,N,23,20,MIN,hooking,2,8482809,8478874
2025020055,2,641,8:09,11:51,1551,right,509,penalty,12,O,97,-21,MIN,hooking,2,8480848,8482809
2025020055,3,923,8:23,11:37,1551,left,509,penalty,28,O,84,-39,MIN,roughing,2,8482100,8484806
2025020055,3,560,8:23,11:37,1551,left,509,penalty,28,O,31,-24,MIN,tripping,2,8476906,8484806
2025020055,3,927,8:23,11:37,1551,left,509,penalty,12,D,86,-37,MIN,roughing,2,8484806,8482100
2025020055,3,998,13:52,6:08,1551,left,509,penalty,12,D,34,-32,MIN,hooking,2,8477505,8480336
2025020056,1,152,3:26,16:34,1551,left,509,penalty,5,D,98,1,MIN,holding,2,8484762,8476856
2025020056,1,285,8:52,11:08,1551,left,509,penalty,5,N,10,-40,MIN,hooking,2,8482803,8471675
2025020056,2,512,0:55,19:05,1551,right,509,penalty,5,N,20,-39,MIN,slashing,2,8483490,8476483
2025020056,2,815,17:01,2:59,1551,right,509,penalty,24,N,1,-39,BEN,delaying-game-unsuccessful-challenge,2,,
2025020056,3,908,3:18,16:42,1551,left,509,penalty,5,D,58,-18,MIN,high-sticking,2,8481605,8474578
2025020056,3,1096,18:26,1:34,1551,left,509,penalty,5,N,10,-40,MIN,delaying-game-puck-over-glass,2,,
2025020056,3,1117,19:48,0:12,0651,left,509,penalty,5,O,-30,-34,MIN,interference,2,8484762,8471724
2025020057,1,203,6:36,13:24,1551,left,509,penalty,9,O,-95,25,MIN,holding,2,8480839,8480188
2025020057,1,303,10:09,9:51,0651,left,509,penalty,7,D,-77,-4,MIN,interference,2,8480245,8481564
2025020057,1,347,13:21,6:39,1551,left,509,penalty,7,D,-56,39,MIN,delaying-game,2,,
2025020057,2,522,2:17,17:43,1551,right,509,penalty,7,D,81,-5,MIN,tripping,2,8480188,8481524
2025020057,2,538,3:58,16:02,1551,right,509,penalty,7,N,-13,40,BEN,delaying-game-unsuccessful-challenge,2,,
2025020057,2,565,5:48,14:12,1541,right,509,penalty,7,D,51,-39,MIN,slashing,2,8474102,8477949
2025020057,2,692,11:03,8:57,1551,right,509,penalty,9,N,15,39,MIN,roughing,2,8479982,8481596
2025020057,2,695,11:03,8:57,1551,right,509,penalty,7,N,10,38,MIN,roughing,2,8481596,8479982
2025020057,2,39,11:03,8:57,1551,right,509,penalty,9,N,14,37,MIN,roughing,2,8481522,8473512
2025020057,2,685,11:03,8:57,1551,right,509,penalty,9,N,11,39,MIN,roughing,2,8481522,8473512
2025020057,2,689,11:03,8:57,1551,right,509,penalty,7,N,15,40,MIN,roughing,2,8473512,8481522
2025020057,2,728,13:12,6:48,1551,right,509,penalty,9,D,-45,-39,MIN,high-sticking,2,8483468,8482092
2025020058,2,609,6:35,13:25,1551,left,509,penalty,17,D,-35,-38,MIN,cross-checking,2,8478542,8483464
2025020058,2,634,8:14,11:46,1541,left,509,penalty,13,O,-82,14,MIN,tripping,2,8477946,8477932
2025020058,2,653,9:30,10:30,1460,left,509,penalty,13,D,84,3,MIN,cross-checking,2,8477946,8478859
2025020058,3,872,3:58,16:02,1551,right,509,penalty,17,D,68,31,MIN,interference,2,8480185,8484223
2025020058,3,995,12:53,7:07,1551,right,509,penalty,13,O,48,-28,MIN,tripping,2,8477946,8473507
2025020059,1,451,18:07,1:53,1551,left,509,penalty,19,N,16,-20,MIN,tripping,2,8477987,8482089
2025020059,2,536,4:32,15:28,1551,right,509,penalty,19,D,85,0,MIN,roughing,2,8483493,8482089
2025020059,2,550,5:27,14:33,1541,right,509,penalty,16,D,-84,0,MIN,slashing,2,8477402,8483506
2025020059,3,842,4:56,15:04,1551,left,509,penalty,19,O,96,-23,MIN,high-sticking,2,8482703,8480023
2025020059,3,964,13:53,6:07,1551,left,509,penalty,16,D,70,0,MIN,cross-checking,2,8478472,8481806
2025020060,1,201,7:21,12:39,1551,left,509,penalty,68,D,-71,-38,MIN,high-sticking,2,8476399,8479410
2025020060,1,250,10:44,9:16,1551,left,509,penalty,68,D,-62,0,MIN,interference,2,8482679,8478831
2025020060,1,294,13:44,6:16,1551,left,509,penalty,20,O,-86,-35,MIN,tripping,2,8477951,8483609
2025020060,1,408,14:34,5:26,1451,left,509,penalty,68,O,73,25,MIN,hooking,2,8484180,8479343
2025020060,1,456,18:01,1:59,1551,left,509,penalty,20,O,-69,-34,MIN,tripping,2,8480849,8480028
2025020060,2,682,6:50,13:10,1551,right,509,penalty,20,D,-75,-37,MIN,interference,2,8477951,8477346
2025020060,2,698,8:10,11:50,1451,right,509,penalty,68,O,-66,6,MIN,cross-checking,2,8480797,8480855
2025020060,2,701,8:10,11:50,1451,right,509,penalty,68,O,-69,4,MIN,roughing,2,8480860,8479977
2025020060,2,704,8:10,11:50,1451,right,509,penalty,20,D,-70,3,MIN,roughing,2,8479977,8480860
2025020060,2,707,8:10,11:50,1451,right,509,penalty,20,D,-70,2,MIN,roughing,2,8480855,8480797
2025020060,2,723,9:32,10:28,1560,right,509,penalty,20,D,-69,16,MIN,hooking,2,8477951,8476399
2025020060,2,754,11:38,8:22,1551,right,509,penalty,68,O,-67,-15,MAJ,fighting,5,8483609,8480855
2025020060,2,751,11:38,8:22,1551,right,509,penalty,20,D,-62,-18,MAJ,fighting,5,8480855,8483609
2025020060,2,789,13:48,6:12,1551,right,509,penalty,20,D,-69,-26,MIN,tripping,2,8482699,8481167
2025020060,3,921,2:57,17:03,1551,left,509,penalty,20,O,-53,41,MIN,roughing,2,8483431,8474150
2025020060,3,49,10:47,9:13,1551,left,509,penalty,68,D,-83,4,MIN,tripping,2,8475172,8478872
2025020061,1,113,4:20,15:40,1560,right,509,penalty,3,D,-59,-32,MIN,hooking,2,8476931,8478550
2025020061,1,152,7:22,12:38,1551,right,509,penalty,10,O,-85,0,MIN,roughing,2,8482157,8478057
2025020061,1,196,10:00,10:00,1551,right,509,penalty,3,D,-29,-32,MIN,hooking,2,8475166,8482157
2025020061,1,333,15:43,4:17,0651,right,509,penalty,10,D,56,-22,MIN,tripping,2,8478550,8482720
2025020061,2,738,13:58,6:02,1551,left,509,penalty,10,D,-87,28,MIN,tripping,2,8477839,8481122
2025020062,1,157,3:27,16:33,1551,right,509,penalty,18,N,3,32,MIN,hooking,2,8479339,8479370
2025020062,2,477,4:46,15:14,1551,left,509,penalty,18,O,-51,13,MIN,slashing,2,8476875,8482062
2025020062,2,637,10:05,9:55,0651,left,509,penalty,8,D,-72,-12,MIN,hooking,2,8479370,8482737
2025020062,2,786,18:25,1:35,1551,left,509,penalty,8,O,85,34,MIN,holding-the-stick,2,8481056,8484984
2025020062,3,983,14:18,5:42,1551,right,509,penalty,18,D,-83,-36,MIN,tripping,2,8481523,8477446
2025020063,1,180,5:35,14:25,1560,left,509,penalty,55,D,55,-18,MIN,slashing,2,8480208,8476457
2025020063,1,273,8:05,11:55,1551,left,509,penalty,55,O,-94,16,MIN,tripping,2,8474189,8482751
2025020063,2,609,5:40,14:20,1551,right,509,penalty,9,D,95,-12,MIN,holding,2,8482751,8482095
2025020063,3,810,0:31,19:29,1551,left,509,penalty,9,O,91,-19,MIN,interference,2,8479324,8480188
2025020063,3,914,8:31,11:29,1551,left,509,penalty,9,D,-28,-1,MIN,tripping,2,8477955,8478469
2025020064,1,122,4:56,15:04,1551,left,509,penalty,1,D,-74,-11,MIN,tripping,2,8484304,8482684
2025020064,1,277,8:24,11:36,1551,left,509,penalty,13,O,-95,-5,MIN,tripping,2,8475455,8482713
2025020064,1,289,9:02,10:58,1451,left,509,penalty,1,O,46,-24,MIN,holding-the-stick,2,8480185,8482684
2025020064,1,17,11:33,8:27,1551,left,509,penalty,13,N,22,42,BEN,too-many-men-on-the-ice,2,,
2025020064,1,446,16:38,3:22,1551,left,509,penalty,1,D,-79,-34,MIN,roughing,2,8482713,8479996
2025020064,1,450,16:38,3:22,1551,left,509,penalty,13,O,-77,-34,MIN,roughing,2,8479996,8482713
2025020064,1,472,17:47,2:13,1441,left,509,penalty,13,O,-31,-37,MIN,interference,2,8481559,8473419
2025020064,2,624,5:04,14:56,1551,right,509,penalty,13,D,-52,-8,MIN,tripping,2,8481559,8478542
2025020064,2,712,10:43,9:17,1551,right,509,penalty,1,O,-59,-35,MIN,interference,2,8482713,8479407
2025020064,2,812,18:25,1:35,1551,right,509,penalty,1,D,61,22,MIN,hooking,2,8477409,8475455
2025020064,3,849,0:38,19:22,1551,left,509,penalty,1,D,-77,-36,MIN,hooking,2,8477935,8479407
2025020064,3,517,18:43,1:17,0651,left,509,penalty,13,N,20,42,BEN,delaying-game-unsuccessful-challenge,2,,
2025020065,1,110,4:45,15:15,1551,left,509,penalty,2,D,-66,-21,MIN,tripping,2,8478402,8476917
2025020065,1,120,5:03,14:57,1541,left,509,penalty,22,O,-93,30,MIN,tripping,2,8481014,8478402
2025020065,1,385,17:20,2:40,1551,left,509,penalty,2,D,-80,6,MIN,tripping,2,8483512,8476429
2025020065,2,622,11:14,8:46,1551,right,509,penalty,22,O,97,18,MIN,holding,2,8476429,8485493
2025020065,2,693,17:01,2:59,0651,right,509,penalty,2,D,93,25,MIN,cross-checking,2,8475218,8481014
2025020065,3,767,2:27,17:33,1551,left,509,penalty,22,O,-32,-25,MIN,interference,2,8475151,8475218
2025020065,3,793,4:11,15:49,1451,left,509,penalty,2,O,79,39,MIN,hooking,2,8483512,8482476
2025020065,3,947,11:18,8:42,1560,left,509,penalty,22,O,-31,-16,MIN,tripping,2,8477494,8479442
2025020065,3,1007,15:07,4:53,1551,left,509,penalty,22,O,-58,18,MIN,high-sticking,2,8485366,8479365
2025020066,2,515,3:28,16:32,1551,left,509,penalty,52,D,75,-19,MIN,holding,2,8483733,8476331
2025020066,2,639,12:38,7:22,1551,left,509,penalty,52,O,-84,30,MIN,holding,2,8484387,8473604
2025020066,3,858,9:16,10:44,1551,right,509,penalty,4,D,74,-39,MIN,interference,2,8478398,8481533
2025020066,3,883,10:38,9:22,1551,right,509,penalty,52,D,-58,-11,MIN,interference,2,8476372,8473604
2025020066,3,462,20:00,0:00,1551,right,509,penalty,52,N,-21,13,MIN,roughing,2,8477903,8479378
2025020067,1,442,17:32,2:28,1551,left,509,penalty,21,D,71,20,MIN,hooking,2,8479671,8470613
2025020067,3,818,3:20,16:40,1551,left,509,penalty,21,D,60,24,MIN,hooking,2,8482475,8480039
2025020067,3,873,7:47,12:13,1551,left,509,penalty,29,O,76,-33,MIN,holding,2,8480069,8481716
2025020068,1,385,18:25,1:35,1551,right,509,penalty,23,O,80,-5,MIN,high-sticking,2,8478420,8478498
2025020068,2,565,4:25,15:35,1551,left,509,penalty,23,D,78,29,MIN,slashing,2,8479351,8478856
2025020068,2,605,6:57,13:03,1551,left,509,penalty,25,D,-97,18,MIN,hooking,2,8475169,8476889
2025020068,3,795,2:30,17:30,1560,right,509,penalty,23,O,95,20,MIN,tripping,2,8483425,8482691
2025020068,3,860,7:04,12:56,1551,right,509,penalty,25,D,47,-39,MIN,hooking,2,8475169,8481581
2025020068,3,1000,17:25,2:35,1551,right,509,penalty,23,D,-58,-5,MIN,interference,2,8478420,8474574
2025020068,3,1029,18:58,1:02,1560,right,509,penalty,25,D,83,2,MIN,tripping,2,8475169,8480036
2025020069,2,622,5:27,14:33,1551,left,509,penalty,6,D,68,26,MIN,high-sticking,2,8476881,8477496
2025020069,2,646,7:16,12:44,1551,left,509,penalty,54,D,-99,7,MIN,holding,2,8480355,8478468
2025020069,2,677,10:26,9:34,1551,left,509,penalty,6,O,-85,34,MIN,cross-checking,2,8475188,8479591
2025020069,2,690,10:57,9:03,1451,left,509,penalty,6,D,75,39,MIN,high-sticking-double-minor,4,8476881,8478401
2025020069,2,762,16:50,3:10,1551,left,509,penalty,54,D,-83,1,MIN,interference,2,8478042,8481527
2025020069,3,818,1:02,18:58,1551,right,509,penalty,6,D,-81,4,MIN,high-sticking,2,8475913,8479325
2025020069,3,932,9:14,10:46,1551,right,509,penalty,54,O,-88,1,MIN,interference-goalkeeper,2,8480280,8476881
2025020069,3,1064,18:56,1:04,0651,right,509,penalty,6,N,16,-26,MIN,interference,2,8477964,8479987
2025020070,1,65,1:07,18:53,1551,left,509,penalty,24,D,-87,37,MIN,interference,2,8473533,8475462
2025020070,1,241,10:41,9:19,1551,left,509,penalty,24,O,86,1,MIN,interference-goalkeeper,2,8475883,8482745
2025020070,2,566,3:22,16:38,1551,right,509,penalty,12,O,53,40,MIN,boarding,2,8483490,8476873
2025020070,2,630,8:35,11:25,1551,right,509,penalty,24,D,51,-28,MIN,hooking,2,8478427,8481605
2025020070,2,508,20:00,0:00,1551,right,509,penalty,12,O,87,-1,MIN,goalie-leave-crease,2,,
2025020070,2,511,20:00,0:00,1551,right,509,penalty,24,O,-88,1,MIN,goalie-leave-crease,2,,
2025020070,2,502,20:00,0:00,1551,right,509,penalty,12,D,-80,-3,MIN,roughing-removing-opponents-helmet,2,8482745,8480817
2025020070,2,505,20:00,0:00,1551,right,509,penalty,24,O,-75,-1,MIN,roughing,2,8482702,8482745
2025020070,2,48,20:00,0:00,1551,right,509,penalty,12,D,-83,-9,MIN,roughing,2,8482745,8482702
2025020070,3,869,5:42,14:18,1560,left,509,penalty,12,D,59,2,MIN,slashing,2,8481605,8478427
2025020070,3,973,9:36,10:24,1551,left,509,penalty,12,N,2,40,MIN,slashing,2,8476885,8482809
2025020070,3,540,20:00,0:00,1551,left,509,penalty,12,D,56,21,MIN,hooking,2,8481754,8478970
2025020071,2,579,5:48,14:12,1551,left,509,penalty,26,O,80,8,MIN,hooking,2,8478452,8482124
2025020071,2,711,16:11,3:49,1551,left,509,penalty,5,O,-78,40,MIN,tripping,2,8474563,8471675
2025020071,3,834,4:58,15:02,1551,right,509,penalty,5,D,-79,-6,MIN,hooking,2,8482124,8471675
2025020071,3,959,14:19,5:41,1551,right,509,penalty,26,O,-73,39,MIN,high-sticking,2,8484839,8477960
2025020072,1,219,8:53,11:07,1551,right,509,penalty,17,D,51,33,MIN,high-sticking,2,8479542,8480879
2025020072,2,400,0:21,19:39,1551,left,509,penalty,17,D,-59,-32,MIN,delaying-game-puck-over-glass,2,,
2025020072,2,565,5:09,14:51,1551,left,509,penalty,14,D,84,-6,MIN,roughing,2,8477429,8476826
2025020072,2,747,15:16,4:44,1551,left,509,penalty,17,D,-88,18,MIN,holding,2,8478010,8484794
2025020072,2,780,17:28,2:32,1551,left,509,penalty,14,D,62,-2,MIN,slashing,2,8481542,8478519
2025020072,3,877,4:04,15:56,1551,right,509,penalty,14,D,-57,38,MIN,delaying-game-puck-over-glass,2,,
2025020073,1,218,7:51,12:09,0651,right,509,penalty,15,D,75,1,MIN,holding,2,8482079,8481580
2025020073,2,501,0:53,19:07,1551,left,509,penalty,30,D,97,-12,MIN,high-sticking-double-minor,4,8482088,8478136
2025020073,2,606,10:05,9:55,1551,left,509,penalty,30,D,76,2,MIN,tripping,2,8475343,8475220
2025020073,3,799,5:23,14:37,1560,right,509,penalty,30,D,-78,9,MIN,tripping,2,8479520,8484798
2025020073,3,909,8:50,11:10,1551,right,509,penalty,15,O,-36,-39,MIN,interference,2,8477451,8481580
2025020073,3,1013,17:45,2:15,1551,right,509,penalty,30,O,98,18,MIN,slashing,2,8480990,8481557
2025020074,1,70,1:23,18:37,1551,right,509,penalty,23,O,64,37,MIN,hooking,2,8476891,8480748
2025020074,1,78,1:46,18:14,1451,right,509,penalty,16,N,-18,-39,MIN,holding,2,8478856,8483493
2025020074,1,199,9:30,10:30,1551,right,509,penalty,23,D,-37,-39,MIN,roughing,2,8477479,8480748
2025020074,1,254,9:30,10:30,1551,right,509,penalty,16,O,-72,-2,MIN,slashing,2,8480748,8477479
2025020074,1,282,11:29,8:31,1441,right,509,penalty,23,D,-64,-2,MIN,slashing,2,8482176,8475169
2025020074,2,582,2:45,17:15,1551,left,509,penalty,23,D,96,-23,MIN,holding,2,8482703,8474574
2025020074,2,596,3:48,16:12,1451,left,509,penalty,16,N,-21,34,MIN,slashing,2,8478498,8484144
2025020074,2,625,6:16,13:44,1551,left,509,penalty,16,O,67,0,MIN,slashing,2,8483678,8477987
2025020074,3,857,5:11,14:49,1551,right,509,penalty,16,O,-85,-35,MIN,high-sticking,2,8480800,8482117
2025020074,3,982,14:48,5:12,1551,right,509,penalty,16,N,8,41,BEN,delaying-game-unsuccessful-challenge,2,,
2025020074,3,1015,17:56,2:04,1551,right,509,penalty,16,O,-97,-15,MIN,holding,2,8474574,8484144
2025020075,1,270,8:07,11:53,1560,left,509,penalty,28,D,74,-31,MIN,tripping,2,8482175,8475181
2025020075,1,282,9:07,10:53,1451,left,509,penalty,28,D,92,-3,MIN,tripping,2,8483431,8475200
2025020075,2,27,4:33,15:27,1551,right,509,penalty,68,D,39,11,MIN,interference,2,8475784,8480855
2025020075,2,649,10:26,9:34,1551,right,509,penalty,28,D,-84,-33,MIN,holding,2,8478474,8475200
2025020075,2,35,18:10,1:50,1551,right,509,penalty,28,N,12,41,BEN,too-many-men-on-the-ice,2,,
2025020075,3,881,6:54,13:06,1551,left,509,penalty,68,O,82,-33,MIN,holding,2,8484801,8483431
2025020075,3,505,6:54,13:06,1551,left,509,penalty,68,O,85,-32,MIN,roughing,2,8484801,8483431
2025020075,3,884,6:54,13:06,1551,left,509,penalty,28,D,90,-32,MIN,roughing,2,8483431,8484801
2025020075,3,878,6:54,13:06,1551,left,509,penalty,28,D,88,-30,MIS,misconduct,10,,
2025020075,3,502,6:54,13:06,1551,left,509,penalty,68,O,83,-30,MIS,misconduct,10,,
2025020075,3,1019,15:34,4:26,1551,left,509,penalty,68,D,-88,19,MIN,cross-checking,2,8484911,8482699
2025020076,1,57,0:09,19:51,1551,left,509,penalty,7,N,-22,29,MIN,tripping,2,8477935,8484145
2025020076,1,89,3:51,16:09,1551,left,509,penalty,7,D,-82,27,MIN,interference,2,8477495,8481524
2025020076,1,269,7:07,12:53,1560,left,509,penalty,13,D,59,10,MIN,interference,2,8483468,8484304
2025020076,1,429,13:28,6:32,1551,left,509,penalty,7,N,-18,39,BEN,too-many-men-on-the-ice,2,,
2025020076,1,522,19:45,0:15,0651,left,509,penalty,7,O,97,15,MIN,tripping,2,8478859,8481522
2025020076,2,540,0:53,19:07,1541,right,509,penalty,13,D,-55,8,MIN,hooking,2,8477949,8482113
2025020076,2,587,4:14,15:46,1551,right,509,penalty,13,D,-83,23,MIN,holding,2,8482896,8478859
2025020076,2,600,5:00,15:00,1451,right,509,penalty,7,O,-94,20,MIN,hooking,2,8478055,8475722
2025020076,2,303,10:40,9:20,1551,right,509,penalty,13,D,-44,-2,MIN,interference,2,8480839,8473419
2025020076,2,679,10:40,9:20,1551,right,509,penalty,13,D,-44,0,MIN,roughing,2,8480839,8473419
2025020076,2,684,10:40,9:20,1551,right,509,penalty,7,O,-43,0,MIN,roughing,2,8473419,8479420
2025020076,2,309,17:04,2:56,1551,right,509,penalty,7,O,-90,7,MIS,abusive-language,10,,
2025020076,2,830,19:48,0:12,1551,right,509,penalty,7,D,49,30,MIN,roughing,2,8477409,8482659
2025020076,2,314,19:48,0:12,1551,right,509,penalty,7,D,45,29,MIN,roughing,2,8480185,8480807
2025020076,2,317,19:48,0:12,1551,right,509,penalty,13,O,40,25,MIN,roughing,2,8480807,8480185
2025020076,3,1052,7:10,12:50,1551,left,509,penalty,7,D,-60,-38,MIN,delaying-game-puck-over-glass,2,,
2025020077,1,327,15:04,4:56,1551,left,509,penalty,2,N,-16,-40,MIN,holding,2,8473512,8482476
2025020077,1,417,17:58,2:02,1551,left,509,penalty,9,O,98,15,MIN,high-sticking,2,8476429,8476393
2025020077,1,427,18:29,1:31,1541,left,509,penalty,9,D,-77,-39,MIN,hooking,2,8478445,8482245
2025020077,2,723,12:41,7:19,1551,right,509,penalty,2,N,7,41,BEN,delaying-game-bench,2,,
2025020077,3,841,1:59,18:01,1551,left,509,penalty,9,O,97,-12,MIN,tripping,2,8477950,8480188
2025020077,3,456,2:23,17:37,1541,left,509,penalty,2,D,79,0,PS,ps-tripping-on-breakaway,0,8481596,8485366
2025020078,1,8,1:34,18:26,1551,left,509,penalty,1,O,96,13,MIN,high-sticking,2,8480803,8482110
2025020078,1,24,13:43,6:17,1551,left,509,penalty,22,O,-49,-1,MIN,tripping,2,8481559,8476454
2025020078,2,34,2:06,17:54,1551,right,509,penalty,1,D,28,-26,MIN,tripping,2,8478458,8479407
2025020078,2,710,15:58,4:02,1551,right,509,penalty,22,D,-74,-4,MIN,holding,2,8480002,8475218
2025020078,3,902,10:02,9:58,1551,left,509,penalty,1,N,1,-41,MIN,high-sticking,2,8479365,8479996
2025020078,3,413,13:06,6:54,1551,left,509,penalty,22,D,99,15,MIN,high-sticking,2,8481032,8479442
2025020079,1,131,5:38,14:22,1551,right,509,penalty,10,D,97,1,MIN,tripping,2,8483497,8478462
2025020079,1,182,8:58,11:02,1551,right,509,penalty,55,D,-84,-1,MIN,roughing,2,8484158,8478407
2025020079,1,340,16:44,3:16,1551,right,509,penalty,10,O,-30,-40,MIN,roughing,2,8480009,8482259
2025020079,2,441,4:04,15:56,1551,left,509,penalty,55,D,78,0,MIN,slashing,2,8484158,8478407
2025020079,2,753,19:05,0:55,1551,left,509,penalty,55,O,-87,0,MIN,interference-goalkeeper,2,8476932,8478975
2025020079,3,786,1:17,18:43,1551,right,509,penalty,55,D,-84,1,MIN,cross-checking,2,8477503,8479324
2025020080,1,81,2:11,17:49,1560,right,509,penalty,3,D,-60,-34,MIN,hooking,2,8482775,8480001
2025020080,1,139,6:50,13:10,1551,right,509,penalty,3,D,-79,10,MIN,slashing,2,8484984,8477839
2025020080,1,185,10:24,9:36,0651,right,509,penalty,8,N,24,39,MIN,holding,2,8478840,8476981
2025020080,2,44,15:10,4:50,1551,left,509,penalty,3,O,-78,-2,MAJ,fighting,5,8482964,8475842
2025020080,2,47,15:10,4:50,1551,left,509,penalty,8,D,-73,3,MAJ,fighting,5,8475842,8482964
2025020080,2,675,18:32,1:28,1551,left,509,penalty,8,N,-20,5,MIN,holding,2,8476459,8478851
2025020080,3,714,0:58,19:02,1551,right,509,penalty,8,D,49,39,MIN,cross-checking,2,8482460,8482964
2025020080,3,717,0:58,19:02,1551,right,509,penalty,3,O,57,41,MIN,roughing,2,8482964,8482460
2025020080,3,918,16:55,3:05,1551,right,509,penalty,8,O,-83,3,MIN,roughing,2,8478882,8481618
2025020080,3,922,16:55,3:05,1551,right,509,penalty,3,D,-81,3,MIN,roughing,2,8481618,8478882
2025020081,1,142,1:56,18:04,1551,right,509,penalty,4,N,-4,5,MAJ,fighting,5,8475220,8475235
2025020081,1,138,1:56,18:04,1551,right,509,penalty,30,N,-3,5,MAJ,fighting,5,8475235,8475220
2025020081,1,454,18:07,1:53,1551,right,509,penalty,30,D,-80,2,MIN,holding,2,8477989,8476463
2025020081,2,552,1:55,18:05,1551,left,509,penalty,4,N,13,41,BEN,delaying-game-unsuccessful-challenge,2,,
2025020081,2,577,4:34,15:26,1551,left,509,penalty,4,D,-29,-34,MIN,tripping,2,8476463,8480015
2025020081,2,853,19:52,0:08,1551,left,509,penalty,30,D,31,22,MIN,tripping,2,8480015,8477451
2025020081,3,1000,10:00,10:00,1551,right,509,penalty,4,D,84,4,MIN,hooking,2,8481557,8482142
2025020082,1,69,1:01,18:59,1551,left,509,penalty,14,N,-2,41,MIN,roughing,2,8476432,8482655
2025020082,1,72,1:01,18:59,1551,left,509,penalty,29,N,-2,41,MIN,roughing,2,8480995,8481716
2025020082,1,9,1:01,18:59,1551,left,509,penalty,29,N,10,37,MIN,roughing,2,8482655,8476432
2025020082,1,13,3:10,16:50,1551,left,509,penalty,29,N,-3,-24,MAJ,fighting,5,8480876,8479671
2025020082,1,16,3:10,16:50,1551,left,509,penalty,14,N,1,-20,MAJ,fighting,5,8479671,8480876
2025020082,1,191,6:13,13:47,1560,left,509,penalty,14,D,38,31,BEN,too-many-men-on-the-ice,2,,
2025020082,1,30,16:06,3:54,1551,left,509,penalty,29,D,-50,-38,MIN,hooking,2,8477416,8482705
2025020082,2,673,9:46,10:14,1551,right,509,penalty,29,N,0,25,MIN,slashing,2,8482090,8476432
2025020082,2,822,16:49,3:11,1551,right,509,penalty,14,D,-39,39,MIN,high-sticking,2,8482475,8482929
2025020082,3,318,3:09,16:51,1551,left,509,penalty,14,N,-7,8,MIN,roughing,2,8484166,8477404
2025020082,3,904,3:09,16:51,1551,left,509,penalty,29,N,-8,9,MIN,slashing,2,8477404,8484166
2025020082,3,344,20:00,0:00,0651,left,509,penalty,14,O,-73,3,MIN,unsportsmanlike-conduct,2,8479671,8479542
2025020082,3,347,20:00,0:00,0651,left,509,penalty,29,D,-68,20,MIN,roughing,2,8479542,8479671
2025020083,1,257,9:21,10:39,1551,left,509,penalty,19,D,-84,-3,MIN,roughing,2,8475794,8481006
2025020083,1,407,17:02,2:58,1551,left,509,penalty,25,D,56,-40,MIN,hooking,2,8477402,8478420
2025020083,2,601,4:59,15:01,1551,right,509,penalty,19,D,65,5,MIN,hooking,2,8479351,8483516
2025020083,2,652,9:12,10:48,1551,right,509,penalty,25,D,-91,31,MIN,cross-checking,2,8480074,8478420
2025020084,1,68,1:00,19:00,1560,right,509,penalty,18,O,97,-11,MIN,hooking,2,8476331,8474564
2025020084,1,435,16:38,3:22,1551,right,509,penalty,18,D,-81,-6,MIN,hooking,2,8473604,8476869
2025020084,1,27,20:00,0:00,0651,right,509,penalty,52,D,43,38,MIN,tripping,2,8481056,8480289
2025020084,2,583,4:40,15:20,0651,left,509,penalty,52,D,-72,0,MIN,tripping,2,8478047,8484135
2025020084,2,601,5:56,14:04,1541,left,509,penalty,52,D,-48,36,MIN,interference,2,8483565,8476871
2025020084,2,634,8:28,11:32,1551,left,509,penalty,18,O,-66,1,MAJ,fighting,5,8479378,8477446
2025020084,2,637,8:28,11:32,1551,left,509,penalty,52,D,-69,0,MAJ,fighting,5,8477446,8479378
2025020084,2,786,19:43,0:17,1551,left,509,penalty,52,D,-35,38,MIN,playing-without-a-helmet,2,,
2025020084,3,980,15:00,5:00,1551,right,509,penalty,18,D,-55,4,MIN,slashing,2,8481043,8474600
2025020085,1,373,13:52,6:08,1551,right,509,penalty,21,O,-26,16,MIN,tripping,2,8483489,8477492
2025020085,1,481,17:58,2:02,1551,right,509,penalty,6,O,68,-40,MIN,holding,2,8475754,8483489
2025020085,2,616,6:40,13:20,1551,left,509,penalty,6,D,61,23,MIN,cross-checking,2,8480039,8476854
2025020085,2,689,11:35,8:25,1551,left,509,penalty,6,D,79,-10,MIN,tripping,2,8484149,8479325
2025020085,2,767,17:53,2:07,1560,left,509,penalty,6,D,89,6,MIN,high-sticking,2,8479525,8483489
2025020085,3,890,7:05,12:55,1551,right,509,penalty,21,N,7,-36,MIN,interference,2,8479661,8476312
2025020085,3,1006,12:30,7:30,1551,right,509,penalty,6,O,89,0,MIN,interference-goalkeeper,2,8475809,8477507
2025020086,1,70,0:41,19:19,1551,right,509,penalty,26,D,50,16,MIN,slashing,2,8482702,8477960
2025020086,2,785,15:55,4:05,1551,left,509,penalty,12,D,91,20,MIN,slashing,2,8476479,8482809
2025020086,2,835,18:46,1:14,1551,left,509,penalty,26,D,-45,11,MIN,holding,2,8476921,8477942
2025020086,2,846,19:21,0:39,1541,left,509,penalty,26,D,-36,-22,MIN,tripping,2,8482809,8477998
2025020087,1,92,2:22,17:38,1551,right,509,penalty,54,O,-57,6,MAJ,fighting,5,8479066,8476925
2025020087,1,89,2:22,17:38,1551,right,509,penalty,20,D,-57,5,MAJ,fighting,5,8476925,8479066
2025020087,1,105,3:18,16:42,1551,right,509,penalty,54,O,-60,-30,MIN,interference,2,8483609,8475188
2025020087,1,129,4:48,15:12,1551,right,509,penalty,20,D,-94,-16,MIN,delaying-game-puck-over-glass,2,,
2025020087,1,286,8:25,11:35,1551,right,509,penalty,20,O,70,20,MAJ,fighting,5,8478468,8483609
2025020087,1,289,8:25,11:35,1551,right,509,penalty,54,D,69,22,MAJ,fighting,5,8483609,8478468
2025020087,1,406,15:39,4:21,1551,right,509,penalty,54,D,96,-27,MIN,cross-checking,2,8476399,8478468
2025020087,2,631,9:20,10:40,1551,left,509,penalty,54,O,64,-22,MIN,interference,2,8476456,8478434
2025020087,2,799,18:28,1:32,1560,left,509,penalty,20,D,73,5,MIN,cross-checking,2,8480727,8477810
2025020087,3,856,2:21,17:39,1551,right,509,penalty,20,O,98,-4,MIN,tripping,2,8477447,8475172
2025020088,3,929,12:34,7:26,1551,left,509,penalty,5,D,45,2,MIN,slashing,2,8484801,8475810
2025020088,3,953,15:05,4:55,1551,left,509,penalty,28,D,-76,-3,MIN,holding,2,8475810,8475181
2025020088,3,966,16:25,3:35,1541,left,509,penalty,5,O,-66,-14,MIN,hooking,2,8480848,8471675
2025020089,1,504,10:23,9:37,1551,right,509,penalty,23,O,52,-13,MIN,high-sticking,2,8479520,8480078
2025020089,1,599,17:11,2:49,1551,right,509,penalty,15,N,15,40,BEN,delaying-game-unsuccessful-challenge,2,,
2025020089,1,640,19:36,0:24,1551,right,509,penalty,15,N,-19,-35,MIN,hooking,2,8480748,8478440
2025020089,2,835,6:13,13:47,1551,left,509,penalty,15,O,49,38,MAJ,fighting,5,8483768,8479520
2025020089,2,832,6:13,13:47,1551,left,509,penalty,23,D,51,37,MAJ,fighting,5,8479520,8483768
2025020089,2,883,9:56,10:04,1551,left,509,penalty,23,D,58,-37,MIN,tripping,2,8482088,8475169
2025020089,2,913,12:13,7:47,1551,left,509,penalty,23,O,-87,1,MIN,interference-goalkeeper,2,8479292,8483395
2025020089,2,652,20:00,0:00,1551,left,509,penalty,15,N,-20,14,MIN,unsportsmanlike-conduct,2,8483678,8475343
2025020089,3,1134,5:45,14:15,1560,right,509,penalty,23,D,-96,-8,MIN,hooking,2,8484186,8479425
2025020089,3,1298,14:35,5:25,1551,right,509,penalty,15,N,20,25,MIN,tripping,2,8481024,8482088
2025020090,2,663,9:32,10:28,1551,left,509,penalty,17,D,-28,-1,MIN,tripping,2,8478458,8477429
2025020091,1,156,3:39,16:21,1551,right,509,penalty,16,N,0,31,MIN,slashing,2,8475184,8477444
2025020091,1,230,8:52,11:08,1551,right,509,penalty,24,D,-96,-3,MIN,tripping,2,8476882,8475798
2025020091,1,298,13:54,6:06,1551,right,509,penalty,16,D,60,12,MIN,roughing,2,8478873,8484783
2025020091,2,718,13:59,6:01,1551,left,509,penalty,16,D,-26,28,MIN,tripping,2,8484153,8477444
2025020091,2,739,15:32,4:28,1541,left,509,penalty,24,N,-20,41,BEN,too-many-men-on-the-ice,2,,
2025020091,2,748,16:03,3:57,1451,left,509,penalty,16,N,-9,13,MIN,tripping,2,8484153,8477987
2025020091,2,776,17:59,2:01,1550,left,509,penalty,24,O,-96,-6,MIN,tripping,2,8476473,8475798
2025020091,3,1058,18:13,1:47,1551,right,509,penalty,16,D,42,-41,MIN,delaying-game-puck-over-glass,2,,
2025020092,1,107,3:18,16:42,1551,left,509,penalty,6,N,18,13,MAJ,fighting,5,8477070,8480355
2025020092,1,103,3:18,16:42,1551,left,509,penalty,68,N,24,13,MAJ,fighting,5,8480355,8477070
2025020092,1,117,3:30,16:30,1551,left,509,penalty,6,D,78,-10,MIN,hooking,2,8482699,8477496
2025020092,1,263,7:15,12:45,1551,left,509,penalty,68,D,-85,-33,MIN,tripping,2,8477956,8479410
2025020092,1,403,13:26,6:34,1551,left,509,penalty,68,N,16,40,MIN,tripping,2,8479987,8482699
2025020092,1,430,15:20,4:40,1560,left,509,penalty,6,D,84,5,MIN,tripping,2,8480849,8477507
2025020092,2,558,0:25,19:35,1551,right,509,penalty,68,D,96,-11,MIN,slashing,2,8479987,8482175
2025020092,2,631,6:32,13:28,1551,right,509,penalty,6,D,-55,38,MIN,hooking,2,8478507,8477956
2025020092,2,690,10:36,9:24,1551,right,509,penalty,6,D,-28,25,MIN,tripping,2,8479619,8480035
2025020092,2,743,14:01,5:59,1551,right,509,penalty,68,O,-83,4,MIN,roughing,2,8477507,8479293
2025020092,2,747,14:01,5:59,1551,right,509,penalty,6,D,-82,4,MIN,roughing,2,8479293,8477507
2025020092,3,928,6:11,13:49,1551,left,509,penalty,6,D,32,35,MIN,slashing,2,8479293,8479661
2025020092,3,1049,14:51,5:09,1551,left,509,penalty,68,D,-50,32,MIN,tripping,2,8477956,8480849
2025020093,1,355,15:11,4:49,1551,right,509,penalty,3,D,75,40,MIN,delaying-game-puck-over-glass,2,,
2025020093,2,588,5:08,14:52,1551,left,509,penalty,3,D,-80,0,MIN,hooking,2,8481557,8482109
2025020093,2,787,16:37,3:23,1551,left,509,penalty,3,N,17,40,MIN,roughing,2,8475765,8482157
2025020093,3,865,3:05,16:55,1551,right,509,penalty,30,D,-81,12,MIN,hooking,2,8477839,8478136
2025020094,1,166,4:40,15:20,1560,right,509,penalty,55,D,-83,-34,MIN,hooking,2,8478439,8476457
2025020094,1,173,5:04,14:56,1451,right,509,penalty,4,D,80,-29,MIN,tripping,2,8482751,8481546
2025020094,1,316,11:26,8:34,1551,right,509,penalty,55,D,-85,-35,MIN,high-sticking,2,8477989,8479372
2025020094,1,20,13:50,6:10,1551,right,509,penalty,4,O,-53,-29,MIN,instigator,2,8479985,8483733
2025020094,1,347,13:50,6:10,1551,right,509,penalty,55,D,-45,-31,MAJ,fighting,5,8483733,8479985
2025020094,1,343,13:50,6:10,1551,right,509,penalty,4,O,-49,-32,MAJ,fighting,5,8479985,8483733
2025020094,1,22,13:50,6:10,1551,right,509,penalty,4,O,-47,-27,MIS,instigator-misconduct,10,,
2025020094,2,564,5:13,14:47,1551,left,509,penalty,55,O,-94,-19,MIN,roughing,2,8478454,8477401
2025020094,2,598,7:40,12:20,0651,left,509,penalty,4,D,-83,-5,MIN,hooking,2,8483524,8482142
2025020094,2,760,18:39,1:21,1551,left,509,penalty,4,D,-72,-39,MIN,cross-checking,2,8482751,8477948
2025020094,3,418,10:50,9:10,1551,right,509,penalty,55,N,16,39,MIN,instigator,2,8478439,8479324
2025020094,3,925,10:50,9:10,1551,right,509,penalty,55,N,14,40,MAJ,fighting,5,8478439,8479324
2025020094,3,922,10:50,9:10,1551,right,509,penalty,4,N,13,39,MAJ,fighting,5,8479324,8478439
2025020094,3,420,10:50,9:10,1551,right,509,penalty,55,N,13,41,MIS,instigator-misconduct,10,,
2025020094,3,938,10:54,9:06,1451,right,509,penalty,4,O,-81,-37,MIN,tripping,2,8476467,8476461
2025020094,3,990,14:41,5:19,1551,right,509,penalty,4,D,87,32,MIN,holding,2,8474586,8484779
2025020095,1,385,16:09,3:51,1551,right,509,penalty,8,D,92,-6,MIN,roughing,2,8484305,8483515
2025020095,1,388,16:09,3:51,1551,right,509,penalty,7,O,91,-6,MIN,roughing,2,8483515,8484305
2025020095,2,625,10:49,9:11,1551,left,509,penalty,8,O,91,-5,MIN,slashing,2,8479312,8475848
2025020095,3,849,8:12,11:48,1560,right,509,penalty,7,D,-97,-4,MIN,tripping,2,8481540,8484145
2025020095,3,944,15:16,4:44,1551,right,509,penalty,8,O,-95,0,MIN,roughing,2,8479420,8483515
2025020095,3,948,15:16,4:44,1551,right,509,penalty,7,D,-97,-1,MIN,roughing,2,8483515,8479420
2025020096,1,59,0:23,19:37,1551,right,509,penalty,52,O,73,39,MIN,high-sticking,2,8478397,8480014
2025020096,1,111,4:06,15:54,1551,right,509,penalty,20,D,68,41,MIN,holding-the-stick,2,8480113,8482074
2025020096,1,404,13:24,6:36,1551,right,509,penalty,52,O,77,-38,MIN,holding,2,8480860,8476871
2025020096,1,491,18:50,1:10,1551,right,509,penalty,52,D,-74,-3,MIN,interference,2,8476456,8479378
2025020096,2,598,2:51,17:09,1551,left,509,penalty,52,N,-3,-41,MIN,interference,2,8484768,8475799
2025020096,2,643,5:57,14:03,1551,left,509,penalty,20,D,-74,-40,MIN,slashing,2,8480113,8480860
2025020096,2,685,8:59,11:01,1551,left,509,penalty,20,N,16,40,BEN,too-many-men-on-the-ice,2,,
2025020096,2,759,15:02,4:58,1551,left,509,penalty,20,N,12,39,BEN,too-many-men-on-the-ice,2,,
2025020096,3,853,1:07,18:53,1551,right,509,penalty,20,O,-72,32,MIN,high-sticking,2,8480145,8475172
2025020096,3,1129,19:34,0:26,1560,right,509,penalty,52,D,-65,-11,MIN,slashing,2,8478397,8473604
2025020097,1,275,12:43,7:17,1551,right,509,penalty,12,D,-79,-4,MIN,interference,2,8475191,8480336
2025020097,1,470,19:45,0:15,0651,right,509,penalty,54,O,-51,-22,MIN,hooking,2,8480336,8481604
2025020097,2,591,8:22,11:38,1551,left,509,penalty,12,D,49,-15,MIN,slashing,2,8477447,8477940
2025020097,2,604,9:46,10:14,1451,left,509,penalty,54,O,25,0,MIN,interference,2,8480762,8476881
2025020097,2,659,14:33,5:27,1551,left,509,penalty,54,D,-94,-11,MIN,slashing,2,8477940,8477447
2025020097,2,670,15:34,4:26,1541,left,509,penalty,12,O,-97,-22,MIN,tripping,2,8475188,8477940
2025020097,3,891,12:01,7:59,1551,right,509,penalty,12,D,-81,3,MIN,slashing,2,8476925,8482100
2025020097,3,1034,18:39,1:21,1551,right,509,penalty,54,O,-35,38,MIN,high-sticking,2,8476422,8476925
2025020098,1,253,10:28,9:32,1551,right,509,penalty,1,D,-59,-35,MIN,slashing,2,8478057,8482110
2025020098,1,388,16:54,3:06,1551,right,509,penalty,1,N,-21,39,MIN,roughing,2,8477503,8479996
2025020098,1,391,16:54,3:06,1551,right,509,penalty,10,N,-19,40,MIN,roughing,2,8479996,8477503
2025020098,2,509,1:27,18:33,1551,left,509,penalty,10,N,0,-40,BEN,delaying-game-unsuccessful-challenge,2,,
2025020098,3,982,7:24,12:36,1551,right,509,penalty,10,O,-82,-33,MIN,hooking,2,8477488,8479318
2025020098,3,1092,15:44,4:16,1560,right,509,penalty,1,D,-54,-39,MIN,interference,2,8478057,8478399
2025020098,3,567,19:43,0:17,1551,right,509,penalty,10,N,16,38,MAJ,fighting,5,8483531,8481122
2025020098,3,570,19:43,0:17,1551,right,509,penalty,1,N,16,37,MAJ,fighting,5,8481122,8483531
2025020099,1,13,7:41,12:19,1551,left,509,penalty,22,D,77,-38,MIN,cross-checking,2,8482116,8477498
2025020099,1,315,15:51,4:09,1551,left,509,penalty,9,O,41,-28,MIN,slashing,2,8481491,8482116
2025020099,1,350,18:41,1:19,1551,left,509,penalty,22,D,62,41,MIN,holding,2,8474189,8483455
2025020099,2,718,16:27,3:33,1551,right,509,penalty,9,O,-45,-23,MIN,hooking,2,8479365,8480208
2025020099,2,756,19:40,0:20,1551,right,509,penalty,22,D,-52,38,MIN,tripping,2,8482116,8477498
2025020099,4,515,0:25,4:35,1331,right,509,penalty,9,D,67,4,MIN,slashing,2,8480803,8482116
2025020100,1,220,7:55,12:05,1551,left,509,penalty,28,D,35,26,MIN,interference,2,8475314,8479983
2025020100,1,383,16:15,3:45,1551,left,509,penalty,2,D,-95,14,MIN,interference,2,8485402,8476429
2025020100,1,463,18:13,1:47,1541,left,509,penalty,28,D,84,4,MIN,holding,2,8476419,8484806
2025020100,2,663,9:24,10:36,1551,right,509,penalty,2,D,88,29,MIN,holding-the-stick,2,8484801,8477494
2025020100,2,710,12:46,7:14,1560,right,509,penalty,28,D,-78,-29,MIN,tripping,2,8477494,8479576
2025020100,3,926,10:41,9:19,1551,left,509,penalty,2,D,-33,10,MIN,tripping,2,8484227,8476429
2025020101,1,209,8:23,11:37,1560,left,509,penalty,23,D,59,-23,MIN,hooking,2,8480980,8475169
2025020101,1,332,13:14,6:46,0651,left,509,penalty,5,D,-94,-21,MIN,tripping,2,8475169,8478854
2025020101,1,444,17:07,2:53,1551,left,509,penalty,23,N,14,41,BEN,too-many-men-on-the-ice,2,,
2025020101,2,715,12:58,7:02,1551,right,509,penalty,23,O,96,5,MIN,tripping,2,8477511,8482055
2025020101,3,897,1:01,18:59,1551,left,509,penalty,5,O,38,-4,MIN,holding,2,8483678,8471215
2025020101,3,991,4:07,15:53,1551,left,509,penalty,23,D,49,5,MIN,holding,2,8477511,8477969
2025020101,3,1040,7:16,12:44,1551,left,509,penalty,5,D,-36,37,MIN,interference,2,8480748,8480842
2025020101,3,1163,16:51,3:09,1551,left,509,penalty,23,D,89,36,MIN,cross-checking,2,8480980,8480058
2025020102,2,531,0:50,19:10,1551,left,509,penalty,55,D,41,-37,MIN,tripping,2,8475343,8479324
2025020102,2,654,10:09,9:51,1551,left,509,penalty,55,D,70,-6,MIN,hooking,2,8481580,8475768
2025020102,3,784,1:24,18:36,0651,right,509,penalty,15,O,-98,11,MIN,hooking,2,8478407,8483573
2025020102,3,846,6:45,13:15,0651,right,509,penalty,15,O,-60,14,MIN,tripping,2,8483497,8479520
2025020103,1,60,0:33,19:27,1551,left,509,penalty,6,D,-34,31,MIN,tripping,2,8473419,8479661
2025020103,1,78,1:28,18:32,1551,left,509,penalty,13,D,95,-8,MIN,tripping,2,8477956,8475683
2025020103,1,400,13:12,6:48,1551,left,509,penalty,13,D,38,-2,MAJ,fighting,5,8479705,8479981
2025020103,1,393,13:12,6:48,1551,left,509,penalty,6,O,40,-1,MAJ,fighting,5,8479981,8479705
2025020103,2,702,5:40,14:20,1551,right,509,penalty,13,O,76,-27,MIN,hooking,2,8479999,8473419
2025020103,2,777,10:58,9:02,1551,right,509,penalty,13,N,17,-13,MIN,tripping,2,8476374,8478859
2025020103,2,865,17:35,2:25,1551,right,509,penalty,6,N,10,-37,MIN,tripping,2,8479316,8478401
2025020103,2,891,19:43,0:17,1551,right,509,penalty,6,D,80,-1,MIN,hooking,2,8480185,8477496
2025020103,3,947,3:29,16:31,1560,left,509,penalty,13,D,78,0,MIN,cross-checking,2,8479705,8478859
2025020103,3,975,5:44,14:16,1551,left,509,penalty,6,D,-61,40,MIN,roughing,2,8477935,8479705
2025020103,3,982,5:44,14:16,1551,left,509,penalty,13,O,-65,38,MIN,roughing,2,8479705,8477935
2025020103,3,978,5:44,14:16,1551,left,509,penalty,6,D,-65,41,MIN,roughing,2,8477933,8477507
2025020103,3,986,5:44,14:16,1551,left,509,penalty,13,O,-48,38,MIN,roughing,2,8477507,8477933
2025020103,3,1000,6:39,13:21,1551,left,509,penalty,13,N,16,38,MIN,tripping,2,8477956,8478542
2025020104,1,231,9:35,10:25,1551,left,509,penalty,19,D,-62,-22,MIN,interference,2,8483808,8475753
2025020104,1,339,17:25,2:35,1551,left,509,penalty,26,N,-16,-40,MIN,slashing,2,8482516,8470621
2025020104,2,520,3:44,16:16,1551,right,509,penalty,26,O,75,14,MIN,tripping,2,8478472,8476469
2025020104,2,656,13:42,6:18,1551,right,509,penalty,26,O,93,-23,MAJ,fighting,5,8481006,8482408
2025020104,2,653,13:42,6:18,1551,right,509,penalty,19,D,93,-25,MAJ,fighting,5,8482408,8481006
2025020104,3,48,0:39,19:21,1551,left,509,penalty,26,D,86,0,MIN,tripping,2,8481598,8475311
2025020104,3,958,15:13,4:47,1551,left,509,penalty,19,D,-26,-34,MIN,tripping,2,8482124,8475170
2025020104,4,1036,1:26,3:34,1331,right,509,penalty,19,D,74,-15,MIN,hooking,2,8483808,8477402
2025020105,1,376,16:09,3:51,0651,left,509,penalty,18,D,-79,-38,MIN,holding,2,8475798,8474600
2025020105,2,671,7:05,12:55,1551,right,509,penalty,18,D,83,-12,MIN,slashing,2,8483445,8475287
2025020105,2,682,7:42,12:18,1541,right,509,penalty,18,D,85,-8,MIN,holding,2,8475798,8482482
2025020105,2,705,9:42,10:18,1551,right,509,penalty,24,N,20,0,MIN,interference,2,8477446,8483445
2025020105,3,883,2:55,17:05,1551,left,509,penalty,18,O,38,37,MIN,tripping,2,8482745,8482482
2025020105,3,1080,13:31,6:29,1551,left,509,penalty,24,N,-21,-25,MAJ,fighting,5,8477446,8477527
2025020105,3,467,13:31,6:29,1551,left,509,penalty,18,N,-19,-27,MAJ,fighting,5,8477527,8477446
2025020105,3,472,14:26,5:34,1551,left,509,penalty,18,O,66,0,MAJ,fighting,5,8478366,8482103
2025020105,3,475,14:26,5:34,1551,left,509,penalty,24,D,61,2,MAJ,fighting,5,8482103,8478366
2025020105,3,1144,18:07,1:53,1551,left,509,penalty,18,N,18,-29,MIN,tripping,2,8484762,8482062
2025020106,1,419,14:40,5:20,1551,right,509,penalty,29,O,91,-6,MIN,holding,2,8476889,8482705
2025020106,1,455,17:11,2:49,1551,right,509,penalty,25,N,-19,-37,MIN,interference,2,8476432,8482145
2025020106,2,596,3:47,16:13,1551,left,509,penalty,29,D,83,32,MIN,holding,2,8480027,8478500
2025020106,3,981,13:45,6:15,1551,right,509,penalty,25,D,62,-31,MIN,holding-the-stick,2,8481716,8476278
2025020107,1,267,7:38,12:22,1551,left,509,penalty,21,O,-89,8,MIN,hooking,2,8478507,8480835
2025020107,2,662,8:49,11:11,1551,right,509,penalty,21,O,51,-26,MIN,tripping,2,8479343,8484149
2025020107,2,796,18:47,1:13,1551,right,509,penalty,68,N,1,-37,MIN,high-sticking,2,8477501,8484386
2025020108,1,79,2:12,17:48,1551,left,509,penalty,30,D,80,0,MIN,interference,2,8482110,8475220
2025020108,2,642,11:21,8:39,1551,right,509,penalty,1,D,96,15,MIN,interference,2,8476994,8475455
2025020108,2,697,16:14,3:46,1551,right,509,penalty,1,D,74,-40,MIN,interference,2,8478136,8482684
2025020108,3,794,4:49,15:11,1551,left,509,penalty,30,D,58,18,MIN,slashing,2,8476292,8483460
2025020108,3,993,15:52,4:08,1551,left,509,penalty,1,D,-76,-28,MIN,interference,2,8483525,8482684
2025020109,1,63,0:35,19:25,1551,left,509,penalty,17,D,73,-2,MIN,tripping,2,8479359,8482762
2025020109,1,97,3:04,16:56,1551,left,509,penalty,17,N,20,15,MIN,hooking,2,8483468,8474037
2025020109,1,467,19:41,0:19,1551,left,509,penalty,7,D,-77,9,MIN,slashing,2,8482078,8484145
2025020109,2,577,3:33,16:27,1560,right,509,penalty,17,O,29,-15,MIN,high-sticking,2,8480807,8477946
2025020109,3,846,2:22,17:38,1551,left,509,penalty,17,O,-67,5,MIN,tripping,2,8482896,8479992
2025020109,3,934,9:17,10:43,1551,left,509,penalty,17,D,41,39,MIN,interference,2,8484145,8481542
2025020109,3,985,12:49,7:11,1551,left,509,penalty,7,O,93,22,MIN,holding,2,8480879,8483468
2025020110,1,18,8:35,11:25,1551,right,509,penalty,8,D,-85,0,MIN,high-sticking,2,8482074,8482487
2025020110,1,257,10:42,9:18,1551,right,509,penalty,20,N,-19,-39,MIN,tripping,2,8480813,8483609
2025020110,1,387,16:28,3:32,1551,right,509,penalty,20,D,80,28,MIN,hooking,2,8480018,8478397
2025020110,2,599,4:34,15:26,1551,left,509,penalty,8,D,61,-39,MIN,delaying-game-puck-over-glass,2,,
2025020110,2,694,11:02,8:58,1551,left,509,penalty,8,O,-70,19,MIN,high-sticking,2,8475172,8482775
2025020110,2,746,14:37,5:23,1551,left,509,penalty,8,D,32,-26,MIN,tripping,2,8475172,8476875
2025020110,3,1053,12:18,7:42,1551,right,509,penalty,8,N,-16,-19,MIN,tripping,2,8482074,8480865
2025020110,3,1005,12:34,7:26,1451,right,509,penalty,20,D,70,-21,MIN,tripping,2,8480018,8480028
2025020111,1,354,14:29,5:31,1551,left,509,penalty,6,O,76,5,MIN,interference,2,8482803,8477496
2025020111,2,706,12:14,7:46,1551,right,509,penalty,6,D,60,-14,MAJ,fighting,5,8477527,8479661
2025020111,2,710,12:14,7:46,1551,right,509,penalty,24,O,60,-14,MAJ,fighting,5,8479661,8477527
2025020111,2,774,16:56,3:04,1551,right,509,penalty,24,D,-49,40,MIN,high-sticking,2,8477496,8483490
2025020111,3,848,1:37,18:23,0651,left,509,penalty,6,O,82,30,MIN,tripping,2,8483445,8478042
2025020111,3,890,5:18,14:42,1551,left,509,penalty,6,N,6,-35,MIN,interference,2,8475798,8479325
2025020111,3,1013,14:24,5:36,1551,left,509,penalty,24,D,25,-37,MIN,delaying-game-puck-over-glass,2,,
2025020112,1,213,8:17,11:43,1551,left,509,penalty,4,O,-95,2,MIN,hooking,2,8475324,8481553
2025020112,1,359,11:18,8:42,1551,left,509,penalty,9,O,86,-2,MIN,interference-goalkeeper,2,8478435,8476393
2025020112,1,408,15:04,4:56,1551,left,509,penalty,4,O,-70,40,MIN,tripping,2,8480208,8484387
2025020112,2,573,3:39,16:21,1551,right,509,penalty,4,N,-13,-1,MIN,hooking,2,8481596,8476461
2025020112,2,742,17:39,2:21,1551,right,509,penalty,4,D,-85,2,MIN,roughing-removing-opponents-helmet,2,8474102,8476372
2025020112,2,746,17:39,2:21,1551,right,509,penalty,9,O,-85,0,MIN,roughing-removing-opponents-helmet,2,8476372,8474102
2025020112,2,757,18:37,1:23,0541,right,509,penalty,9,D,79,-13,MIN,tripping,2,8481533,8475324
2025020112,3,809,2:09,17:51,1551,left,509,penalty,4,D,77,5,MIN,interference,2,8482092,8476372
2025020112,3,844,4:43,15:17,1551,left,509,penalty,9,D,-49,2,MIN,interference,2,8478439,8482245
2025020112,3,44,6:30,13:30,1541,left,509,penalty,4,O,-68,-40,MIN,tripping,2,8482116,8481533
2025020113,1,430,10:26,9:34,1551,left,509,penalty,14,D,-43,-35,MIN,interference,2,8482172,8482929
2025020113,1,498,15:10,4:50,1551,left,509,penalty,16,N,8,40,MIN,unsportsmanlike-conduct,2,8482070,8473422
2025020113,1,507,15:46,4:14,1451,left,509,penalty,14,O,46,3,MIN,holding,2,8481624,8477404
2025020113,1,526,16:43,3:17,1441,left,509,penalty,16,N,20,42,BEN,too-many-men-on-the-ice,2,,
2025020113,3,914,2:36,17:24,1551,left,509,penalty,14,D,-63,-10,MIN,holding,2,8482176,8478178
2025020113,3,928,4:00,16:00,1541,left,509,penalty,14,D,-41,25,MIN,high-sticking-double-minor,4,8484144,8476826
2025020113,3,975,8:21,11:39,1551,left,509,penalty,16,O,-33,19,MIN,hooking,2,8478010,8482172
2025020113,3,1036,12:48,7:12,1551,left,509,penalty,14,D,-83,-8,MIN,high-sticking,2,8483493,8482929
2025020113,3,1051,13:38,6:22,1541,left,509,penalty,16,O,-86,-10,MIN,holding,2,8482655,8483506
2025020114,1,128,5:48,14:12,1551,right,509,penalty,13,N,20,41,MIN,tripping,2,8478438,8473507
2025020114,1,475,19:00,1:00,1551,right,509,penalty,5,O,39,41,MIN,roughing,2,8482113,8475810
2025020114,1,478,19:00,1:00,1551,right,509,penalty,5,O,41,39,MIN,roughing,2,8478859,8478450
2025020114,1,482,19:00,1:00,1551,right,509,penalty,13,D,36,40,MIN,interference,2,8475810,8482113
2025020114,2,600,8:08,11:52,1551,left,509,penalty,5,D,79,30,MIN,hooking,2,8480003,8477365
2025020114,3,840,1:32,18:28,1551,right,509,penalty,5,O,82,-38,MIN,tripping,2,8482113,8471215
2025020114,3,1002,11:34,8:26,1551,right,509,penalty,13,D,84,-37,MIN,interference,2,8475810,8477932
2025020115,1,173,8:16,11:44,1560,left,509,penalty,17,D,97,-18,MIN,holding,2,8475314,8482762
2025020115,1,410,18:36,1:24,1551,left,509,penalty,2,D,-83,35,MIN,cross-checking,2,8481013,8475151
2025020115,2,593,7:47,12:13,1551,right,509,penalty,17,D,-69,1,MIN,hooking,2,8477500,8482762
2025020115,2,659,13:09,6:51,1551,right,509,penalty,17,D,-60,42,BEN,delaying-game-unsuccessful-challenge,2,,
2025020115,2,711,17:14,2:46,1551,right,509,penalty,2,D,64,22,MIN,slashing,2,8484471,8475314
2025020115,3,824,1:25,18:35,1551,left,509,penalty,2,D,-36,-1,MIN,interference,2,8482762,8478445
2025020115,3,848,3:55,16:05,0651,left,509,penalty,2,N,-2,0,MIN,cross-checking,2,8479992,8475231
2025020115,3,904,8:30,11:30,1551,left,509,penalty,2,O,82,0,MIN,high-sticking,2,8481607,8481237
2025020115,3,373,20:00,0:00,1551,left,509,penalty,2,O,39,40,MIN,roughing,2,8478891,8476429
2025020115,3,377,20:00,0:00,1551,left,509,penalty,17,D,39,38,MIN,roughing,2,8476429,8478891
2025020115,3,386,20:00,0:00,1551,left,509,penalty,2,O,41,40,MIS,misconduct,10,,
2025020115,3,383,20:00,0:00,1551,left,509,penalty,17,D,44,39,MIS,misconduct,10,,
2025020115,3,381,20:00,0:00,1551,left,509,penalty,2,O,40,39,MIS,misconduct,10,,
2025020116,1,187,5:55,14:05,1551,right,509,penalty,3,N,-18,39,MAJ,fighting,5,8471817,8482460
2025020116,1,184,5:55,14:05,1551,right,509,penalty,28,N,-21,37,MAJ,fighting,5,8482460,8471817
2025020116,1,197,6:11,13:49,1551,right,509,penalty,3,D,83,-4,MIN,hooking,2,8484227,8479323
2025020116,1,232,8:19,11:41,1551,right,509,penalty,28,D,-92,-26,MIN,delaying-game-puck-over-glass,2,,
2025020116,1,396,16:34,3:26,1551,right,509,penalty,28,D,-55,21,MIN,hooking,2,8477839,8484227
2025020116,2,467,1:09,18:51,1551,left,509,penalty,3,O,58,41,MIN,high-sticking,2,8479576,8482109
2025020116,2,604,3:56,16:04,1551,left,509,penalty,28,D,84,-37,MIN,high-sticking,2,8479323,8480848
2025020116,2,699,11:51,8:09,1551,left,509,penalty,3,N,-22,-29,MIN,interference,2,8478874,8481525
2025020116,3,883,0:48,19:12,1551,right,509,penalty,28,D,-84,-33,MIN,delaying-game-puck-over-glass,2,,
2025020116,3,932,4:24,15:36,0651,right,509,penalty,3,O,-51,-22,MIN,tripping,2,8475784,8482157
2025020116,3,939,4:30,15:30,1541,right,509,penalty,3,D,45,-13,MIN,hooking,2,8482667,8479390
2025020117,1,165,8:16,11:44,1551,left,509,penalty,19,N,0,-41,MIN,holding,2,8479293,8476897
2025020117,1,187,10:34,9:26,1551,left,509,penalty,19,D,-43,41,MIN,tripping,2,8482175,8476897
2025020117,2,596,5:58,14:02,1551,right,509,penalty,68,D,-95,8,MIN,cross-checking,2,8477573,8479410
2025020117,2,584,5:58,14:02,1551,right,509,penalty,19,O,-95,7,MIN,roughing,2,8479410,8477573
2025020117,2,587,5:58,14:02,1551,right,509,penalty,19,O,-96,8,MIN,roughing,2,8478474,8481006
2025020117,2,593,5:58,14:02,1551,right,509,penalty,68,D,-96,7,MIN,roughing,2,8477573,8478474
2025020117,2,599,5:58,14:02,1551,right,509,penalty,68,D,-96,7,MIN,roughing,2,8480459,8479619
2025020117,2,639,8:29,11:31,1551,right,509,penalty,19,O,-96,7,MIN,tripping,2,8477220,8475170
2025020117,2,662,10:26,9:34,1541,right,509,penalty,68,D,-33,0,MIN,hooking,2,8481598,8479343
2025020117,2,738,16:41,3:19,1551,right,509,penalty,68,D,-27,-40,MIN,cross-checking,2,8478472,8477951
2025020117,3,836,3:21,16:39,1551,left,509,penalty,68,D,40,23,MIN,holding,2,8480023,8482699
2025020117,3,906,8:14,11:46,1551,left,509,penalty,19,D,-68,-21,MIN,delaying-game-face-off-violation,2,,
2025020118,1,72,1:15,18:45,1551,left,509,penalty,18,D,-91,8,MIN,interference,2,8475169,8480246
2025020118,1,294,10:04,9:56,1551,left,509,penalty,23,D,54,-37,MIN,delaying-game-puck-over-glass,2,,
2025020118,1,326,12:40,7:20,1551,left,509,penalty,18,D,-88,-33,MIN,high-sticking,2,8478444,8475287
2025020118,1,389,17:48,2:12,1551,left,509,penalty,18,O,84,-18,MIN,high-sticking,2,8480800,8482146
2025020118,1,455,18:18,1:42,1541,left,509,penalty,18,D,-77,33,MIN,delaying-game-puck-over-glass,2,,
2025020118,2,505,1:23,18:37,1551,right,509,penalty,23,D,-69,2,MIN,high-sticking,2,8484241,8477969
2025020118,2,587,7:32,12:28,1551,right,509,penalty,18,D,82,-2,MIN,tripping,2,8480012,8475287
2025020118,3,932,10:23,9:37,1551,left,509,penalty,23,D,82,-14,MIN,roughing,2,8479370,8477969
2025020119,1,23,13:06,6:54,1560,right,509,penalty,26,D,-88,-6,MIN,tripping,2,8476889,8475311
2025020119,1,419,17:01,2:59,1551,right,509,penalty,25,O,-93,-19,MIN,cross-checking,2,8482124,8478420
2025020119,1,433,18:26,1:34,1541,right,509,penalty,25,D,97,0,MIN,high-sticking,2,8470621,8480950
2025020119,2,488,2:16,17:44,1551,left,509,penalty,25,O,75,-2,MIN,high-sticking,2,8475208,8475794
2025020119,2,569,4:46,15:14,1551,left,509,penalty,26,N,-18,0,MIN,hooking,2,8480027,8482408
2025020119,2,650,9:51,10:09,1551,left,509,penalty,26,D,82,0,MIN,high-sticking,2,8479351,8476469
2025020119,3,802,0:56,19:04,1551,right,509,penalty,26,O,77,3,MIN,high-sticking,2,8480036,8476469
2025020119,3,1027,13:37,6:23,1551,right,509,penalty,26,N,22,1,MIN,tripping,2,8478420,8477960
2025020120,1,317,11:59,8:01,1551,right,509,penalty,55,N,-9,1,MIN,tripping,2,8474679,8475768
2025020120,2,539,4:19,15:41,1551,left,509,penalty,55,N,-7,3,MIN,slashing,2,8476460,8474586
2025020120,2,649,13:24,6:36,1551,left,509,penalty,52,O,94,-3,MIN,slashing,2,8478407,8478398
2025020120,2,657,13:48,6:12,1541,left,509,penalty,55,O,-49,40,MIN,tripping,2,8476331,8480009
2025020120,3,467,19:03,0:57,1551,right,509,penalty,52,N,0,-39,MIS,misconduct,10,,
2025020120,3,473,19:03,0:57,1551,right,509,penalty,55,N,0,-38,MIS,misconduct,10,,
2025020121,1,235,5:50,14:10,1551,right,509,penalty,12,D,-98,-6,MIN,roughing,2,8482947,8484428
2025020121,2,82,1:58,18:02,1551,left,509,penalty,12,D,81,3,MIN,slashing,2,8477492,8482100
2025020121,2,87,4:46,15:14,1551,left,509,penalty,12,N,-13,41,BEN,delaying-game-unsuccessful-challenge,2,,
2025020121,2,95,8:15,11:45,1551,left,509,penalty,12,D,62,12,MIN,slashing,2,8480069,8475791
2025020121,2,724,12:33,7:27,1551,left,509,penalty,21,D,-77,3,MIN,tripping,2,8480829,8475754
2025020121,2,507,18:39,1:21,1551,left,509,penalty,12,D,80,0,MIN,interference,2,8477476,8484428
2025020121,3,938,2:01,17:59,1551,right,509,penalty,21,N,11,40,MIN,interference,2,8475791,8484258
2025020121,3,984,5:14,14:46,1551,right,509,penalty,21,D,93,20,MIN,roughing,2,8475791,8480448
2025020121,3,988,5:14,14:46,1551,right,509,penalty,12,O,94,21,MIN,roughing,2,8480448,8475791
2025020121,3,1061,6:59,13:01,1441,right,509,penalty,12,D,-66,16,MIN,holding,2,8477501,8478970
2025020121,3,1145,13:18,6:42,1551,right,509,penalty,12,D,-67,39,MIN,interference,2,8480835,8478427
2025020121,3,1185,16:01,3:59,1551,right,509,penalty,21,O,-89,30,MIN,holding-the-stick,2,8477940,8477501
2025020121,3,1208,17:45,2:15,1541,right,509,penalty,21,O,-94,-21,MIN,holding,2,8480336,8480835
2025020121,3,1212,17:45,2:15,1541,right,509,penalty,12,D,-96,-23,MIN,holding,2,8480835,8480336
2025020121,3,1222,18:13,1:47,1551,right,509,penalty,21,D,90,-23,MIN,high-sticking,2,8476422,8475754
2025020121,4,1269,1:36,3:24,1441,left,509,penalty,21,N,17,34,MIN,hooking,2,8475791,8480039
2025020121,4,1289,3:44,1:16,1441,left,509,penalty,12,O,-76,36,MIN,high-sticking,2,8478038,8482702
2025020122,1,148,7:28,12:32,1551,left,509,penalty,22,D,-98,-11,MIN,slashing,2,8481618,8480803
2025020122,2,637,7:21,12:39,1551,right,509,penalty,8,D,-98,21,MIN,cross-checking,2,8483455,8478851
2025020122,2,766,19:25,0:35,1551,right,509,penalty,8,D,-39,2,MIN,interference,2,8478233,8476875
2025020122,3,814,3:10,16:50,1551,left,509,penalty,8,O,-96,-20,MIN,boarding,2,8480834,8483515
2025020122,3,901,10:41,9:19,1551,left,509,penalty,8,D,71,9,MIN,tripping,2,8478402,8476875
2025020122,3,915,11:19,8:41,1551,left,509,penalty,8,N,15,42,MIN,abuse-of-officials,2,,
2025020122,3,463,18:51,1:09,1551,left,509,penalty,8,N,1,-40,MIS,misconduct,10,,
2025020123,1,196,9:01,10:59,1551,left,509,penalty,7,D,-41,1,MIN,tripping,2,8477939,8480839
2025020123,1,282,11:39,8:21,1551,left,509,penalty,7,O,84,36,MIN,hooking,2,8481122,8479420
2025020123,1,301,13:23,6:37,1551,left,509,penalty,10,O,-33,2,MIN,hooking,2,8480839,8477503
2025020123,1,308,13:26,6:34,1451,left,509,penalty,10,D,69,19,MIN,high-sticking,2,8477949,8475714
2025020123,3,1041,15:23,4:37,1551,left,509,penalty,7,N,18,-40,MIN,delaying-game-puck-over-glass,2,,
2025020123,3,1098,19:48,0:12,0651,left,509,penalty,7,O,41,18,MIN,high-sticking-double-minor,4,8478462,8481522
2025020124,1,67,1:11,18:49,0651,left,509,penalty,1,D,-31,15,MIN,tripping,2,8475784,8480002
2025020124,1,314,8:43,11:17,1560,left,509,penalty,28,D,75,10,MIN,hooking,2,8481032,8478874
2025020124,1,541,19:06,0:54,1551,left,509,penalty,28,D,91,-31,MIN,tripping,2,8478414,8475200
2025020124,2,40,1:51,18:09,1551,right,509,penalty,1,D,79,5,MIN,tripping,2,8477505,8483495
2025020124,2,646,7:21,12:39,1551,right,509,penalty,28,D,-55,19,MIN,hooking,2,8482110,8475784
2025020124,2,710,12:34,7:26,1551,right,509,penalty,28,D,-52,-40,MIN,delaying-game-puck-over-glass,2,,
2025020124,2,728,13:30,6:30,1451,right,509,penalty,28,D,-69,-21,MIN,cross-checking,2,8476474,8479576
2025020124,3,829,1:35,18:25,0651,left,509,penalty,1,D,-34,-20,MIN,hooking,2,8477505,8477015
2025020124,3,908,7:41,12:19,1551,left,509,penalty,1,O,62,-37,MIN,slashing,2,8480043,8478414
2025020125,1,333,16:04,3:56,1551,left,509,penalty,29,D,-33,25,MIN,slashing,2,8479345,8481716
2025020125,1,380,19:54,0:06,1551,left,509,penalty,15,O,-81,34,MIN,tripping,2,8478500,8475343
2025020125,2,497,4:52,15:08,1551,right,509,penalty,29,O,-93,-9,MIN,holding-the-stick,2,8479345,8480893
2025020125,2,605,10:18,9:42,1551,right,509,penalty,15,N,4,1,MIN,slashing,2,8478460,8483573
2025020125,3,925,6:19,13:41,1560,left,509,penalty,15,O,-92,-6,MIN,slashing,2,8476923,8482148
2025020125,3,1011,12:35,7:25,1551,left,509,penalty,29,O,89,-34,MAJ,elbowing,5,8480990,8479671
2025020126,1,59,0:19,19:41,1551,right,509,penalty,52,D,69,10,MIN,holding,2,8475172,8482787
2025020126,1,175,4:40,15:20,1551,right,509,penalty,52,D,96,-12,MIN,tripping,2,8475172,8476331
2025020126,1,19,6:03,13:57,1551,right,509,penalty,20,N,2,1,MAJ,fighting,5,8479378,8483609
2025020126,1,16,6:03,13:57,1551,right,509,penalty,52,N,0,0,MAJ,fighting,5,8483609,8479378
2025020126,1,355,9:33,10:27,1551,right,509,penalty,20,N,9,32,MIN,interference,2,8480289,8482679
2025020126,1,464,14:37,5:23,1551,right,509,penalty,20,D,-70,-39,MIN,holding,2,8476460,8483609
2025020126,2,575,3:45,16:15,1551,left,509,penalty,20,N,-19,12,MIN,cross-checking,2,8482787,8479066
2025020126,2,578,3:45,16:15,1551,left,509,penalty,52,N,-20,13,MIN,cross-checking,2,8479066,8482787
2025020126,2,47,6:24,13:36,1551,left,509,penalty,20,N,0,-40,BEN,delaying-game-unsuccessful-challenge,2,,
2025020126,2,636,8:30,11:30,1551,left,509,penalty,20,D,37,-38,MIN,holding,2,8474679,8480860
2025020126,2,750,18:01,1:59,1551,left,509,penalty,20,D,85,28,MIN,holding,2,8480289,8478397
2025020126,2,308,20:00,0:00,1551,left,509,penalty,52,O,65,4,MIN,roughing,2,8477346,8475799
2025020126,3,798,0:55,19:05,1541,right,509,penalty,20,O,45,23,MIN,tripping,2,8476480,8480028
2025020126,3,837,3:40,16:20,1551,right,509,penalty,52,O,-92,24,MIN,holding,2,8484768,8476871
2025020126,3,868,5:59,14:01,1551,right,509,penalty,20,N,12,-39,MIN,high-sticking,2,8473604,8476456
2025020126,3,943,11:17,8:43,1551,right,509,penalty,52,O,-86,1,MIN,interference-goalkeeper,2,8481692,8475799
2025020126,3,951,11:30,8:30,1541,right,509,penalty,20,O,42,9,MIN,high-sticking,2,8481043,8482679
2025020126,3,1066,17:10,2:50,1551,right,509,penalty,52,D,81,2,MIN,cross-checking,2,8476456,8477938
2025020127,1,191,5:52,14:08,1551,right,509,penalty,4,D,68,38,MIN,holding,2,8477407,8477948
2025020127,1,241,9:12,10:48,1551,right,509,penalty,2,O,63,17,MIN,interference,2,8481553,8482476
2025020127,1,21,16:40,3:20,1551,right,509,penalty,2,D,-51,-17,MAJ,fighting,5,8477903,8476429
2025020127,1,24,16:40,3:20,1551,right,509,penalty,4,O,-52,-17,MAJ,fighting,5,8476429,8477903
2025020127,2,564,3:26,16:34,1551,left,509,penalty,2,D,97,-6,MIN,cross-checking,2,8484387,8477950
2025020127,2,705,13:30,6:30,1551,left,509,penalty,4,D,-70,4,MIN,slashing,2,8481601,8477989
2025020127,3,827,2:12,17:48,1551,right,509,penalty,2,D,-43,-34,MIN,roughing,2,8477903,8476429
2025020127,3,838,2:12,17:48,1551,right,509,penalty,4,O,-44,-34,MIN,roughing,2,8485366,8483733
2025020127,3,841,2:12,17:48,1551,right,509,penalty,4,O,-36,-31,MIN,roughing,2,8476429,8477903
2025020127,3,844,2:12,17:48,1551,right,509,penalty,2,D,-37,-37,MIN,roughing,2,8483733,8485366
2025020127,3,832,2:12,17:48,1551,right,509,penalty,4,O,-37,-33,MAJ,fighting,5,8481237,8479022
2025020127,3,835,2:12,17:48,1551,right,509,penalty,2,D,-45,-35,MAJ,fighting,5,8479022,8481237
2025020127,3,902,6:19,13:41,1551,right,509,penalty,2,D,-61,39,MIN,high-sticking,2,8476461,8476429
2025020128,1,515,18:15,1:45,1560,left,509,penalty,21,D,92,-4,MIN,holding-the-stick,2,8479591,8476455
2025020128,2,574,2:35,17:25,1551,right,509,penalty,21,D,-93,7,MIN,holding,2,8479591,8482470
2025020128,2,659,8:38,11:22,1551,right,509,penalty,6,O,-79,38,MIN,slashing,2,8482947,8478401
2025020128,2,718,13:27,6:33,1551,right,509,penalty,6,O,-58,10,MIN,holding,2,8482470,8476374
2025020128,3,900,2:33,17:27,1551,left,509,penalty,21,O,-85,1,MIN,slashing,2,8480280,8470613
2025020128,3,914,2:53,17:07,1451,left,509,penalty,6,D,-85,4,MIN,roughing,2,8480448,8479325
2025020128,3,1057,12:49,7:11,1551,left,509,penalty,21,O,-95,-15,MIN,tripping,2,8480035,8475754
2025020128,3,391,20:00,0:00,0651,left,509,penalty,21,O,-86,-35,MIN,cross-checking,2,8478042,8480039
2025020128,3,389,20:00,0:00,0651,left,509,penalty,21,O,-86,-34,MIN,roughing,2,8479325,8477492
2025020128,3,396,20:00,0:00,0651,left,509,penalty,6,D,-88,-34,MIN,roughing,2,8477492,8479325
2025020128,3,383,20:00,0:00,0651,left,509,penalty,21,O,-89,-32,MIN,roughing,2,8479325,8477492
2025020128,3,387,20:00,0:00,0651,left,509,penalty,6,D,-88,-32,MIN,roughing,2,8477492,8479325
2025020129,1,152,3:13,16:47,1551,left,509,penalty,14,D,-55,11,MIN,tripping,2,8484153,8478416
2025020129,1,163,4:13,15:47,1541,left,509,penalty,24,O,-46,-4,MIN,tripping,2,8479542,8484153
2025020129,1,264,9:45,10:15,1551,left,509,penalty,14,D,-33,-29,MIN,tripping,2,8483445,8480995
2025020129,1,290,11:19,8:41,1541,left,509,penalty,24,O,-25,26,MIN,interference,2,8475167,8482745
2025020129,1,36,15:58,4:02,1551,left,509,penalty,24,D,36,-36,MIN,tripping,2,8476453,8477527
2025020129,1,38,15:58,4:02,1551,left,509,penalty,14,N,-4,-39,MIN,unsportsmanlike-conduct,2,8477527,8482929
2025020129,1,33,15:58,4:02,1551,left,509,penalty,24,N,-9,-39,MAJ,fighting,5,8482929,8477527
2025020129,1,30,15:58,4:02,1551,left,509,penalty,14,N,-4,-38,MAJ,fighting,5,8477527,8482929
2025020129,2,882,17:18,2:42,1551,right,509,penalty,24,O,83,35,MIN,interference,2,8482201,8482118
2025020129,3,951,3:16,16:44,1551,left,509,penalty,24,D,70,-3,MIN,hooking,2,8480995,8482803
2025020129,3,973,4:47,15:13,1451,left,509,penalty,24,D,86,-35,MIN,hooking,2,8476453,8483445
2025020129,3,1197,15:42,4:18,1551,left,509,penalty,24,O,-97,-4,MIN,tripping,2,8482929,8477527
2025020130,1,62,0:32,19:28,1551,right,509,penalty,13,N,7,10,MIN,tripping,2,8476438,8473419
2025020130,2,500,1:28,18:32,1551,left,509,penalty,54,O,-82,25,MIN,tripping,2,8477495,8481604
2025020130,2,38,11:22,8:38,1560,left,509,penalty,54,D,61,22,MIN,holding,2,8473419,8478468
2025020130,3,967,14:37,5:23,1551,right,509,penalty,13,O,-38,-40,MIN,roughing,2,8478468,8479981
2025020130,3,996,17:09,2:51,1551,right,509,penalty,54,D,-47,41,MIN,high-sticking,2,8478542,8479353
2025020130,3,424,20:00,0:00,1551,right,509,penalty,13,D,89,-32,MIN,roughing,2,8480727,8478421
2025020130,3,428,20:00,0:00,1551,right,509,penalty,54,O,87,-31,MIN,roughing,2,8478421,8480727
2025020131,1,89,2:46,17:14,1551,right,509,penalty,30,O,-86,-21,MIN,slashing,2,8477220,8478508
2025020131,2,694,11:47,8:13,1551,left,509,penalty,68,D,68,19,MIN,roughing,2,8478493,8479410
2025020131,2,697,11:47,8:13,1551,left,509,penalty,30,O,68,22,MIN,roughing,2,8479410,8478493
2025020131,2,719,13:51,6:09,1551,left,509,penalty,68,D,81,-2,MIN,hooking,2,8475149,8474013
2025020131,3,815,1:26,18:34,1551,right,509,penalty,68,O,86,-35,MIN,tripping,2,8476463,8480855
2025020131,3,957,7:54,12:06,1551,right,509,penalty,68,O,94,-27,MIN,high-sticking,2,8484798,8480849
2025020131,3,1104,17:48,2:12,1551,right,509,penalty,68,D,-34,-39,MIN,tripping,2,8478864,8474013
2025020132,1,86,2:32,17:28,1551,right,509,penalty,7,D,-66,5,MIN,interference,2,8482720,8482623
2025020132,1,201,7:05,12:55,1551,right,509,penalty,10,D,80,-39,MIN,high-sticking,2,8483468,8476931
2025020132,1,229,10:09,9:51,1551,right,509,penalty,10,D,80,0,MIN,cross-checking,2,8481522,8475171
2025020132,1,390,14:22,5:38,1551,right,509,penalty,7,O,81,-8,MIN,instigator,2,8476931,8477949
2025020132,1,386,14:22,5:38,1551,right,509,penalty,10,D,78,-8,MAJ,fighting,5,8477949,8476931
2025020132,1,21,14:22,5:38,1551,right,509,penalty,7,O,81,-11,MAJ,fighting,5,8476931,8477949
2025020132,1,26,14:22,5:38,1551,right,509,penalty,7,O,80,-12,MIS,instigator-misconduct,10,,
2025020132,2,576,4:21,15:39,1551,left,509,penalty,7,D,80,1,MIN,cross-checking,2,8475166,8480807
2025020132,2,743,17:12,2:48,1551,left,509,penalty,10,N,-15,-1,MIN,interference,2,8482659,8475171
2025020132,3,875,6:25,13:35,1551,right,509,penalty,10,D,84,-22,MIN,tripping,2,8482623,8481122
2025020133,1,144,5:52,14:08,1551,right,509,penalty,17,O,-94,-28,MIN,tripping,2,8476892,8474037
2025020133,1,375,15:32,4:28,1551,right,509,penalty,19,N,-23,6,MIN,slashing,2,8482078,8475764
2025020133,2,444,0:27,19:33,1551,left,509,penalty,17,D,-71,-32,MIN,holding,2,8475760,8482762
2025020133,2,623,6:25,13:35,1551,left,509,penalty,19,D,87,4,MIN,cross-checking,2,8482078,8482516
2025020133,2,660,8:33,11:27,1551,left,509,penalty,17,D,-27,-28,MIN,holding,2,8482077,8477456
2025020133,3,890,5:08,14:52,1551,right,509,penalty,19,D,-38,-41,MIN,high-sticking,2,8477946,8475760
2025020133,3,1038,16:07,3:53,1551,right,509,penalty,17,N,1,-40,MIN,delaying-game-puck-over-glass,2,,
2025020134,1,319,11:45,8:15,1551,left,509,penalty,29,O,-75,5,MAJ,fighting,5,8476856,8476432
2025020134,1,316,11:45,8:15,1551,left,509,penalty,5,D,-76,4,MAJ,fighting,5,8476432,8476856
2025020134,1,427,15:44,4:16,1551,left,509,penalty,5,N,-18,42,BEN,delaying-game-unsuccessful-challenge,2,,
2025020134,1,471,19:01,0:59,0651,left,509,penalty,5,O,28,37,MIN,high-sticking,2,8479944,8478854
2025020134,2,631,3:27,16:33,1551,right,509,penalty,29,D,-97,12,MIN,cross-checking,2,8479638,8475790
2025020134,3,978,10:18,9:42,1551,left,509,penalty,29,D,34,39,MIN,high-sticking,2,8480980,8476432
2025020134,3,1011,13:02,6:58,1551,left,509,penalty,29,D,82,1,MIN,hooking,2,8480842,8482705
2025020135,1,96,3:05,16:55,1551,right,509,penalty,9,D,-69,-38,MIN,holding,2,8484186,8484321
2025020135,1,260,7:42,12:18,1551,right,509,penalty,15,D,71,12,MIN,tripping,2,8481528,8476880
2025020135,1,437,16:29,3:31,1551,right,509,penalty,9,D,-64,39,MIN,roughing,2,8479400,8477073
2025020135,1,444,16:29,3:31,1551,right,509,penalty,15,O,-63,40,MIN,roughing,2,8477073,8479400
2025020135,2,585,3:27,16:33,1551,left,509,penalty,15,N,10,41,BEN,delaying-game-unsuccessful-challenge,2,,
2025020135,2,683,11:20,8:40,1551,left,509,penalty,15,D,-33,-38,MIN,slashing,2,8476393,8479520
2025020135,2,686,11:20,8:40,1551,left,509,penalty,9,O,-33,-38,MIN,embellishment,2,,
2025020135,2,704,12:29,7:31,1450,left,509,penalty,9,D,41,-2,MIN,hooking,2,8478911,8481596
2025020135,2,804,19:27,0:33,1551,left,509,penalty,9,O,-91,-5,MIN,goalie-leave-crease,2,,
2025020135,2,807,19:27,0:33,1551,left,509,penalty,15,D,-91,4,MIN,goalie-leave-crease,2,,
2025020135,2,810,19:27,0:33,1551,left,509,penalty,15,D,-92,5,MIN,roughing,2,8482092,8480796
2025020135,2,452,19:27,0:33,1551,left,509,penalty,15,D,-92,5,MIN,roughing,2,8482092,8480796
2025020135,2,799,19:27,0:33,1551,left,509,penalty,9,O,-93,6,MIN,roughing,2,8480796,8482092
2025020135,3,940,9:17,10:43,0651,right,509,penalty,15,N,-6,29,MIN,slashing,2,8480188,8482088
2025020136,1,195,9:54,10:06,1551,right,509,penalty,8,N,-1,38,MIN,holding,2,8480748,8482964
2025020136,2,545,5:55,14:05,1551,left,509,penalty,8,O,-88,25,MIN,hooking,2,8480058,8480813
2025020136,2,628,12:11,7:49,1551,left,509,penalty,8,D,99,-5,MIN,interference,2,8474574,8482964
2025020136,2,641,13:17,6:43,1451,left,509,penalty,23,O,39,-30,MIN,interference,2,8481618,8481024
2025020136,2,50,20:00,0:00,1551,left,509,penalty,23,D,-77,2,MIN,tripping,2,8475848,8482691
2025020136,3,844,5:38,14:22,1551,right,509,penalty,23,O,-78,-40,MIN,cross-checking,2,8481540,8475169
2025020137,1,334,16:44,3:16,1551,left,509,penalty,26,D,66,35,MIN,high-sticking,2,8476539,8479998
2025020137,2,635,11:35,8:25,1551,right,509,penalty,18,O,-25,-25,MIN,slashing,2,8481532,8482111
2025020137,3,1046,16:29,3:31,1551,left,509,penalty,18,D,-42,19,MIN,hooking,2,8477998,8476539
2025020137,3,1070,18:37,1:23,1551,left,509,penalty,18,D,-74,3,MIN,slashing,2,8476479,8482062
2025020137,4,1123,2:52,2:08,1331,right,509,penalty,26,D,-86,30,MIN,holding,2,8476539,8479675
2025020138,1,185,4:26,15:34,1551,right,509,penalty,12,O,32,-37,MIN,tripping,2,8482740,8475791
2025020138,1,310,10:17,9:43,1551,right,509,penalty,25,O,-81,-36,MIN,high-sticking,2,8480336,8478420
2025020138,2,613,4:06,15:54,1551,left,509,penalty,12,D,69,-6,MIN,holding,2,8476278,8482911
2025020138,2,773,16:40,3:20,1551,left,509,penalty,25,O,65,-16,MIN,tripping,2,8482702,8476902
2025020138,3,962,9:31,10:29,1551,right,509,penalty,25,N,22,40,MIN,slashing,2,8478427,8479414
2025020138,3,427,9:55,10:05,1541,right,509,penalty,12,O,92,-32,MIN,charging,2,8478449,8475791
2025020138,3,991,11:01,8:59,1441,right,509,penalty,12,D,-82,5,MIN,holding,2,8482145,8482093
2025020139,1,77,2:02,17:58,1551,left,509,penalty,22,O,-87,32,MIN,tripping,2,8483524,8474641
2025020139,1,85,2:15,17:45,1451,left,509,penalty,55,D,-53,25,MIN,slashing,2,8481491,8482665
2025020139,1,262,10:47,9:13,1551,left,509,penalty,22,D,72,10,MIN,hooking,2,8476905,8483455
2025020139,1,389,16:12,3:48,1551,left,509,penalty,22,D,76,1,MIN,hooking,2,8482665,8480803
2025020139,2,743,14:20,5:40,1551,right,509,penalty,55,D,98,0,MIN,tripping,2,8478233,8476457
2025020140,2,647,7:28,12:32,1551,right,509,penalty,21,D,-57,-33,MIN,tripping,2,8481721,8475754
2025020140,2,656,8:26,11:34,1451,right,509,penalty,1,O,-68,-22,MIN,high-sticking,2,8480069,8478414
2025020140,2,735,13:56,6:04,1551,right,509,penalty,1,D,98,5,MIN,interference,2,8480039,8482684
2025020141,1,11,0:31,19:29,1551,left,509,penalty,54,N,-11,8,MAJ,fighting,5,8482929,8478434
2025020141,1,8,0:31,19:29,1551,left,509,penalty,14,N,-9,12,MAJ,fighting,5,8478434,8482929
2025020141,1,194,6:51,13:09,1551,left,509,penalty,54,D,50,41,MIN,delaying-game-puck-over-glass,2,,
2025020141,1,255,7:31,12:29,1451,left,509,penalty,14,O,67,40,MIN,hooking,2,8479353,8477416
2025020141,1,358,11:19,8:41,1551,left,509,penalty,54,D,26,14,MIN,high-sticking-double-minor,4,8482929,8482125
2025020141,2,665,6:20,13:40,1551,right,509,penalty,54,D,-69,34,MIN,tripping,2,8476453,8478468
2025020141,2,727,10:15,9:45,1551,right,509,penalty,54,D,-81,3,MIN,holding,2,8479542,8481527
2025020141,3,983,10:32,9:28,1551,left,509,penalty,14,D,-85,-18,MIN,slashing,2,8478468,8479542
2025020141,3,1040,14:30,5:30,1551,left,509,penalty,14,O,31,-39,MIN,roughing,2,8475188,8476878
2025020142,1,118,4:47,15:13,1551,right,509,penalty,30,N,-1,-38,MIN,interference,2,8477505,8476994
2025020142,1,177,8:07,11:53,1560,right,509,penalty,28,D,-76,38,MIN,holding,2,8475149,8475200
2025020142,1,393,15:28,4:32,1551,right,509,penalty,28,D,-77,22,MIN,high-sticking,2,8476994,8482861
2025020142,2,643,13:14,6:46,1551,left,509,penalty,28,D,69,42,MIN,tripping,2,8476994,8475200
2025020142,3,753,3:11,16:49,1551,right,509,penalty,28,N,-21,-8,MIN,slashing,2,8477451,8485402
2025020142,3,795,5:59,14:01,1551,right,509,penalty,30,N,8,1,MIN,interference,2,8480798,8478136
2025020143,2,568,3:00,17:00,1551,left,509,penalty,52,D,-45,-39,MIN,high-sticking,2,8484386,8482787
2025020143,2,653,9:20,10:40,1551,left,509,penalty,52,D,-86,37,MIN,delaying-game-puck-over-glass,2,,
2025020143,2,710,13:12,6:48,1551,left,509,penalty,68,D,61,15,MIN,interference,2,8475799,8478507
2025020143,3,871,5:52,14:08,1551,right,509,penalty,52,N,0,39,MIN,roughing,2,8482175,8482787
2025020143,3,875,5:52,14:08,1551,right,509,penalty,68,N,1,39,MIN,roughing,2,8482787,8482175
2025020143,3,932,10:07,9:53,1551,right,509,penalty,52,D,73,-5,MIN,interference,2,8479293,8474568
2025020143,3,1031,17:45,2:15,1551,right,509,penalty,52,N,13,40,BEN,too-many-men-on-the-ice,2,,
2025020144,1,266,11:07,8:53,1551,right,509,penalty,26,D,-79,3,MIN,slashing,2,8483493,8476479
2025020144,1,20,15:58,4:02,1551,right,509,penalty,26,D,-82,-17,MIN,delaying-game-puck-over-glass,2,,
2025020144,1,358,17:14,2:46,1451,right,509,penalty,16,N,12,-10,MIN,tripping,2,8476479,8477444
2025020144,2,505,0:30,19:30,1551,left,509,penalty,16,D,-81,-1,MIN,slashing,2,8482155,8482176
2025020144,2,686,11:01,8:59,1551,left,509,penalty,26,O,-64,-38,MIN,tripping,2,8482176,8471685
2025020144,2,782,19:18,0:42,0651,left,509,penalty,16,D,-38,-39,MIN,tripping,2,8482155,8476473
2025020144,3,804,0:20,19:40,1541,right,509,penalty,26,D,-82,21,MIN,tripping,2,8481624,8477960
2025020144,3,1020,16:52,3:08,1551,right,509,penalty,26,D,-51,21,MIN,tripping,2,8483506,8479675
2025020145,1,83,1:57,18:03,1551,left,509,penalty,18,D,-87,-30,MIN,holding,2,8484829,8475287
2025020145,1,153,7:12,12:48,1551,left,509,penalty,25,D,75,-17,MIN,interference,2,8477446,8478420
2025020145,1,265,11:45,8:15,1551,left,509,penalty,18,O,46,38,MIN,tripping,2,8479351,8476887
2025020145,1,277,12:25,7:35,1541,left,509,penalty,18,D,-29,-27,MIN,tripping,2,8480036,8482062
2025020145,1,290,13:06,6:54,1531,left,509,penalty,25,O,-54,33,MIN,hooking,2,8477446,8482740
2025020145,2,527,3:11,16:49,1551,right,509,penalty,18,D,33,-8,MIN,tripping,2,8484829,8479370
2025020145,3,928,8:45,11:15,1551,left,509,penalty,18,D,-82,-39,MIN,delaying-game-puck-over-glass,2,,
2025020146,1,124,4:16,15:44,1551,right,509,penalty,3,D,-77,-2,MIN,cross-checking,2,8476399,8481525
2025020146,2,678,7:39,12:21,1551,left,509,penalty,3,O,-97,-15,MIN,holding-the-stick,2,8484768,8476459
2025020146,2,813,17:28,2:32,1551,left,509,penalty,3,O,-81,0,MIN,roughing,2,8478397,8476468
2025020146,3,919,6:00,14:00,1551,right,509,penalty,20,D,58,2,MIN,holding,2,8483690,8482074
2025020147,1,109,4:05,15:55,1551,right,509,penalty,23,O,-76,-18,MIN,roughing,2,8478233,8478856
2025020147,2,411,0:56,19:04,1551,left,509,penalty,22,D,39,1,MIN,slashing,2,8480748,8481617
2025020147,2,528,6:19,13:41,1551,left,509,penalty,22,D,71,30,MIN,slashing,2,8482055,8480803
2025020147,3,1027,14:30,5:30,1551,right,509,penalty,23,D,74,-22,MIN,slashing,2,8478233,8477969
2025020148,1,258,7:04,12:56,1551,left,509,penalty,5,N,22,-40,MIN,high-sticking,2,8475760,8478438
2025020148,2,675,12:17,7:43,1551,right,509,penalty,5,O,-94,4,MIN,tripping,2,8482733,8478438
2025020148,3,797,2:10,17:50,1551,left,509,penalty,5,O,32,-36,MIN,tripping,2,8482077,8484839
2025020148,3,838,4:39,15:21,1551,left,509,penalty,5,N,0,14,MIN,slashing,2,8475760,8471215
2025020148,3,842,4:39,15:21,1551,left,509,penalty,19,N,0,11,MIN,slashing,2,8471215,8475760
2025020149,1,232,8:40,11:20,1551,left,509,penalty,6,D,38,35,MIN,high-sticking,2,8482095,8479591
2025020149,1,344,13:16,6:44,1551,left,509,penalty,6,O,-37,-39,MIN,tripping,2,8480188,8480355
2025020149,3,854,0:08,19:52,1551,left,509,penalty,6,N,23,-33,MIN,interference,2,8478020,8477507
2025020149,3,911,4:14,15:46,0651,left,509,penalty,9,O,93,-20,MIN,holding,2,8477507,8481528
2025020149,3,556,9:18,10:42,1551,left,509,penalty,6,D,30,-32,MIN,tripping,2,8482116,8479325
2025020149,3,1035,12:43,7:17,1551,left,509,penalty,6,O,-84,0,MIN,interference-goalkeeper,2,8482447,8479325
2025020150,1,328,11:19,8:41,1551,right,509,penalty,4,N,-1,40,MIN,slashing,2,8485414,8477903
2025020150,1,446,16:53,3:07,1551,right,509,penalty,5,D,-44,-38,MIN,interference,2,8481533,8476856
2025020150,2,544,0:37,19:23,1551,left,509,penalty,4,D,-98,-6,MIN,hooking,2,8475810,8481553
2025020150,2,674,10:24,9:36,1551,left,509,penalty,4,D,-97,2,MIN,high-sticking,2,8471675,8481546
2025020150,2,780,19:24,0:36,1551,left,509,penalty,5,D,83,-5,MIN,high-sticking,2,8481553,8476856
2025020150,3,952,13:15,6:45,1551,right,509,penalty,5,N,-9,-27,MIN,slashing,2,8480015,8471215
2025020150,4,1049,0:49,4:11,1331,left,509,penalty,4,D,-81,4,MIN,slashing,2,8471724,8481533
2025020150,4,1077,3:14,1:46,1450,left,509,penalty,5,N,-5,41,MIN,hooking,2,8480220,8471215
2025020150,4,1151,5:00,0:00,1341,left,509,penalty,5,D,50,34,MIS,misconduct,10,,
2025020150,4,1154,5:00,0:00,1341,left,509,penalty,5,D,47,33,MIS,misconduct,10,,
2025020150,4,498,5:00,0:00,1341,left,509,penalty,5,D,39,32,MIS,misconduct,10,,
2025020150,4,492,5:00,0:00,1341,left,509,penalty,4,O,36,30,MIS,misconduct,10,,
2025020150,4,495,5:00,0:00,1341,left,509,penalty,5,D,44,30,MIS,misconduct,10,,
2025020150,4,483,5:00,0:00,1341,left,509,penalty,4,O,41,32,MIS,misconduct,10,,
2025020150,4,489,5:00,0:00,1341,left,509,penalty,4,O,38,31,MIS,misconduct,10,,
2025020150,4,480,5:00,0:00,1341,left,509,penalty,4,O,41,38,MIS,misconduct,10,,
2025020151,1,338,9:11,10:49,1551,right,509,penalty,10,D,51,37,MIN,holding,2,8476456,8475171
2025020151,1,366,11:06,8:54,1541,right,509,penalty,20,O,50,-40,MIN,interference,2,8481582,8482074
2025020151,1,70,14:02,5:58,1551,right,509,penalty,20,N,-21,41,BEN,too-many-men-on-the-ice,2,,
2025020151,1,434,16:06,3:54,1551,right,509,penalty,20,D,-42,-2,MIN,slashing,2,8477503,8476456
2025020151,1,619,18:31,1:29,1551,right,509,penalty,10,D,78,8,MIN,hooking,2,8476456,8475171
2025020151,3,1016,3:33,16:27,1551,right,509,penalty,20,D,-63,-21,MIN,high-sticking,2,8481711,8477810
2025020151,3,1057,5:40,14:20,1551,right,509,penalty,10,O,-61,-36,MIN,tripping,2,8478397,8482720
2025020152,1,454,18:27,1:33,1551,left,509,penalty,29,D,85,-2,MIN,roughing,2,8479359,8476923
2025020152,2,769,19:20,0:40,1551,right,509,penalty,7,O,-68,-35,MIN,interference,2,8483485,8477949
2025020152,2,46,20:00,0:00,1551,right,509,penalty,29,O,97,23,MIN,roughing,2,8482623,8480893
2025020152,2,49,20:00,0:00,1551,right,509,penalty,7,D,97,25,MIN,roughing,2,8480893,8481524
2025020152,2,43,20:00,0:00,1551,right,509,penalty,29,O,97,22,MIN,roughing,2,8482623,8481716
2025020153,1,16,5:28,14:32,0651,right,509,penalty,13,O,-68,0,MIN,tripping,2,8473986,8480003
2025020153,1,328,12:52,7:08,1551,right,509,penalty,13,D,69,36,MIN,hooking,2,8482745,8478542
2025020153,2,483,0:38,19:22,1551,left,509,penalty,24,D,76,40,MIN,delaying-game-puck-over-glass,2,,
2025020153,2,575,3:43,16:17,1551,left,509,penalty,24,D,59,11,MIN,hooking,2,8480003,8484762
2025020153,2,655,9:13,10:47,1551,left,509,penalty,24,D,76,1,MIN,slashing,2,8477409,8482178
2025020153,2,679,10:34,9:26,1451,left,509,penalty,13,D,-89,-10,MIN,holding,2,8480068,8477409
2025020153,2,686,11:00,9:00,1441,left,509,penalty,13,O,55,6,MIN,interference,2,8476885,8478859
2025020153,2,45,19:00,1:00,1551,left,509,penalty,24,O,-78,36,MAJ,fighting,5,8478421,8477527
2025020153,2,48,19:00,1:00,1551,left,509,penalty,13,D,-78,36,MAJ,fighting,5,8477527,8478421
2025020153,3,1081,13:24,6:36,0651,right,509,penalty,13,O,-94,-28,MIN,cross-checking,2,8481563,8477935
2025020153,4,1236,2:54,2:06,1340,left,509,penalty,24,D,81,-10,MIN,hooking,2,8482713,8482745
2025020154,1,306,16:14,3:46,1551,left,509,penalty,6,O,98,4,MIN,boarding,2,8476917,8477507
2025020154,2,417,0:38,19:22,1551,right,509,penalty,2,D,-49,40,MIN,tripping,2,8479325,8475314
2025020154,2,450,3:18,16:42,1551,right,509,penalty,2,D,-29,-39,MIN,tripping,2,8480355,8481569
2025020154,2,802,17:09,2:51,1551,right,509,penalty,6,D,82,1,MIN,high-sticking-double-minor,4,8475151,8476854
2025020154,3,867,2:23,17:37,1551,left,509,penalty,6,O,74,-38,MIN,hooking,2,8481569,8477956
2025020154,3,901,4:51,15:09,1551,left,509,penalty,2,D,77,2,MIN,slashing,2,8477507,8476917
2025020154,3,946,7:16,12:44,1551,left,509,penalty,2,O,-86,37,MIN,holding,2,8476854,8478445
2025020154,3,1004,11:47,8:13,1551,left,509,penalty,6,D,-84,0,MIN,interference,2,8477494,8476854
2025020155,1,164,3:44,16:16,1560,right,509,penalty,54,D,-77,3,MIN,interference,2,8482093,8478468
2025020155,1,407,13:57,6:03,0651,right,509,penalty,12,N,-8,23,MIN,slashing,2,8481527,8480830
2025020155,1,458,17:41,2:19,1551,right,509,penalty,12,D,29,-39,MIN,tripping,2,8477447,8480830
2025020155,2,601,4:19,15:41,1551,left,509,penalty,12,D,-98,0,MIN,cross-checking,2,8478403,8473533
2025020155,2,828,18:34,1:26,1551,left,509,penalty,12,D,-76,-15,MIN,hooking,2,8479353,8480336
2025020155,3,970,8:39,11:21,1551,right,509,penalty,54,N,14,39,MIN,roughing,2,8477940,8479353
2025020155,3,975,8:39,11:21,1551,right,509,penalty,12,N,12,39,MIN,roughing,2,8479353,8477940
2025020156,1,123,1:32,18:28,1560,left,509,penalty,14,D,46,-39,MIN,tripping,2,8476887,8478010
2025020156,1,147,3:49,16:11,1551,left,509,penalty,18,O,35,38,MIN,interference,2,8479542,8482482
2025020156,1,420,17:28,2:32,0651,left,509,penalty,18,D,-42,24,MIN,slashing,2,8476453,8475287
2025020156,2,771,13:29,6:31,1551,right,509,penalty,18,O,-36,36,MIN,slashing,2,8480995,8481056
2025020156,2,900,19:15,0:45,1551,right,509,penalty,18,N,-16,40,BEN,too-many-men-on-the-ice,2,,
2025020156,3,946,3:00,17:00,1551,left,509,penalty,14,D,43,13,MIN,roughing,2,8478047,8480426
2025020156,3,950,3:00,17:00,1551,left,509,penalty,18,O,42,-5,MIN,slashing,2,8480426,8478047
2025020156,3,963,3:45,16:15,1441,left,509,penalty,14,D,48,-25,MIN,slashing,2,8482146,8483752
2025020156,3,1055,9:50,10:10,1551,left,509,penalty,14,D,82,2,MIN,holding-the-stick,2,8476887,8478416
2025020156,3,1120,15:47,4:13,1551,left,509,penalty,18,O,72,-1,MIN,roughing,2,8482655,8476887
2025020156,3,1123,15:47,4:13,1551,left,509,penalty,14,D,77,-1,MIN,roughing,2,8476887,8482655
2025020157,1,525,19:18,0:42,1551,right,509,penalty,52,D,-70,2,MIN,interference,2,8478508,8477938
2025020157,2,588,3:49,16:11,1551,left,509,penalty,30,O,47,21,MAJ,fighting,5,8474568,8478136
2025020157,2,585,3:49,16:11,1551,left,509,penalty,52,D,48,23,MAJ,fighting,5,8478136,8474568
2025020157,2,801,19:37,0:23,1551,left,509,penalty,52,D,87,31,MIN,slashing,2,8481557,8480113
2025020157,2,808,19:59,0:01,1451,left,509,penalty,30,O,94,13,MIN,high-sticking,2,8476331,8481557
2025020157,3,854,2:30,17:30,1551,right,509,penalty,52,O,98,-6,MIN,slashing,2,8475765,8479378
2025020157,3,991,12:37,7:23,1551,right,509,penalty,52,N,10,-22,MIN,tripping,2,8477451,8476871
2025020158,1,219,7:35,12:25,1551,left,509,penalty,17,D,67,40,MAJ,fighting,5,8475170,8474612
2025020158,1,222,7:35,12:25,1551,left,509,penalty,19,O,72,39,MAJ,fighting,5,8474612,8475170
2025020158,1,432,19:09,0:51,1551,left,509,penalty,19,O,69,-40,MIN,holding,2,8481607,8482077
2025020158,2,661,8:13,11:47,1551,right,509,penalty,19,N,-7,36,MIN,roughing,2,8483464,8477573
2025020158,2,749,14:59,5:01,1560,right,509,penalty,17,D,-85,10,MIN,holding,2,8475760,8475279
2025020158,2,790,18:18,1:42,1551,right,509,penalty,17,D,-88,-7,MIN,high-sticking,2,8476892,8477429
2025020159,1,207,9:52,10:08,1551,right,509,penalty,25,O,-99,-12,MIN,tripping,2,8479345,8479351
2025020159,1,363,13:55,6:05,1551,right,509,penalty,15,O,78,4,MIN,interference,2,8480036,8476880
2025020159,1,389,16:41,3:19,1551,right,509,penalty,15,O,75,-31,MIN,hooking,2,8476889,8481656
2025020159,2,437,0:20,19:40,1551,left,509,penalty,15,D,83,30,MIN,hooking,2,8476889,8476880
2025020159,2,506,1:20,18:40,1551,left,509,penalty,25,O,81,37,MIN,holding,2,8478911,8479351
2025020159,3,878,5:29,14:31,1551,right,509,penalty,15,O,51,41,MIN,tripping,2,8478420,8479520
2025020159,3,1004,14:56,5:04,0651,right,509,penalty,25,D,82,-3,MIN,interference,2,8481656,8483425
2025020160,1,184,7:52,12:08,0651,right,509,penalty,16,N,-16,22,MIN,cross-checking,2,8482092,8483506
2025020160,1,406,17:37,2:23,1551,right,509,penalty,9,D,-59,17,MIN,slashing,2,8484144,8474102
2025020160,2,521,0:24,19:36,1551,left,509,penalty,16,D,-88,6,MIN,tripping,2,8480208,8483506
2025020160,2,37,8:31,11:29,1551,left,509,penalty,16,N,13,41,BEN,delaying-game-unsuccessful-challenge,2,,
2025020160,3,569,11:36,8:24,1551,right,509,penalty,16,D,57,-39,MIN,roughing,2,8476393,8477479
2025020160,3,574,11:36,8:24,1551,right,509,penalty,9,O,61,-39,MIN,roughing,2,8477479,8476393
2025020160,3,1014,11:36,8:24,1551,right,509,penalty,16,D,59,-39,MIN,roughing,2,8476393,8477479
2025020160,3,1018,11:36,8:24,1551,right,509,penalty,9,O,47,-39,MIN,roughing,2,8483506,8482116
2025020160,3,1021,11:36,8:24,1551,right,509,penalty,16,D,47,-39,MIN,roughing,2,8482116,8483506
2025020160,3,453,11:36,8:24,1551,right,509,penalty,9,O,48,-37,MIS,misconduct,10,,
2025020160,3,571,11:36,8:24,1551,right,509,penalty,16,D,56,-39,MIS,misconduct,10,,
2025020161,1,63,0:18,19:42,1551,right,509,penalty,1,D,-38,42,MIN,delaying-game-puck-over-glass,2,,
2025020161,1,317,10:33,9:27,1551,right,509,penalty,1,D,-27,39,MIN,interference,2,8479525,8478399
2025020161,1,421,14:11,5:49,0651,right,509,penalty,21,D,58,-32,MIN,hooking,2,8479407,8480039
2025020161,2,627,6:02,13:58,1551,left,509,penalty,1,D,79,0,MIN,cross-checking,2,8484149,8476474
2025020161,2,638,6:13,13:47,1451,left,509,penalty,1,D,93,-12,MIN,tripping,2,8477492,8476462
2025020161,2,763,14:54,5:06,1560,left,509,penalty,1,D,25,33,MIN,tripping,2,8482947,8478414
2025020161,2,824,19:01,0:59,1551,left,509,penalty,21,D,-79,-3,MIN,slashing,2,8483495,8476312
2025020161,3,875,2:33,17:27,1551,right,509,penalty,1,D,-43,19,MIN,slashing,2,8477501,8476822
2025020162,3,810,1:53,18:07,1551,left,509,penalty,68,O,-84,3,MIN,cross-checking,2,8480834,8477070
2025020162,3,875,7:05,12:55,1551,left,509,penalty,22,D,-83,-34,MIN,slashing,2,8483431,8480803
2025020162,3,971,15:22,4:38,1551,left,509,penalty,22,O,48,41,MIN,tripping,2,8482699,8483455
2025020163,1,301,10:24,9:36,1551,right,509,penalty,23,O,-26,-38,MIN,tripping,2,8475842,8483395
2025020163,1,22,19:40,0:20,1551,right,509,penalty,23,O,-52,-26,MIN,roughing,2,8475842,8477969
2025020163,1,27,19:40,0:20,1551,right,509,penalty,3,D,-55,-26,MAJ,fighting,5,8477969,8475842
2025020163,1,25,19:40,0:20,1551,right,509,penalty,23,O,-52,-20,MAJ,fighting,5,8475842,8477969
2025020163,2,477,1:53,18:07,1551,left,509,penalty,3,O,-64,16,MIN,interference,2,8475169,8481726
2025020163,2,553,4:02,15:58,1551,left,509,penalty,23,O,65,37,MIN,hooking,2,8482073,8475169
2025020163,3,821,1:06,18:54,1551,right,509,penalty,3,D,-29,38,MIN,interference,2,8480012,8477369
2025020163,3,1050,19:18,0:42,1560,right,509,penalty,3,D,-65,2,MIN,slashing,2,8480012,8482157
2025020163,3,522,20:00,0:00,1460,right,509,penalty,23,O,-90,-21,MIN,unsportsmanlike-conduct,2,8478882,8480748
2025020164,1,298,10:45,9:15,1551,left,509,penalty,8,N,13,41,MIN,slashing,2,8484800,8481540
2025020164,1,365,16:17,3:43,1551,left,509,penalty,55,D,-69,-36,MIN,cross-checking,2,8483515,8479324
2025020164,1,455,18:58,1:02,1551,left,509,penalty,8,N,24,20,MIN,slashing,2,8476905,8480813
2025020164,2,636,13:59,6:01,1551,right,509,penalty,8,D,-62,12,MIN,hooking,2,8478975,8482737
2025020164,3,766,4:09,15:51,1551,left,509,penalty,55,O,98,-5,MIN,tripping,2,8483457,8475768
2025020164,3,812,7:57,12:03,1560,left,509,penalty,8,O,-34,-39,MIN,hooking,2,8484800,8481593
2025020164,3,880,13:20,6:40,1551,left,509,penalty,55,D,-99,15,MIN,roughing,2,8481523,8483497
2025020164,3,884,13:20,6:40,1551,left,509,penalty,8,O,-97,15,MIN,roughing,2,8483497,8481523
2025020165,1,12,8:45,11:15,1551,left,509,penalty,28,O,35,-19,MIN,tripping,2,8483808,8480043
2025020165,1,17,12:32,7:28,1551,left,509,penalty,26,O,-74,25,MIN,slashing,2,8482667,8482408
2025020165,1,406,16:34,3:26,1551,left,509,penalty,26,N,4,0,MIN,high-sticking,2,8480848,8482730
2025020165,3,45,2:45,17:15,1551,left,509,penalty,26,O,-87,-11,MIN,holding,2,8479576,8482408
2025020165,3,48,6:40,13:20,1551,left,509,penalty,26,D,53,5,MIN,slashing,2,8482667,8474563
2025020165,3,969,18:44,1:16,1560,left,509,penalty,26,N,-19,41,MIN,delaying-game-puck-over-glass,2,,
2025020166,1,451,18:18,1:42,1551,left,509,penalty,10,D,56,-38,MIN,holding,2,8479671,8479026
2025020166,3,842,3:41,16:19,1551,left,509,penalty,29,D,-89,-30,MIN,holding,2,8478057,8476923
2025020166,3,360,4:02,15:58,1541,left,509,penalty,10,O,-45,-39,MIN,slashing,2,8483485,8479318
2025020166,3,971,12:25,7:35,1551,left,509,penalty,29,D,-80,0,MIN,hooking,2,8479318,8481716
2025020167,1,138,6:09,13:51,1551,left,509,penalty,7,D,45,-27,MIN,slashing,2,8480355,8482623
2025020167,1,362,11:24,8:36,1551,left,509,penalty,7,D,34,-33,MIN,tripping,2,8482177,8480839
2025020167,1,442,18:02,1:58,1551,left,509,penalty,6,O,82,35,MIN,hooking,2,8481522,8482177
2025020167,2,574,0:45,19:15,1551,right,509,penalty,6,O,-29,38,MIN,hooking,2,8480839,8477956
2025020167,2,733,12:40,7:20,1551,right,509,penalty,7,D,-30,-34,MIN,hooking,2,8479987,8480891
2025020167,2,759,14:44,5:16,0651,right,509,penalty,6,O,-45,26,MIN,hooking,2,8480802,8478401
2025020167,2,50,20:00,0:00,1551,right,509,penalty,6,D,67,-37,MIN,cross-checking,2,8482623,8478401
2025020167,3,942,8:03,11:57,1551,left,509,penalty,6,O,27,24,MAJ,fighting,5,8481522,8479591
2025020167,3,938,8:03,11:57,1551,left,509,penalty,7,D,27,30,MAJ,fighting,5,8479591,8481522
2025020167,3,1044,14:25,5:35,1551,left,509,penalty,6,N,-13,41,BEN,delaying-game-unsuccessful-challenge,2,,
2025020167,3,1104,18:43,1:17,1551,left,509,penalty,7,D,35,29,MIN,tripping,2,8478042,8478413
2025020168,1,114,4:23,15:37,1551,left,509,penalty,9,O,96,-15,MIN,high-sticking-double-minor,4,8481167,8482092
2025020168,1,183,9:33,10:27,1551,left,509,penalty,20,D,83,5,MIN,interference,2,8474102,8480860
2025020168,1,343,14:04,5:56,0651,left,509,penalty,9,O,31,27,MIN,tripping,2,8480028,8481596
2025020168,1,464,19:22,0:38,1551,left,509,penalty,20,O,-93,20,MIN,holding,2,8482105,8483609
2025020168,2,564,2:34,17:26,0651,right,509,penalty,9,D,80,-9,MIN,hooking,2,8475172,8475324
2025020168,2,29,3:50,16:10,1541,right,509,penalty,20,O,33,37,MIN,holding,2,8482116,8480028
2025020168,2,43,12:44,7:16,1551,right,509,penalty,20,D,-50,-9,MIN,interference,2,8476393,8476399
2025020168,2,702,12:44,7:16,1551,right,509,penalty,9,O,-55,-4,MIN,embellishment,2,,
2025020168,4,1196,2:30,2:30,1331,right,509,penalty,20,D,-77,-10,MIN,tripping,2,8480208,8478397
2025020169,2,571,6:34,13:26,1551,right,509,penalty,25,O,62,-6,MIN,interference,2,8474151,8477454
2025020169,2,650,13:19,6:41,1551,right,509,penalty,25,D,-75,-6,MIN,tripping,2,8478010,8475755
2025020169,2,708,17:36,2:24,1551,right,509,penalty,14,D,97,-1,MIN,high-sticking,2,8478420,8476826
2025020169,3,851,4:53,15:07,1551,left,509,penalty,25,D,86,-36,MIN,high-sticking,2,8482201,8478476
2025020169,3,921,9:15,10:45,0651,left,509,penalty,14,O,93,31,MIN,hooking,2,8476902,8483752
2025020169,3,934,10:14,9:46,1541,left,509,penalty,14,D,-94,-6,MIN,high-sticking,2,8475794,8478416
2025020169,3,956,12:17,7:43,1551,left,509,penalty,25,O,-71,41,MIN,tripping,2,8479542,8482740
2025020170,1,262,11:54,8:06,0651,right,509,penalty,4,D,77,5,MIN,hooking,2,8476539,8482142
2025020170,1,407,19:57,0:03,0651,right,509,penalty,4,D,76,4,MIN,interference,2,8476869,8481553
2025020170,3,882,6:57,13:03,1560,right,509,penalty,18,D,-86,35,MIN,hooking,2,8479022,8479980
2025020170,3,1003,14:17,5:43,1551,right,509,penalty,18,O,87,-4,MIN,roughing,2,8480220,8475287
2025020170,3,1007,14:17,5:43,1551,right,509,penalty,4,D,87,-5,MIN,slashing,2,8475287,8480220
2025020171,1,14,3:58,16:02,1551,right,509,penalty,12,O,-82,-4,MIN,interference-goalkeeper,2,8479496,8482809
2025020171,1,26,12:08,7:52,1551,right,509,penalty,12,D,57,42,MIN,delaying-game-puck-over-glass,2,,
2025020171,1,489,16:02,3:58,1551,right,509,penalty,2,O,98,14,MIN,roughing,2,8482100,8481237
2025020171,1,493,16:02,3:58,1551,right,509,penalty,12,D,98,13,MIN,roughing,2,8481237,8482100
2025020171,2,571,1:09,18:51,1551,left,509,penalty,2,O,-94,-16,MIN,holding,2,8473533,8477500
2025020171,2,599,3:34,16:26,1551,left,509,penalty,12,N,10,-40,MIN,high-sticking,2,8475314,8475791
2025020171,3,872,4:14,15:46,1551,right,509,penalty,12,O,-42,-39,MIN,roughing,2,8485366,8480830
2025020171,3,1006,10:17,9:43,1551,right,509,penalty,12,N,-14,42,MIN,roughing,2,8477500,8476921
2025020171,3,1010,10:17,9:43,1551,right,509,penalty,2,N,-14,41,MIN,roughing,2,8476921,8477500
2025020172,1,127,5:32,14:28,1551,left,509,penalty,19,D,-75,13,MIN,high-sticking,2,8482055,8482733
2025020172,1,311,11:57,8:03,1551,left,509,penalty,19,D,-28,-27,MIN,tripping,2,8480748,8482733
2025020172,1,409,19:03,0:57,1560,left,509,penalty,23,O,-53,-40,MIN,holding,2,8480459,8477969
2025020172,2,456,2:01,17:59,1551,right,509,penalty,19,D,86,19,MIN,throwing-equipment,2,,
2025020172,2,765,18:58,1:02,1551,right,509,penalty,23,D,-88,-4,MIN,tripping,2,8475170,8480947
2025020172,3,893,8:53,11:07,1560,left,509,penalty,23,D,83,4,MIN,cross-checking,2,8477573,8477969
2025020173,1,286,13:06,6:54,1551,right,509,penalty,5,N,-15,41,BEN,delaying-game-unsuccessful-challenge,2,,
2025020173,1,446,17:45,2:15,1551,right,509,penalty,5,D,-68,19,MIN,tripping,2,8481557,8475810
2025020173,2,686,12:45,7:15,1551,left,509,penalty,5,N,-13,42,BEN,too-many-men-on-the-ice,2,,
2025020173,3,883,7:17,12:43,1551,right,509,penalty,30,N,2,31,MIN,elbowing,2,8480980,8475752
2025020173,3,968,12:47,7:13,1551,right,509,penalty,5,D,-82,-37,MIN,tripping,2,8478864,8471675
2025020174,1,75,1:21,18:39,1551,right,509,penalty,16,D,-72,38,MIN,hooking,2,8478398,8482703
2025020174,1,91,2:02,17:58,1551,right,509,penalty,52,D,92,29,MIN,interference,2,8483450,8480289
2025020174,2,524,3:24,16:36,1551,left,509,penalty,52,N,9,41,BEN,too-many-men-on-the-ice,2,,
2025020174,2,644,12:54,7:06,0651,left,509,penalty,52,D,-80,15,MIN,cross-checking,2,8477479,8479378
2025020174,3,765,1:51,18:09,1551,right,509,penalty,16,D,-37,17,MIN,hooking,2,8480289,8482703
2025020174,3,458,18:21,1:39,1551,right,509,penalty,16,D,-97,3,MIN,roughing,2,8484135,8476473
2025020175,1,409,17:16,2:44,1551,left,509,penalty,22,D,-98,3,MIN,delaying-game-puck-over-glass,2,,
2025020175,2,631,6:48,13:12,1560,right,509,penalty,3,N,19,22,MIN,holding,2,8478402,8483690
2025020175,2,769,13:18,6:42,1551,right,509,penalty,22,D,87,-27,MIN,tripping,2,8481704,8483455
2025020175,3,501,0:28,19:32,1551,left,509,penalty,3,D,79,12,MIN,tripping,2,8477498,8479323
2025020175,3,1112,19:19,0:41,1551,left,509,penalty,3,D,37,-12,MIN,high-sticking,2,8478458,8476459
2025020176,1,209,7:26,12:34,1551,left,509,penalty,1,N,16,40,BEN,too-many-men-on-the-ice,2,,
2025020176,1,225,8:52,11:08,1451,left,509,penalty,28,N,10,-40,MIN,tripping,2,8479407,8484227
2025020176,1,325,12:31,7:29,1551,left,509,penalty,1,N,16,-13,MIN,roughing,2,8475200,8478399
2025020176,1,394,17:47,2:13,1551,left,509,penalty,28,D,-97,15,MIN,elbowing,2,8476292,8475200
2025020176,3,887,3:31,16:29,1551,left,509,penalty,28,O,26,-37,MIN,holding,2,8476292,8482667
2025020177,1,228,9:16,10:44,0651,right,509,penalty,26,O,-96,-8,MIN,tripping,2,8484223,8476479
2025020177,1,354,14:59,5:01,1551,right,509,penalty,17,D,-97,22,MIN,holding,2,8482408,8475279
2025020177,2,714,12:28,7:32,1551,left,509,penalty,26,O,40,35,MIN,tripping,2,8479337,8477942
2025020177,2,738,14:09,5:51,1551,left,509,penalty,26,D,-81,-2,MIN,cross-checking,2,8481013,8476441
2025020177,3,913,2:43,17:17,1560,right,509,penalty,17,D,-54,5,MIN,hooking,2,8483808,8481725
2025020177,3,937,4:33,15:27,1451,right,509,penalty,17,D,-97,2,MIN,hooking,2,8482124,8477429
2025020177,4,1266,2:58,2:02,1340,left,509,penalty,17,D,75,0,MIN,slashing,2,8482124,8482762
2025020178,1,214,11:06,8:54,1551,right,509,penalty,21,O,52,27,MIN,hooking,2,8477964,8480835
2025020178,2,546,2:24,17:36,1551,left,509,penalty,21,D,62,-29,MIN,hooking,2,8476881,8476455
2025020178,2,632,5:26,14:34,1551,left,509,penalty,21,D,73,7,MIN,slashing,2,8481604,8470613
2025020178,2,759,14:00,6:00,1551,left,509,penalty,54,D,-95,-28,MIN,holding,2,8476455,8480727
2025020178,2,797,16:58,3:02,1560,left,509,penalty,21,D,59,-1,MIN,slashing,2,8481133,8480448
2025020178,3,852,1:26,18:34,1551,right,509,penalty,21,D,-95,8,MIN,tripping,2,8476881,8470613
2025020178,3,864,1:55,18:05,1451,right,509,penalty,21,D,-79,-1,MIN,hooking,2,8478403,8478038
2025020178,3,872,2:11,17:49,1351,right,509,penalty,54,O,-67,-12,MIN,holding-the-stick,2,8476312,8481604
2025020179,1,95,2:34,17:26,1560,right,509,penalty,2,D,-66,12,MIN,holding,2,8482148,8475231
2025020179,2,620,6:55,13:05,1551,left,509,penalty,15,N,-7,34,MIN,tripping,2,8481237,8482148
2025020179,2,682,12:10,7:50,1551,left,509,penalty,15,O,41,38,MIN,holding,2,8485366,8479520
2025020179,2,710,14:13,5:47,1551,left,509,penalty,2,D,54,-9,MIN,interference,2,8476880,8484221
2025020179,2,721,14:58,5:02,1451,left,509,penalty,15,N,9,42,BEN,delaying-game-unsuccessful-challenge,2,,
2025020179,2,758,17:50,2:10,1551,left,509,penalty,2,D,53,25,MIN,hooking,2,8479345,8484221
2025020179,3,808,1:23,18:37,1551,right,509,penalty,15,D,78,-3,MIN,delaying-game-puck-over-glass,2,,
2025020179,3,880,6:16,13:44,1560,right,509,penalty,2,D,-57,39,MIN,tripping,2,8482088,8475314
2025020179,3,960,12:02,7:58,1551,right,509,penalty,15,O,-90,-30,MIN,holding,2,8476917,8475343
2025020180,1,101,3:10,16:50,1551,left,509,penalty,24,D,-33,-40,MIN,delaying-game-puck-over-glass,2,,
2025020180,1,131,5:31,14:29,1551,left,509,penalty,17,O,-95,16,MIN,slashing,2,8483490,8479992
2025020180,2,437,0:11,19:49,1551,right,509,penalty,24,D,55,-26,MIN,hooking,2,8482078,8475184
2025020180,2,605,10:13,9:47,1551,right,509,penalty,17,D,-91,32,MIN,holding,2,8484762,8481542
2025020180,2,614,10:50,9:10,1451,right,509,penalty,24,D,52,-1,MIN,slashing,2,8477946,8475184
2025020180,2,627,11:31,8:29,1441,right,509,penalty,17,D,-64,2,MIN,hooking,2,8484762,8477429
2025020180,2,677,15:17,4:43,1551,right,509,penalty,24,D,95,28,MIN,tripping,2,8481725,8482803
2025020180,2,692,15:55,4:05,0651,right,509,penalty,24,D,98,-5,MIN,charging,2,8477456,8484762
2025020180,3,762,0:29,19:31,1560,left,509,penalty,17,N,21,24,MIN,tripping,2,8484153,8482762
2025020180,3,832,4:58,15:02,1551,left,509,penalty,24,O,74,-34,MIN,hooking,2,8481607,8483445
2025020180,3,853,6:23,13:37,1541,left,509,penalty,17,O,-89,30,MIN,slashing,2,8483490,8474037
2025020180,3,875,7:52,12:08,1451,left,509,penalty,24,O,84,-36,MIN,holding,2,8481607,8475184
2025020180,3,1012,14:33,5:27,1551,left,509,penalty,24,N,-4,42,BEN,too-many-men-on-the-ice,2,,
2025020181,1,242,13:31,6:29,1551,left,509,penalty,6,D,-93,16,MIN,holding,2,8480829,8477507
2025020181,2,496,1:43,18:17,1560,right,509,penalty,12,D,-38,39,MIN,holding,2,8478042,8482093
2025020182,1,111,3:39,16:21,1551,right,509,penalty,5,D,-56,-14,MIN,hooking,2,8478398,8471675
2025020182,1,362,15:43,4:17,1551,right,509,penalty,5,D,-97,4,MIN,slashing,2,8479378,8471215
2025020182,2,459,3:49,16:11,1551,left,509,penalty,5,N,0,41,MIN,slashing,2,8477504,8471724
2025020182,2,586,10:30,9:30,1551,left,509,penalty,52,N,-23,-40,MIN,interference,2,8475810,8476331
2025020182,2,31,12:13,7:47,1541,left,509,penalty,5,D,80,3,PS,ps-throwing-object-at-puck,0,,
2025020182,2,697,19:23,0:37,1551,left,509,penalty,52,D,-65,7,MIN,holding,2,8471675,8480145
2025020182,3,512,20:00,0:00,1551,right,509,penalty,5,D,-70,2,MIN,hooking,2,8476871,8478450
2025020183,1,80,2:15,17:45,1551,left,509,penalty,20,D,68,21,MIN,tripping,2,8482768,8479402
2025020183,1,455,13:03,6:57,1551,left,509,penalty,20,D,61,-40,MIN,elbowing,2,8482146,8480860
2025020183,2,581,1:07,18:53,1551,right,509,penalty,20,D,-34,40,MIN,high-sticking,2,8482146,8480028
2025020183,2,714,10:39,9:21,1551,right,509,penalty,20,D,-98,5,MIN,roughing,2,8482103,8481167
2025020183,2,709,10:39,9:21,1551,right,509,penalty,18,O,-99,5,MIN,roughing,2,8481167,8482103
2025020183,2,42,10:39,9:21,1551,right,509,penalty,20,D,-97,4,MIS,misconduct,10,,
2025020183,2,744,12:48,7:12,0651,right,509,penalty,18,D,76,30,MIN,hooking,2,8474150,8474564
2025020183,2,859,17:07,2:53,1551,right,509,penalty,18,D,66,-12,MIN,high-sticking,2,8479066,8481056
2025020183,3,1118,16:35,3:25,1551,left,509,penalty,20,D,27,26,MIN,tripping,2,8477446,8478397
2025020184,1,15,5:55,14:05,1551,left,509,penalty,21,D,90,8,MIN,high-sticking,2,8476624,8482470
2025020184,1,25,13:09,6:51,1551,left,509,penalty,28,N,15,40,MIN,interference,2,8478109,8475906
2025020184,2,531,4:50,15:10,1551,right,509,penalty,28,O,-68,21,MIN,slashing,2,8475754,8484801
2025020184,3,825,3:07,16:53,1551,left,509,penalty,21,D,62,-42,MIN,delaying-game-puck-over-glass,2,,
2025020184,3,882,7:13,12:47,1551,left,509,penalty,21,N,4,-38,MIN,high-sticking,2,8475784,8476455
2025020185,1,117,4:52,15:08,1551,right,509,penalty,25,O,98,8,MIN,slashing,2,8478859,8479414
2025020185,1,183,9:38,10:22,1551,right,509,penalty,13,D,78,0,MIN,hooking,2,8480840,8478055
2025020185,2,687,13:35,6:25,0651,left,509,penalty,13,D,-93,-27,MIN,high-sticking-double-minor,4,8484829,8477495
2025020186,1,172,4:39,15:21,1551,left,509,penalty,15,O,-96,14,MIN,unsportsmanlike-conduct,2,8479359,8476880
2025020186,1,14,7:04,12:56,1551,left,509,penalty,7,N,15,14,MIN,illegal-check-to-head,2,8480990,8478413
2025020186,1,16,7:04,12:56,1551,left,509,penalty,15,O,-25,-33,MIN,instigator,2,8478413,8476880
2025020186,1,215,7:04,12:56,1551,left,509,penalty,7,D,-29,-33,MAJ,fighting,5,8476880,8478413
2025020186,1,211,7:04,12:56,1551,left,509,penalty,15,O,-31,-34,MAJ,fighting,5,8478413,8476880
2025020186,1,20,7:04,12:56,1551,left,509,penalty,15,O,-25,-35,MIS,instigator-misconduct,10,,
2025020186,2,667,6:20,13:40,1551,right,509,penalty,7,N,9,38,MIN,interference,2,8480796,8477949
2025020186,2,761,14:16,5:44,1551,right,509,penalty,15,D,-68,31,MIN,hooking,2,8481522,8484186
2025020186,2,828,19:17,0:43,1551,right,509,penalty,7,D,88,8,MIN,roughing,2,8484186,8481524
2025020186,2,832,19:17,0:43,1551,right,509,penalty,15,O,91,12,MIN,embellishment,2,,
2025020186,3,891,3:11,16:49,1560,left,509,penalty,15,D,94,7,MIN,holding,2,8482623,8480990
2025020186,3,931,6:09,13:51,0651,left,509,penalty,7,N,-9,36,MIN,tripping,2,8476880,8481522
2025020186,3,954,8:26,11:34,1551,left,509,penalty,7,D,-94,0,MIN,tripping,2,8477947,8479359
2025020186,3,1069,16:48,3:12,1551,left,509,penalty,7,O,52,1,MIN,holding,2,8479520,8477949
2025020187,1,276,8:51,11:09,1551,right,509,penalty,9,N,18,42,MIN,roughing,2,8482737,8477073
2025020187,1,19,15:28,4:32,1551,right,509,penalty,8,O,-53,39,MIN,unsportsmanlike-conduct,2,8482095,8480813
2025020187,1,16,15:28,4:32,1551,right,509,penalty,8,O,-47,40,MAJ,fighting,5,8482095,8480813
2025020187,1,21,15:28,4:32,1551,right,509,penalty,9,D,-54,41,MAJ,fighting,5,8480813,8482095
2025020187,1,424,18:55,1:05,1551,right,509,penalty,9,D,-53,41,MIN,high-sticking,2,8483457,8482092
2025020187,2,506,0:43,19:17,1451,left,509,penalty,8,N,2,19,MIN,holding,2,8481596,8483515
2025020187,2,694,15:57,4:03,1551,left,509,penalty,8,D,-47,2,MIN,tripping,2,8476393,8478851
2025020187,2,703,16:08,3:52,1541,left,509,penalty,9,O,-88,-8,MIN,tripping,2,8476981,8480208
2025020187,2,452,17:34,2:26,1441,left,509,penalty,9,D,69,-1,PS,ps-hooking-on-breakaway,0,8483457,8482116
2025020187,3,773,1:15,18:45,1551,right,509,penalty,8,D,45,-27,MAJ,fighting,5,8476393,8481593
2025020187,3,471,1:15,18:45,1551,right,509,penalty,9,O,50,-30,MAJ,fighting,5,8481593,8476393
2025020188,1,299,13:02,6:58,1551,right,509,penalty,4,O,-57,33,MIN,high-sticking,2,8484158,8478439
2025020188,1,22,13:02,6:58,1551,right,509,penalty,4,O,-52,31,MIN,unsportsmanlike-conduct,2,8484158,8478439
2025020188,2,573,1:09,18:51,1551,left,509,penalty,10,N,-15,41,BEN,too-many-men-on-the-ice,2,,
2025020188,2,732,12:53,7:07,1551,left,509,penalty,10,D,82,28,MIN,hooking,2,8480220,8477503
2025020188,3,854,1:47,18:13,1551,right,509,penalty,10,D,-48,-17,MIN,high-sticking,2,8481848,8475714
2025020188,3,945,8:23,11:37,1551,right,509,penalty,4,O,-25,-27,MIN,interference,2,8475690,8484387
2025020188,3,981,10:36,9:24,1551,right,509,penalty,10,D,-63,15,MIN,cross-checking,2,8477948,8476931
2025020188,3,1101,15:51,4:09,1560,right,509,penalty,10,D,-96,6,MIN,roughing,2,8477903,8481122
2025020188,3,1130,17:22,2:38,1560,right,509,penalty,10,D,-53,-39,MIN,boarding,2,8481553,8475171
2025020189,1,180,4:44,15:16,1551,left,509,penalty,19,N,22,27,MAJ,fighting,5,8479671,8481006
2025020189,1,177,4:44,15:16,1551,left,509,penalty,29,N,22,26,MAJ,fighting,5,8481006,8479671
2025020189,1,491,17:08,2:52,0651,left,509,penalty,29,D,-86,7,MIN,high-sticking,2,8482077,8483485
2025020189,2,614,7:05,12:55,1551,right,509,penalty,19,D,-87,5,MIN,high-sticking,2,8484166,8475760
2025020189,2,705,15:23,4:37,1560,right,509,penalty,19,D,-80,22,MIN,cross-checking,2,8477497,8482516
2025020189,3,827,4:42,15:18,1551,left,509,penalty,19,D,75,-7,MIN,hooking,2,8478500,8477573
2025020189,3,905,10:05,9:55,1551,left,509,penalty,29,D,-94,25,MIN,interference,2,8479385,8478500
2025020190,1,243,10:42,9:18,1560,right,509,penalty,23,D,-61,-38,MIN,hooking,2,8478864,8483395
2025020190,1,297,15:14,4:46,1560,right,509,penalty,23,D,-56,16,MIN,hooking,2,8477451,8483395
2025020190,1,373,16:35,3:25,1551,right,509,penalty,30,O,-66,41,MIN,unsportsmanlike-conduct,2,8483678,8475220
2025020190,2,711,15:03,4:57,1551,left,509,penalty,23,D,68,-23,MIN,interference,2,8480259,8483678
2025020190,2,555,20:00,0:00,1551,left,509,penalty,30,N,23,-8,MIN,slashing,2,8479425,8482079
2025020190,3,878,8:12,11:48,1551,right,509,penalty,23,D,-68,8,MIN,slashing,2,8477451,8475169
2025020190,3,881,8:12,11:48,1551,right,509,penalty,30,O,-69,6,MIN,slashing,2,8475169,8475220
2025020190,3,462,10:28,9:32,1551,right,509,penalty,23,N,0,30,MIS,misconduct,10,,
2025020190,3,466,10:28,9:32,1551,right,509,penalty,30,N,-1,26,MIS,misconduct,10,,
2025020190,3,1012,18:24,1:36,0651,right,509,penalty,30,O,-45,-40,MIN,tripping,2,8483678,8478508
2025020191,2,500,5:50,14:10,1551,left,509,penalty,1,N,-8,-19,MIN,holding,2,8476469,8481721
2025020191,2,651,13:50,6:10,1551,left,509,penalty,1,D,85,7,MIN,hooking,2,8482155,8480002
2025020191,3,744,1:10,18:50,1560,right,509,penalty,1,O,68,-5,MIN,tripping,2,8479998,8478414
2025020191,3,929,15:39,4:21,1551,right,509,penalty,1,D,-75,-20,MIN,tripping,2,8483808,8476462
2025020192,1,15,10:57,9:03,1551,left,509,penalty,16,D,80,1,PS,ps-hooking-on-breakaway,0,8481617,8484144
2025020192,1,428,19:05,0:55,1551,left,509,penalty,16,D,94,-10,MIN,holding-the-stick,2,8477934,8482176
2025020192,2,670,7:24,12:36,1551,right,509,penalty,22,D,97,2,MIN,tripping,2,8482703,8481491
2025020192,2,779,16:16,3:44,1551,right,509,penalty,16,D,-89,12,MIN,tripping,2,8478402,8482703
2025020192,3,837,0:42,19:18,1551,left,509,penalty,16,N,5,-37,MIN,hooking,2,8476454,8484144
2025020193,1,170,4:12,15:48,1551,left,509,penalty,55,D,-57,29,MIN,tripping,2,8482109,8479372
2025020193,1,276,11:59,8:01,1551,left,509,penalty,3,D,71,7,MIN,hooking,2,8484800,8480001
2025020193,2,462,1:56,18:04,1551,right,509,penalty,3,O,80,-31,MIN,interference,2,8481554,8482073
2025020193,2,652,9:54,10:06,1551,right,509,penalty,55,D,72,-20,MIN,slashing,2,8482157,8483524
2025020193,2,792,19:54,0:06,1551,right,509,penalty,55,D,98,-6,MIN,hooking,2,8477380,8479324
2025020194,1,189,9:21,10:39,1551,left,509,penalty,68,D,-64,32,MIN,hooking,2,8480995,8479977
2025020194,1,286,13:01,6:59,1551,left,509,penalty,14,N,12,40,BEN,too-many-men-on-the-ice,2,,
2025020194,2,643,7:29,12:31,1551,right,509,penalty,14,D,-72,8,MIN,holding,2,8479977,8478416
2025020194,2,657,8:56,11:04,1451,right,509,penalty,68,O,-35,-37,MIN,holding,2,8477404,8483431
2025020194,2,705,13:02,6:58,1551,right,509,penalty,14,D,-66,39,MIN,tripping,2,8479977,8480426
2025020194,2,798,19:58,0:02,1551,right,509,penalty,68,O,-82,8,MIN,slashing,2,8477992,8480855
2025020194,2,802,19:58,0:02,1551,right,509,penalty,14,D,-81,8,MIN,roughing,2,8480855,8478519
2025020194,3,416,17:01,2:59,1551,left,509,penalty,68,O,97,-8,MIS,misconduct,10,,
2025020195,1,123,5:43,14:17,1551,left,509,penalty,29,D,80,5,MIN,cross-checking,2,8477494,8476923
2025020195,2,567,3:06,16:54,1551,right,509,penalty,2,O,-79,-22,MIN,hooking,2,8480893,8478445
2025020195,2,713,11:32,8:28,1551,right,509,penalty,2,D,55,0,MIN,slashing,2,8480893,8477950
2025020195,2,834,16:20,3:40,1551,right,509,penalty,2,N,-6,-18,MIN,hooking,2,8480806,8477407
2025020195,3,1080,15:38,4:22,1551,left,509,penalty,2,D,-53,-4,MIN,tripping,2,8477425,8481014
2025020195,3,1090,16:17,3:43,1541,left,509,penalty,29,N,-22,-21,MIN,interference,2,8485366,8481716
2025020196,1,473,18:20,1:40,0651,right,509,penalty,4,N,-8,21,MIN,hooking,2,8481167,8481553
2025020196,1,499,19:57,0:03,1541,right,509,penalty,20,O,84,24,MIN,hooking,2,8477948,8478397
2025020196,2,742,13:20,6:40,1551,left,509,penalty,4,N,15,-24,MIN,slashing,2,8482074,8480015
2025020197,1,284,10:10,9:50,1551,left,509,penalty,24,N,4,-11,MIN,holding,2,8481559,8484762
2025020197,1,342,14:48,5:12,1551,left,509,penalty,1,N,-4,38,MIN,tripping,2,8484153,8482684
2025020197,3,834,5:34,14:26,1551,left,509,penalty,1,D,40,-40,MIN,roughing,2,8478424,8482110
2025020198,1,90,2:57,17:03,0651,left,509,penalty,28,D,-82,-10,MIN,hooking,2,8482078,8480798
2025020198,1,264,12:12,7:48,1551,left,509,penalty,28,N,-11,41,BEN,unsportsmanlike-conduct-bench,2,,
2025020198,2,580,3:53,16:07,1551,right,509,penalty,17,D,-73,39,MIN,tripping,2,8477505,8474612
2025020198,3,457,13:28,6:32,1551,left,509,penalty,17,D,72,-13,MIN,roughing,2,8484801,8481542
2025020198,3,453,13:28,6:32,1551,left,509,penalty,17,D,80,-22,MIN,interference,2,8484801,8481542
2025020198,3,971,13:28,6:32,1551,left,509,penalty,28,O,71,-12,MIN,roughing,2,8481542,8484801
2025020199,1,412,14:28,5:32,1551,right,509,penalty,5,O,43,27,MIN,interference,2,8478462,8483503
2025020199,2,751,10:44,9:16,0651,left,509,penalty,10,D,-66,0,MIN,hooking,2,8471215,8479026
2025020199,2,849,17:34,2:26,1551,left,509,penalty,10,O,53,-36,MIN,tripping,2,8480980,8477939
2025020199,3,1025,8:55,11:05,0651,right,509,penalty,10,O,-28,-37,MIN,high-sticking,2,8474578,8478104
2025020200,1,338,18:30,1:30,0651,left,509,penalty,19,D,-35,-40,MIN,holding,2,8483512,8476897
2025020200,2,458,3:22,16:38,1551,right,509,penalty,22,N,13,-33,MIN,hooking,2,8480281,8483455
2025020200,2,661,15:54,4:06,1551,right,509,penalty,22,O,34,-39,MIN,tripping,2,8476892,8478402
2025020201,1,375,13:10,6:50,1551,left,509,penalty,18,D,-76,-35,MIN,hooking,2,8482691,8479980
2025020201,2,660,7:42,12:18,1551,right,509,penalty,23,D,-37,-29,MIN,hooking,2,8476887,8480748
2025020201,2,699,10:51,9:09,0651,right,509,penalty,18,D,33,37,MIN,slashing,2,8480800,8482103
2025020201,2,712,11:56,8:04,1541,right,509,penalty,18,D,85,5,MIN,cross-checking,2,8478498,8480246
2025020201,2,796,17:54,2:06,1551,right,509,penalty,23,D,-39,10,MIN,hooking,2,8474564,8482691
2025020201,3,915,6:14,13:46,1560,left,509,penalty,23,D,72,1,MIN,tripping,2,8484241,8479425
2025020201,3,1033,15:23,4:37,1551,left,509,penalty,23,N,-19,38,MIN,high-sticking,2,8482146,8475169
2025020202,1,291,10:15,9:45,0651,left,509,penalty,55,D,-78,34,MIN,high-sticking,2,8484144,8481554
2025020202,2,627,7:28,12:32,1551,right,509,penalty,16,N,-6,-35,MIN,tripping,2,8478975,8477987
2025020202,2,643,8:15,11:45,1551,right,509,penalty,55,D,96,2,MIN,hooking,2,8477479,8482665
2025020202,2,731,15:32,4:28,0651,right,509,penalty,55,D,40,33,MIN,tripping,2,8473422,8474586
2025020202,3,802,1:59,18:01,1551,left,509,penalty,16,N,12,42,BEN,too-many-men-on-the-ice,2,,
2025020203,1,284,12:45,7:15,1551,left,509,penalty,68,O,-95,19,MIN,cross-checking,2,8481524,8479293
2025020203,1,399,17:44,2:16,1551,left,509,penalty,68,N,0,-29,MIN,tripping,2,8482671,8479619
2025020203,2,607,5:49,14:11,0651,right,509,penalty,7,D,97,18,MIN,cross-checking,2,8483431,8481524
2025020203,2,732,15:09,4:51,1551,right,509,penalty,7,D,54,-39,MIN,hooking,2,8478507,8482659
2025020204,1,138,5:39,14:21,1551,right,509,penalty,8,D,73,-39,MIN,delaying-game-puck-over-glass,2,,
2025020204,1,148,6:07,13:53,1541,right,509,penalty,8,D,77,-38,MIN,cross-checking,2,8481553,8480865
2025020204,1,184,9:08,10:52,1551,right,509,penalty,4,D,-89,12,MIN,interference,2,8475848,8476372
2025020204,2,492,3:28,16:32,1551,left,509,penalty,4,D,90,27,MIN,tripping,2,8481540,8477948
2025020204,2,604,7:28,12:32,1551,left,509,penalty,4,O,-87,18,MIN,tripping,2,8476875,8476461
2025020204,2,615,8:12,11:48,1451,left,509,penalty,4,D,89,-7,MIN,roughing,2,8483515,8477903
2025020204,2,618,8:12,11:48,1451,left,509,penalty,8,O,90,-9,MIN,roughing,2,8477903,8483515
2025020204,2,646,10:32,9:28,1551,left,509,penalty,8,O,86,36,MIN,illegal-check-to-head,2,8482142,8480813
2025020204,2,712,15:22,4:38,1551,left,509,penalty,4,O,-66,-40,MIN,tripping,2,8484984,8481553
2025020204,2,743,17:31,2:29,1551,left,509,penalty,8,D,-65,23,MIN,holding,2,8480015,8481523
2025020204,3,817,2:30,17:30,1551,right,509,penalty,4,N,-1,-8,MAJ,fighting,5,8482964,8475235
2025020204,3,814,2:30,17:30,1551,right,509,penalty,8,N,0,-10,MAJ,fighting,5,8475235,8482964
2025020204,3,862,6:25,13:35,1551,right,509,penalty,8,O,-99,-18,MIN,boarding,2,8482142,8481540
2025020204,4,1084,4:52,0:08,1331,left,509,penalty,8,D,-81,-18,MIN,slashing,2,8480015,8484984
2025020205,2,439,1:10,18:50,1551,right,509,penalty,6,D,-74,40,MIN,tripping,2,8475314,8477507
2025020205,2,567,6:17,13:43,1551,right,509,penalty,2,D,60,-26,MIN,holding,2,8482177,8478445
2025020205,2,616,9:18,10:42,1551,right,509,penalty,6,D,-94,7,MIN,roughing,2,8485366,8477507
2025020205,2,35,9:18,10:42,1551,right,509,penalty,6,D,-92,8,MIN,roughing,2,8475314,8477507
2025020205,2,609,9:18,10:42,1551,right,509,penalty,6,D,-95,5,MIN,interference,2,8485366,8477507
2025020205,2,613,9:18,10:42,1551,right,509,penalty,2,O,-96,7,MIN,roughing,2,8477507,8477407
2025020205,2,621,9:18,10:42,1551,right,509,penalty,2,O,-96,14,MIN,roughing,2,8477507,8475314
2025020205,2,706,16:45,3:15,1551,right,509,penalty,2,O,-82,0,MIN,cross-checking,2,8483489,8475314
2025020205,2,724,17:43,2:17,1551,right,509,penalty,2,D,95,14,MIN,cross-checking,2,8479591,8476429
2025020205,3,840,2:56,17:04,1551,left,509,penalty,2,D,-90,-29,MIN,cross-checking,2,8480355,8485366
2025020205,3,1158,18:16,1:44,1551,left,509,penalty,6,N,11,-36,MIN,high-sticking,2,8477494,8479325
2025020206,1,208,6:53,13:07,1560,right,509,penalty,12,D,-62,42,MIN,holding,2,8481704,8476873
2025020206,1,333,13:01,6:59,1551,right,509,penalty,3,N,13,-36,MIN,slashing,2,8482093,8478882
2025020206,1,353,13:38,6:22,1551,right,509,penalty,3,D,63,28,MIN,hooking,2,8473533,8483690
2025020206,2,516,0:52,19:08,1551,left,509,penalty,12,O,-44,42,BEN,too-many-men-on-the-ice,2,,
2025020206,2,660,13:24,6:36,1551,left,509,penalty,12,D,29,23,MIN,holding,2,8475842,8484428
2025020206,2,779,18:14,1:46,1551,left,509,penalty,3,N,-16,-27,MIN,hooking,2,8482809,8476468
2025020207,1,204,6:52,13:08,1551,right,509,penalty,25,D,94,13,MIN,cross-checking,2,8478402,8476902
2025020207,1,226,7:49,12:11,1551,right,509,penalty,22,D,-85,16,MIN,tripping,2,8478420,8477498
2025020207,1,250,9:33,10:27,1451,right,509,penalty,25,N,13,41,BEN,too-many-men-on-the-ice,2,,
2025020207,1,318,10:48,9:12,1541,right,509,penalty,22,O,85,7,MIN,interference-goalkeeper,2,8479193,8478458
2025020207,2,503,3:04,16:56,1551,left,509,penalty,25,D,-94,7,MIN,boarding,2,8483512,8483425
2025020207,2,621,8:33,11:27,1551,left,509,penalty,22,D,69,-31,MIN,cross-checking,2,8478420,8477934
2025020207,2,705,15:39,4:21,1551,left,509,penalty,22,D,80,12,MIN,cross-checking,2,8477454,8480831
2025020208,1,84,2:04,17:56,1560,right,509,penalty,18,D,-85,-7,MIN,hooking,2,8475220,8482111
2025020208,1,196,10:09,9:51,1560,right,509,penalty,18,D,-67,40,MIN,elbowing,2,8484798,8478047
2025020208,2,513,2:46,17:14,1551,left,509,penalty,30,D,-71,39,MIN,holding,2,8478047,8483460
2025020208,2,652,14:08,5:52,1551,left,509,penalty,18,D,59,-23,MIN,slashing,2,8481557,8474564
2025020208,2,678,16:50,3:10,1551,left,509,penalty,30,O,72,-38,MIN,hooking,2,8475158,8478864
2025020209,1,137,5:43,14:17,1551,right,509,penalty,14,N,-12,-31,MAJ,fighting,5,8476455,8480426
2025020209,1,133,5:43,14:17,1551,right,509,penalty,21,N,-12,-33,MAJ,fighting,5,8480426,8476455
2025020209,1,212,10:47,9:13,1551,right,509,penalty,14,O,87,22,MIN,interference,2,8475754,8480995
2025020209,1,247,13:34,6:26,1551,right,509,penalty,14,N,-13,41,BEN,too-many-men-on-the-ice,2,,
2025020209,1,367,17:34,2:26,1551,right,509,penalty,21,O,-58,-32,MIN,tripping,2,8476453,8478109
2025020209,2,611,7:21,12:39,1551,left,509,penalty,21,D,-96,-5,MIN,tripping,2,8480995,8476312
2025020209,2,745,16:59,3:01,1551,left,509,penalty,14,D,77,8,MIN,tripping,2,8480039,8475167
2025020209,3,811,1:21,18:39,1551,right,509,penalty,21,O,-85,0,MIN,high-sticking,2,8478416,8475754
2025020209,3,986,14:26,5:34,1551,right,509,penalty,14,O,97,7,MIN,cross-checking,2,8476312,8476878
2025020210,1,252,10:23,9:37,1551,right,509,penalty,54,D,89,35,MIN,tripping,2,8481013,8480727
2025020210,1,267,11:18,8:42,1541,right,509,penalty,17,N,-4,-29,MIN,slashing,2,8475191,8482078
2025020210,3,935,9:38,10:22,0651,right,509,penalty,54,D,61,-17,MIN,tripping,2,8479337,8476925
2025020211,1,159,7:18,12:42,0651,left,509,penalty,24,N,11,41,MIN,tripping,2,8477933,8475184
2025020211,1,170,8:02,11:58,1541,left,509,penalty,13,O,-64,-38,MIN,broken-stick,2,,
2025020211,1,233,12:23,7:37,1551,left,509,penalty,13,O,-52,-37,MIN,high-sticking,2,8478873,8480185
2025020211,1,274,15:06,4:54,1551,left,509,penalty,13,O,-75,39,MIN,slashing,2,8480068,8477409
2025020211,2,684,9:08,10:52,0651,right,509,penalty,24,O,-67,-30,MIN,holding,2,8473419,8473986
2025020211,2,743,14:14,5:46,1551,right,509,penalty,13,D,-30,-18,MIN,slashing,2,8482803,8482113
2025020211,2,838,17:58,2:02,1551,right,509,penalty,24,D,40,-40,MIN,delaying-game-puck-over-glass,2,,
2025020211,3,888,0:42,19:18,1551,left,509,penalty,13,D,66,-38,MIN,roughing,2,8482745,8480185
2025020211,3,881,0:42,19:18,1551,left,509,penalty,13,D,80,-39,MIN,cross-checking,2,8482803,8482113
2025020211,3,885,0:42,19:18,1551,left,509,penalty,24,O,61,-40,MIN,roughing,2,8480185,8482745
2025020211,3,304,0:51,19:09,1451,left,509,penalty,24,O,54,-12,MAJ,interference,5,8478542,8484153
2025020211,3,318,0:51,19:09,1451,left,509,penalty,24,O,51,-9,GAM,game-misconduct,10,,
2025020211,3,947,4:16,15:44,1550,left,509,penalty,13,O,-57,24,MIN,hooking,2,8478873,8473419
2025020211,3,981,6:24,13:36,1551,left,509,penalty,24,O,95,-12,MIN,high-sticking,2,8478055,8482745
2025020211,3,1199,17:42,2:18,1551,left,509,penalty,13,D,60,40,MIN,interference,2,8478366,8478859
2025020212,1,102,3:09,16:51,1551,right,509,penalty,52,D,-74,40,MIN,holding,2,8471685,8479378
2025020212,1,133,5:06,14:54,1451,right,509,penalty,26,N,11,40,BEN,too-many-men-on-the-ice,2,,
2025020212,1,178,8:23,11:37,1551,right,509,penalty,52,N,-2,-41,BEN,delaying-game-unsuccessful-challenge,2,,
2025020212,1,184,8:44,11:16,1451,right,509,penalty,26,O,-42,-38,MIN,high-sticking,2,8481043,8471685
2025020212,2,476,3:58,16:02,1560,left,509,penalty,52,O,-62,2,MIN,high-sticking,2,8479998,8483471
2025020212,2,659,11:01,8:59,1551,left,509,penalty,26,D,-79,10,MIN,hooking,2,8476525,8481532
2025020212,3,779,0:18,19:42,1551,right,509,penalty,26,D,43,39,MIN,interference,2,8476480,8482730
2025020212,3,831,4:53,15:07,1551,right,509,penalty,26,O,-76,21,MIN,tripping,2,8476480,8477942
2025020212,3,909,10:34,9:26,1551,right,509,penalty,52,D,-96,-16,MIN,delaying-game-puck-over-glass,2,,
2025020212,3,927,11:46,8:14,1451,right,509,penalty,52,D,-84,7,MIN,high-sticking-double-minor,4,8470621,8476480
2025020213,1,297,12:56,7:04,1551,right,509,penalty,10,O,-38,-37,MIN,high-sticking,2,8479977,8475166
2025020213,2,654,10:35,9:25,1551,left,509,penalty,10,D,-82,6,MIN,roughing,2,8478507,8476872
2025020213,2,685,13:05,6:55,1551,left,509,penalty,10,D,-76,14,MIN,tripping,2,8480849,8478443
2025020213,2,49,20:00,0:00,1551,left,509,penalty,68,D,60,7,MIN,cross-checking,2,8482720,8480855
2025020214,1,315,9:41,10:19,1560,right,509,penalty,19,D,-84,11,MIN,cross-checking,2,8479520,8476892
2025020214,1,472,14:23,5:37,1551,right,509,penalty,15,D,53,-7,MIN,hooking,2,8479385,8478911
2025020214,2,706,9:06,10:54,1551,left,509,penalty,15,O,33,1,MAJ,fighting,5,8475170,8479520
2025020214,2,702,9:06,10:54,1551,left,509,penalty,19,D,40,1,MAJ,fighting,5,8479520,8475170
2025020214,2,726,10:28,9:32,1551,left,509,penalty,15,O,92,9,MIN,tripping,2,8481598,8478440
2025020214,2,746,12:14,7:46,1541,left,509,penalty,19,O,-89,27,MIN,holding,2,8481656,8480459
2025020214,2,770,13:50,6:10,1451,left,509,penalty,15,O,77,-1,MIN,cross-checking,2,8481598,8476880
2025020214,2,86,18:58,1:02,1551,left,509,penalty,19,N,-21,41,BEN,too-many-men-on-the-ice,2,,
2025020215,1,122,5:04,14:56,1560,right,509,penalty,29,D,-62,10,MIN,hooking,2,8480028,8484166
2025020215,3,828,0:57,19:03,1551,right,509,penalty,20,D,87,-34,MIN,hooking,2,8475745,8480860
2025020215,3,946,8:36,11:24,1551,right,509,penalty,29,N,-3,28,MIN,slashing,2,8480860,8481716
2025020215,3,988,12:11,7:49,1551,right,509,penalty,20,D,76,-3,MIN,roughing,2,8478500,8478397
2025020215,3,992,12:11,7:49,1551,right,509,penalty,29,O,83,-14,MIN,slashing,2,8478397,8478500
2025020216,2,531,5:31,14:29,1551,left,509,penalty,16,O,-85,-10,MIN,holding-the-stick,2,8474574,8484144
2025020216,2,680,13:40,6:20,1551,left,509,penalty,16,D,87,32,MIN,tripping,2,8480800,8477479
2025020216,3,953,5:51,14:09,1551,right,509,penalty,23,D,97,8,MIN,interference,2,8482703,8474574
2025020217,1,253,7:07,12:53,1551,left,509,penalty,28,D,74,-9,MIN,tripping,2,8482665,8482166
2025020217,2,464,2:45,17:15,1560,right,509,penalty,28,D,-64,-4,MIN,hooking,2,8481789,8482206
2025020217,2,493,5:18,14:42,1551,right,509,penalty,55,O,-57,41,MIN,tripping,2,8484801,8481789
2025020217,2,610,11:03,8:57,1551,right,509,penalty,55,O,-74,0,MIN,interference,2,8475906,8483497
2025020217,2,634,12:30,7:30,1551,right,509,penalty,28,N,19,40,MIN,hooking,2,8482665,8475784
2025020217,3,754,1:46,18:14,1551,left,509,penalty,28,D,34,41,MIN,high-sticking,2,8476905,8475726
2025020217,3,784,4:08,15:52,1551,left,509,penalty,28,D,69,21,MIN,hooking,2,8483524,8484801
2025020217,3,849,8:58,11:02,1551,left,509,penalty,28,O,-34,-22,MIN,tripping,2,8482665,8480848
2025020217,3,969,14:54,5:06,1551,left,509,penalty,55,D,-72,2,MIN,interference,2,8484911,8479324
2025020218,2,502,3:03,16:57,1551,right,509,penalty,6,N,-10,23,MIN,roughing,2,8477073,8480355
2025020218,2,506,3:03,16:57,1551,right,509,penalty,9,N,-9,20,MIN,roughing,2,8480355,8477073
2025020218,2,746,13:13,6:47,1551,right,509,penalty,9,D,-83,4,MIN,cross-checking,2,8479325,8484321
2025020218,2,794,16:41,3:19,1551,right,509,penalty,6,N,16,39,MIN,interference,2,8481528,8480355
2025020218,3,1014,9:09,10:51,1551,left,509,penalty,9,O,-55,14,MIN,interference,2,8479987,8478469
2025020218,3,1026,9:51,10:09,1451,left,509,penalty,6,D,-81,2,MIN,slashing,2,8481596,8478401
2025020218,4,1227,4:18,0:42,1331,right,509,penalty,9,D,-82,4,MIN,slashing,2,8477956,8482092
2025020218,4,1234,4:21,0:39,1341,right,509,penalty,6,O,-76,-38,MIN,tripping,2,8482105,8479987
2025020219,1,146,6:32,13:28,1551,left,509,penalty,7,O,45,35,MAJ,fighting,5,8481006,8482623
2025020219,1,142,6:32,13:28,1551,left,509,penalty,19,D,45,38,MAJ,fighting,5,8482623,8481006
2025020219,1,372,11:17,8:43,1551,left,509,penalty,19,D,80,-1,MIN,hooking,2,8482659,8475764
2025020219,2,604,3:38,16:22,1551,right,509,penalty,7,O,-42,11,MIN,tripping,2,8481598,8477949
2025020219,2,732,13:52,6:08,1551,right,509,penalty,19,O,96,11,MIN,holding,2,8479982,8483516
2025020219,3,839,2:04,17:56,1551,left,509,penalty,19,O,-95,-12,MIN,holding,2,8481524,8480074
2025020219,3,516,16:43,3:17,1551,left,509,penalty,7,D,-88,-10,MIN,tripping,2,8482077,8480045
2025020220,1,169,9:11,10:49,1551,left,509,penalty,8,O,-85,-1,MIN,interference-goalkeeper,2,8474593,8481523
2025020220,1,259,16:06,3:54,0651,left,509,penalty,1,D,-67,37,MIN,tripping,2,8483457,8478414
2025020220,1,272,16:26,3:34,1541,left,509,penalty,8,O,-71,38,MIN,tripping,2,8482110,8484984
2025020220,2,652,9:44,10:16,1551,right,509,penalty,8,D,-67,-24,MIN,tripping,2,8481559,8482775
2025020220,2,744,17:30,2:30,1551,right,509,penalty,1,D,62,40,MIN,hooking,2,8482737,8483495
2025020220,3,308,2:33,17:27,1551,left,509,penalty,8,D,96,7,MIN,hooking,2,8476474,8481593
2025020220,3,865,6:06,13:54,1551,left,509,penalty,8,D,29,-38,MIN,high-sticking,2,8481032,8481593
2025020221,1,63,1:05,18:55,1551,left,509,penalty,15,D,73,-40,MIN,hooking,2,8477511,8481580
2025020221,1,234,10:33,9:27,1560,left,509,penalty,15,O,-96,18,MIN,hooking,2,8471215,8477947
2025020221,1,320,13:54,6:06,0651,left,509,penalty,5,O,62,-2,MIN,slashing,2,8484186,8481481
2025020221,1,346,16:07,3:53,1551,left,509,penalty,15,D,65,20,MIN,interference,2,8481481,8477845
2025020221,2,498,2:23,17:37,1551,right,509,penalty,15,D,-59,39,MIN,high-sticking,2,8477511,8477845
2025020221,3,880,4:43,15:17,1551,left,509,penalty,5,D,-64,-12,MIN,interference,2,8478463,8477365
2025020221,3,931,8:39,11:21,1551,left,509,penalty,5,D,-57,42,MIN,delaying-game-puck-over-glass,2,,
2025020221,3,943,9:24,10:36,1541,left,509,penalty,15,O,-67,33,MIN,cross-checking,2,8478450,8478440
2025020222,1,93,3:11,16:49,0651,right,509,penalty,12,D,49,22,MIN,slashing,2,8480259,8476873
2025020222,1,274,9:12,10:48,1551,right,509,penalty,30,D,-57,37,MIN,tripping,2,8482093,8478136
2025020222,1,203,11:46,8:14,1551,right,509,penalty,12,N,9,41,MIN,instigator,2,8475752,8473533
2025020222,1,206,11:46,8:14,1551,right,509,penalty,30,O,46,41,MAT,match-penalty,15,8478970,8475752
2025020222,1,407,11:46,8:14,1551,right,509,penalty,30,N,10,42,MAJ,fighting,5,8473533,8475752
2025020222,1,411,11:46,8:14,1551,right,509,penalty,12,N,8,41,MAJ,fighting,5,8475752,8473533
2025020222,1,213,11:46,8:14,1551,right,509,penalty,12,N,15,42,MIS,instigator-misconduct,10,,
2025020222,1,500,17:46,2:14,1551,right,509,penalty,12,D,99,16,MIN,high-sticking-double-minor,4,8476994,8482702
2025020223,1,452,19:35,0:25,1551,left,509,penalty,18,D,-79,8,MIN,hooking,2,8480015,8476869
2025020223,2,42,14:11,5:49,1551,right,509,penalty,4,N,5,-32,MIN,hooking,2,8476887,8480015
2025020223,2,725,16:05,3:55,1451,right,509,penalty,18,O,-47,-29,MIN,roughing,2,8477948,8474564
2025020223,2,729,16:05,3:55,1451,right,509,penalty,4,D,-50,-24,MIN,roughing,2,8474564,8477948
2025020223,2,733,16:05,3:55,1451,right,509,penalty,18,O,-49,-31,MIN,roughing,2,8477903,8476539
2025020223,2,736,16:05,3:55,1451,right,509,penalty,4,D,-43,-26,MIN,roughing,2,8476539,8477903
2025020223,3,829,2:16,17:44,1551,left,509,penalty,4,D,36,26,MIN,high-sticking,2,8479370,8478454
2025020223,3,945,11:36,8:24,1551,left,509,penalty,4,O,-91,-31,MIN,roughing,2,8476869,8477903
2025020224,1,167,4:40,15:20,1551,right,509,penalty,24,D,-69,11,MIN,hooking,2,8482145,8481754
2025020224,1,281,13:00,7:00,1551,right,509,penalty,25,O,-54,23,MIN,tripping,2,8483490,8476889
2025020224,1,374,16:08,3:52,1551,right,509,penalty,24,D,-50,-38,MIN,hooking,2,8482740,8482178
2025020224,1,417,19:24,0:36,1551,right,509,penalty,25,N,21,-17,MIN,tripping,2,8481754,8479351
2025020224,2,727,15:16,4:44,0651,left,509,penalty,25,D,-37,-35,MIN,tripping,2,8484762,8475755
2025020224,3,818,1:44,18:16,1551,right,509,penalty,24,D,-71,-24,MIN,hooking,2,8480840,8476885
2025020224,3,843,2:53,17:07,1551,right,509,penalty,24,O,40,-39,MIN,elbowing,2,8482145,8482745
2025020224,3,859,4:32,15:28,1451,right,509,penalty,25,O,-45,-39,MIN,slashing,2,8481563,8478420
2025020224,3,908,8:05,11:55,1551,right,509,penalty,24,D,-82,13,MIN,high-sticking,2,8481581,8482178
2025020224,3,1036,19:04,0:56,1560,right,509,penalty,25,N,-21,17,MIN,hooking,2,8481754,8480036
2025020225,2,585,5:37,14:23,1551,left,509,penalty,54,O,70,38,MIN,tripping,2,8476826,8477964
2025020225,2,662,11:37,8:23,1551,left,509,penalty,54,D,-87,7,MIN,high-sticking,2,8482201,8481527
2025020225,3,775,0:48,19:12,1551,right,509,penalty,54,N,12,41,BEN,too-many-men-on-the-ice,2,,
2025020225,3,830,4:56,15:04,1551,right,509,penalty,14,D,-98,5,MIN,high-sticking-double-minor,4,8475191,8476883
2025020225,3,974,12:38,7:22,1551,right,509,penalty,54,N,1,-37,MIN,tripping,2,8483752,8478468
2025020225,3,1013,15:15,4:45,1551,right,509,penalty,14,D,-70,7,MIN,tripping,2,8478403,8482201
2025020226,1,126,5:32,14:28,1551,right,509,penalty,13,D,-58,29,MIN,hooking,2,8470621,8478421
2025020226,1,222,8:45,11:15,1551,right,509,penalty,13,O,85,-15,MIN,holding-the-stick,2,8479998,8473419
2025020226,2,626,7:18,12:42,1551,left,509,penalty,26,D,-61,-39,MIN,delaying-game-puck-over-glass,2,,
2025020226,2,686,12:07,7:53,1551,left,509,penalty,13,N,8,16,MIN,tripping,2,8479675,8477935
2025020226,3,825,2:32,17:28,1551,right,509,penalty,26,O,-65,-37,MIN,tripping,2,8477935,8476479
2025020226,3,886,7:17,12:43,1551,right,509,penalty,13,O,92,-25,MIN,high-sticking,2,8479998,8477409
2025020226,3,46,17:44,2:16,1551,right,509,penalty,26,O,-67,3,MAJ,fighting,5,8478421,8470621
2025020226,3,50,17:44,2:16,1551,right,509,penalty,13,D,-61,5,MAJ,fighting,5,8470621,8478421
2025020227,1,206,6:28,13:32,1551,right,509,penalty,17,D,85,0,MIN,hooking,2,8477839,8477429
2025020227,1,221,7:21,12:39,1551,right,509,penalty,3,D,-85,-23,MIN,holding,2,8482078,8479323
2025020227,1,386,15:46,4:14,1551,right,509,penalty,3,D,-83,3,MIN,holding,2,8477946,8478882
2025020227,2,480,2:39,17:21,1551,left,509,penalty,17,D,-86,12,MIN,tripping,2,8477839,8481607
2025020227,2,628,11:05,8:55,1560,left,509,penalty,3,D,90,-24,MIN,hooking,2,8477456,8478840
2025020227,2,740,19:33,0:27,0651,left,509,penalty,17,D,-82,-2,MIN,cross-checking,2,8477839,8484223
2025020227,3,938,8:39,11:21,1551,right,509,penalty,3,N,-13,42,BEN,unsportsmanlike-conduct-bench,2,,
2025020227,3,1011,14:06,5:54,1551,right,509,penalty,17,N,-2,33,MAJ,fighting,5,8482877,8474612
2025020227,3,1007,14:06,5:54,1551,right,509,penalty,3,N,-2,36,MAJ,fighting,5,8474612,8482877
2025020228,1,87,3:01,16:59,1551,left,509,penalty,30,D,77,-38,MIN,tripping,2,8477407,8478136
2025020228,2,610,6:15,13:45,1551,right,509,penalty,30,O,79,23,MIN,high-sticking,2,8485366,8478508
2025020228,2,696,13:12,6:48,1551,right,509,penalty,2,N,-14,-36,MIN,slashing,2,8478864,8476917
2025020229,1,322,11:22,8:38,1551,right,509,penalty,20,O,-32,-35,MIN,high-sticking,2,8483493,8478397
2025020229,1,24,16:19,3:41,1551,right,509,penalty,16,D,-26,34,MAJ,fighting,5,8480797,8482703
2025020229,1,21,16:19,3:41,1551,right,509,penalty,20,O,-26,34,MAJ,fighting,5,8482703,8480797
2025020229,1,460,17:46,2:14,1560,right,509,penalty,16,D,-58,25,MIN,hooking,2,8478397,8476882
2025020229,2,556,1:12,18:48,1551,left,509,penalty,20,D,-53,-15,MAJ,fighting,5,8481568,8477346
2025020229,2,553,1:12,18:48,1551,left,509,penalty,16,O,-49,-11,MAJ,fighting,5,8477346,8481568
2025020229,2,584,2:19,17:41,1551,left,509,penalty,20,D,-25,36,MIN,roughing,2,8473422,8477810
2025020229,2,579,2:19,17:41,1551,left,509,penalty,16,O,-27,36,MAJ,fighting,5,8477810,8473422
2025020229,2,575,2:19,17:41,1551,left,509,penalty,20,D,-30,33,MAJ,fighting,5,8473422,8477810
2025020229,2,742,12:49,7:11,1560,left,509,penalty,16,D,98,0,MIN,holding,2,8483609,8481806
2025020229,3,1016,13:19,6:41,1551,right,509,penalty,20,O,-36,39,MIN,tripping,2,8477444,8476399
2025020229,3,1042,14:58,5:02,1541,right,509,penalty,16,O,34,-38,MIN,slashing,2,8482165,8473422
2025020230,1,153,3:30,16:30,0651,left,509,penalty,28,D,-96,1,MIN,holding,2,8476460,8480043
2025020230,1,189,6:15,13:45,1551,left,509,penalty,52,D,72,-1,MIN,high-sticking-double-minor,4,8484801,8482787
2025020230,3,359,7:18,12:42,1551,left,509,penalty,28,D,-84,0,MIN,tripping,2,8481043,8477968
2025020230,3,914,8:09,11:51,1541,left,509,penalty,52,O,-59,40,MIN,holding-the-stick,2,8480848,8480014
2025020230,3,958,11:19,8:41,1551,left,509,penalty,52,D,80,-39,MIN,delaying-game-puck-over-glass,2,,
2025020231,1,251,10:41,9:19,1551,left,509,penalty,1,N,-18,-12,MAJ,fighting,5,8477511,8475455
2025020231,1,244,10:41,9:19,1551,left,509,penalty,5,N,-19,-15,MAJ,fighting,5,8475455,8477511
2025020231,2,557,0:49,19:11,1551,right,509,penalty,5,D,-30,-29,MIN,hooking,2,8480002,8474578
2025020231,3,838,1:45,18:15,1551,left,509,penalty,1,O,92,-29,MIN,slashing,2,8477435,8476474
2025020231,3,989,12:39,7:21,1551,left,509,penalty,5,O,-81,-38,MIN,cross-checking,2,8479996,8471215
2025020232,1,331,12:07,7:53,1551,right,509,penalty,9,D,-68,-29,MIN,slashing,2,8481533,8482245
2025020232,1,364,14:42,5:18,1551,right,509,penalty,4,D,94,-24,MIN,interference,2,8474189,8482126
2025020232,2,576,6:41,13:19,1551,left,509,penalty,9,D,79,0,MIN,slashing,2,8481553,8476393
2025020232,2,603,9:03,10:57,1551,left,509,penalty,9,N,23,-20,MIN,interference,2,8478439,8482092
2025020232,2,606,9:03,10:57,1551,left,509,penalty,4,N,23,-14,MIN,roughing,2,8482092,8478439
2025020232,2,724,14:14,5:46,1551,left,509,penalty,9,N,6,39,MIN,boarding,2,8478454,8481528
2025020232,2,728,14:14,5:46,1551,left,509,penalty,4,N,7,40,MIN,roughing,2,8481528,8478454
2025020232,3,826,2:07,17:53,1551,right,509,penalty,4,O,-73,-15,MIN,tripping,2,8481596,8484387
2025020233,1,101,3:07,16:53,1551,left,509,penalty,18,D,-62,6,MIN,tripping,2,8479351,8476869
2025020233,1,351,13:34,6:26,1551,left,509,penalty,18,D,-30,1,MIN,high-sticking,2,8482740,8482146
2025020233,1,432,19:32,0:28,1551,left,509,penalty,18,O,83,-1,MIN,interference-goalkeeper,2,8479979,8482103
2025020233,2,560,0:57,19:03,1551,right,509,penalty,18,D,84,-1,MIN,interference,2,8479351,8476887
2025020233,2,567,1:00,19:00,1541,right,509,penalty,25,O,69,-22,MIN,tripping,2,8477446,8482740
2025020233,2,734,14:00,6:00,1551,right,509,penalty,18,O,-33,-3,MIN,tripping,2,8476889,8482103
2025020233,3,861,4:24,15:36,1560,left,509,penalty,25,D,49,-41,MIN,boarding,2,8479370,8483425
2025020233,3,937,10:48,9:12,1551,left,509,penalty,25,O,-32,37,MIN,hooking,2,8482146,8480950
2025020233,3,1014,16:23,3:37,1551,left,509,penalty,25,D,66,-2,MIN,tripping,2,8476539,8476278
2025020234,1,74,1:22,18:38,1551,right,509,penalty,6,D,-66,0,MIN,tripping,2,8482720,8480035
2025020234,1,215,10:59,9:01,1551,right,509,penalty,6,D,-34,-38,MIN,hooking,2,8475171,8479591
2025020234,2,519,0:27,19:33,1551,left,509,penalty,10,D,-64,-30,MIN,slashing,2,8476854,8482259
2025020234,2,768,13:37,6:23,1551,left,509,penalty,6,N,-22,-40,MAJ,fighting,5,8482259,8477507
2025020234,2,765,13:37,6:23,1551,left,509,penalty,10,N,-22,-40,MAJ,fighting,5,8477507,8482259
2025020234,2,791,15:05,4:55,1551,left,509,penalty,6,O,-73,40,MIN,slashing,2,8476853,8479661
2025020234,3,988,8:44,11:16,1551,right,509,penalty,10,O,-66,0,MIN,roughing,2,8479591,8477503
2025020234,3,992,8:44,11:16,1551,right,509,penalty,6,D,-60,0,MIN,roughing,2,8477503,8479591
2025020234,3,1128,17:55,2:05,1560,right,509,penalty,6,D,-87,8,MIN,holding-the-stick,2,8477503,8476854
2025020235,1,141,6:23,13:37,1551,right,509,penalty,68,D,-84,-10,MIN,interference,2,8481523,8480855
2025020235,2,379,0:36,19:24,1551,left,509,penalty,8,D,-98,3,MIN,interference,2,8479619,8482737
2025020235,2,570,7:59,12:01,1551,left,509,penalty,8,O,97,-8,MIN,hooking,2,8474013,8481618
2025020235,3,821,8:36,11:24,1551,right,509,penalty,68,D,-79,-35,MIN,high-sticking,2,8480813,8474013
2025020236,1,351,11:07,8:53,0651,left,509,penalty,14,D,-96,-14,MIN,hooking,2,8482088,8482929
2025020236,1,393,13:59,6:01,1560,left,509,penalty,15,O,-69,-26,MIN,high-sticking,2,8476453,8481656
2025020236,2,797,16:49,3:11,1551,right,509,penalty,15,D,-85,0,MIN,roughing,2,8482090,8484186
2025020236,2,800,16:49,3:11,1551,right,509,penalty,14,O,-83,1,MIN,roughing,2,8484186,8482090
2025020236,3,1037,16:12,3:48,1551,left,509,penalty,14,D,-51,32,MIN,slashing,2,8476880,8475167
2025020236,3,1041,16:12,3:48,1551,left,509,penalty,15,O,-51,32,MIN,cross-checking,2,8475167,8476880
2025020236,3,1072,18:22,1:38,1551,left,509,penalty,15,O,-77,21,MIN,hooking,2,8475167,8474590
2025020236,3,510,19:44,0:16,0551,left,509,penalty,15,N,2,-39,MIS,misconduct,10,,
2025020236,3,523,20:00,0:00,0551,left,509,penalty,15,O,-56,-36,MAJ,fighting,5,8478416,8479345
2025020236,3,520,20:00,0:00,0551,left,509,penalty,14,D,-51,-37,MAJ,fighting,5,8479345,8478416
2025020237,1,115,3:51,16:09,1551,right,509,penalty,2,O,97,-4,MIN,high-sticking,2,8478840,8482476
2025020237,2,781,13:16,6:44,1551,left,509,penalty,2,D,94,6,MIN,hooking,2,8475842,8477950
2025020237,2,827,16:54,3:06,1551,left,509,penalty,3,D,-26,-39,MIN,hooking,2,8485366,8477839
2025020237,3,961,4:44,15:16,1551,right,509,penalty,3,N,-18,-40,MIN,hooking,2,8484221,8483690
2025020238,1,295,11:07,8:53,1560,right,509,penalty,7,D,-97,0,MIN,hooking,2,8475791,8480196
2025020238,2,566,2:59,17:01,1560,left,509,penalty,7,D,82,29,MIN,roughing,2,8478427,8479982
2025020238,2,688,11:59,8:01,1551,left,509,penalty,12,N,6,2,MIN,holding-the-stick,2,8482659,8476422
2025020238,2,782,18:08,1:52,1551,left,509,penalty,12,D,-51,32,MIN,interference,2,8478413,8484428
2025020238,2,785,18:08,1:52,1551,left,509,penalty,7,O,-59,27,MIN,roughing,2,8484428,8478413
2025020239,1,98,3:13,16:47,1551,left,509,penalty,19,O,90,20,MIN,tripping,2,8479324,8483516
2025020239,1,184,9:12,10:48,1551,left,509,penalty,55,D,26,41,BEN,too-many-men-on-the-ice,2,,
2025020239,1,320,15:36,4:24,1551,left,509,penalty,55,N,23,-20,MIN,interference,2,8479385,8478407
2025020239,2,645,14:29,5:31,1551,right,509,penalty,19,N,-11,-15,MIN,tripping,2,8481789,8484164
2025020239,3,915,11:47,8:13,1551,left,509,penalty,19,D,-96,19,MIN,high-sticking,2,8477986,8481006
2025020240,1,104,4:17,15:43,1560,left,509,penalty,21,D,69,-39,MIN,tripping,2,8478402,8480039
2025020240,1,139,6:43,13:17,1551,left,509,penalty,22,D,-69,1,MIN,tripping,2,8477492,8477498
2025020240,1,265,8:39,11:21,1541,left,509,penalty,21,O,-92,-23,MIN,tripping,2,8480803,8484149
2025020240,1,275,9:09,10:51,1451,left,509,penalty,22,O,28,-37,MIN,interference,2,8480448,8478458
2025020240,1,375,16:45,3:15,1551,left,509,penalty,22,O,58,19,MIN,high-sticking,2,8476312,8478402
2025020240,1,389,18:09,1:51,1541,left,509,penalty,22,D,-96,-20,MIN,cross-checking,2,8484149,8478013
2025020240,2,718,11:23,8:37,1551,right,509,penalty,21,D,-82,3,MIN,cross-checking,2,8475218,8476312
2025020240,2,734,11:45,8:15,1551,right,509,penalty,22,O,-34,23,MIN,high-sticking,2,8480835,8481617
2025020240,2,763,14:31,5:29,1551,right,509,penalty,21,D,-62,-38,MIN,tripping,2,8480803,8476455
2025020240,3,875,2:55,17:05,1551,left,509,penalty,21,D,86,4,MIN,interference,2,8485493,8477492
2025020240,3,967,10:13,9:47,1551,left,509,penalty,22,D,-89,-24,MIN,hooking,2,8478109,8478013
2025020240,3,462,10:13,9:47,1551,left,509,penalty,22,D,-90,-26,MIN,abuse-of-officials,2,,
2025020241,1,128,5:50,14:10,1551,right,509,penalty,23,D,66,-40,MIN,hooking,2,8483432,8482117
2025020241,1,316,16:56,3:04,1560,right,509,penalty,29,D,-64,-39,MIN,holding,2,8480800,8482705
2025020241,2,372,1:06,18:54,1551,left,509,penalty,23,N,24,-40,MIN,high-sticking,2,8477497,8478856
2025020241,2,497,7:00,13:00,1551,left,509,penalty,29,O,-97,1,MAJ,boarding,5,8483678,8479671
2025020241,2,28,7:00,13:00,1551,left,509,penalty,29,O,-97,0,GAM,game-misconduct,10,,
2025020241,2,687,19:03,0:57,1551,left,509,penalty,29,D,88,-5,MIN,cross-checking,2,8482055,8479371
2025020241,2,37,19:03,0:57,1551,left,509,penalty,23,O,93,-14,MIN,cross-checking,2,8479371,8478498
2025020241,3,970,17:14,2:46,1551,right,509,penalty,23,N,-21,27,MIN,interference,2,8483485,8482691
2025020241,3,1002,19:13,0:47,0641,right,509,penalty,29,O,64,15,MIN,tripping,2,8478856,8482475
2025020241,3,1014,19:49,0:11,0551,right,509,penalty,23,D,99,8,MIN,holding,2,8480893,8479425
2025020242,2,445,0:42,19:18,1551,left,509,penalty,24,D,42,-29,MIN,interference,2,8477964,8482803
2025020242,2,633,6:54,13:06,1551,left,509,penalty,54,O,37,-2,MIN,holding,2,8484762,8478434
2025020242,2,49,20:00,0:00,1551,left,509,penalty,24,D,59,22,MIN,high-sticking,2,8478396,8478873
2025020242,3,900,3:45,16:15,1560,right,509,penalty,24,O,56,37,MIN,high-sticking,2,8478468,8484153
2025020243,1,174,10:03,9:57,1551,left,509,penalty,13,O,-78,4,MIN,high-sticking,2,8479576,8479393
2025020243,1,395,15:19,4:41,1551,left,509,penalty,28,O,39,40,MIN,tripping,2,8482713,8475784
2025020243,1,483,18:17,1:43,1551,left,509,penalty,28,O,68,24,MIN,tripping,2,8482113,8480798
2025020243,2,687,13:28,6:32,1551,right,509,penalty,28,O,-66,19,MIN,tripping,2,8480185,8471817
2025020243,2,702,15:18,4:42,1541,right,509,penalty,28,D,51,22,MIN,high-sticking,2,8482713,8477505
2025020243,3,916,11:39,8:21,1551,left,509,penalty,28,D,-87,28,MIN,holding,2,8482713,8484801
2025020243,3,939,14:12,5:48,1551,left,509,penalty,13,O,-83,38,MIN,tripping,2,8480043,8477935
2025020244,1,58,0:26,19:34,1551,right,509,penalty,17,D,29,35,MIN,tripping,2,8477479,8477946
2025020244,1,297,9:46,10:14,1551,right,509,penalty,16,D,-78,-14,MIN,interference,2,8477946,8476473
2025020244,1,24,19:11,0:49,1551,right,509,penalty,16,D,-90,-4,MIN,roughing,2,8474037,8476473
2025020244,2,38,2:51,17:09,1551,left,509,penalty,17,D,-97,2,MIN,roughing,2,8477479,8474612
2025020244,2,410,16:24,3:36,1551,left,509,penalty,16,N,-1,-40,MIN,unsportsmanlike-conduct,2,8477946,8477479
2025020244,2,406,16:24,3:36,1551,left,509,penalty,16,D,91,-4,MIN,roughing,2,8477946,8477479
2025020244,3,427,4:54,15:06,1551,right,509,penalty,17,O,-91,-28,MIN,slashing,2,8484783,8482762
2025020244,3,432,5:37,14:23,1551,right,509,penalty,16,D,-75,-16,MIN,tripping,2,8484471,8481806
2025020245,1,337,14:34,5:26,1551,left,509,penalty,5,D,-70,2,MIN,hooking,2,8477942,8471675
2025020245,2,607,2:54,17:06,1551,right,509,penalty,5,D,70,4,MIN,interference,2,8477942,8477435
2025020245,2,641,5:52,14:08,1551,right,509,penalty,26,D,-98,14,MIN,tripping,2,8477511,8476879
2025020245,2,673,7:54,12:06,1551,right,509,penalty,5,N,0,-4,MIN,high-sticking,2,8470621,8478046
2025020245,2,725,11:20,8:40,1551,right,509,penalty,26,D,-42,12,MIN,hooking,2,8478438,8482730
2025020245,2,795,16:40,3:20,1551,right,509,penalty,5,D,44,31,MIN,delaying-game-puck-over-glass,2,,
2025020246,1,223,8:00,12:00,1551,right,509,penalty,10,D,57,-38,MIN,holding,2,8480829,8476931
2025020246,1,524,17:48,2:12,1560,right,509,penalty,12,D,-97,19,MIN,hooking,2,8482259,8480817
2025020246,1,30,20:00,0:00,1551,right,509,penalty,12,N,-13,41,MIN,roughing,2,8482259,8484428
2025020246,1,33,20:00,0:00,1551,right,509,penalty,10,N,-17,40,MIN,roughing,2,8484428,8482259
2025020246,2,556,0:31,19:29,1441,left,509,penalty,10,N,7,21,MIN,hooking,2,8478427,8477939
2025020246,2,645,7:06,12:54,1551,left,509,penalty,10,N,12,27,MIN,interference,2,8480762,8476931
2025020246,2,788,17:47,2:13,1560,left,509,penalty,12,N,2,39,MIN,slashing,2,8481122,8482809
2025020246,3,876,4:56,15:04,1551,right,509,penalty,12,D,-63,37,MIN,tripping,2,8478462,8473533
2025020246,3,475,7:00,13:00,1551,right,509,penalty,10,D,50,-9,MIN,hooking,2,8480829,8477939
2025020247,1,171,8:22,11:38,1551,left,509,penalty,68,D,33,30,MIN,interference,2,8476393,8482175
2025020247,1,175,8:22,11:38,1551,left,509,penalty,9,O,34,30,MIN,roughing,2,8479410,8476393
2025020247,1,322,15:31,4:29,1551,left,509,penalty,9,D,-93,-5,MIN,holding,2,8479343,8481596
2025020247,2,502,1:46,18:14,1551,right,509,penalty,68,D,-41,19,MIN,roughing,2,8474102,8480849
2025020247,3,987,13:54,6:06,1551,left,509,penalty,68,D,74,-8,MIN,hooking,2,8482116,8479619
2025020248,1,159,3:32,16:28,1551,right,509,penalty,55,D,-63,-14,MIN,hooking,2,8480036,8481554
2025020248,2,562,5:07,14:53,0651,left,509,penalty,25,D,-75,32,MIN,high-sticking,2,8482751,8483425
2025020248,2,584,6:43,13:17,1541,left,509,penalty,25,D,-40,39,MIN,delaying-game-puck-over-glass,2,,
2025020248,2,673,14:58,5:02,1551,left,509,penalty,55,O,-97,-1,MIN,interference,2,8480036,8475768
2025020248,3,741,1:19,18:41,1551,right,509,penalty,55,O,78,-39,MIN,holding,2,8478420,8482665
2025020248,3,744,1:19,18:41,1551,right,509,penalty,25,D,79,-39,MIN,holding-the-stick,2,8482665,8478420
2025020248,3,777,4:24,15:36,1551,right,509,penalty,25,D,44,7,MIN,slashing,2,8481554,8480036
2025020248,3,924,12:07,7:53,1551,right,509,penalty,55,D,-43,5,MIN,tripping,2,8484829,8474586
2025020249,2,595,5:23,14:37,1551,left,509,penalty,20,O,-25,39,BEN,too-many-men-on-the-ice,2,,
2025020249,2,641,8:13,11:47,1551,left,509,penalty,30,D,-82,3,MIN,hooking,2,8482679,8476463
2025020249,2,651,8:17,11:43,1541,left,509,penalty,20,O,-66,-21,MIN,high-sticking,2,8482122,8482679
2025020249,2,750,16:03,3:57,1551,left,509,penalty,20,O,-38,-39,MIN,hooking,2,8476994,8483609
2025020249,3,930,9:48,10:12,1551,right,509,penalty,30,O,-53,39,MIN,tripping,2,8476456,8478508
2025020249,3,992,13:33,6:27,0651,right,509,penalty,30,O,-29,-26,MIN,tripping,2,8482679,8478864
2025020249,3,1002,15:00,5:00,1541,right,509,penalty,20,N,24,-28,MIN,tripping,2,8478493,8477346
2025020250,1,169,7:14,12:46,1551,right,509,penalty,23,D,76,15,MIN,slashing,2,8479525,8474574
2025020250,1,193,9:32,10:28,1560,right,509,penalty,21,D,-29,21,MIN,tripping,2,8475169,8476312
2025020250,1,384,16:47,3:13,1551,right,509,penalty,21,D,-87,-4,MIN,roughing,2,8478856,8480069
2025020250,2,655,10:08,9:52,1551,left,509,penalty,21,D,76,-3,MIN,holding,2,8478498,8477501
2025020250,2,732,16:03,3:57,1551,left,509,penalty,21,D,64,41,MIN,holding,2,8478856,8478109
2025020250,3,868,6:45,13:15,1551,right,509,penalty,23,O,-65,-4,MIN,tripping,2,8480069,8475169
2025020250,3,902,9:10,10:50,1551,right,509,penalty,23,D,72,-13,MIN,holding,2,8484149,8484240
2025020250,3,1005,16:43,3:17,1560,right,509,penalty,21,N,7,-39,MIN,cross-checking,2,8480800,8476455
2025020251,1,207,8:39,11:21,1551,left,509,penalty,24,O,95,-10,MIN,holding,2,8477504,8477527
2025020251,1,257,12:32,7:28,1551,left,509,penalty,24,O,45,-38,MIN,roughing,2,8479378,8484762
2025020251,1,392,18:15,1:45,1551,left,509,penalty,52,D,83,0,MIN,roughing,2,8484762,8479378
2025020251,2,548,5:26,14:34,1551,right,509,penalty,52,D,-56,0,MIN,slashing,2,8484153,8476331
2025020251,2,640,12:42,7:18,1551,right,509,penalty,24,D,92,31,MIN,holding-the-stick,2,8480113,8480068
2025020251,2,698,16:40,3:20,1551,right,509,penalty,52,N,17,22,MIN,interference,2,8478424,8482149
2025020251,3,783,1:47,18:13,1551,left,509,penalty,52,D,95,-9,MIN,slashing,2,8482178,8477938
2025020251,3,975,11:43,8:17,1551,left,509,penalty,24,D,-34,41,MIN,delaying-game-puck-over-glass,2,,
2025020252,1,61,0:38,19:22,1551,left,509,penalty,2,N,12,40,BEN,too-many-men-on-the-ice,2,,
2025020252,1,27,19:52,0:08,1551,left,509,penalty,2,D,75,-1,MIN,hooking,2,8480002,8475151
2025020252,3,936,9:10,10:50,1560,left,509,penalty,2,D,55,-30,MIN,hooking,2,8483495,8484221
2025020252,3,985,13:16,6:44,1551,left,509,penalty,2,D,81,6,MIN,high-sticking,2,8478414,8478445
2025020252,3,1014,15:59,4:01,1551,left,509,penalty,1,N,1,34,MIN,interference,2,8482476,8481032
2025020253,1,302,14:48,5:12,0651,right,509,penalty,3,O,-51,31,MIN,tripping,2,8476887,8482073
2025020253,2,481,0:46,19:14,1560,left,509,penalty,18,D,38,38,MIN,hooking,2,8476468,8476887
2025020253,3,815,6:40,13:20,1551,right,509,penalty,18,O,97,2,MIN,cross-checking,2,8482073,8482103
2025020253,3,844,8:59,11:01,1551,right,509,penalty,3,N,1,-30,MIN,holding-the-stick,2,8482103,8476389
2025020253,3,864,10:11,9:49,1541,right,509,penalty,3,D,69,24,MIN,slashing,2,8484241,8478840
2025020253,3,888,11:33,8:27,0641,right,509,penalty,3,N,-18,25,MIN,hooking,2,8476887,8476389
2025020254,1,84,2:03,17:57,1551,left,509,penalty,29,D,32,-29,MAJ,fighting,5,8479365,8479671
2025020254,1,151,2:03,17:57,1551,left,509,penalty,22,O,33,-28,MAJ,fighting,5,8479671,8479365
2025020254,1,218,8:26,11:34,1551,left,509,penalty,22,O,83,2,MIN,roughing,2,8481161,8477508
2025020254,1,222,8:26,11:34,1551,left,509,penalty,29,D,81,0,MIN,roughing,2,8477508,8481161
2025020254,1,242,9:39,10:21,1441,left,509,penalty,22,D,-68,37,MIN,slashing,2,8484166,8480803
2025020254,2,737,14:06,5:54,1551,right,509,penalty,29,O,92,-5,MIN,holding,2,8475218,8481716
2025020254,3,843,2:40,17:20,1551,left,509,penalty,29,D,76,-11,MIN,hooking,2,8478402,8479944
2025020254,3,847,2:40,17:20,1551,left,509,penalty,22,O,81,-15,MIN,holding-the-stick,2,8479944,8478402
2025020254,3,1050,17:42,2:18,1560,left,509,penalty,22,O,45,41,MIN,high-sticking,2,8475745,8478458
2025020255,1,90,2:16,17:44,1551,right,509,penalty,13,D,-51,-29,MAJ,fighting,5,8478468,8482131
2025020255,1,86,2:16,17:44,1551,right,509,penalty,54,O,-51,-30,MAJ,fighting,5,8482131,8478468
2025020255,2,437,3:41,16:19,1551,left,509,penalty,54,D,-53,28,MIN,interference,2,8482713,8481133
2025020255,2,558,5:33,14:27,1541,left,509,penalty,13,D,43,25,MIN,interference,2,8479353,8477932
2025020255,2,568,6:23,13:37,1451,left,509,penalty,13,D,81,37,MIN,holding,2,8478403,8478859
2025020255,2,680,14:59,5:01,1551,left,509,penalty,54,D,-98,7,MIN,holding,2,8473419,8480727
2025020255,2,736,19:02,0:58,1551,left,509,penalty,13,O,-99,14,MIN,roughing,2,8479353,8478859
2025020255,2,739,19:02,0:58,1551,left,509,penalty,54,D,-99,15,MIN,roughing,2,8478859,8479353
2025020255,3,841,2:26,17:34,1551,right,509,penalty,13,D,-52,-28,MIN,interference,2,8482125,8473507
2025020255,3,862,4:09,15:51,1451,right,509,penalty,54,O,-70,39,MIN,high-sticking,2,8482113,8482125
2025020256,1,110,4:13,15:47,1560,left,509,penalty,10,D,91,-19,MIN,hooking,2,8478042,8479026
2025020256,1,141,6:09,13:51,1551,left,509,penalty,10,D,89,-35,MIN,slashing,2,8479661,8476931
2025020256,1,217,7:58,12:02,1451,left,509,penalty,10,D,99,-17,MIN,high-sticking,2,8482634,8481122
2025020256,1,414,18:26,1:34,1551,left,509,penalty,6,D,-94,10,MIN,tripping,2,8478904,8477956
2025020256,2,683,10:26,9:34,1551,right,509,penalty,10,D,-52,-38,MIN,delaying-game-puck-over-glass,2,,
2025020256,2,708,12:04,7:56,1451,right,509,penalty,6,N,-10,39,BEN,too-many-men-on-the-ice,2,,
2025020256,2,771,16:47,3:13,1551,right,509,penalty,6,O,-94,11,MIN,cross-checking,2,8475171,8479705
2025020256,2,788,17:59,2:01,1541,right,509,penalty,6,D,79,2,MIN,high-sticking,2,8481711,8480355
2025020256,3,845,1:07,18:53,1551,left,509,penalty,6,N,20,40,MIN,roughing,2,8477503,8482177
2025020256,3,850,1:07,18:53,1551,left,509,penalty,10,N,21,39,MIN,roughing,2,8482177,8477503
2025020256,3,853,1:07,18:53,1551,left,509,penalty,10,N,18,38,MIN,interference,2,8476854,8482259
2025020256,3,953,8:01,11:59,1551,left,509,penalty,10,O,-73,0,MIN,roughing,2,8477507,8477503
2025020256,3,1011,12:14,7:46,1551,left,509,penalty,6,D,-62,-28,MIN,roughing,2,8478104,8477507
2025020256,3,1014,12:14,7:46,1551,left,509,penalty,10,O,-65,-21,MIN,kneeing,2,8479325,8478104
2025020256,3,1055,14:51,5:09,0651,left,509,penalty,6,O,45,39,MIN,cross-checking,2,8481122,8480355
2025020257,1,146,7:03,12:57,1551,right,509,penalty,26,D,-87,5,MIN,hooking,2,8481540,8482730
2025020257,1,14,7:55,12:05,1451,right,509,penalty,26,D,-77,2,MIN,hooking,2,8483457,8476879
2025020257,1,19,10:06,9:54,1551,right,509,penalty,8,D,71,40,MIN,tripping,2,8482155,8481523
2025020257,1,263,12:41,7:19,1551,right,509,penalty,8,D,96,6,MIN,high-sticking,2,8482124,8481523
2025020257,2,535,7:42,12:18,1551,left,509,penalty,8,D,-94,16,MIN,tripping,2,8476469,8481618
2025020257,2,572,10:26,9:34,1551,left,509,penalty,26,N,-11,41,BEN,too-many-men-on-the-ice,2,,
2025020258,1,242,10:55,9:05,1551,left,509,penalty,9,D,-81,22,MIN,holding,2,8480036,8480208
2025020258,1,296,15:12,4:48,1551,left,509,penalty,25,D,72,6,MIN,holding,2,8482116,8483425
2025020258,2,532,5:31,14:29,1551,right,509,penalty,25,D,-65,-35,MIN,holding,2,8480188,8483425
2025020258,3,851,6:43,13:17,1551,left,509,penalty,9,O,92,-23,MIN,tripping,2,8483425,8482092
2025020258,3,453,12:10,7:50,1551,left,509,penalty,9,O,66,-38,MIN,high-sticking,2,8483425,8482092
2025020259,1,68,0:55,19:05,1551,right,509,penalty,12,D,77,22,MIN,tripping,2,8483573,8480817
2025020259,1,322,12:34,7:26,1551,right,509,penalty,12,D,85,-5,MIN,tripping,2,8479345,8476422
2025020259,1,23,15:00,5:00,1551,right,509,penalty,12,D,98,4,MIN,roughing,2,8475343,8475883
2025020259,1,358,15:00,5:00,1551,right,509,penalty,15,O,85,0,MIN,interference-goalkeeper,2,8475883,8475343
2025020259,1,361,15:00,5:00,1551,right,509,penalty,15,O,98,13,MIN,roughing,2,8482809,8480796
2025020259,1,18,15:00,5:00,1551,right,509,penalty,15,O,98,15,MAJ,fighting,5,8482702,8480796
2025020259,1,20,15:00,5:00,1551,right,509,penalty,12,D,97,13,MAJ,fighting,5,8480796,8482702
2025020259,1,395,16:58,3:02,1451,right,509,penalty,15,D,-62,3,MIN,hooking,2,8482809,8481580
2025020259,2,549,0:33,19:27,1551,left,509,penalty,15,D,97,3,MIN,holding,2,8476921,8479345
2025020259,2,732,10:17,9:43,1551,left,509,penalty,12,D,-61,5,MIN,hooking,2,8484186,8480336
2025020259,3,932,5:11,14:49,1551,right,509,penalty,12,N,0,-40,MIN,tripping,2,8481580,8480817
2025020259,3,995,8:13,11:47,1551,right,509,penalty,15,D,-46,-39,MIN,hooking,2,8482702,8480873
2025020259,3,1009,9:10,10:50,1451,right,509,penalty,12,D,65,-4,MIN,hooking,2,8474590,8482093
2025020259,3,1109,16:38,3:22,1551,right,509,penalty,15,D,-97,-12,MIN,cross-checking,2,8480830,8479345
2025020260,1,241,9:13,10:47,1551,left,509,penalty,20,O,-40,-39,MIN,tripping,2,8477573,8484180
2025020260,2,463,0:51,19:09,1551,right,509,penalty,20,O,32,6,MIN,hooking,2,8479385,8478397
2025020260,2,735,9:45,10:15,1551,right,509,penalty,19,O,-34,-40,MIN,interference,2,8475172,8481006
2025020260,2,739,9:45,10:15,1551,right,509,penalty,20,D,-32,-39,MIN,roughing,2,8481006,8483609
2025020260,2,863,19:11,0:49,1551,right,509,penalty,19,N,-9,-12,MIN,tripping,2,8475172,8477573
2025020261,1,100,3:05,16:55,1551,right,509,penalty,28,D,-52,-26,MIN,hooking,2,8482094,8475906
2025020261,1,146,7:43,12:17,1551,right,509,penalty,30,D,89,-22,MIN,hooking,2,8480798,8482122
2025020261,2,446,4:05,15:55,1551,left,509,penalty,28,D,85,9,MIN,tripping,2,8474716,8476624
2025020261,2,569,9:47,10:13,1551,left,509,penalty,30,D,-52,22,MIN,interference,2,8484801,8478493
2025020261,2,591,11:49,8:11,1551,left,509,penalty,28,O,-36,-35,MIN,tripping,2,8481557,8475906
2025020261,2,697,17:09,2:51,1551,left,509,penalty,28,D,76,1,MIN,slashing,2,8482094,8477505
2025020261,3,860,11:08,8:52,0651,right,509,penalty,30,D,53,41,MIN,slashing,2,8484227,8483460
2025020262,1,212,7:23,12:37,0651,right,509,penalty,21,D,56,-8,MIN,hooking,2,8484153,8477476
2025020262,1,267,11:23,8:37,1551,right,509,penalty,24,D,-54,-29,MIN,tripping,2,8475754,8482178
2025020262,1,351,16:51,3:09,1551,right,509,penalty,21,D,84,3,MIN,roughing,2,8482803,8480835
2025020262,1,354,16:51,3:09,1551,right,509,penalty,24,O,84,3,MIN,roughing,2,8480835,8482803
2025020262,2,615,7:31,12:29,1551,left,509,penalty,24,O,-87,0,MIN,interference-goalkeeper,2,8475809,8481605
2025020262,3,931,5:47,14:13,1551,right,509,penalty,24,D,-92,-31,MIN,delaying-game-puck-over-glass,2,,
2025020262,3,953,7:36,12:24,1551,right,509,penalty,24,N,8,-12,MIN,slashing,2,8480448,8476885
2025020262,3,1019,12:21,7:39,1551,right,509,penalty,21,N,-11,-30,MIN,roughing,2,8480068,8480039
2025020263,1,244,11:22,8:38,1551,right,509,penalty,52,O,74,-27,MIN,tripping,2,8480012,8476331
2025020263,1,284,13:52,6:08,1551,right,509,penalty,23,N,20,-38,MIN,tripping,2,8480113,8483678
2025020263,2,486,1:01,18:59,1551,left,509,penalty,23,O,26,34,MIN,hooking,2,8480014,8482117
2025020263,2,28,9:09,10:51,1551,left,509,penalty,23,D,-70,-3,MIN,hooking,2,8476460,8480800
2025020263,2,734,13:19,6:41,1551,left,509,penalty,52,D,96,-11,MIN,interference,2,8484136,8479378
2025020263,2,807,19:09,0:51,1551,left,509,penalty,23,O,65,26,MIN,high-sticking,2,8476871,8482055
2025020264,2,559,4:40,15:20,1560,right,509,penalty,29,O,78,-31,MIN,slashing,2,8478407,8477425
2025020264,2,661,12:07,7:53,1551,right,509,penalty,55,D,79,-1,MIN,delaying-game-puck-over-glass,2,,
2025020264,2,728,16:46,3:14,1551,right,509,penalty,55,O,-97,-1,MIN,tripping,2,8482982,8480009
2025020264,2,742,17:40,2:20,1541,right,509,penalty,55,D,85,-8,MIN,cross-checking,2,8484166,8479324
2025020264,2,769,19:34,0:26,1541,right,509,penalty,29,O,79,-1,MIN,unsportsmanlike-conduct,2,8482858,8477497
2025020264,3,817,3:09,16:51,1551,left,509,penalty,55,O,87,-2,MIN,interference-goalkeeper,2,8482982,8483570
2025020265,1,118,0:45,19:15,1551,left,509,penalty,14,N,3,39,MIN,cross-checking,2,8479323,8476826
2025020265,1,494,16:45,3:15,1551,left,509,penalty,14,N,24,39,MIN,slashing,2,8479323,8476826
2025020265,2,774,6:20,13:40,1551,right,509,penalty,3,D,-89,-6,MIN,tripping,2,8478010,8478048
2025020265,3,1032,6:03,13:57,1551,left,509,penalty,3,D,74,4,MIN,cross-checking,2,8477149,8478882
2025020265,3,1025,6:03,13:57,1551,left,509,penalty,14,O,84,0,MIN,slashing,2,8478048,8477149
2025020265,3,1029,6:03,13:57,1551,left,509,penalty,3,D,73,4,MIN,roughing,2,8477149,8478882
2025020265,3,1063,8:06,11:54,1551,left,509,penalty,14,D,-25,41,BEN,too-many-men-on-the-ice,2,,
2025020265,3,1146,14:22,5:38,1551,left,509,penalty,3,D,97,2,MIN,hooking,2,8477404,8479323
2025020266,1,358,13:43,6:17,1551,right,509,penalty,4,D,87,11,MIN,hooking,2,8481617,8476372
2025020266,2,784,14:38,5:22,1551,left,509,penalty,22,D,51,6,MIN,hooking,2,8480015,8478013
2025020266,3,858,0:03,19:57,1551,right,509,penalty,4,N,0,2,MIN,high-sticking,2,8478402,8480220
2025020266,3,915,4:12,15:48,1551,right,509,penalty,22,D,-90,-30,MIN,holding,2,8478439,8480834
2025020266,3,1054,14:25,5:35,1551,right,509,penalty,4,D,86,6,MIN,roughing,2,8477406,8478435
2025020266,3,1047,14:25,5:35,1551,right,509,penalty,22,O,86,-2,MIN,interference-goalkeeper,2,8478435,8479365
2025020266,3,1051,14:25,5:35,1551,right,509,penalty,22,D,-51,-20,MIN,unsportsmanlike-conduct,2,8478454,8477406
2025020267,1,237,9:05,10:55,1551,left,509,penalty,7,D,83,-4,MIN,tripping,2,8482699,8481522
2025020267,1,434,15:26,4:34,1551,left,509,penalty,68,N,20,41,MIN,roughing,2,8479359,8478474
2025020267,1,512,17:19,2:41,1541,left,509,penalty,68,N,-22,3,MIN,high-sticking,2,8482765,8478831
2025020267,3,473,19:37,0:23,1551,left,509,penalty,7,N,0,-1,MIN,cross-checking,2,8480849,8482623
2025020267,3,486,19:37,0:23,1551,left,509,penalty,7,N,1,0,MIS,misconduct,10,,
2025020267,3,476,19:37,0:23,1551,left,509,penalty,68,N,0,0,MIS,misconduct,10,,
2025020267,3,479,19:37,0:23,1551,left,509,penalty,7,N,0,2,MIS,misconduct,10,,
2025020268,1,279,9:27,10:33,1551,right,509,penalty,1,O,73,22,MIN,hooking,2,8484783,8476292
2025020268,1,387,16:46,3:14,1551,right,509,penalty,1,O,35,-32,MIN,tripping,2,8484144,8482684
2025020268,1,395,17:18,2:42,1451,right,509,penalty,1,D,-83,-38,MIN,boarding,2,8477479,8475455
2025020268,2,577,7:10,12:50,1551,left,509,penalty,16,D,-91,-9,MIN,hooking,2,8481559,8482176
2025020269,1,163,4:18,15:42,1551,right,509,penalty,10,D,65,3,MIN,slashing,2,8477942,8475166
2025020269,1,20,16:47,3:13,1551,right,509,penalty,10,N,-1,40,MIN,hooking,2,8476441,8477939
2025020269,2,614,2:51,17:09,1551,left,509,penalty,26,N,14,-7,MIN,slashing,2,8481711,8470621
2025020270,1,310,10:32,9:28,1551,right,509,penalty,25,N,-11,42,MIN,interference,2,8476981,8483425
2025020270,1,346,13:04,6:56,0651,right,509,penalty,8,O,-69,41,MIN,holding,2,8480027,8481523
2025020270,2,539,4:10,15:50,1551,left,509,penalty,25,D,97,-17,MIN,hooking,2,8481618,8480950
2025020270,2,596,8:06,11:54,1551,left,509,penalty,8,N,-16,-40,MIN,roughing,2,8479351,8482737
2025020270,2,649,12:13,7:47,1551,left,509,penalty,25,D,25,41,MIN,holding,2,8483515,8479414
2025020270,3,837,6:55,13:05,1551,right,509,penalty,25,O,30,-40,MAJ,fighting,5,8482964,8480950
2025020270,3,840,6:55,13:05,1551,right,509,penalty,8,D,32,-40,MAJ,fighting,5,8480950,8482964
2025020270,3,874,9:41,10:19,1551,right,509,penalty,8,O,-86,15,MIN,slashing,2,8483425,8476981
2025020270,3,354,9:41,10:19,1551,right,509,penalty,8,O,-88,13,MIN,roughing,2,8479414,8476981
2025020270,3,878,9:41,10:19,1551,right,509,penalty,25,D,-87,13,MIN,roughing,2,8476981,8479414
2025020270,3,368,20:00,0:00,0651,right,509,penalty,8,O,-91,28,MIN,cross-checking,2,8483425,8481523
2025020271,1,59,0:40,19:20,1551,left,509,penalty,6,O,-72,40,MIN,tripping,2,8480208,8479705
2025020271,1,241,10:56,9:04,1551,left,509,penalty,6,D,53,-39,MIN,cross-checking,2,8476393,8482511
2025020271,2,524,3:46,16:14,1551,right,509,penalty,9,D,82,31,MIN,interference,2,8482177,8482245
2025020271,2,38,14:40,5:20,1551,right,509,penalty,9,N,-22,-13,MAJ,fighting,5,8479661,8477073
2025020271,2,41,14:40,5:20,1551,right,509,penalty,6,N,-23,-12,MAJ,fighting,5,8477073,8479661
2025020271,3,848,2:11,17:49,1551,left,509,penalty,9,D,-98,-20,MIN,interference,2,8479987,8482245
2025020272,1,214,7:13,12:47,1551,right,509,penalty,24,O,83,0,MIN,roughing,2,8483464,8482745
2025020272,1,217,7:13,12:47,1551,right,509,penalty,17,D,83,1,MIN,roughing,2,8482745,8483464
2025020272,1,265,10:40,9:20,1551,right,509,penalty,24,D,-97,1,MIN,roughing,2,8477946,8481563
2025020272,1,452,17:03,2:57,1551,right,509,penalty,17,D,83,-1,MIN,roughing,2,8484762,8481013
2025020272,1,464,18:25,1:35,1541,right,509,penalty,24,O,69,-27,MIN,unsportsmanlike-conduct,2,8482762,8484762
2025020272,1,467,18:25,1:35,1541,right,509,penalty,17,D,70,-27,MIN,unsportsmanlike-conduct,2,8484762,8482762
2025020272,1,473,18:29,1:31,1541,right,509,penalty,24,O,67,-38,MIN,tripping,2,8477429,8482745
2025020272,2,559,1:16,18:44,1551,left,509,penalty,17,O,95,-11,MIN,tripping,2,8482803,8479337
2025020272,2,301,5:23,14:37,1551,left,509,penalty,24,D,86,19,MIN,holding,2,8478891,8482745
2025020272,2,788,18:13,1:47,1551,left,509,penalty,24,O,-85,-37,MIN,holding-the-stick,2,8481607,8473986
2025020272,2,792,18:13,1:47,1551,left,509,penalty,17,D,-86,-37,MIN,holding,2,8473986,8481607
2025020272,3,827,0:45,19:15,1551,right,509,penalty,24,D,-63,-35,MIN,roughing,2,8482078,8475184
2025020272,3,934,8:21,11:39,1551,right,509,penalty,17,D,86,-7,MIN,holding,2,8481605,8482762
2025020272,3,333,19:44,0:16,1551,right,509,penalty,24,O,41,41,MIS,misconduct,10,,
2025020272,3,336,19:44,0:16,1551,right,509,penalty,17,D,35,42,MIS,misconduct,10,,
2025020273,1,362,14:33,5:27,1551,right,509,penalty,13,D,50,42,MIN,interference,2,8476880,8477495
2025020273,2,493,0:41,19:19,1551,left,509,penalty,15,D,79,41,MIN,holding,2,8480185,8476880
2025020273,2,734,11:55,8:05,1551,left,509,penalty,15,D,76,32,MIN,tripping,2,8478542,8479345
2025020273,2,765,14:21,5:39,1551,left,509,penalty,15,N,-15,42,BEN,too-many-men-on-the-ice,2,,
2025020273,3,985,6:35,13:25,1551,right,509,penalty,15,O,70,-35,MIN,hooking,2,8482131,8475343
2025020273,3,410,6:35,13:25,1551,right,509,penalty,15,N,-1,-39,MIN,unsportsmanlike-conduct,2,8482131,8475343
2025020273,3,1087,13:37,6:23,1551,right,509,penalty,13,N,-11,-40,MIN,holding,2,8483573,8482131
2025020274,1,79,1:53,18:07,1551,left,509,penalty,22,O,-92,-30,MIN,tripping,2,8479371,8478458
2025020274,1,413,17:01,2:59,1551,left,509,penalty,29,O,33,13,MIN,tripping,2,8477934,8480806
2025020274,3,851,1:30,18:30,0651,left,509,penalty,29,D,-77,3,MIN,cross-checking,2,8483512,8479671
2025020274,3,1002,14:11,5:49,1551,left,509,penalty,22,O,-99,7,MIN,roughing,2,8481716,8478233
2025020274,3,1008,14:11,5:49,1551,left,509,penalty,29,D,-98,7,MIN,roughing,2,8478233,8481716
2025020275,1,483,19:07,0:53,1551,right,509,penalty,21,N,0,-39,BEN,delaying-game-unsuccessful-challenge,2,,
2025020275,2,569,6:30,13:30,1551,left,509,penalty,21,O,66,-33,MIN,hooking,2,8481524,8476455
2025020275,2,599,8:45,11:15,1551,left,509,penalty,7,D,79,-37,MIN,tripping,2,8480039,8482671
2025020275,2,673,13:50,6:10,0651,left,509,penalty,21,D,-94,-19,MIN,slashing,2,8481524,8477492
2025020275,3,861,3:01,16:59,1551,right,509,penalty,7,D,-80,5,MIN,high-sticking,2,8479525,8482896
2025020275,3,1024,14:14,5:46,1551,right,509,penalty,21,O,-73,15,MIN,high-sticking,2,8480807,8480448
2025020276,1,357,14:58,5:02,1551,right,509,penalty,28,D,-71,1,MIN,holding,2,8474150,8479576
2025020276,2,440,1:09,18:51,1551,left,509,penalty,20,O,38,1,MIN,tripping,2,8482667,8482679
2025020276,2,667,11:33,8:27,1551,left,509,penalty,20,D,-37,-19,MIN,delaying-game-puck-over-glass,2,,
2025020276,3,845,5:10,14:50,1551,right,509,penalty,28,O,92,28,MIN,slashing,2,8482679,8480798
2025020276,3,991,16:03,3:57,1551,right,509,penalty,28,D,-95,13,MIN,tripping,2,8474150,8475906
2025020277,1,194,9:48,10:12,1560,right,509,penalty,2,O,95,28,MIN,holding,2,8476881,8481601
2025020277,1,344,17:19,2:41,0651,right,509,penalty,54,O,-81,34,MIN,holding,2,8481014,8481133
2025020277,2,458,1:51,18:09,0651,left,509,penalty,54,D,-40,-4,MIN,holding,2,8481601,8478396
2025020277,2,487,4:25,15:35,1551,left,509,penalty,2,N,-17,42,BEN,too-many-men-on-the-ice,2,,
2025020277,2,633,11:56,8:04,1551,left,509,penalty,54,D,-98,-11,MIN,delaying-game-puck-over-glass,2,,
2025020277,2,711,14:48,5:12,1551,left,509,penalty,2,O,-25,-27,MIN,interference,2,8478468,8476917
2025020277,2,719,15:01,4:59,1451,left,509,penalty,54,D,-91,-12,MIN,tripping,2,8481601,8478483
2025020277,3,867,5:14,14:46,1551,right,509,penalty,54,D,90,31,MIN,tripping,2,8481601,8478468
2025020277,3,937,10:45,9:15,1551,right,509,penalty,2,N,-16,42,BEN,delaying-game-unsuccessful-challenge,2,,
2025020277,4,416,2:54,2:06,1340,left,509,penalty,2,N,-13,42,BEN,too-many-men-on-the-ice,2,,
2025020278,1,121,4:55,15:05,1551,left,509,penalty,52,D,82,3,MIN,tripping,2,8476905,8476945
2025020278,2,692,15:41,4:19,1551,right,509,penalty,52,D,-33,-27,MIN,tripping,2,8482665,8474679
2025020278,2,708,17:13,2:47,1451,right,509,penalty,55,D,67,6,MIN,hooking,2,8478398,8478407
2025020278,2,740,19:46,0:14,1551,right,509,penalty,55,N,-17,41,BEN,too-many-men-on-the-ice,2,,
2025020278,3,770,2:27,17:33,1551,left,509,penalty,52,D,64,29,MIN,holding,2,8478975,8475799
2025020278,3,984,19:29,0:31,0651,left,509,penalty,55,D,-94,-20,MIN,holding,2,8476460,8476467
2025020279,1,173,5:09,14:51,1551,right,509,penalty,23,D,-97,5,MIN,cross-checking,2,8482093,8477969
2025020279,1,221,7:43,12:17,1551,right,509,penalty,23,N,23,-40,MIN,high-sticking,2,8480817,8475169
2025020279,2,474,2:43,17:17,1551,left,509,penalty,12,N,-23,-10,MIN,slashing,2,8481024,8480336
2025020279,2,636,7:14,12:46,1551,left,509,penalty,12,O,61,-5,MIN,hooking,2,8482055,8482809
2025020280,2,502,0:48,19:12,1551,right,509,penalty,4,O,81,-1,MIN,high-sticking,2,8476892,8477989
2025020280,2,725,14:48,5:12,1551,right,509,penalty,19,D,74,41,MIN,tripping,2,8476461,8476892
2025020280,4,559,2:51,2:09,1331,right,509,penalty,19,D,37,1,PS,ps-tripping-on-breakaway,0,8481533,8477402
2025020281,1,153,6:50,13:10,1551,left,509,penalty,18,D,-34,25,MIN,interference,2,8485414,8482146
2025020281,1,355,18:58,1:02,1551,left,509,penalty,5,D,77,0,MIN,roughing,2,8482103,8471724
2025020281,2,1809764,5:22,14:38,1551,right,509,penalty,18,D,98,0,MIN,high-sticking,2,8480980,8482111
2025020282,1,145,5:56,14:04,1551,left,509,penalty,2,D,96,3,MIN,holding,2,8480855,8480871
2025020282,1,255,6:14,13:46,1451,left,509,penalty,68,O,80,-7,MIN,hooking,2,8476917,8483431
2025020282,1,420,14:18,5:42,1551,left,509,penalty,68,N,-22,41,BEN,too-many-men-on-the-ice,2,,
2025020282,1,463,17:49,2:11,1560,left,509,penalty,2,D,77,3,MIN,interference,2,8479343,8485366
2025020282,1,470,17:56,2:04,1451,left,509,penalty,2,D,62,-34,MIN,delaying-game-puck-over-glass,2,,
2025020282,2,680,10:19,9:41,1551,right,509,penalty,68,D,64,7,MIN,hooking,2,8478445,8483431
2025020282,2,768,16:55,3:05,1551,right,509,penalty,2,D,-76,-9,MIN,high-sticking,2,8483431,8477950
2025020282,3,855,2:37,17:23,1551,left,509,penalty,2,O,-29,27,MIN,tripping,2,8479977,8484221
2025020282,3,896,5:47,14:13,1551,left,509,penalty,2,D,54,38,MIN,hooking,2,8477951,8477950
2025020282,3,931,8:40,11:20,1551,left,509,penalty,68,D,-78,0,MIN,interference,2,8478445,8480855
2025020282,3,568,13:44,6:16,1551,left,509,penalty,2,N,0,-38,MIS,misconduct,10,,
2025020283,1,175,8:55,11:05,1551,right,509,penalty,13,O,-70,-5,MIN,elbowing,2,8476453,8477935
2025020283,2,564,3:00,17:00,1551,left,509,penalty,14,D,79,-6,MIN,cross-checking,2,8478421,8480426
2025020283,2,639,8:33,11:27,1551,left,509,penalty,14,N,6,42,MIN,cross-checking,2,8478421,8476826
2025020283,2,643,8:33,11:27,1551,left,509,penalty,13,N,5,0,MIN,roughing,2,8476826,8479316
2025020283,2,678,11:26,8:34,1551,left,509,penalty,14,D,64,40,MIN,charging,2,8482713,8476878
2025020283,2,718,13:10,6:50,1551,left,509,penalty,14,D,61,-41,MIN,roughing,2,8473419,8482929
2025020283,3,818,0:09,19:51,1551,right,509,penalty,13,D,36,40,MIN,tripping,2,8477149,8477932
2025020283,3,936,5:36,14:24,1551,right,509,penalty,13,D,81,0,MIN,hooking,2,8482655,8478055
2025020283,3,1022,8:09,11:51,1551,right,509,penalty,14,D,-97,15,MIN,high-sticking-double-minor,4,8478542,8478416
2025020283,3,1064,12:09,7:51,1551,right,509,penalty,14,D,-89,-6,MIN,roughing,2,8480185,8476826
2025020283,3,1067,12:09,7:51,1551,right,509,penalty,13,O,-88,-6,MIN,roughing,2,8476826,8480185
2025020283,3,1070,12:09,7:51,1551,right,509,penalty,13,O,-89,-7,MIN,roughing,2,8480426,8477932
2025020283,3,517,12:09,7:51,1551,right,509,penalty,14,D,-87,-6,MIN,roughing,2,8477932,8480426
2025020283,3,1084,12:50,7:10,1551,right,509,penalty,13,O,-88,-4,MIN,roughing,2,8482655,8477935
2025020284,1,159,3:40,16:20,1551,right,509,penalty,24,O,88,16,MIN,high-sticking,2,8474716,8482745
2025020284,1,219,8:23,11:37,1551,right,509,penalty,24,O,98,16,MIN,high-sticking-double-minor,4,8483525,8482745
2025020284,2,536,7:11,12:49,1551,left,509,penalty,24,N,-13,42,BEN,too-many-men-on-the-ice,2,,
2025020284,3,357,2:31,17:29,1551,right,509,penalty,24,O,99,-14,MIN,high-sticking-double-minor,4,8482094,8481754
2025020284,3,872,7:40,12:20,1551,right,509,penalty,30,O,-99,-10,MIN,cross-checking,2,8476885,8475149
2025020284,3,906,10:24,9:36,1551,right,509,penalty,30,D,42,-6,MIN,tripping,2,8478424,8477451
2025020284,3,943,13:22,6:38,1551,right,509,penalty,24,N,0,33,MIN,high-sticking,2,8477451,8484153
2025020285,1,62,0:04,19:56,1551,right,509,penalty,8,N,17,-27,MAJ,fighting,5,8477507,8481593
2025020285,1,58,0:04,19:56,1551,right,509,penalty,6,N,20,-27,MAJ,fighting,5,8481593,8477507
2025020285,1,79,1:05,18:55,1551,right,509,penalty,8,D,79,-4,MIN,hooking,2,8477956,8481540
2025020285,1,117,3:52,16:08,1551,right,509,penalty,8,D,47,-30,MAJ,fighting,5,8479661,8482964
2025020285,1,113,3:52,16:08,1551,right,509,penalty,6,O,48,-33,MAJ,fighting,5,8482964,8479661
2025020285,1,204,5:51,14:09,1551,right,509,penalty,6,D,-81,0,MIN,holding-the-stick,2,8481523,8476854
2025020285,1,12,8:09,11:51,1551,right,509,penalty,8,D,96,10,MIN,roughing,2,8483489,8476981
2025020285,1,240,8:09,11:51,1551,right,509,penalty,6,O,96,10,MIN,roughing,2,8476981,8483489
2025020285,1,328,10:50,9:10,1551,right,509,penalty,8,D,84,11,MIN,slashing,2,8479591,8480865
2025020285,1,411,16:15,3:45,1551,right,509,penalty,6,D,-85,-35,MIN,roughing,2,8476981,8480355
2025020285,1,420,16:48,3:12,1451,right,509,penalty,6,D,-32,-2,MIN,tripping,2,8481540,8477507
2025020285,2,611,7:38,12:22,1551,left,509,penalty,6,D,34,-14,MIN,holding,2,8481523,8483489
2025020285,2,620,7:49,12:11,1451,left,509,penalty,6,D,76,11,MIN,slashing,2,8483515,8479325
2025020285,2,642,9:58,10:02,1551,left,509,penalty,6,D,89,13,MIN,interference,2,8482737,8476854
2025020285,2,720,16:13,3:47,1551,left,509,penalty,8,O,96,12,MIN,hooking,2,8477507,8483515
2025020285,2,742,17:21,2:39,1551,left,509,penalty,6,D,94,17,MIN,roughing,2,8475848,8479369
2025020285,2,746,17:21,2:39,1551,left,509,penalty,8,O,94,18,MIN,roughing,2,8479369,8475848
2025020285,3,782,0:44,19:16,0651,right,509,penalty,8,D,81,-8,MIN,hooking,2,8482634,8481523
2025020285,3,823,4:23,15:37,1551,right,509,penalty,6,D,-73,0,MIN,delaying-game-puck-over-glass,2,,
2025020285,3,867,7:50,12:10,1551,right,509,penalty,8,D,76,2,MIN,high-sticking,2,8479987,8481593
2025020285,3,881,8:20,11:40,1541,right,509,penalty,8,D,85,7,MIN,roughing,2,8479987,8478133
2025020285,3,885,8:20,11:40,1541,right,509,penalty,6,O,87,7,MIN,roughing,2,8478133,8479987
2025020286,1,73,1:24,18:36,1551,left,509,penalty,26,D,55,-37,MIN,tripping,2,8480188,8479675
2025020286,1,229,13:32,6:28,1551,left,509,penalty,26,D,57,-12,MIN,holding,2,8482092,8477998
2025020286,3,943,8:23,11:37,1551,left,509,penalty,9,D,-56,-26,MIN,tripping,2,8476479,8481606
2025020286,3,1018,13:56,6:04,1551,left,509,penalty,9,D,-65,-2,MIN,high-sticking,2,8482124,8482245
2025020286,3,463,20:00,0:00,1560,left,509,penalty,9,N,-10,-22,MIN,slashing,2,8477960,8481528
2025020287,2,578,5:26,14:34,1560,left,509,penalty,7,O,-34,-35,MIN,tripping,2,8484160,8483500
2025020287,2,588,5:40,14:20,1451,left,509,penalty,17,O,73,-2,MIN,tripping,2,8480802,8474141
2025020287,2,672,8:29,11:31,1551,left,509,penalty,7,O,-94,14,MIN,holding,2,8484223,8482623
2025020287,2,776,15:37,4:23,1551,left,509,penalty,7,O,-92,-7,MIN,interference,2,8484223,8478413
2025020287,2,815,18:23,1:37,1551,left,509,penalty,17,D,-73,-17,MIN,hooking,2,8479420,8482762
2025020287,3,926,5:37,14:23,0651,right,509,penalty,17,D,65,-29,MIN,high-sticking,2,8477949,8482762
2025020287,3,1009,8:05,11:55,1551,right,509,penalty,7,D,-82,3,MIN,tripping,2,8477456,8481522
2025020287,3,1040,10:13,9:47,1551,right,509,penalty,17,D,62,14,MIN,interference,2,8482659,8481013
2025020287,3,383,17:27,2:33,1551,right,509,penalty,7,N,-23,42,BEN,too-many-men-on-the-ice,2,,
2025020288,1,71,1:23,18:37,1551,right,509,penalty,15,O,-28,-13,MIN,hooking,2,8482110,8476880
2025020288,1,98,3:15,16:45,1541,right,509,penalty,15,D,40,32,MIN,high-sticking,2,8476292,8475343
2025020288,1,155,7:02,12:58,1551,right,509,penalty,15,D,63,-38,MIN,hooking,2,8482110,8478463
2025020288,2,636,12:12,7:48,1551,left,509,penalty,1,N,-24,38,MIN,hooking,2,8476880,8482110
2025020289,1,116,4:47,15:13,1551,right,509,penalty,12,D,64,-41,MIN,cross-checking,2,8478402,8480830
2025020289,2,516,3:18,16:42,1551,left,509,penalty,22,D,98,20,MIN,cross-checking,2,8477478,8477498
2025020289,2,609,6:58,13:02,1551,left,509,penalty,22,O,-92,13,MIN,slashing,2,8477478,8477934
2025020290,1,22,16:19,3:41,1551,left,509,penalty,3,D,86,2,PS,ps-slash-on-breakaway,0,8477425,8479390
2025020290,2,545,4:12,15:48,0651,right,509,penalty,29,D,97,6,MIN,tripping,2,8482109,8476923
2025020290,2,687,10:53,9:07,1551,right,509,penalty,3,D,-96,2,MIN,cross-checking,2,8477497,8480001
2025020290,2,694,11:13,8:47,1451,right,509,penalty,29,O,-71,38,MIN,interference,2,8482073,8481716
2025020290,2,403,14:00,6:00,1551,right,509,penalty,3,N,1,-41,BEN,too-many-men-on-the-ice,2,,
2025020290,2,411,15:57,4:03,1551,right,509,penalty,3,O,38,24,MAJ,fighting,5,8479671,8475842
2025020290,2,408,15:57,4:03,1551,right,509,penalty,29,D,37,23,MAJ,fighting,5,8475842,8479671
2025020291,2,534,2:53,17:07,1551,left,509,penalty,16,D,-68,-7,MIN,tripping,2,8477503,8477987
2025020291,2,42,9:37,10:23,1551,left,509,penalty,16,N,14,41,BEN,delaying-game-unsuccessful-challenge,2,,
2025020291,2,722,14:27,5:33,1551,left,509,penalty,10,O,-32,6,MIN,slashing,2,8481568,8484158
2025020291,3,824,0:44,19:16,1551,right,509,penalty,16,D,61,-39,MIN,tripping,2,8475166,8484144
2025020291,3,909,7:18,12:42,1551,right,509,penalty,10,D,-35,-39,MIN,delaying-game-puck-over-glass,2,,
2025020292,1,318,14:25,5:35,1551,left,509,penalty,19,D,-80,-24,MIN,tripping,2,8481133,8475760
2025020292,2,754,17:02,2:58,1551,right,509,penalty,19,O,-64,18,MIN,high-sticking-double-minor,4,8476925,8477573
2025020292,3,810,1:32,18:28,1551,left,509,penalty,54,D,25,-35,MIN,hooking,2,8479385,8476438
2025020292,3,910,8:35,11:25,1551,left,509,penalty,54,D,88,-20,MIN,tripping,2,8475170,8475188
2025020293,1,440,16:47,3:13,1551,right,509,penalty,4,D,-98,12,MIN,interference,2,8476889,8481553
2025020293,2,826,17:20,2:40,1551,left,509,penalty,25,O,95,17,MIN,high-sticking,2,8477948,8476278
2025020293,3,985,8:33,11:27,1551,right,509,penalty,4,O,58,-2,MIN,high-sticking,2,8480840,8482159
2025020294,1,247,9:03,10:57,1551,right,509,penalty,52,N,-21,9,MIN,holding,2,8476399,8476331
2025020294,3,50,0:58,19:02,0651,right,509,penalty,20,O,-56,30,MIN,interference,2,8476331,8482074
2025020294,3,1030,17:13,2:47,1551,right,509,penalty,52,O,59,38,MIN,high-sticking,2,8482679,8476480
2025020294,4,1137,3:31,1:29,1331,left,509,penalty,52,O,-90,33,MIN,holding,2,8477346,8476460
2025020294,4,411,5:00,0:00,1341,left,509,penalty,52,N,-4,-40,MIS,misconduct,10,,
2025020295,1,416,19:10,0:50,1551,left,509,penalty,55,D,-93,23,MIN,hooking,2,8484801,8479324
2025020295,2,490,3:52,16:08,1551,right,509,penalty,28,D,-33,27,MIN,hooking,2,8482858,8476624
2025020295,2,497,5:00,15:00,1451,right,509,penalty,55,O,-42,29,MIN,tripping,2,8480798,8480009
2025020295,2,673,11:17,8:43,0651,right,509,penalty,55,D,75,-14,MIN,slashing,2,8484227,8478407
2025020295,3,851,1:07,18:53,1551,left,509,penalty,55,D,-79,35,MIN,delaying-game-puck-over-glass,2,,
2025020295,3,913,5:29,14:31,1551,left,509,penalty,28,D,66,-14,MIN,hooking,2,8480009,8479576
2025020295,3,935,7:23,12:37,1451,left,509,penalty,55,D,-78,17,MIN,holding,2,8477505,8474586
2025020295,3,1035,14:42,5:18,1551,left,509,penalty,55,D,-89,28,MIN,tripping,2,8471817,8477919
2025020296,2,1615417,6:03,13:57,0651,left,509,penalty,5,D,-94,12,MIN,tripping,2,8478047,8477435
2025020296,2,1615487,10:57,9:03,1551,left,509,penalty,5,D,-75,2,MIN,slashing,2,8476539,8478854
2025020296,2,1615510,12:23,7:37,1541,left,509,penalty,5,N,17,42,BEN,too-many-men-on-the-ice,2,,
2025020296,3,1615762,12:00,8:00,1551,right,509,penalty,5,D,77,-3,MIN,interference,2,8475287,8478450
2025020297,1,83,1:42,18:18,1551,left,509,penalty,14,D,-54,-29,MAJ,fighting,5,8478856,8478178
2025020297,1,80,1:42,18:18,1551,left,509,penalty,23,O,-62,-30,MAJ,fighting,5,8478178,8478856
2025020297,2,542,5:53,14:07,1551,right,509,penalty,14,D,88,32,MIN,holding,2,8481024,8477149
2025020297,2,579,9:06,10:54,1551,right,509,penalty,14,N,-15,-35,MIN,holding,2,8476907,8482655
2025020297,2,644,14:13,5:47,1551,right,509,penalty,23,D,-64,13,MIN,slashing,2,8479542,8480800
2025020297,2,677,16:44,3:16,1551,right,509,penalty,23,D,-83,-9,MIN,hooking,2,8482201,8483678
2025020297,3,759,3:43,16:17,1551,left,509,penalty,14,O,86,2,MIN,interference-goalkeeper,2,8480947,8477149
2025020297,3,478,19:30,0:30,1551,left,509,penalty,14,N,21,39,MIN,roughing,2,8481024,8477149
2025020297,3,481,19:30,0:30,1551,left,509,penalty,23,N,23,39,MIN,roughing,2,8477149,8476907
2025020297,3,486,19:30,0:30,1551,left,509,penalty,23,N,23,40,MIS,misconduct,10,,
2025020297,3,484,19:30,0:30,1551,left,509,penalty,14,O,25,41,MIS,misconduct,10,,
2025020297,3,475,19:30,0:30,1551,left,509,penalty,14,O,29,40,MIS,misconduct,10,,
2025020297,3,472,19:30,0:30,1551,left,509,penalty,23,D,30,38,MIS,misconduct,10,,
2025020297,3,488,20:00,0:00,1441,left,509,penalty,23,O,-73,28,MIN,cross-checking,2,8482929,8482691
2025020298,1,137,6:39,13:21,1551,right,509,penalty,30,O,-56,15,MIN,tripping,2,8481133,8481557
2025020298,1,263,12:46,7:14,1551,right,509,penalty,54,N,-1,14,MIN,hooking,2,8482122,8483890
2025020298,1,279,14:26,5:34,1451,right,509,penalty,30,O,-62,-40,MIN,tripping,2,8479353,8478493
2025020298,1,376,17:40,2:20,1551,right,509,penalty,54,D,-80,2,MIN,tripping,2,8475692,8480727
2025020298,2,532,6:12,13:48,1551,left,509,penalty,54,D,82,-3,MIN,hooking,2,8475220,8481527
2025020298,2,703,19:27,0:33,1551,left,509,penalty,30,N,-6,34,MIN,broken-stick,2,,
2025020298,3,840,5:02,14:58,1551,right,509,penalty,30,O,-57,-37,MIN,holding,2,8478483,8474716
2025020298,4,1066,4:31,0:29,1331,left,509,penalty,54,N,9,-36,MIN,hooking,2,8481557,8477447
2025020299,1,207,18:41,1:19,1560,right,509,penalty,17,D,-84,0,MIN,interference,2,8476389,8481542
2025020299,2,486,4:04,15:56,0651,left,509,penalty,3,D,-87,7,MIN,tripping,2,8477429,8478882
2025020299,2,636,7:54,12:06,1551,left,509,penalty,3,N,22,-19,MIN,hooking,2,8474141,8483690
2025020299,2,667,10:12,9:48,1551,left,509,penalty,17,D,41,42,MIN,delaying-game-puck-over-glass,2,,
2025020299,2,703,12:54,7:06,1551,left,509,penalty,3,D,-50,18,MIN,holding-the-stick,2,8477456,8475842
2025020299,3,905,6:39,13:21,1551,right,509,penalty,3,O,-98,-11,MIN,tripping,2,8482762,8482157
2025020299,3,925,8:38,11:22,1541,right,509,penalty,3,D,58,24,MIN,slashing,2,8484471,8483690
2025020299,3,516,20:00,0:00,1560,right,509,penalty,3,D,75,4,MIN,unsportsmanlike-conduct,2,8478891,8471734
2025020299,3,524,20:00,0:00,1560,right,509,penalty,17,O,69,0,MIS,misconduct,10,,
2025020299,3,521,20:00,0:00,1560,right,509,penalty,3,D,80,3,MIS,misconduct,10,,
2025020300,1,178,4:56,15:04,1551,right,509,penalty,2,D,-69,17,MIN,high-sticking,2,8475754,8476429
2025020300,2,646,8:14,11:46,1551,left,509,penalty,21,O,57,-39,MIN,interference,2,8481014,8480448
2025020300,2,677,10:39,9:21,1551,left,509,penalty,2,D,58,5,MIN,high-sticking,2,8480448,8477506
2025020300,2,790,19:06,0:54,1551,left,509,penalty,21,D,-82,7,MIN,hooking,2,8485366,8480069
2025020300,3,854,4:40,15:20,1551,right,509,penalty,21,O,-82,-9,MIN,high-sticking,2,8476429,8484149
2025020300,3,364,6:17,13:43,1541,right,509,penalty,2,O,40,25,MIN,roughing,2,8476312,8475314
2025020300,3,876,6:17,13:43,1541,right,509,penalty,2,O,47,21,MAJ,fighting,5,8476312,8475314
2025020300,3,872,6:17,13:43,1541,right,509,penalty,21,D,48,23,MAJ,fighting,5,8475314,8476312
2025020300,3,1070,16:40,3:20,1551,right,509,penalty,21,N,0,-40,MIN,delaying-game-puck-over-glass,2,,
2025020301,1,218,7:09,12:51,1551,left,509,penalty,12,D,62,8,MIN,tripping,2,8477956,8480817
2025020301,1,323,11:25,8:35,1551,left,509,penalty,6,D,-97,-4,MIN,interference,2,8473533,8477507
2025020301,2,771,18:13,1:47,1551,right,509,penalty,12,O,79,-4,MIN,tripping,2,8482177,8476921
2025020301,3,900,7:23,12:37,1551,left,509,penalty,12,D,50,31,MIN,embellishment,2,,
2025020301,3,903,7:23,12:37,1551,left,509,penalty,6,O,56,24,MIN,interference,2,8476906,8477507
2025020301,3,948,10:54,9:06,1551,left,509,penalty,6,O,84,35,MIN,high-sticking,2,8473533,8483489
2025020301,3,1102,14:39,5:21,1551,left,509,penalty,12,O,-82,35,MIN,hooking,2,8482177,8480830
2025020301,3,1149,18:08,1:52,1551,left,509,penalty,12,D,87,-10,MIN,hooking,2,8479591,8482100
2025020302,1,135,6:58,13:02,1551,left,509,penalty,22,O,-27,-37,MIN,high-sticking,2,8477949,8475218
2025020302,1,246,10:50,9:10,1551,left,509,penalty,7,O,26,-10,MIN,interference,2,8478233,8482659
2025020302,1,396,18:36,1:24,1551,left,509,penalty,22,O,-95,10,MIN,high-sticking,2,8480839,8478402
2025020302,2,44,20:00,0:00,1551,right,509,penalty,22,O,98,-15,MAJ,fighting,5,8481522,8481617
2025020302,2,47,20:00,0:00,1551,right,509,penalty,7,D,97,-13,MAJ,fighting,5,8481617,8481522
2025020303,1,106,4:22,15:38,1560,right,509,penalty,23,D,-57,42,MIN,tripping,2,8473419,8484136
2025020303,1,292,15:06,4:54,1551,right,509,penalty,13,D,49,-41,MIN,tripping,2,8474574,8484304
2025020303,1,441,19:02,0:58,1551,right,509,penalty,23,D,-81,-5,MIN,slashing,2,8482713,8480800
2025020303,1,27,19:52,0:08,1551,right,509,penalty,23,D,-60,12,MIN,hooking,2,8477495,8477969
2025020303,2,656,2:50,17:10,1551,left,509,penalty,13,D,-60,38,MIN,roughing,2,8480748,8477935
2025020303,2,660,2:50,17:10,1551,left,509,penalty,23,O,-70,36,MIN,slashing,2,8478055,8480748
2025020303,2,33,2:50,17:10,1551,left,509,penalty,13,D,-62,39,MIN,roughing,2,8480748,8477935
2025020303,2,807,14:47,5:13,1551,left,509,penalty,23,D,52,-40,MIN,hooking,2,8480003,8475169
2025020303,2,555,19:12,0:48,1551,left,509,penalty,13,O,42,41,MIN,roughing,2,8474574,8478859
2025020303,2,874,19:12,0:48,1551,left,509,penalty,13,O,40,41,MIN,boarding,2,8480748,8478859
2025020303,2,557,19:12,0:48,1551,left,509,penalty,23,D,41,41,MIN,roughing,2,8478859,8474574
2025020303,2,878,19:12,0:48,1551,left,509,penalty,23,D,39,42,MIN,roughing,2,8478859,8474574
2025020303,3,909,1:55,18:05,1551,right,509,penalty,13,O,-59,42,MIN,high-sticking,2,8478498,8473507
2025020303,3,956,4:56,15:04,0651,right,509,penalty,13,O,-83,-38,MIN,cross-checking,2,8479425,8480003
2025020303,3,984,7:11,12:49,1551,right,509,penalty,23,N,-9,-12,MIN,interference,2,8477409,8477969
2025020303,3,1105,13:13,6:47,1551,right,509,penalty,13,D,97,1,MIN,hooking,2,8475169,8477935
2025020303,3,1138,16:36,3:24,0651,right,509,penalty,23,D,-53,-41,MIN,boarding,2,8473419,8480748
2025020303,3,1156,18:04,1:56,1451,right,509,penalty,13,O,-26,-4,MIN,interference,2,8479425,8478421
2025020304,1,192,10:33,9:27,1551,right,509,penalty,26,D,-87,-32,MIN,cross-checking,2,8479520,8475208
2025020304,2,510,3:13,16:47,1551,left,509,penalty,15,D,-83,6,MIN,hooking,2,8470621,8480796
2025020304,2,626,12:16,7:44,1551,left,509,penalty,15,O,45,-17,MIN,slashing,2,8477942,8478440
2025020304,3,846,5:03,14:57,1551,right,509,penalty,15,D,73,5,MIN,interference,2,8482124,8477845
2025020304,3,1038,19:25,0:35,0651,right,509,penalty,26,N,-4,39,MIN,slashing,2,8476880,8477960
2025020305,2,622,10:26,9:34,1551,right,509,penalty,8,D,-70,21,MIN,hooking,2,8476923,8483728
2025020305,2,647,12:05,7:55,1451,right,509,penalty,8,D,-55,-13,MIN,slashing,2,8482705,8480018
2025020306,1,93,3:02,16:58,1551,left,509,penalty,24,O,80,13,MIN,hooking,2,8479410,8478873
2025020306,1,97,3:02,16:58,1551,left,509,penalty,68,D,66,10,MIN,embellishment,2,,
2025020306,1,284,10:05,9:55,0651,left,509,penalty,24,N,20,37,MIN,tripping,2,8480849,8484762
2025020306,1,13,15:53,4:07,1551,left,509,penalty,68,N,0,18,MAJ,fighting,5,8477527,8477070
2025020306,1,16,15:53,4:07,1551,left,509,penalty,24,N,-5,21,MAJ,fighting,5,8477070,8477527
2025020306,2,681,4:29,15:31,1551,right,509,penalty,68,D,-37,-18,MIN,hooking,2,8478873,8478474
2025020307,1,99,3:25,16:35,1551,right,509,penalty,19,O,67,41,MIN,holding,2,8479442,8477402
2025020307,1,331,16:37,3:23,1551,right,509,penalty,19,D,-73,0,MIN,high-sticking-double-minor,4,8477503,8481006
2025020307,2,698,12:06,7:54,1551,left,509,penalty,10,D,-96,-16,MIN,tripping,2,8477573,8476931
2025020307,2,737,15:25,4:35,1551,left,509,penalty,10,D,-59,1,MIN,tripping,2,8479385,8476931
2025020307,3,847,3:10,16:50,1551,right,509,penalty,10,D,63,-41,MIN,delaying-game-puck-over-glass,2,,
2025020308,1,490,17:50,2:10,1551,right,509,penalty,17,N,-11,41,MIN,roughing,2,8481789,8482762
2025020308,2,659,9:37,10:23,1551,left,509,penalty,55,O,-85,2,MIN,interference-goalkeeper,2,8475660,8483497
2025020308,2,777,18:51,1:09,1551,left,509,penalty,55,O,-50,-38,MIN,high-sticking,2,8484471,8477986
2025020308,3,839,3:19,16:41,1551,right,509,penalty,17,D,85,-33,MIN,slashing,2,8476905,8475279
2025020309,1,147,7:34,12:26,1551,left,509,penalty,14,O,95,-23,MIN,holding,2,8475455,8478010
2025020309,1,274,13:15,6:45,1551,left,509,penalty,14,D,-30,-29,MIN,tripping,2,8479407,8478178
2025020309,2,487,4:43,15:17,1551,right,509,penalty,1,O,98,8,MIN,roughing,2,8482929,8476474
2025020309,2,545,9:18,10:42,1551,right,509,penalty,1,D,-27,-14,MIN,hooking,2,8477404,8482684
2025020309,3,926,6:48,13:12,1551,left,509,penalty,1,D,40,-39,MIN,holding,2,8479542,8481721
2025020309,3,998,12:09,7:51,1551,left,509,penalty,14,O,39,-35,MIN,high-sticking,2,8481032,8476453
2025020309,3,1038,15:04,4:56,1551,left,509,penalty,14,O,70,22,BEN,delaying-game-bench-face-off-violation,2,,
2025020309,3,1096,19:16,0:44,1551,left,509,penalty,1,N,24,33,MIN,interference,2,8476453,8483495
2025020309,3,316,19:16,0:44,1551,left,509,penalty,14,O,39,7,MIN,roughing,2,8483495,8480876
2025020310,3,404,6:48,13:12,1551,right,509,penalty,2,N,-11,11,MIN,high-sticking-double-minor,4,8480840,8477500
2025020310,3,410,6:48,13:12,1551,right,509,penalty,2,N,-7,13,MIS,misconduct,10,,
2025020310,3,847,7:52,12:08,1451,right,509,penalty,25,O,-87,-35,MIN,high-sticking,2,8476429,8473994
2025020310,3,912,13:08,6:52,1551,right,509,penalty,2,D,-80,-25,MIN,high-sticking,2,8480027,8485366
2025020310,3,932,14:29,5:31,1451,right,509,penalty,25,O,-74,-31,MIN,hooking,2,8476429,8480027
2025020310,3,420,19:32,0:28,1560,right,509,penalty,25,O,-92,-13,MAJ,boarding,5,8481014,8478420
2025020310,3,424,19:32,0:28,1550,right,509,penalty,25,O,-91,-11,GAM,game-misconduct,10,,
2025020311,1,75,1:37,18:23,1551,right,509,penalty,29,D,-70,15,MIN,high-sticking,2,8480014,8478500
2025020311,2,646,14:50,5:10,1551,left,509,penalty,29,O,-98,15,MIN,holding,2,8477504,8483432
2025020311,3,670,6:47,13:13,1551,right,509,penalty,52,N,-20,-24,MIN,interference,2,8475745,8480289
2025020312,1,315,10:42,9:18,1551,right,509,penalty,16,O,-30,-22,MIN,slashing,2,8482679,8484144
2025020312,1,341,12:45,7:15,1551,right,509,penalty,20,O,39,22,MIN,interference,2,8483450,8481068
2025020312,1,24,15:05,4:55,1551,right,509,penalty,20,N,-12,41,BEN,delaying-game-unsuccessful-challenge,2,,
2025020312,2,620,9:41,10:19,1551,left,509,penalty,20,D,66,-19,MIN,tripping,2,8481624,8479402
2025020312,2,637,11:17,8:43,1451,left,509,penalty,20,D,81,-37,MIN,delaying-game-puck-over-glass,2,,
2025020312,2,738,19:23,0:37,1551,left,509,penalty,16,D,-75,3,MIN,cross-checking,2,8482074,8476473
2025020312,3,886,8:50,11:10,1551,right,509,penalty,16,D,54,-40,MIN,delaying-game-puck-over-glass,2,,
2025020312,3,1006,10:48,9:12,1541,right,509,penalty,16,D,34,35,MIN,roughing,2,8483609,8481624
2025020312,3,1011,10:48,9:12,1541,right,509,penalty,20,O,35,32,MIN,roughing,2,8481624,8483609
2025020312,3,1083,14:46,5:14,1551,right,509,penalty,16,D,72,41,MIN,holding,2,8483609,8482703
2025020312,3,435,20:00,0:00,1551,right,509,penalty,20,D,-27,28,MIN,roughing,2,8482703,8483609
2025020312,3,438,20:00,0:00,1551,right,509,penalty,16,O,-29,28,MIS,misconduct,10,,
2025020312,3,441,20:00,0:00,1551,right,509,penalty,16,O,-29,27,MIS,misconduct,10,,
2025020312,3,450,20:00,0:00,1551,right,509,penalty,20,D,-28,26,MIS,misconduct,10,,
2025020312,3,953,20:00,0:00,1551,right,509,penalty,20,D,-27,23,MIS,misconduct,10,,
2025020312,3,956,20:00,0:00,1551,right,509,penalty,20,D,-30,28,MIS,misconduct,10,,
2025020312,3,959,20:00,0:00,1551,right,509,penalty,20,D,-29,26,MIS,misconduct,10,,
2025020312,3,962,20:00,0:00,1551,right,509,penalty,20,D,-28,23,MIS,misconduct,10,,
2025020312,3,965,20:00,0:00,1551,right,509,penalty,16,O,-28,22,MIS,misconduct,10,,
2025020312,3,444,20:00,0:00,1551,right,509,penalty,16,O,-29,30,MIS,misconduct,10,,
2025020312,3,447,20:00,0:00,1551,right,509,penalty,16,O,-27,24,MIS,misconduct,10,,
2025020313,1,324,11:14,8:46,1560,right,509,penalty,3,N,23,17,MIN,tripping,2,8478483,8478550
2025020313,2,699,12:36,7:24,1551,left,509,penalty,54,D,-97,-4,MIN,tripping,2,8482109,8481527
2025020313,3,870,5:35,14:25,1551,right,509,penalty,3,D,-26,42,MIN,interference,2,8481133,8477369
2025020314,1,170,7:34,12:26,1551,left,509,penalty,68,O,-29,-39,MIN,interference,2,8484227,8474013
2025020314,2,487,3:45,16:15,1551,right,509,penalty,28,D,93,-30,MIN,interference,2,8479343,8476624
2025020314,2,689,12:24,7:36,1551,right,509,penalty,68,O,99,13,MIN,slashing,2,8475200,8479343
2025020314,2,767,17:45,2:15,1551,right,509,penalty,68,O,84,-29,MIN,tripping,2,8484806,8482175
2025020314,3,855,4:23,15:37,1551,left,509,penalty,28,D,-88,-31,MIN,hooking,2,8479977,8484801
2025020314,3,981,13:38,6:22,1551,left,509,penalty,68,N,12,40,BEN,delaying-game-unsuccessful-challenge,2,,
2025020314,4,1087,1:48,3:12,1331,right,509,penalty,68,N,14,39,BEN,too-many-men-on-the-ice,2,,
2025020315,1,297,15:19,4:41,1551,right,509,penalty,15,D,98,-20,MIN,high-sticking,2,8480803,8476880
2025020315,2,665,14:11,5:49,0651,left,509,penalty,15,O,82,17,MIN,holding,2,8478013,8482088
2025020315,3,828,6:53,13:07,1551,right,509,penalty,15,D,68,1,MIN,hooking,2,8478402,8474590
2025020315,3,880,11:39,8:21,1551,right,509,penalty,22,O,69,23,MIN,slashing,2,8478440,8475218
2025020316,1,93,2:39,17:21,1551,left,509,penalty,20,O,-62,-29,MIN,hooking,2,8483500,8480028
2025020316,1,434,18:17,1:43,1551,left,509,penalty,7,O,40,-39,MIN,interference,2,8484821,8482623
2025020316,2,583,4:39,15:21,1551,right,509,penalty,20,D,-65,7,MIN,interference,2,8479359,8477810
2025020316,2,675,11:39,8:21,1551,right,509,penalty,20,D,-48,-28,MIN,holding-the-stick,2,8482765,8476399
2025020317,1,282,9:49,10:11,1551,right,509,penalty,30,D,46,16,MIN,tripping,2,8482702,8484798
2025020317,1,520,19:53,0:07,1551,right,509,penalty,30,N,-14,39,MIN,slashing,2,8482809,8475692
2025020317,2,620,6:58,13:02,1551,left,509,penalty,12,D,96,-10,MIN,interference,2,8478508,8476422
2025020318,1,260,10:41,9:19,1560,left,509,penalty,6,D,89,27,MIN,hooking,2,8483445,8478401
2025020318,1,304,14:17,5:43,1551,left,509,penalty,24,D,-74,-39,MIN,cross-checking,2,8483489,8481563
2025020318,1,27,19:32,0:28,1551,left,509,penalty,6,N,-1,40,MAJ,fighting,5,8478366,8482634
2025020318,1,30,19:32,0:28,1551,left,509,penalty,24,N,4,41,MAJ,fighting,5,8482634,8478366
2025020318,2,697,11:49,8:11,1551,right,509,penalty,6,D,-91,34,MIN,tripping,2,8473986,8482511
2025020318,3,360,2:13,17:47,1551,left,509,penalty,6,N,12,37,MIN,instigator,2,8475462,8479705
2025020318,3,373,2:13,17:47,1551,left,509,penalty,24,N,5,37,MAJ,fighting,5,8479705,8475462
2025020318,3,363,2:13,17:47,1551,left,509,penalty,6,N,3,39,MAJ,fighting,5,8475462,8479705
2025020318,3,370,2:13,17:47,1551,left,509,penalty,6,N,-1,38,MIS,instigator-misconduct,10,,
2025020318,3,911,7:31,12:29,1551,left,509,penalty,24,D,-65,-39,MIN,cross-checking,2,8477956,8478424
2025020319,1,172,5:12,14:48,1551,right,509,penalty,29,D,-83,34,MIN,tripping,2,8484158,8475745
2025020319,1,210,7:31,12:29,1551,right,509,penalty,10,N,-14,-30,MIN,tripping,2,8482705,8481711
2025020319,1,274,12:28,7:32,1551,right,509,penalty,29,N,-19,-22,MIN,high-sticking,2,8478057,8477425
2025020319,3,956,10:43,9:17,1551,right,509,penalty,10,N,14,40,BEN,too-many-men-on-the-ice,2,,
2025020320,1,67,0:58,19:02,1551,right,509,penalty,8,N,0,25,MIN,high-sticking,2,8481656,8483515
2025020320,1,144,6:27,13:33,1551,right,509,penalty,8,D,92,21,MIN,tripping,2,8483573,8476875
2025020320,1,272,9:03,10:57,1551,right,509,penalty,15,D,-54,4,MIN,hooking,2,8484984,8482088
2025020320,1,337,14:28,5:32,1560,right,509,penalty,15,D,-92,29,MIN,high-sticking,2,8482737,8479345
2025020320,1,364,15:58,4:02,1551,right,509,penalty,8,O,-56,-41,MIN,high-sticking,2,8478440,8482749
2025020320,1,381,17:11,2:49,1541,right,509,penalty,15,O,72,-20,MIN,slashing,2,8476875,8483573
2025020320,1,467,19:47,0:13,1551,right,509,penalty,8,D,74,-1,MIN,cross-checking,2,8471214,8476981
2025020320,1,471,19:47,0:13,1551,right,509,penalty,15,O,72,0,MIN,slashing,2,8476981,8471214
2025020320,1,33,20:00,0:00,1441,right,509,penalty,8,D,73,4,MIN,high-sticking,2,8474590,8476875
2025020320,3,418,19:25,0:35,1551,right,509,penalty,8,D,46,38,MIN,unsportsmanlike-conduct,2,8484186,8476981
2025020320,3,996,19:25,0:35,1551,right,509,penalty,15,O,45,40,MIN,unsportsmanlike-conduct,2,8476981,8484186
2025020321,1,104,3:35,16:25,1551,right,509,penalty,17,D,73,1,MIN,slashing,2,8481601,8477456
2025020321,1,256,11:27,8:33,1551,right,509,penalty,17,N,-5,-30,MIN,interference,2,8475151,8482762
2025020321,1,416,18:57,1:03,1551,right,509,penalty,2,N,18,23,MIN,interference,2,8481542,8482476
2025020321,1,421,18:57,1:03,1551,right,509,penalty,17,N,17,22,MIN,embellishment,2,,
2025020321,2,652,12:27,7:33,1551,left,509,penalty,17,D,-77,0,MIN,high-sticking-double-minor,4,8485366,8475279
2025020321,2,47,18:31,1:29,1551,left,509,penalty,17,O,37,30,MIS,misconduct,10,,
2025020321,3,472,9:04,10:56,1551,right,509,penalty,2,D,-66,-42,MIN,roughing,2,8478891,8476429
2025020321,3,469,9:04,10:56,1551,right,509,penalty,2,D,-62,-40,MIN,interference,2,8484160,8476429
2025020321,3,475,9:04,10:56,1551,right,509,penalty,17,O,-64,-40,MIN,roughing,2,8476419,8475279
2025020321,3,478,9:04,10:56,1551,right,509,penalty,17,O,-64,-40,MIS,misconduct,10,,
2025020321,3,481,9:04,10:56,1551,right,509,penalty,2,D,-61,-42,MIS,misconduct,10,,
2025020321,3,490,18:21,1:39,1551,right,509,penalty,2,N,-19,1,MAJ,fighting,5,8483464,8477950
2025020321,3,494,18:21,1:39,1551,right,509,penalty,17,N,-21,1,MAJ,fighting,5,8477950,8483464
2025020322,1,82,2:13,17:47,1551,left,509,penalty,14,D,-57,-11,MIN,slashing,2,8478233,8477404
2025020322,1,16,13:01,6:59,1551,left,509,penalty,14,N,-15,-22,MAJ,fighting,5,8477498,8480876
2025020322,1,23,13:01,6:59,1551,left,509,penalty,22,N,-7,-25,MIN,instigator,2,8480876,8477498
2025020322,1,19,13:01,6:59,1551,left,509,penalty,22,N,-19,-8,MAJ,fighting,5,8480876,8477498
2025020322,1,28,13:01,6:59,1551,left,509,penalty,22,N,-1,-38,MIS,instigator-misconduct,10,,
2025020322,1,452,20:00,0:00,1551,left,509,penalty,22,D,62,-35,MIN,slashing,2,8477404,8480831
2025020322,2,636,9:28,10:32,1551,right,509,penalty,22,D,-46,-11,MIN,tripping,2,8483752,8476967
2025020322,2,710,15:36,4:24,1551,right,509,penalty,14,O,-32,-30,MIN,interference,2,8475786,8482655
2025020323,2,780,16:07,3:53,1551,left,509,penalty,13,D,-82,-30,MIN,tripping,2,8481032,8478055
2025020323,2,808,18:24,1:36,1551,left,509,penalty,13,O,84,-18,MIN,tripping,2,8482684,8478421
2025020323,3,962,10:35,9:25,1560,right,509,penalty,1,D,-97,0,MIN,hooking,2,8477933,8483495
2025020324,1,171,6:58,13:02,1560,right,509,penalty,19,D,-81,35,MIN,hooking,2,8481553,8476892
2025020324,1,317,11:02,8:58,1551,right,509,penalty,4,O,-88,-33,MIN,hooking,2,8476892,8481533
2025020324,2,807,18:47,1:13,1551,left,509,penalty,4,D,-78,-33,MIN,tripping,2,8477402,8482126
2025020324,3,926,7:06,12:54,1551,right,509,penalty,19,D,-62,36,MIN,tripping,2,8481533,8480459
2025020325,1,333,17:23,2:37,1551,right,509,penalty,55,N,8,-37,MIN,tripping,2,8477479,8476905
2025020325,2,30,9:01,10:59,1551,left,509,penalty,55,D,83,-1,MIN,tripping,2,8477479,8478916
2025020325,2,678,11:47,8:13,1551,left,509,penalty,16,O,84,39,MIN,holding,2,8478407,8483493
2025020325,3,812,2:32,17:28,1551,right,509,penalty,16,D,69,39,MIN,hooking,2,8482858,8481624
2025020325,3,509,15:44,4:16,1551,right,509,penalty,16,N,2,37,MIN,abuse-of-officials,2,,
2025020326,1,83,2:19,17:41,1551,right,509,penalty,21,D,80,0,MIN,interference,2,8477380,8479398
2025020326,1,167,8:09,11:51,1551,right,509,penalty,3,N,12,-31,MIN,interference,2,8477476,8476389
2025020326,1,247,14:02,5:58,1551,right,509,penalty,3,D,-78,0,MIN,interference,2,8478038,8475842
2025020326,2,734,9:56,10:04,1551,left,509,penalty,3,O,-90,20,MIN,holding,2,8480069,8477839
2025020326,3,881,0:51,19:09,1551,right,509,penalty,3,O,95,22,MIN,tripping,2,8477476,8482157
2025020326,3,934,4:50,15:10,1551,right,509,penalty,3,D,-84,21,MIN,holding,2,8477492,8477369
2025020326,3,1000,9:27,10:33,1551,right,509,penalty,21,O,-90,-33,MIN,tripping,2,8482073,8480835
2025020326,3,1111,16:06,3:54,1551,right,509,penalty,3,D,-80,0,MIN,holding,2,8476455,8477380
2025020327,1,192,10:26,9:34,1551,left,509,penalty,68,D,-25,2,MIN,cross-checking,2,8481133,8479293
2025020327,2,435,1:00,19:00,1551,right,509,penalty,68,N,-20,13,MIN,holding,2,8479353,8483431
2025020327,2,439,1:00,19:00,1551,right,509,penalty,54,N,-21,16,MIN,embellishment,2,,
2025020327,2,33,6:16,13:44,1551,right,509,penalty,68,D,68,-21,MIN,roughing,2,8481527,8483431
2025020327,2,661,6:16,13:44,1551,right,509,penalty,68,D,71,-21,MIN,roughing,2,8481133,8479410
2025020327,2,669,6:16,13:44,1551,right,509,penalty,54,O,69,-20,MIN,roughing,2,8479410,8481133
2025020327,2,672,6:16,13:44,1551,right,509,penalty,54,O,67,-22,MIN,roughing,2,8483431,8481527
2025020327,2,37,6:16,13:44,1551,right,509,penalty,68,D,68,-21,MIN,roughing,2,8481527,8483431
2025020327,2,678,6:27,13:33,1541,right,509,penalty,54,O,35,-18,MIN,interference,2,8474013,8483890
2025020327,3,895,1:59,18:01,1551,left,509,penalty,54,O,-36,-12,MAJ,fighting,5,8480855,8478434
2025020327,3,898,1:59,18:01,1551,left,509,penalty,68,D,-35,-14,MAJ,fighting,5,8478434,8480855
2025020327,3,939,4:11,15:49,1551,left,509,penalty,54,D,42,-11,MIN,interference,2,8480849,8475188
2025020327,3,1116,17:44,2:16,1551,left,509,penalty,68,N,-5,20,MIN,cross-checking,2,8481133,8479410
2025020328,1,326,12:54,7:06,1560,right,509,penalty,25,D,-56,-1,MIN,slashing,2,8481024,8479351
2025020328,1,380,16:55,3:05,1551,right,509,penalty,23,O,-43,40,MIN,slashing,2,8482145,8481024
2025020328,2,432,0:31,19:29,1551,left,509,penalty,25,D,80,22,MIN,tripping,2,8480144,8476902
2025020328,2,482,4:10,15:50,1551,left,509,penalty,25,D,51,39,MIN,slashing,2,8484136,8478420
2025020328,2,497,4:50,15:10,1451,left,509,penalty,25,N,16,38,MIN,interference,2,8480800,8482145
2025020328,3,778,1:29,18:31,1551,right,509,penalty,25,D,-80,10,MIN,tripping,2,8474574,8483425
2025020328,3,865,7:47,12:13,1551,right,509,penalty,23,O,-86,19,MIN,holding,2,8478476,8482055
2025020329,1,155,3:45,16:15,1560,left,509,penalty,9,N,3,8,MIN,holding,2,8481754,8482105
2025020329,1,281,12:47,7:13,1551,left,509,penalty,24,O,65,27,MIN,tripping,2,8480208,8484762
2025020329,2,541,4:02,15:58,1551,right,509,penalty,9,O,68,37,MIN,high-sticking,2,8484762,8476393
2025020329,2,611,8:55,11:05,1551,right,509,penalty,24,D,64,36,MIN,tripping,2,8481596,8484153
2025020329,2,722,17:08,2:52,1551,right,509,penalty,24,O,-38,28,MIN,interference,2,8476393,8482745
2025020330,1,202,3:35,16:25,0651,left,509,penalty,28,O,31,-34,MIN,interference,2,8481532,8471817
2025020330,1,60,10:21,9:39,1551,left,509,penalty,28,O,89,-11,MIN,slashing,2,8479998,8482667
2025020330,1,66,15:08,4:52,1560,left,509,penalty,26,O,-93,-15,MIN,holding,2,8479983,8477960
2025020330,2,80,6:19,13:41,1551,right,509,penalty,28,D,98,-10,MIN,tripping,2,8483808,8477505
2025020330,2,755,12:28,7:32,1551,right,509,penalty,26,N,-5,-40,MIN,boarding,2,8480848,8476469
2025020330,2,852,19:52,0:08,1551,right,509,penalty,26,D,-71,0,MIN,slashing,2,8480798,8470621
2025020330,3,1005,10:26,9:34,1551,left,509,penalty,28,O,88,3,MIN,roughing,2,8481532,8479983
2025020330,3,1009,10:26,9:34,1551,left,509,penalty,26,D,88,3,MIN,roughing,2,8479983,8481532
2025020330,3,1033,12:19,7:41,0541,left,509,penalty,28,O,38,-33,MIN,holding,2,8482124,8477505
2025020331,1,95,3:09,16:51,1551,left,509,penalty,16,O,-71,0,MIN,tripping,2,8479420,8484144
2025020331,1,222,8:09,11:51,1551,left,509,penalty,7,O,71,6,MIN,slashing,2,8483493,8475722
2025020331,1,370,15:40,4:20,1551,left,509,penalty,16,D,95,-1,MIN,high-sticking,2,8478413,8484783
2025020331,2,758,19:05,0:55,1551,right,509,penalty,7,O,-90,-16,MIN,slashing,2,8482172,8482659
2025020332,1,131,5:53,14:07,1551,left,509,penalty,5,O,97,0,MIN,high-sticking-double-minor,4,8478136,8481481
2025020332,1,331,13:44,6:16,1560,left,509,penalty,30,D,63,-29,MIN,tripping,2,8474578,8478508
2025020332,2,633,10:00,10:00,1551,right,509,penalty,30,D,-65,3,MIN,slashing,2,8471215,8474716
2025020332,3,1005,11:36,8:24,1551,left,509,penalty,5,O,80,30,MIN,tripping,2,8482122,8480980
2025020333,1,251,6:50,13:10,1551,right,509,penalty,52,O,-34,-34,MIN,tripping,2,8480336,8480014
2025020333,1,274,8:57,11:03,1551,right,509,penalty,12,O,72,31,MIN,hooking,2,8480113,8482702
2025020333,1,504,19:38,0:22,1551,right,509,penalty,12,D,-67,-1,MIN,roughing,2,8478398,8480336
2025020333,1,508,19:38,0:22,1551,right,509,penalty,52,O,-71,3,MIN,roughing,2,8480336,8478398
2025020333,2,583,5:42,14:18,1551,left,509,penalty,12,O,-70,8,MIN,hooking,2,8475799,8480762
2025020333,2,635,9:19,10:41,1551,left,509,penalty,52,D,-72,41,MIN,cross-checking,2,8475791,8479378
2025020333,3,840,2:29,17:31,1551,right,509,penalty,52,N,-5,41,MIN,slashing,2,8476422,8480113
2025020333,3,1069,19:08,0:52,1560,right,509,penalty,12,D,-80,3,MIN,high-sticking,2,8480014,8480817
2025020334,1,138,6:25,13:35,1551,right,509,penalty,26,N,-21,-14,MIN,interference,2,8477507,8470621
2025020334,1,341,9:29,10:31,1551,right,509,penalty,6,D,-73,21,MIN,holding,2,8476479,8476374
2025020334,1,357,10:19,9:41,1451,right,509,penalty,6,D,-86,4,MIN,high-sticking,2,8476479,8479369
2025020334,2,627,6:52,13:08,1551,left,509,penalty,6,D,43,40,MIN,tripping,2,8471685,8476374
2025020334,2,36,6:52,13:08,1551,left,509,penalty,6,D,51,25,MIS,misconduct,10,,
2025020334,3,839,3:59,16:01,1551,right,509,penalty,6,N,-5,29,MIN,tripping,2,8477942,8482634
2025020334,3,920,9:46,10:14,1551,right,509,penalty,6,D,-62,-37,MIN,tripping,2,8476479,8481219
2025020334,3,950,12:07,7:53,1551,right,509,penalty,26,D,46,-33,MIN,tripping,2,8477956,8477942
2025020335,1,329,12:13,7:47,1551,right,509,penalty,17,D,82,-8,MIN,slashing,2,8477425,8474612
2025020335,1,339,12:35,7:25,1541,right,509,penalty,17,D,77,6,MIN,delaying-game-puck-over-glass,2,,
2025020335,1,24,14:35,5:25,1551,right,509,penalty,29,D,-69,-7,MIN,holding,2,8482078,8480893
2025020335,1,508,18:15,1:45,1551,right,509,penalty,29,O,66,-8,MIN,interference,2,8474141,8476923
2025020335,1,511,18:15,1:45,1551,right,509,penalty,17,D,69,-7,MIN,embellishment,2,,
2025020335,2,553,0:54,19:06,1551,left,509,penalty,17,N,10,41,BEN,delaying-game-unsuccessful-challenge,2,,
2025020335,3,901,8:09,11:51,1551,right,509,penalty,17,O,-70,36,MIN,tripping,2,8476867,8477456
2025020335,3,904,8:09,11:51,1551,right,509,penalty,29,D,-70,40,MIN,roughing,2,8477456,8476867
2025020335,3,950,11:23,8:37,1551,right,509,penalty,29,D,-72,-11,MIN,hooking,2,8481607,8475745
2025020336,1,293,17:30,2:30,0651,left,509,penalty,2,N,5,6,MIN,hooking,2,8483516,8478445
2025020336,1,319,18:57,1:03,1541,left,509,penalty,19,D,79,4,MIN,holding,2,8476419,8475753
2025020336,3,505,17:54,2:06,1560,left,509,penalty,19,D,80,-3,MIN,high-sticking-double-minor,4,8477494,8475753
2025020337,1,245,9:39,10:21,1551,right,509,penalty,8,D,85,5,MIN,roughing,2,8478904,8481593
2025020337,1,20,9:39,10:21,1551,right,509,penalty,8,D,80,6,MIN,roughing,2,8475171,8481593
2025020337,1,251,9:39,10:21,1551,right,509,penalty,10,O,84,3,MIN,roughing,2,8481593,8475171
2025020337,1,387,14:30,5:30,1551,right,509,penalty,10,O,49,20,MIN,tripping,2,8475848,8477939
2025020337,2,536,6:46,13:14,1560,left,509,penalty,10,D,84,-22,MIN,hooking,2,8476875,8475166
2025020337,2,47,9:52,10:08,1560,left,509,penalty,10,D,66,20,MIN,hooking,2,8484984,8476931
2025020337,2,726,18:13,1:47,1551,left,509,penalty,8,N,24,39,BEN,too-many-men-on-the-ice,2,,
2025020337,3,954,11:22,8:38,1551,right,509,penalty,8,O,-90,-1,MIN,roughing,2,8477541,8475848
2025020337,3,958,11:22,8:38,1551,right,509,penalty,10,D,-91,-2,MIN,roughing,2,8475848,8477541
2025020337,3,333,14:26,5:34,1551,right,509,penalty,8,O,-85,2,MIN,slashing,2,8483710,8484403
2025020337,3,329,14:26,5:34,1551,right,509,penalty,10,D,-74,2,MAJ,fighting,5,8484403,8477541
2025020337,3,1003,14:26,5:34,1551,right,509,penalty,8,O,-74,3,MAJ,fighting,5,8477541,8484403
2025020337,3,346,20:00,0:00,1551,right,509,penalty,8,D,92,9,MIS,misconduct,10,,
2025020337,3,343,20:00,0:00,1551,right,509,penalty,8,D,97,15,MIS,misconduct,10,,
2025020337,3,340,20:00,0:00,1551,right,509,penalty,10,O,88,10,MIS,misconduct,10,,
2025020337,3,337,20:00,0:00,1551,right,509,penalty,10,O,97,9,MIS,misconduct,10,,
2025020338,1,180,8:35,11:25,1551,right,509,penalty,22,D,-83,-19,MIN,unsportsmanlike-conduct,2,8478421,8479365
2025020338,1,10,8:35,11:25,1551,right,509,penalty,13,O,-81,-19,MIN,unsportsmanlike-conduct,2,8479365,8478421
2025020338,1,17,8:35,11:25,1551,right,509,penalty,13,O,-77,-22,MIS,misconduct,10,,
2025020338,1,184,8:35,11:25,1551,right,509,penalty,22,D,-79,-23,MIS,misconduct,10,,
2025020338,1,275,11:55,8:05,1551,right,509,penalty,13,D,76,-35,MIN,interference,2,8477406,8482131
2025020338,2,646,8:02,11:58,1551,left,509,penalty,22,O,-76,22,MIN,interference,2,8480003,8485493
2025020338,2,706,12:29,7:31,1551,left,509,penalty,22,D,57,-12,MIN,hooking,2,8477933,8476967
2025020338,2,743,15:19,4:41,1551,left,509,penalty,13,O,51,-40,MIN,slashing,2,8478458,8484304
2025020338,3,1048,11:09,8:51,1551,right,509,penalty,22,D,-74,5,MIN,hooking,2,8473419,8475786
2025020338,3,367,19:23,0:37,1551,right,509,penalty,22,O,42,-10,MIN,roughing,2,8478421,8484529
2025020338,3,1167,19:23,0:37,1551,right,509,penalty,22,O,37,2,MIN,unsportsmanlike-conduct,2,8478859,8477406
2025020338,3,386,19:23,0:37,1551,right,509,penalty,22,O,40,-3,MIN,unsportsmanlike-conduct,2,8478859,8477406
2025020338,3,370,19:23,0:37,1551,right,509,penalty,13,D,44,-11,MIN,unsportsmanlike-conduct,2,8484529,8478421
2025020338,3,373,19:23,0:37,1551,right,509,penalty,13,D,44,-11,MIN,unsportsmanlike-conduct,2,8477406,8478859
2025020339,1,141,6:18,13:42,1551,right,509,penalty,4,D,94,12,MIN,hooking,2,8481032,8481546
2025020339,1,359,14:44,5:16,1560,right,509,penalty,1,D,-29,39,MIN,hooking,2,8476461,8481721
2025020339,1,386,16:38,3:22,1451,right,509,penalty,4,O,-85,-2,MIN,roughing,2,8475455,8478439
2025020339,1,389,16:38,3:22,1451,right,509,penalty,1,D,-84,-2,MIN,roughing,2,8478439,8475455
2025020339,1,27,18:26,1:34,1551,right,509,penalty,4,D,26,23,MIN,roughing,2,8481721,8484387
2025020339,1,473,18:26,1:34,1551,right,509,penalty,1,O,25,27,MIN,roughing,2,8484387,8481721
2025020339,1,477,18:26,1:34,1551,right,509,penalty,4,O,-29,24,MIN,slashing,2,8481721,8484387
2025020339,2,574,1:12,18:48,1551,left,509,penalty,1,D,98,6,MIN,high-sticking,2,8478439,8480002
2025020339,3,996,10:38,9:22,1551,right,509,penalty,1,D,-93,-25,MIN,tripping,2,8477903,8483495
2025020339,3,1102,18:00,2:00,1551,right,509,penalty,1,N,24,40,MIN,interference,2,8484387,8482684
2025020340,1,127,5:49,14:11,1551,left,509,penalty,5,D,-39,23,MIN,interference,2,8482751,8478438
2025020340,1,147,7:38,12:22,1541,left,509,penalty,55,O,-44,37,MIN,holding,2,8475810,8484800
2025020340,1,244,11:41,8:19,1551,left,509,penalty,55,O,-87,26,MIN,interference,2,8476856,8477986
2025020340,1,358,17:22,2:38,1551,left,509,penalty,55,D,71,-9,MIN,tripping,2,8478854,8476467
2025020340,2,440,3:45,16:15,1551,right,509,penalty,5,O,-54,30,MIN,interference,2,8478975,8480980
2025020340,2,444,3:45,16:15,1551,right,509,penalty,55,D,-55,29,MIN,embellishment,2,,
2025020340,2,710,16:49,3:11,1551,right,509,penalty,5,O,-80,-39,MIN,holding,2,8480009,8477511
2025020340,3,854,4:09,15:51,1551,left,509,penalty,55,D,81,3,MIN,hooking,2,8479533,8478407
2025020341,1,94,2:39,17:21,1551,right,509,penalty,14,D,-70,22,MIN,slashing,2,8478463,8482655
2025020341,1,107,3:25,16:35,1451,right,509,penalty,15,O,-74,39,MIN,high-sticking,2,8482929,8483573
2025020341,1,209,7:06,12:54,1551,right,509,penalty,14,N,-15,1,MIN,hooking,2,8482088,8476453
2025020341,2,447,1:12,18:48,1551,left,509,penalty,14,D,44,38,MIN,roughing,2,8476880,8479542
2025020341,2,35,18:25,1:35,1551,left,509,penalty,14,D,44,0,MIN,instigator,2,8476880,8480876
2025020341,2,38,18:25,1:35,1551,left,509,penalty,14,D,51,1,MAJ,fighting,5,8476880,8480876
2025020341,2,40,18:25,1:35,1551,left,509,penalty,15,O,51,1,MAJ,fighting,5,8480876,8476880
2025020341,2,43,18:25,1:35,1551,left,509,penalty,14,D,53,2,MIS,instigator-misconduct,10,,
2025020341,3,805,0:58,19:02,1551,right,509,penalty,15,N,-20,38,MIN,hooking,2,8476826,8480873
2025020341,3,878,6:30,13:30,1551,right,509,penalty,14,D,-61,-33,MIN,tripping,2,8484186,8478519
2025020341,3,890,7:17,12:43,1451,right,509,penalty,14,D,-82,-1,MIN,slashing,2,8476880,8482929
2025020341,3,914,8:25,11:35,1351,right,509,penalty,15,N,13,1,MIN,interference,2,8477404,8479345
2025020342,1,177,7:28,12:32,1551,left,509,penalty,28,O,90,-34,MIN,roughing,2,8482105,8480798
2025020342,1,196,8:18,11:42,1551,left,509,penalty,9,D,57,-8,MIN,tripping,2,8482859,8481606
2025020342,1,383,15:06,4:54,1551,left,509,penalty,9,D,56,41,MIN,charging,2,8479983,8478173
2025020342,1,429,18:41,1:19,1560,left,509,penalty,9,N,4,0,MIN,slashing,2,8480848,8482116
2025020342,2,572,5:41,14:19,1551,right,509,penalty,28,D,34,37,MIN,interference,2,8478173,8480043
2025020342,2,631,10:45,9:15,1551,right,509,penalty,9,O,71,2,MAJ,fighting,5,8471817,8478173
2025020342,2,634,10:45,9:15,1551,right,509,penalty,28,D,69,2,MAJ,fighting,5,8478173,8471817
2025020342,2,805,19:47,0:13,0651,right,509,penalty,28,D,99,9,MIN,tripping,2,8482116,8475906
2025020342,3,828,1:25,18:35,1541,left,509,penalty,9,O,-70,3,MIN,interference,2,8484911,8478020
2025020342,3,853,3:18,16:42,1451,left,509,penalty,28,N,-10,40,BEN,too-many-men-on-the-ice,2,,
2025020342,3,919,7:39,12:21,1551,left,509,penalty,9,D,87,-26,MIN,hooking,2,8478874,8474189
2025020342,3,1016,14:02,5:58,1551,left,509,penalty,28,D,-71,-13,MIN,holding,2,8481528,8482859
2025020343,1,302,14:12,5:48,1551,left,509,penalty,21,N,-14,23,MIN,holding,2,8476887,8480039
2025020343,2,632,7:21,12:39,1551,right,509,penalty,21,D,-74,16,MIN,tripping,2,8482146,8478038
2025020343,2,667,9:54,10:06,1551,right,509,penalty,18,N,-15,-30,MIN,interference,2,8480069,8476887
2025020343,3,858,3:40,16:20,1551,left,509,penalty,21,D,61,-32,MIN,interference,2,8476539,8478038
2025020343,3,462,6:06,13:54,1551,left,509,penalty,18,O,54,-26,MIN,interference,2,8480835,8477446
2025020344,1,100,3:02,16:58,1551,left,509,penalty,68,D,-50,38,MIN,hooking,2,8482109,8480849
2025020344,2,612,4:26,15:34,1551,right,509,penalty,3,D,-51,24,MIN,interference,2,8483431,8481525
2025020344,2,617,4:26,15:34,1551,right,509,penalty,68,O,-51,23,MIN,embellishment,2,,
2025020344,3,999,11:40,8:20,1551,left,509,penalty,68,D,-51,-39,MIN,tripping,2,8477380,8483431
2025020344,3,1105,19:30,0:30,0651,left,509,penalty,3,D,96,5,MIN,slashing,2,8483431,8482109
2025020345,1,89,2:11,17:49,1551,right,509,penalty,20,D,78,39,MIN,slashing,2,8476278,8477346
2025020345,1,179,4:57,15:03,1551,right,509,penalty,25,D,-96,1,MIN,interference,2,8475172,8483425
2025020345,1,329,11:23,8:37,1551,right,509,penalty,25,D,-65,-5,MIN,holding,2,8475172,8476278
2025020345,2,672,5:52,14:08,0651,left,509,penalty,20,N,14,-40,MIN,hooking,2,8475794,8478397
2025020345,2,829,16:47,3:13,1551,left,509,penalty,25,O,-63,37,MIN,slashing,2,8480860,8478420
2025020345,2,44,19:09,0:51,1551,left,509,penalty,25,D,88,-35,MAJ,boarding,5,8482679,8478420
2025020345,2,48,19:09,0:51,1551,left,509,penalty,20,O,85,-37,MIN,instigator,2,8478420,8476456
2025020345,2,558,19:09,0:51,1551,left,509,penalty,25,D,92,-30,MAJ,fighting,5,8476456,8478420
2025020345,2,551,19:09,0:51,1551,left,509,penalty,20,O,94,-30,MAJ,fighting,5,8478420,8476456
2025020345,2,561,19:09,0:51,1551,left,509,penalty,25,N,0,-41,GAM,game-misconduct,10,,
2025020345,2,564,19:09,0:51,1551,left,509,penalty,20,N,1,-41,MIS,instigator-misconduct,10,,
2025020345,3,907,3:52,16:08,1451,right,509,penalty,25,O,98,-1,MIN,holding,2,8478397,8476889
2025020345,3,1095,17:34,2:26,1551,right,509,penalty,20,D,80,-2,MIN,delaying-game-puck-over-glass,2,,
2025020345,3,1110,18:12,1:48,1541,right,509,penalty,20,D,39,38,MIN,tripping,2,8478449,8481556
2025020346,1,317,11:24,8:36,1551,left,509,penalty,24,O,93,-25,MIN,high-sticking,2,8475188,8478424
2025020346,1,390,17:34,2:26,1551,left,509,penalty,24,D,-97,25,MIN,closing-hand-on-puck,2,,
2025020346,2,509,2:03,17:57,0651,right,509,penalty,24,N,5,41,MIN,hooking,2,8481604,8483445
2025020346,2,516,2:24,17:36,1541,right,509,penalty,54,O,56,-31,MIN,high-sticking,2,8481605,8478403
2025020346,2,675,10:42,9:18,0651,right,509,penalty,24,D,54,-24,MIN,hooking,2,8481604,8482803
2025020346,3,810,0:28,19:32,1551,left,509,penalty,54,D,90,-15,MIN,holding,2,8475184,8475188
2025020346,3,866,3:38,16:22,1551,left,509,penalty,54,O,-87,5,MIN,roughing,2,8476458,8476438
2025020346,3,863,3:38,16:22,1551,left,509,penalty,24,D,-88,5,MIN,roughing,2,8476438,8476458
2025020347,1,167,4:22,15:38,1551,left,509,penalty,12,D,94,-24,MIN,delaying-game-puck-over-glass,2,,
2025020347,1,273,7:55,12:05,1551,left,509,penalty,7,N,1,-39,BEN,delaying-game-unsuccessful-challenge,2,,
2025020347,1,327,12:16,7:44,1551,left,509,penalty,12,D,89,-8,MIN,roughing,2,8479359,8478427
2025020347,1,338,12:55,7:05,1451,left,509,penalty,7,O,74,30,MIN,tripping,2,8478970,8480839
2025020347,1,382,16:27,3:33,1551,left,509,penalty,12,D,41,-20,MIN,slashing,2,8479982,8478427
2025020347,1,453,18:08,1:52,1451,left,509,penalty,7,O,46,35,MIN,slashing,2,8482093,8477949
2025020347,2,607,5:26,14:34,1551,right,509,penalty,7,O,-80,37,MIN,tripping,2,8480336,8482623
2025020347,2,757,15:59,4:01,1551,right,509,penalty,12,O,98,14,MIN,boarding,2,8479982,8477478
2025020348,1,260,7:32,12:28,1551,right,509,penalty,30,O,97,-7,MIN,hooking,2,8479378,8478508
2025020348,2,38,10:09,9:51,1551,left,509,penalty,30,D,62,-1,MAJ,fighting,5,8476392,8475220
2025020348,2,689,10:09,9:51,1551,left,509,penalty,52,O,63,-2,MAJ,fighting,5,8475220,8476392
2025020348,2,752,15:01,4:59,0651,left,509,penalty,52,D,-83,0,MIN,interference,2,8481557,8476331
2025020348,2,774,16:29,3:31,1541,left,509,penalty,30,O,-74,-40,MIN,holding,2,8476392,8478864
2025020348,3,830,0:06,19:54,1551,right,509,penalty,30,N,5,-5,MIN,high-sticking,2,8476480,8481557
2025020348,3,932,7:55,12:05,1551,right,509,penalty,52,D,80,-1,MIN,roughing,2,8475692,8479378
2025020348,3,936,7:55,12:05,1551,right,509,penalty,30,O,78,0,MIN,roughing,2,8479378,8475692
2025020348,3,954,9:23,10:37,1441,right,509,penalty,30,D,-36,2,MIN,hooking,2,8476480,8475149
2025020349,1,106,3:58,16:02,1551,left,509,penalty,55,D,81,2,MIN,hooking,2,8478445,8479324
2025020349,2,628,7:56,12:04,1551,right,509,penalty,2,D,54,-13,MIN,tripping,2,8475768,8481601
2025020349,4,1097,4:41,0:19,1331,right,509,penalty,55,D,-81,1,MIN,slashing,2,8485702,8477986
2025020350,1,158,3:36,16:24,1551,right,509,penalty,16,D,96,-1,MIN,interference,2,8479525,8481806
2025020350,1,266,11:28,8:32,1551,right,509,penalty,21,D,-79,5,MIN,tripping,2,8481624,8476312
2025020350,1,405,17:15,2:45,1551,right,509,penalty,21,D,-40,-1,MIN,roughing,2,8483493,8475754
2025020350,2,663,8:45,11:15,1551,left,509,penalty,16,D,-77,-1,MIN,slashing,2,8477476,8477450
2025020350,2,719,12:58,7:02,1551,left,509,penalty,16,D,-30,-27,MIN,tripping,2,8479525,8483506
2025020351,1,146,6:36,13:24,1551,left,509,penalty,6,D,33,-29,MIN,tripping,2,8484801,8478401
2025020351,1,252,10:26,9:34,1551,left,509,penalty,28,D,-66,14,MIN,tripping,2,8477496,8480848
2025020351,1,288,13:00,7:00,1551,left,509,penalty,6,D,67,-39,MIN,tripping,2,8482667,8477507
2025020351,2,686,6:19,13:41,1551,right,509,penalty,28,D,28,-26,MIN,interference,2,8479987,8478874
2025020351,2,755,11:19,8:41,1551,right,509,penalty,6,D,-81,-5,MIN,tripping,2,8480848,8481219
2025020351,2,823,16:42,3:18,1551,right,509,penalty,6,D,-51,-25,MIN,tripping,2,8484911,8481219
2025020351,2,830,16:53,3:07,1451,right,509,penalty,6,D,-68,-27,MIN,roughing,2,8482667,8476854
2025020351,2,859,18:45,1:15,1451,right,509,penalty,28,O,-88,35,MIN,holding,2,8477507,8482667
2025020351,3,946,6:24,13:36,1560,left,509,penalty,6,D,99,2,MIN,holding,2,8484911,8480035
2025020351,3,579,20:00,0:00,1551,left,509,penalty,28,D,-69,-11,MIS,misconduct,10,,
2025020351,3,576,20:00,0:00,1551,left,509,penalty,6,O,-73,-8,MIS,misconduct,10,,
2025020352,1,116,4:19,15:41,1560,right,509,penalty,20,O,83,0,MIN,interference-goalkeeper,2,8480947,8480860
2025020352,1,248,10:18,9:42,1551,right,509,penalty,23,O,-85,0,MIN,roughing,2,8481692,8482055
2025020352,1,377,16:44,3:16,1551,right,509,penalty,20,D,-30,34,MIN,tripping,2,8480800,8483609
2025020352,2,515,3:10,16:50,1551,left,509,penalty,23,D,-67,39,MIN,holding,2,8481167,8474574
2025020352,2,620,10:37,9:23,1551,left,509,penalty,23,N,10,41,MIN,unsportsmanlike-conduct,2,8478397,8475169
2025020352,2,767,16:45,3:15,1551,left,509,penalty,23,D,-51,36,MIN,delaying-game-puck-over-glass,2,,
2025020352,3,908,7:41,12:19,1551,right,509,penalty,20,D,-38,-3,MIN,hooking,2,8480012,8476456
2025020352,3,1101,17:49,2:11,1560,right,509,penalty,20,D,-35,-18,MIN,tripping,2,8480800,8476399
2025020353,1,15,9:21,10:39,1551,left,509,penalty,4,D,40,10,MAJ,fighting,5,8480876,8475235
2025020353,1,12,9:21,10:39,1551,left,509,penalty,14,O,36,2,MAJ,fighting,5,8475235,8480876
2025020353,3,988,7:00,13:00,1551,left,509,penalty,14,O,79,-1,MIN,high-sticking,2,8482142,8480426
2025020353,3,1001,7:35,12:25,1541,left,509,penalty,4,D,67,7,MIN,slashing,2,8479542,8482159
2025020353,3,1118,16:06,3:54,1551,left,509,penalty,4,D,90,-30,MIN,cross-checking,2,8479542,8481178
2025020354,1,82,1:52,18:08,1560,left,509,penalty,17,N,8,-39,MIN,boarding,2,8480002,8477456
2025020354,1,19,4:01,15:59,1551,left,509,penalty,1,D,-35,32,MIN,roughing,2,8477456,8476474
2025020354,1,13,4:01,15:59,1551,left,509,penalty,17,O,-38,36,MAJ,fighting,5,8476474,8477456
2025020354,1,16,4:01,15:59,1551,left,509,penalty,1,D,-38,32,MAJ,fighting,5,8477456,8476474
2025020354,1,345,9:21,10:39,1551,left,509,penalty,1,N,-6,-6,MIN,hooking,2,8477429,8476462
2025020354,2,567,0:20,19:40,1551,right,509,penalty,1,D,84,-4,MIN,high-sticking,2,8484471,8476462
2025020354,3,1233,20:00,0:00,0651,left,509,penalty,1,D,-78,-4,MIN,goalie-leave-crease,2,,
2025020354,3,282,20:00,0:00,0651,left,509,penalty,1,D,-74,-5,MIN,roughing,2,8482078,8478399
2025020354,3,1082,20:00,0:00,0651,left,509,penalty,17,O,-77,-6,MIN,roughing,2,8478399,8482078
2025020354,3,1236,20:00,0:00,0651,left,509,penalty,17,O,-78,-6,MIN,roughing,2,8479407,8479337
2025020354,3,1239,20:00,0:00,0651,left,509,penalty,1,D,-75,-7,MIN,roughing,2,8479337,8479407
2025020354,3,1242,20:00,0:00,0651,left,509,penalty,17,O,-74,-9,MIN,roughing,2,8479407,8477946
2025020354,3,1245,20:00,0:00,0651,left,509,penalty,17,O,-74,-10,MIS,misconduct,10,,
2025020355,2,716,12:29,7:31,1551,left,509,penalty,3,D,-58,25,MIN,high-sticking,2,8482089,8482073
2025020355,3,991,14:09,5:51,1551,right,509,penalty,3,D,79,-33,MIN,high-sticking-double-minor,4,8482089,8482132
2025020355,3,1068,19:57,0:03,0651,right,509,penalty,3,N,6,14,MIN,high-sticking,2,8475170,8476389
2025020356,2,445,1:32,18:28,1551,left,509,penalty,15,N,1,17,MIN,tripping,2,8477497,8482088
2025020356,2,696,19:09,0:51,1551,left,509,penalty,29,O,-95,11,MIN,hooking,2,8479345,8476867
2025020356,3,858,6:30,13:30,1551,right,509,penalty,29,D,-71,36,MIN,holding,2,8484186,8476923
2025020356,3,876,7:47,12:13,1451,right,509,penalty,29,D,-65,8,MIN,hooking,2,8484186,8481161
2025020356,3,952,13:28,6:32,1551,right,509,penalty,15,N,13,-34,MIN,tripping,2,8482660,8479345
2025020357,1,84,2:05,17:55,0651,left,509,penalty,18,N,21,37,MIN,interference,2,8478421,8477446
2025020357,1,262,8:08,11:52,1551,left,509,penalty,18,D,-25,-23,MIN,holding,2,8477409,8474564
2025020357,2,515,2:15,17:45,1551,right,509,penalty,13,N,-3,40,MIN,tripping,2,8484241,8478859
2025020357,3,789,2:06,17:54,1551,left,509,penalty,13,N,16,-38,MIN,tripping,2,8474564,8473507
2025020357,3,925,7:51,12:09,1551,left,509,penalty,18,O,86,1,MIN,roughing,2,8478421,8482146
2025020357,3,930,7:51,12:09,1551,left,509,penalty,13,D,87,-1,MIN,roughing,2,8482146,8478421
2025020357,3,1041,16:24,3:36,1551,left,509,penalty,13,O,-30,3,MIN,tripping,2,8476887,8473507
2025020358,1,99,3:15,16:45,1560,left,509,penalty,54,N,-6,-24,MIN,holding,2,8477951,8476438
2025020358,2,681,11:42,8:18,1551,right,509,penalty,54,D,-70,17,MIN,holding,2,8478507,8475191
2025020358,2,725,14:59,5:01,1551,right,509,penalty,68,D,79,-1,MIN,hooking,2,8476881,8478831
2025020358,3,924,9:45,10:15,1551,left,509,penalty,68,O,96,-3,MIN,holding,2,8480727,8479343
2025020358,3,465,16:44,3:16,1551,left,509,penalty,68,N,-5,3,MIN,holding-the-stick,2,8481133,8478831
2025020359,1,84,2:22,17:38,1551,right,509,penalty,26,O,-64,39,MIN,tripping,2,8483676,8482124
2025020359,2,554,0:45,19:15,0651,left,509,penalty,26,D,-71,11,MIN,holding,2,8478020,8482730
2025020359,2,579,3:08,16:52,1551,left,509,penalty,9,D,78,9,MIN,slashing,2,8482124,8474189
2025020359,2,706,12:28,7:32,1551,left,509,penalty,9,O,-59,21,MIN,interference,2,8477960,8481528
2025020359,2,757,16:28,3:32,1551,left,509,penalty,26,D,-83,-34,MIN,holding,2,8480208,8479998
2025020359,3,955,11:51,8:09,1560,right,509,penalty,9,D,-88,-9,MIN,tripping,2,8483808,8481528
2025020360,1,228,10:12,9:48,1551,left,509,penalty,22,D,-85,4,MIN,high-sticking,2,8479351,8480834
2025020360,1,421,19:23,0:37,1560,left,509,penalty,25,O,-94,-15,MIN,high-sticking,2,8477498,8479414
2025020360,2,594,9:18,10:42,1551,right,509,penalty,25,D,-86,4,MIN,roughing,2,8474641,8483425
2025020360,2,598,9:18,10:42,1551,right,509,penalty,22,O,-87,4,MIN,roughing,2,8483425,8474641
2025020360,2,794,12:26,7:34,0651,right,509,penalty,22,D,98,-12,MIN,holding,2,8484829,8475786
2025020360,2,812,13:48,6:12,1541,right,509,penalty,22,D,78,2,MIN,hooking,2,8482145,8474641
2025020360,3,966,4:38,15:22,1551,left,509,penalty,22,D,-53,-9,MIN,hooking,2,8482145,8484529
2025020360,3,1163,19:39,0:21,1551,left,509,penalty,25,D,73,-1,MIN,cross-checking,2,8484529,8481609
2025020361,1,367,15:09,4:51,1551,right,509,penalty,17,N,16,20,MIN,high-sticking,2,8476887,8484160
2025020361,1,402,17:34,2:26,1551,right,509,penalty,17,D,97,-7,MIN,slashing,2,8474600,8479337
2025020361,1,424,18:52,1:08,1541,right,509,penalty,18,D,-79,-4,MIN,hooking,2,8477456,8474600
2025020361,2,490,4:34,15:26,1560,left,509,penalty,18,D,94,-9,MIN,cross-checking,2,8484471,8474600
2025020361,2,565,9:45,10:15,1551,left,509,penalty,17,D,-93,19,MIN,tripping,2,8482482,8481542
2025020361,2,619,13:35,6:25,1551,left,509,penalty,18,D,54,-8,MIN,holding,2,8474037,8474564
2025020361,2,634,15:03,4:57,1451,left,509,penalty,18,N,21,32,MIN,cross-checking,2,8481542,8483565
2025020361,2,657,17:11,2:49,1551,left,509,penalty,17,D,-60,40,MIN,delaying-game-puck-over-glass,2,,
2025020361,2,317,20:00,0:00,1551,left,509,penalty,17,O,53,40,MIN,roughing,2,8482103,8475279
2025020361,2,314,20:00,0:00,1551,left,509,penalty,18,D,43,40,MIN,roughing,2,8475279,8482103
2025020362,1,269,12:05,7:55,1551,left,509,penalty,14,D,-88,-29,MIN,holding,2,8480860,8482929
2025020362,1,376,16:44,3:16,1551,left,509,penalty,14,D,-67,41,MIN,hooking,2,8480797,8482655
2025020362,1,454,18:56,1:04,1551,left,509,penalty,14,D,-52,41,MIN,delaying-game-puck-over-glass,2,,
2025020362,2,477,0:30,19:30,1541,right,509,penalty,20,D,-57,1,MIN,interference,2,8479542,8478397
2025020362,2,491,1:19,18:41,1451,right,509,penalty,14,O,-57,38,MIN,high-sticking-double-minor,4,8480797,8476453
2025020362,2,629,9:02,10:58,1551,right,509,penalty,20,D,-69,2,MIN,hooking,2,8476453,8481167
2025020362,2,747,14:25,5:35,1551,right,509,penalty,20,O,41,-2,MIN,slashing,2,8480995,8476399
2025020362,2,814,19:25,0:35,1551,right,509,penalty,20,D,-57,7,MIN,tripping,2,8478519,8476456
2025020363,1,215,7:43,12:17,1551,right,509,penalty,4,O,48,42,MIN,high-sticking,2,8480003,8480220
2025020363,1,476,15:25,4:35,1551,right,509,penalty,13,D,79,-39,MIN,high-sticking,2,8477989,8482113
2025020363,2,853,8:12,11:48,1551,left,509,penalty,4,D,76,3,MIN,high-sticking,2,8483433,8482126
2025020363,3,1243,12:40,7:20,1551,right,509,penalty,4,O,32,4,MIN,hooking,2,8482113,8481553
2025020364,1,274,11:43,8:17,1551,left,509,penalty,19,N,8,40,MIN,interference,2,8478414,8477573
2025020364,1,19,12:48,7:12,1451,left,509,penalty,1,N,-8,-39,MIN,interference,2,8478472,8476462
2025020364,2,620,7:03,12:57,1551,right,509,penalty,19,N,1,37,MIN,tripping,2,8479996,8475753
2025020364,2,655,10:20,9:40,1551,right,509,penalty,1,D,65,-19,MIN,hooking,2,8484164,8477996
2025020364,3,803,2:00,18:00,0651,left,509,penalty,1,D,-57,40,MIN,high-sticking-double-minor,4,8482733,8476292
2025020365,1,409,13:34,6:26,1551,left,509,penalty,6,O,-91,28,MIN,tripping,2,8485366,8477956
2025020365,1,474,18:01,1:59,1551,left,509,penalty,2,O,57,-38,MIN,tripping,2,8479987,8482476
2025020365,2,511,1:33,18:27,1551,right,509,penalty,6,D,-79,1,MIN,interference,2,8475314,8480035
2025020365,2,734,12:00,8:00,1551,right,509,penalty,6,D,-35,-36,MIN,tripping,2,8485366,8480355
2025020365,3,956,9:18,10:42,1551,left,509,penalty,6,N,20,-17,MIN,tripping,2,8477500,8479987
2025020366,1,176,8:57,11:03,1551,left,509,penalty,7,D,96,-18,MIN,tripping,2,8471675,8479982
2025020367,1,493,19:50,0:10,1551,right,509,penalty,15,D,96,23,MIN,roughing,2,8476480,8478440
2025020367,1,488,19:50,0:10,1551,right,509,penalty,52,O,96,16,MIN,roughing,2,8478440,8476480
2025020367,1,484,19:50,0:10,1551,right,509,penalty,15,D,93,18,MIN,roughing,2,8476480,8478440
2025020367,2,44,20:00,0:00,1551,left,509,penalty,52,O,-97,-8,MIN,high-sticking,2,8480873,8480289
2025020367,3,895,7:35,12:25,1551,right,509,penalty,15,O,-90,31,MIN,cross-checking,2,8476480,8479520
2025020367,3,946,12:03,7:57,1551,right,509,penalty,52,D,-75,37,MIN,tripping,2,8478463,8473604
2025020368,1,178,8:16,11:44,1560,right,509,penalty,3,O,38,31,MIN,tripping,2,8478427,8478550
2025020368,1,467,17:49,2:11,1551,right,509,penalty,12,D,45,-25,MIN,tripping,2,8476459,8478427
2025020368,2,583,4:57,15:03,1551,left,509,penalty,3,O,-83,-1,MIN,slashing,2,8475883,8483690
2025020368,2,705,6:20,13:40,1551,left,509,penalty,3,D,84,32,MIN,tripping,2,8482785,8476459
2025020368,2,781,11:16,8:44,1551,left,509,penalty,3,O,-96,26,MIN,boarding,2,8480336,8482132
2025020368,3,1228,18:53,1:07,1560,right,509,penalty,3,O,41,-40,MIN,roughing,2,8475791,8476468
2025020369,1,143,7:10,12:50,1551,left,509,penalty,10,D,83,3,MIN,cross-checking,2,8475745,8475171
2025020369,1,14,7:10,12:50,1551,left,509,penalty,10,D,88,0,MIN,roughing,2,8477425,8475171
2025020369,1,147,7:10,12:50,1551,left,509,penalty,29,O,88,0,MIN,roughing,2,8475171,8477425
2025020369,1,300,13:55,6:05,1551,left,509,penalty,10,D,85,0,MIN,roughing,2,8479944,8477541
2025020369,1,411,18:39,1:21,1551,left,509,penalty,10,D,40,-27,MIN,hooking,2,8476923,8478462
2025020369,2,760,16:26,3:34,0651,right,509,penalty,29,D,64,-14,MIN,hooking,2,8479318,8477425
2025020369,3,930,9:29,10:31,1551,left,509,penalty,29,O,52,-38,MIN,slashing,2,8481122,8482475
2025020370,1,118,4:44,15:16,1551,right,509,penalty,16,D,75,-2,MIN,slashing,2,8481557,8484783
2025020370,1,138,6:10,13:50,1541,right,509,penalty,30,O,87,-33,MIN,tripping,2,8482176,8481557
2025020370,1,315,8:25,11:35,1551,right,509,penalty,30,D,-95,11,MIN,tripping,2,8477987,8476463
2025020370,1,327,9:13,10:47,1451,right,509,penalty,16,O,-82,36,MIN,hooking,2,8481477,8484144
2025020370,2,512,2:49,17:11,1551,left,509,penalty,30,D,81,4,MIN,high-sticking,2,8482172,8478508
2025020370,2,683,8:24,11:36,1551,left,509,penalty,16,O,35,19,MAJ,fighting,5,8478136,8482703
2025020370,2,680,8:24,11:36,1551,left,509,penalty,30,D,32,13,MAJ,fighting,5,8482703,8478136
2025020370,2,747,13:00,7:00,0651,left,509,penalty,16,N,-16,-38,MIN,holding,2,8478864,8481624
2025020370,2,840,19:56,0:04,1551,left,509,penalty,16,D,-68,-40,MIN,delaying-game-puck-over-glass,2,,
2025020370,3,1017,12:41,7:19,1551,right,509,penalty,16,D,62,-39,MAJ,fighting,5,8478508,8476473
2025020370,3,1013,12:41,7:19,1551,right,509,penalty,30,O,61,-39,MAJ,fighting,5,8476473,8478508
2025020370,3,1081,16:46,3:14,1551,right,509,penalty,30,D,-73,0,MIN,tripping,2,8484197,8478136
2025020370,4,1132,0:53,4:07,0431,left,509,penalty,16,N,-14,25,MIN,interference,2,8478493,8481624
2025020371,1,269,12:30,7:30,1551,right,509,penalty,28,D,-58,39,MIN,high-sticking,2,8484258,8478874
2025020371,1,404,17:45,2:15,1551,right,509,penalty,28,O,69,12,MIN,interference,2,8478109,8482667
2025020371,2,627,6:18,13:42,1551,left,509,penalty,21,D,-61,-2,MIN,holding,2,8482667,8478038
2025020371,2,657,9:05,10:55,1551,left,509,penalty,28,D,66,36,MIN,holding,2,8477492,8480848
2025020371,2,715,13:20,6:40,1551,left,509,penalty,21,D,-70,-2,MIN,hooking,2,8480848,8476455
2025020371,2,749,16:04,3:56,0651,left,509,penalty,21,D,-84,37,MIN,tripping,2,8476624,8481641
2025020371,3,904,7:18,12:42,1551,right,509,penalty,21,O,-36,-28,MIN,tripping,2,8482667,8475754
2025020371,3,946,10:35,9:25,1551,right,509,penalty,28,D,-84,3,MIN,interference,2,8477492,8479576
2025020372,1,148,8:02,11:58,1551,left,509,penalty,68,O,63,34,MIN,tripping,2,8483457,8480855
2025020372,1,269,9:09,10:51,1541,left,509,penalty,68,D,-58,-15,MIN,hooking,2,8484984,8478507
2025020372,1,378,17:20,2:40,1551,left,509,penalty,8,D,45,25,MIN,tripping,2,8479343,8476875
2025020372,2,633,9:07,10:53,1551,right,509,penalty,8,N,-7,-39,MIN,delaying-game-puck-over-glass,2,,
2025020372,2,701,13:52,6:08,1551,right,509,penalty,8,D,-81,-4,MIN,roughing,2,8479293,8483728
2025020372,2,707,13:52,6:08,1551,right,509,penalty,68,O,-80,-1,MIN,roughing,2,8483728,8479293
2025020372,2,38,13:52,6:08,1551,right,509,penalty,8,D,-82,-2,MIN,unsportsmanlike-conduct,2,8479293,8483728
2025020372,3,805,1:53,18:07,1551,left,509,penalty,68,D,-41,-25,MIN,holding,2,8483515,8479977
2025020372,3,888,7:57,12:03,1560,left,509,penalty,8,D,81,-2,MIN,high-sticking,2,8480849,8482775
2025020373,1,78,1:58,18:02,1560,right,509,penalty,9,D,-60,-38,MIN,tripping,2,8478403,8473512
2025020373,1,283,12:11,7:49,1551,right,509,penalty,54,D,90,33,MIN,delaying-game-puck-over-glass,2,,
2025020373,1,509,19:47,0:13,1551,right,509,penalty,54,N,-12,-4,MIN,high-sticking,2,8474189,8476438
2025020373,2,775,10:29,9:31,1551,left,509,penalty,9,D,50,-40,MIN,delaying-game-puck-over-glass,2,,
2025020373,2,872,17:26,2:34,0651,left,509,penalty,54,D,-65,-3,MIN,high-sticking,2,8474102,8478483
2025020373,3,988,5:12,14:48,1551,right,509,penalty,9,D,-51,25,MIN,high-sticking,2,8478403,8481528
2025020374,1,75,1:46,18:14,1551,left,509,penalty,24,O,96,-11,MIN,holding,2,8483678,8478873
2025020374,1,198,10:18,9:42,1551,left,509,penalty,24,D,-36,-37,MIN,holding,2,8480800,8473986
2025020374,1,244,13:14,6:46,1551,left,509,penalty,23,D,77,-23,MIN,interference,2,8484762,8480144
2025020374,1,380,19:34,0:26,1560,left,509,penalty,23,D,83,-7,MIN,cross-checking,2,8478424,8475169
2025020374,2,726,14:13,5:47,1551,right,509,penalty,23,O,95,14,MIN,tripping,2,8475852,8481024
2025020374,2,799,19:28,0:32,1551,right,509,penalty,23,N,-9,-30,MIN,tripping,2,8473986,8482691
2025020374,3,833,2:25,17:35,0651,left,509,penalty,24,D,-89,-19,MIN,hooking,2,8480800,8481754
2025020374,3,852,3:31,16:29,1541,left,509,penalty,23,O,-89,4,MIN,interference-goalkeeper,2,8475852,8480012
2025020374,3,959,7:21,12:39,1551,left,509,penalty,23,D,72,6,MIN,cross-checking,2,8482745,8484136
2025020374,3,963,7:21,12:39,1551,left,509,penalty,24,O,88,6,MIN,embellishment,2,,
2025020374,3,1027,12:27,7:33,1551,left,509,penalty,23,O,-95,-8,MIN,high-sticking,2,8484762,8482055
2025020375,1,65,0:49,19:11,1551,left,509,penalty,25,D,66,0,MIN,high-sticking-double-minor,4,8477955,8475755
2025020375,1,466,18:55,1:05,0651,left,509,penalty,55,O,58,-36,MIN,tripping,2,8478449,8478407
2025020375,2,629,8:50,11:10,1551,right,509,penalty,25,D,-61,0,MIN,holding-the-stick,2,8474586,8473994
2025020375,2,729,16:33,3:27,1551,right,509,penalty,25,D,-75,0,MIN,holding,2,8478407,8478449
2025020375,2,733,16:33,3:27,1551,right,509,penalty,55,O,-74,1,MIN,holding,2,8478449,8478407
2025020375,3,814,2:17,17:43,1551,left,509,penalty,25,N,11,41,BEN,too-many-men-on-the-ice,2,,
2025020375,3,1006,16:25,3:35,1551,left,509,penalty,25,D,99,1,MIN,tripping,2,8482665,8475755
2025020376,1,441,19:19,0:41,1551,left,509,penalty,3,D,62,20,MIN,tripping,2,8476854,8482157
2025020376,2,667,12:21,7:39,1551,right,509,penalty,6,D,74,-12,MIN,high-sticking,2,8476389,8482177
2025020376,2,697,14:15,5:45,1541,right,509,penalty,6,D,98,0,MIN,high-sticking-double-minor,4,8477380,8476854
2025020376,3,1158,18:51,1:09,1551,left,509,penalty,3,D,69,-35,MIN,delaying-game-puck-over-glass,2,,
2025020377,1,379,16:31,3:29,1551,right,509,penalty,17,D,80,37,MIN,slashing,2,8477404,8479337
2025020377,3,912,9:13,10:47,1551,right,509,penalty,14,O,98,-2,MIN,tripping,2,8481607,8479542
2025020377,3,942,11:32,8:28,1551,right,509,penalty,17,O,-82,-3,MIN,roughing,2,8480995,8474037
2025020377,3,946,11:32,8:28,1551,right,509,penalty,14,D,-81,-1,MIN,roughing,2,8474037,8476826
2025020378,1,81,1:47,18:13,1551,right,509,penalty,21,D,-75,2,MIN,roughing,2,8478864,8484258
2025020378,1,127,5:34,14:26,0651,right,509,penalty,30,D,81,3,MIN,hooking,2,8475754,8484798
2025020379,1,98,2:24,17:36,1551,left,509,penalty,1,O,-67,-12,MAJ,fighting,5,8479420,8476474
2025020379,1,95,2:24,17:36,1551,left,509,penalty,7,D,-67,-12,MAJ,fighting,5,8476474,8479420
2025020379,2,666,8:01,11:59,1551,right,509,penalty,1,D,-79,3,MIN,hooking,2,8483500,8479996
2025020379,2,737,13:39,6:21,1551,right,509,penalty,7,O,-67,-3,MIN,holding,2,8479407,8482097
2025020379,2,751,15:13,4:47,1541,right,509,penalty,1,O,84,-1,MIN,interference-goalkeeper,2,8479312,8481721
2025020380,1,476,14:35,5:25,1551,right,509,penalty,20,D,-90,3,MIN,cross-checking,2,8480003,8477346
2025020380,1,548,19:17,0:43,1551,right,509,penalty,13,D,53,14,MIN,tripping,2,8479066,8477932
2025020380,1,545,19:17,0:43,1551,right,509,penalty,13,O,-92,19,MIN,holding,2,8481556,8478421
2025020380,2,787,13:47,6:13,1551,left,509,penalty,20,D,98,-8,MIN,roughing,2,8479316,8478397
2025020381,1,158,4:15,15:45,1551,left,509,penalty,4,N,-22,30,MIN,high-sticking,2,8485366,8482159
2025020381,1,337,17:10,2:50,1551,left,509,penalty,4,O,-50,0,MIN,tripping,2,8481601,8479022
2025020381,1,432,19:56,0:04,1551,left,509,penalty,2,D,-31,38,MIN,elbowing,2,8482126,8481237
2025020381,2,693,15:53,4:07,1551,right,509,penalty,2,D,32,-13,MIN,tripping,2,8477948,8477500
2025020381,2,720,17:25,2:35,1541,right,509,penalty,4,O,88,9,MIN,holding,2,8481601,8478439
2025020381,3,924,13:20,6:40,1551,left,509,penalty,4,D,98,-15,MIN,high-sticking-double-minor,4,8484221,8484387
2025020382,1,121,4:12,15:48,1551,left,509,penalty,19,D,-75,40,MIN,hooking,2,8482116,8475764
2025020382,1,124,4:12,15:48,1551,left,509,penalty,9,O,-75,40,MIN,embellishment,2,,
2025020382,1,156,6:36,13:24,1560,left,509,penalty,9,N,-9,-19,MIN,hooking,2,8482077,8480208
2025020382,2,508,0:31,19:29,1551,right,509,penalty,19,D,77,-13,MIN,cross-checking,2,8480188,8478472
2025020382,2,512,0:31,19:29,1551,right,509,penalty,19,D,66,-1,MIN,roughing,2,8481528,8482733
2025020382,2,516,0:31,19:29,1551,right,509,penalty,9,O,71,-9,MIN,roughing,2,8482733,8481528
2025020382,2,707,10:30,9:30,1551,right,509,penalty,9,D,-69,-40,MIN,interference,2,8484164,8478173
2025020382,2,764,15:37,4:23,1551,right,509,penalty,9,D,-81,37,MIN,holding,2,8479385,8482116
2025020383,1,166,8:45,11:15,1551,right,509,penalty,8,D,-52,8,MIN,slashing,2,8477447,8476875
2025020383,2,735,12:41,7:19,1551,left,509,penalty,8,D,81,-9,MIN,roughing,2,8478434,8482964
2025020383,2,739,12:41,7:19,1551,left,509,penalty,54,O,80,-9,MIN,roughing,2,8482964,8478434
2025020383,2,821,19:12,0:48,1551,left,509,penalty,54,D,-86,-5,MIN,delaying-game-puck-over-glass,2,,
2025020384,1,453,18:50,1:10,0651,left,509,penalty,24,D,-88,-18,MIN,holding,2,8477942,8475462
2025020384,2,586,8:50,11:10,1551,right,509,penalty,26,D,-62,-6,MIN,tripping,2,8481563,8481532
2025020384,2,649,12:55,7:05,1551,right,509,penalty,26,D,-84,1,MIN,unsportsmanlike-conduct,2,8478366,8482730
2025020385,1,221,8:00,12:00,1551,left,509,penalty,23,D,60,-40,MIN,interference,2,8482667,8480800
2025020385,1,372,15:33,4:27,1551,left,509,penalty,23,N,-8,39,MIN,roughing,2,8482667,8478856
2025020385,1,368,15:33,4:27,1551,left,509,penalty,28,N,-6,40,MIN,interference,2,8478856,8482667
2025020385,1,473,19:53,0:07,1560,left,509,penalty,23,N,-17,-34,MIN,high-sticking,2,8475906,8483395
2025020385,2,596,8:40,11:20,1551,right,509,penalty,28,D,51,-21,MIN,high-sticking,2,8478856,8480043
2025020385,2,641,12:28,7:32,1551,right,509,penalty,23,N,17,-26,MIN,abuse-of-officials,2,,
2025020385,2,653,13:11,6:49,1451,right,509,penalty,23,D,-80,0,MIN,tripping,2,8484801,8477969
2025020385,2,685,15:42,4:18,1551,right,509,penalty,28,D,96,-23,MIN,cross-checking,2,8475169,8480043
2025020385,2,717,19:11,0:49,0651,right,509,penalty,28,O,-93,-11,MIN,holding-the-stick,2,8484240,8482667
2025020385,3,745,1:28,18:32,1551,left,509,penalty,28,D,-98,-4,MIN,interference,2,8478856,8482861
2025020385,3,854,6:18,13:42,1551,left,509,penalty,23,O,-97,-5,MIN,holding,2,8475906,8480012
2025020385,3,866,7:32,12:28,1451,left,509,penalty,28,O,58,26,MIN,interference,2,8478856,8484227
2025020385,3,975,15:37,4:23,1551,left,509,penalty,28,D,-73,32,MIN,tripping,2,8482055,8475200
2025020385,3,1003,17:17,2:43,1541,left,509,penalty,23,D,97,-13,MIN,slashing,2,8476624,8475169
2025020385,3,1017,18:36,1:24,1451,left,509,penalty,28,O,81,33,MIN,cross-checking,2,8479425,8484801
2025020385,3,108,18:36,1:24,1451,left,509,penalty,28,O,93,27,MIN,abuse-of-officials,2,,
2025020385,3,1043,19:58,0:02,0641,left,509,penalty,28,D,-88,28,MIN,cross-checking,2,8480748,8476624
2025020385,3,1046,19:58,0:02,0641,left,509,penalty,28,D,-93,25,MIN,roughing,2,8480012,8480848
2025020385,3,1049,19:58,0:02,0641,left,509,penalty,23,O,-91,26,MIN,roughing,2,8476624,8480012
2025020386,2,469,0:41,19:19,1551,left,509,penalty,10,D,92,-30,MIN,slashing,2,8478440,8476853
2025020386,2,620,4:31,15:29,1551,left,509,penalty,10,D,71,-5,MIN,hooking,2,8484186,8479318
2025020387,1,202,4:36,15:24,1551,right,509,penalty,52,D,-63,-14,MIN,tripping,2,8480830,8476331
2025020387,1,204,8:08,11:52,1551,right,509,penalty,52,D,-41,-18,MIN,tripping,2,8480336,8476525
2025020387,2,534,0:49,19:11,1551,left,509,penalty,12,O,29,-19,MIN,interference,2,8480014,8480830
2025020387,2,736,12:53,7:07,1551,left,509,penalty,12,O,54,42,MIN,hooking,2,8476525,8482809
2025020387,2,769,15:33,4:27,1551,left,509,penalty,52,D,94,-6,MIN,delaying-game-illegal-play-by-goalie,2,,
2025020387,2,208,18:53,1:07,1551,left,509,penalty,52,D,53,27,MIN,roughing,2,8476921,8480014
2025020387,2,357,18:53,1:07,1551,left,509,penalty,12,O,28,4,MIN,roughing,2,8479378,8477478
2025020387,2,360,18:53,1:07,1551,left,509,penalty,52,N,21,2,MIN,roughing,2,8477478,8479378
2025020387,2,162,18:53,1:07,1551,left,509,penalty,12,N,16,1,MIN,holding,2,8480014,8476921
2025020387,3,950,4:58,15:02,1551,right,509,penalty,52,D,-58,7,MIN,hooking,2,8482093,8476331
2025020388,1,91,2:25,17:35,1551,left,509,penalty,29,O,95,-27,MIN,high-sticking,2,8478450,8479944
2025020388,1,400,18:23,1:37,1560,left,509,penalty,5,D,67,-41,MIN,holding,2,8475745,8475763
2025020388,2,30,2:46,17:14,0651,right,509,penalty,29,D,72,2,MIN,tripping,2,8475763,8482660
2025020388,2,609,7:12,12:48,1551,right,509,penalty,5,N,2,-40,MIN,tripping,2,8478460,8471215
2025020389,1,324,12:55,7:05,1560,right,509,penalty,18,D,-36,-37,MIN,holding-the-stick,2,8483450,8480246
2025020389,1,345,15:07,4:53,1551,right,509,penalty,18,D,-99,10,MIN,high-sticking-double-minor,4,8477987,8476869
2025020389,2,609,8:44,11:16,0651,left,509,penalty,16,D,-82,0,MIN,interference,2,8484241,8484783
2025020389,2,671,13:25,6:35,1551,left,509,penalty,18,O,-42,32,MIN,kneeing,2,8484197,8482103
2025020389,2,676,13:25,6:35,1551,left,509,penalty,18,O,-37,40,MIN,roughing,2,8482703,8477446
2025020389,2,680,13:25,6:35,1551,left,509,penalty,16,D,-38,40,MIN,roughing,2,8477446,8482703
2025020389,3,1015,16:31,3:29,1551,right,509,penalty,16,O,-26,36,MIN,interference,2,8476887,8483506
2025020390,1,144,5:50,14:10,1551,right,509,penalty,68,D,-77,-13,MIN,tripping,2,8480036,8479977
2025020390,1,154,6:32,13:28,1451,right,509,penalty,25,O,-86,35,MIN,slashing,2,8479410,8478449
2025020390,1,16,17:19,2:41,1551,right,509,penalty,68,D,-89,-6,MIN,high-sticking-double-minor,4,8473994,8480434
2025020390,2,616,10:48,9:12,1551,left,509,penalty,25,O,64,-16,MIN,hooking,2,8477220,8479351
2025020390,2,710,18:05,1:55,1551,left,509,penalty,68,D,65,-33,MIN,tripping,2,8476278,8478831
2025020390,2,706,18:05,1:55,1551,left,509,penalty,68,D,95,-21,MIN,tripping,2,8479351,8474013
2025020391,1,308,15:48,4:12,1560,right,509,penalty,14,D,-91,-23,MIN,slashing,2,8478550,8480426
2025020391,2,418,4:16,15:44,1551,left,509,penalty,3,D,-98,2,MIN,holding,2,8483752,8481525
2025020391,2,746,19:41,0:19,1551,left,509,penalty,3,D,-93,-1,MIN,interference,2,8479542,8478048
2025020391,3,884,11:56,8:04,1560,right,509,penalty,14,D,-70,40,MIN,holding-the-stick,2,8479390,8482201
2025020392,1,113,3:50,16:10,1551,right,509,penalty,21,O,-52,38,MIN,high-sticking,2,8482737,8475754
2025020392,1,402,13:25,6:35,1551,right,509,penalty,8,N,0,-38,BEN,delaying-game-unsuccessful-challenge,2,,
2025020392,2,789,18:04,1:56,1551,left,509,penalty,8,D,28,22,MIN,roughing,2,8480039,8482775
2025020392,2,793,18:04,1:56,1551,left,509,penalty,21,O,28,23,MIN,holding-the-stick,2,8482775,8480039
2025020392,3,886,4:18,15:42,1551,right,509,penalty,21,O,-74,-39,MIN,slashing,2,8482737,8478038
2025020392,3,914,5:45,14:15,1560,right,509,penalty,8,D,-69,22,MIN,high-sticking,2,8477492,8478133
2025020392,3,971,9:22,10:38,1551,right,509,penalty,8,D,-99,10,MIN,cross-checking,2,8480039,8476981
2025020392,3,1044,15:07,4:53,1551,right,509,penalty,8,D,-69,-3,MIN,slashing,2,8480039,8476981
2025020393,1,225,7:59,12:01,1551,left,509,penalty,22,D,96,-10,MIN,holding,2,8477955,8476967
2025020393,1,264,10:13,9:47,1551,left,509,penalty,55,O,88,0,MIN,interference-goalkeeper,2,8479973,8478975
2025020393,1,405,16:54,3:06,1551,left,509,penalty,22,D,36,-32,MIN,high-sticking,2,8477955,8476967
2025020393,1,416,17:09,2:51,1451,left,509,penalty,22,N,23,41,BEN,too-many-men-on-the-ice,2,,
2025020393,1,451,19:39,0:21,1551,left,509,penalty,22,O,-69,-12,MIN,tripping,2,8482858,8478402
2025020393,2,549,7:13,12:47,1551,right,509,penalty,22,D,-67,-40,MIN,elbowing,2,8478975,8477934
2025020393,2,776,18:25,1:35,0651,right,509,penalty,55,D,79,0,MIN,cross-checking,2,8483512,8476457
2025020393,3,961,12:24,7:36,1551,left,509,penalty,22,O,-78,39,MIN,roughing,2,8477919,8484529
2025020393,3,313,12:24,7:36,1551,left,509,penalty,22,O,-71,39,MAJ,fighting,5,8477919,8484529
2025020393,3,310,12:24,7:36,1551,left,509,penalty,55,D,-74,40,MAJ,fighting,5,8484529,8477919
2025020393,3,318,15:13,4:47,1551,left,509,penalty,55,D,-58,29,MAJ,fighting,5,8480831,8481789
2025020393,3,322,15:13,4:47,1551,left,509,penalty,22,O,-62,31,MAJ,fighting,5,8481789,8480831
2025020393,3,327,17:01,2:59,1551,left,509,penalty,22,D,35,-40,MIS,misconduct,10,,
2025020393,3,331,17:01,2:59,1551,left,509,penalty,55,O,33,-39,MIS,misconduct,10,,
2025020394,1,160,4:20,15:40,1551,left,509,penalty,6,D,-70,-39,MIN,tripping,2,8484471,8481219
2025020394,1,296,11:03,8:57,1551,left,509,penalty,6,D,-86,-8,MIN,holding,2,8479337,8477507
2025020394,1,24,19:35,0:25,1551,left,509,penalty,6,O,91,-21,MAJ,fighting,5,8481542,8480355
2025020394,1,21,19:35,0:25,1551,left,509,penalty,17,D,91,-15,MAJ,fighting,5,8480355,8481542
2025020394,1,30,20:00,0:00,1551,left,509,penalty,17,D,85,-7,MIN,hooking,2,8479705,8475279
2025020394,2,614,7:16,12:44,0651,right,509,penalty,6,N,7,4,MIN,interference,2,8484471,8476854
2025020394,3,880,7:24,12:36,1551,left,509,penalty,6,N,8,39,MIN,roughing,2,8475279,8480355
2025020394,3,883,7:24,12:36,1551,left,509,penalty,17,N,12,38,MIN,roughing,2,8480355,8475279
2025020394,3,961,13:12,6:48,1551,left,509,penalty,17,O,-63,-23,MIN,high-sticking,2,8482634,8475279
2025020394,3,978,14:04,5:56,1551,left,509,penalty,6,D,-27,-40,MIN,tripping,2,8481725,8479369
2025020394,4,1129,1:24,3:36,1331,right,509,penalty,6,D,48,24,MIN,hooking,2,8479337,8477496
2025020395,1,71,0:48,19:12,1551,left,509,penalty,1,N,24,-41,MIN,high-sticking,2,8482159,8483495
2025020395,1,515,18:45,1:15,1551,left,509,penalty,4,O,-92,-15,MIN,cross-checking,2,8482684,8484387
2025020395,2,48,16:04,3:56,1551,right,509,penalty,1,D,94,-12,MIN,unsportsmanlike-conduct,2,8476461,8475455
2025020395,2,740,16:04,3:56,1551,right,509,penalty,1,D,93,-14,MIN,cross-checking,2,8476461,8475455
2025020395,2,743,16:04,3:56,1551,right,509,penalty,4,O,93,-13,MIN,cross-checking,2,8475455,8476461
2025020395,2,766,17:38,2:22,1541,right,509,penalty,4,N,20,41,BEN,too-many-men-on-the-ice,2,,
2025020395,3,900,6:57,13:03,1551,left,509,penalty,4,D,32,39,MIN,delaying-game-puck-over-glass,2,,
2025020395,3,991,13:16,6:44,1551,left,509,penalty,4,D,97,4,MIN,slashing,2,8478414,8481546
2025020396,1,225,8:06,11:54,1551,left,509,penalty,10,D,84,-24,MIN,holding,2,8471215,8477541
2025020396,1,478,15:26,4:34,1560,left,509,penalty,10,D,57,6,MIN,hooking,2,8478046,8477503
2025020396,1,514,18:12,1:48,0651,left,509,penalty,5,O,49,18,MIN,hooking,2,8475171,8480980
2025020396,2,697,12:05,7:55,1551,right,509,penalty,5,D,88,-8,MIN,roughing,2,8482720,8478450
2025020396,2,833,18:57,1:03,1551,right,509,penalty,5,D,85,-6,MIN,holding,2,8478057,8475810
2025020396,3,1106,14:18,5:42,1551,left,509,penalty,10,D,89,-34,MIN,roughing,2,8471215,8476872
2025020396,3,1110,14:18,5:42,1551,left,509,penalty,5,O,89,-33,MIN,roughing,2,8476931,8477511
2025020396,3,1113,14:18,5:42,1551,left,509,penalty,5,O,89,-35,MIN,roughing,2,8476872,8471215
2025020396,3,1116,14:18,5:42,1551,left,509,penalty,10,D,88,-34,MIN,roughing,2,8477511,8476931
2025020396,3,1144,16:29,3:31,1551,left,509,penalty,10,D,44,40,MIN,tripping,2,8485414,8475166
2025020397,1,187,5:31,14:29,1551,left,509,penalty,18,D,-86,-2,MIN,holding,2,8480289,8482768
2025020397,1,310,10:40,9:20,1551,left,509,penalty,52,D,80,-2,MIN,roughing,2,8482103,8476525
2025020397,1,317,10:40,9:20,1551,left,509,penalty,18,O,80,-1,MIN,roughing,2,8476525,8482103
2025020397,1,320,10:40,9:20,1551,left,509,penalty,52,D,79,16,MAJ,fighting,5,8477446,8479378
2025020397,1,314,10:40,9:20,1551,left,509,penalty,18,O,78,17,MAJ,fighting,5,8479378,8477446
2025020397,1,351,12:10,7:50,1551,left,509,penalty,52,O,-66,37,MIN,slashing,2,8481056,8480014
2025020397,2,639,4:51,15:09,1551,right,509,penalty,52,D,-71,20,MIN,slashing,2,8482146,8480049
2025020397,2,652,5:45,14:15,0551,right,509,penalty,18,O,-73,39,MIN,tripping,2,8480289,8475158
2025020397,2,795,16:32,3:28,1551,right,509,penalty,52,D,-86,-2,MIN,hooking,2,8476887,8479378
2025020397,3,913,4:16,15:44,1551,left,509,penalty,18,O,85,1,MIN,interference-goalkeeper,2,8477480,8479370
2025020397,3,998,10:44,9:16,1551,left,509,penalty,52,O,-90,-33,MIN,interference,2,8483565,8482149
2025020397,3,1018,12:36,7:24,1451,left,509,penalty,18,O,97,10,MIN,hooking,2,8474568,8476887
2025020398,1,149,6:42,13:18,1551,left,509,penalty,68,D,79,5,MIN,hooking,2,8481598,8480434
2025020398,2,675,7:22,12:38,1551,right,509,penalty,19,D,81,-1,MIN,interference,2,8480855,8475753
2025020398,2,834,18:58,1:02,1551,right,509,penalty,68,D,-37,38,MIN,delaying-game-puck-over-glass,2,,
2025020398,3,504,6:17,13:43,1551,left,509,penalty,19,N,-13,-28,MAJ,kneeing,5,8483431,8480281
2025020398,3,507,6:17,13:43,1551,left,509,penalty,19,N,-12,-28,GAM,game-misconduct,10,,
2025020399,1,94,3:35,16:25,1551,right,509,penalty,30,D,79,-38,MIN,tripping,2,8484145,8474716
2025020399,2,518,2:14,17:46,1560,left,509,penalty,7,O,-60,-19,MIN,tripping,2,8478864,8477949
2025020399,2,619,10:32,9:28,1551,left,509,penalty,30,D,-94,20,MIN,tripping,2,8479359,8484798
2025020399,2,654,13:16,6:44,1551,left,509,penalty,7,D,94,-30,MIN,holding,2,8483525,8480807
2025020399,2,663,13:47,6:13,1451,left,509,penalty,30,D,-67,-40,MIN,delaying-game-puck-over-glass,2,,
2025020399,3,927,10:00,10:00,1560,right,509,penalty,7,D,-66,-22,MIN,tripping,2,8481557,8480839
2025020400,2,495,1:34,18:26,1551,left,509,penalty,28,D,60,-3,MIN,hooking,2,8477447,8475200
2025020400,2,702,11:02,8:58,1551,left,509,penalty,28,O,-76,35,MIN,hooking,2,8477018,8476624
2025020400,2,736,14:06,5:54,1551,left,509,penalty,54,O,50,37,MIN,hooking,2,8477505,8481133
2025020400,3,1064,19:25,0:35,0651,right,509,penalty,54,D,89,-35,MIN,cross-checking,2,8484801,8475188
2025020401,1,321,11:15,8:45,1551,right,509,penalty,23,D,-65,14,MIN,slashing,2,8483808,8484136
2025020401,1,418,14:39,5:21,1551,right,509,penalty,26,O,-34,-25,MIN,roughing,2,8481024,8477942
2025020401,2,490,0:43,19:17,1551,left,509,penalty,23,O,-90,-33,MIN,hooking,2,8476441,8475169
2025020401,2,616,7:37,12:23,1551,left,509,penalty,26,O,70,-6,MIN,holding,2,8477969,8481532
2025020401,2,649,10:13,9:47,1551,left,509,penalty,26,O,87,32,MIN,holding,2,8474574,8477942
2025020401,2,721,15:48,4:12,1551,left,509,penalty,23,O,-63,-38,MIN,high-sticking,2,8482730,8475169
2025020401,3,842,6:09,13:51,1560,right,509,penalty,23,O,25,-23,MIN,tripping,2,8477942,8482691
2025020402,1,160,7:25,12:35,1551,left,509,penalty,2,D,-50,1,MIN,tripping,2,8484186,8485366
2025020402,2,504,1:22,18:38,1551,right,509,penalty,15,O,50,-38,MIN,tripping,2,8477500,8476880
2025020402,2,539,4:02,15:58,1551,right,509,penalty,15,D,-88,9,MIN,tripping,2,8484958,8479345
2025020402,3,765,0:55,19:05,1551,left,509,penalty,2,D,-66,2,MIN,slashing,2,8482088,8476429
2025020402,3,905,12:24,7:36,1560,left,509,penalty,15,O,-93,18,MIN,high-sticking,2,8477950,8478463
2025020403,1,398,13:55,6:05,0651,right,509,penalty,16,O,-26,12,MIN,tripping,2,8484762,8476882
2025020403,1,453,17:36,2:24,1560,right,509,penalty,24,N,16,-40,MIN,cross-checking,2,8482176,8476458
2025020403,1,467,18:20,1:40,1551,right,509,penalty,24,D,-66,34,MIN,hooking,2,8477987,8484762
2025020403,2,728,11:00,9:00,1551,left,509,penalty,24,O,-85,-33,MIN,slashing,2,8484144,8484762
2025020403,2,769,14:30,5:30,0651,left,509,penalty,16,D,-69,-40,MIN,holding,2,8476458,8483493
2025020403,2,795,16:51,3:09,1551,left,509,penalty,16,D,-91,23,MIN,cross-checking,2,8482803,8483493
2025020403,3,887,4:05,15:55,1560,right,509,penalty,24,D,-96,20,MIN,tripping,2,8484783,8481563
2025020404,2,506,2:33,17:27,1551,left,509,penalty,20,N,-21,20,MIN,tripping,2,8482702,8483609
2025020404,2,682,16:52,3:08,0651,left,509,penalty,12,D,-62,-40,MIN,interference,2,8474150,8480817
2025020404,3,831,4:00,16:00,1551,right,509,penalty,20,N,15,41,MIN,roughing,2,8480817,8475172
2025020404,3,834,4:00,16:00,1551,right,509,penalty,12,N,14,42,MIN,roughing,2,8475172,8480817
2025020404,4,331,2:52,2:08,1331,left,509,penalty,20,N,1,-41,MIS,misconduct,10,,
2025020405,1,260,7:08,12:52,1551,right,509,penalty,9,O,90,-33,MIN,tripping,2,8478476,8478020
2025020405,1,294,9:41,10:19,1551,right,509,penalty,25,D,98,14,MIN,tripping,2,8481596,8475755
2025020405,2,730,12:19,7:41,1551,left,509,penalty,25,D,-47,40,MIN,interference,2,8482092,8478476
2025020405,3,830,0:35,19:25,1551,right,509,penalty,25,D,89,-27,MIN,holding,2,8473512,8480036
2025020405,3,851,2:13,17:47,1541,right,509,penalty,9,D,-96,-5,MIN,tripping,2,8479351,8481606
2025020405,3,964,9:42,10:18,1551,right,509,penalty,9,N,15,-41,MIN,roughing,2,8478449,8481528
2025020405,3,959,9:42,10:18,1551,right,509,penalty,25,N,12,-40,MIN,roughing,2,8481528,8478449
2025020405,3,955,9:42,10:18,1551,right,509,penalty,9,N,13,-40,MIN,roughing,2,8478449,8481528
2025020405,3,1035,14:26,5:34,1551,right,509,penalty,9,O,56,38,MIN,tripping,2,8478420,8478020
2025020406,1,61,0:40,19:20,1551,left,509,penalty,29,D,82,-5,MIN,hooking,2,8478414,8478460
2025020406,1,263,8:23,11:37,0651,left,509,penalty,1,D,-34,-32,MIN,hooking,2,8480806,8475455
2025020406,1,348,14:43,5:17,1560,left,509,penalty,29,D,66,0,MIN,cross-checking,2,8481032,8474090
2025020406,1,397,19:27,0:33,1551,left,509,penalty,1,D,-97,-21,MIN,hooking,2,8482475,8476462
2025020406,2,420,1:01,18:59,1541,right,509,penalty,29,O,82,-1,MIN,slashing,2,8474596,8484166
2025020406,2,415,1:01,18:59,1541,right,509,penalty,29,O,73,10,MAJ,fighting,5,8475455,8481716
2025020406,2,26,1:01,18:59,1541,right,509,penalty,1,D,75,10,MAJ,fighting,5,8481716,8475455
2025020406,2,559,3:58,16:02,1551,right,509,penalty,1,O,-46,31,MIN,cross-checking,2,8478460,8477015
2025020406,2,206,3:58,16:02,1551,right,509,penalty,1,O,-68,14,MIN,slashing,2,8484166,8477015
2025020406,2,565,3:58,16:02,1551,right,509,penalty,29,N,-18,41,MIN,high-sticking,2,8481032,8477497
2025020406,2,553,3:58,16:02,1551,right,509,penalty,29,D,-75,7,MAJ,fighting,5,8478399,8484166
2025020406,2,556,3:58,16:02,1551,right,509,penalty,1,O,-74,7,MAJ,fighting,5,8484166,8478399
2025020406,2,29,3:58,16:02,1551,right,509,penalty,1,O,-77,-18,GAM,game-misconduct,10,,
2025020406,2,580,5:01,14:59,1541,right,509,penalty,29,D,-82,0,MIN,roughing,2,8478414,8476923
2025020406,2,646,9:22,10:38,1551,right,509,penalty,29,D,-62,26,MAJ,fighting,5,8476474,8481716
2025020406,2,34,9:22,10:38,1551,right,509,penalty,1,O,-57,21,MAJ,fighting,5,8481716,8476474
2025020406,2,41,9:34,10:26,1551,right,509,penalty,29,D,-94,-9,MAJ,fighting,5,8481032,8474090
2025020406,2,38,9:34,10:26,1551,right,509,penalty,1,O,-98,-4,MAJ,fighting,5,8474090,8481032
2025020406,2,452,19:42,0:18,1551,right,509,penalty,1,D,77,0,MIN,roughing,2,8477497,8479996
2025020406,2,455,19:42,0:18,1551,right,509,penalty,29,O,78,0,MIN,roughing,2,8479996,8477497
2025020406,3,949,10:45,9:15,1551,left,509,penalty,29,D,55,36,MIN,slashing,2,8482684,8482705
2025020407,1,253,6:59,13:01,1551,right,509,penalty,5,N,7,40,MIN,slashing,2,8477903,8481481
2025020407,2,573,3:40,16:20,1551,left,509,penalty,5,D,91,-31,MIN,tripping,2,8478439,8474578
2025020407,2,588,4:23,15:37,1451,left,509,penalty,5,D,83,4,MIN,interference,2,8484387,8477365
2025020407,2,601,5:36,14:24,1451,left,509,penalty,5,D,85,6,MIN,high-sticking,2,8478439,8471724
2025020407,2,635,7:50,12:10,1551,left,509,penalty,4,O,89,-30,MIN,holding,2,8477435,8479022
2025020407,2,748,15:20,4:40,1551,left,509,penalty,4,O,99,13,MIN,holding,2,8478854,8476461
2025020407,2,775,17:12,2:48,1551,left,509,penalty,5,O,-30,6,MIN,tripping,2,8482126,8471675
2025020407,2,794,18:30,1:30,1451,left,509,penalty,4,O,95,-26,MIN,interference,2,8471724,8482126
2025020407,3,863,3:12,16:48,1551,right,509,penalty,5,O,55,29,MIN,interference,2,8481553,8482758
2025020407,3,977,12:03,7:57,1551,right,509,penalty,4,O,-95,-23,MIN,slashing,2,8477435,8484387
2025020407,3,1081,19:50,0:10,1551,right,509,penalty,5,D,-32,-38,MIN,cross-checking,2,8480015,8477511
2025020408,1,76,1:31,18:29,1551,left,509,penalty,52,N,-14,28,MIN,holding,2,8480064,8476331
2025020408,1,236,8:50,11:10,1551,left,509,penalty,7,O,58,3,MIN,interference,2,8480014,8480839
2025020408,3,825,3:51,16:09,1551,left,509,penalty,52,D,99,-14,MIN,elbowing,2,8484145,8479378
2025020408,3,895,8:52,11:08,1551,left,509,penalty,7,D,-78,39,MIN,delaying-game-puck-over-glass,2,,
2025020408,3,968,14:01,5:59,1551,left,509,penalty,52,N,-3,3,MIN,roughing,2,8481522,8479378
2025020408,3,959,14:01,5:59,1551,left,509,penalty,7,N,2,-40,MIS,misconduct,10,,
2025020408,3,955,14:01,5:59,1551,left,509,penalty,52,N,-1,-40,MIS,misconduct,10,,
2025020408,3,354,14:01,5:59,1551,left,509,penalty,52,N,1,-41,MIS,misconduct,10,,
2025020409,1,93,2:34,17:26,1551,left,509,penalty,19,N,-20,30,MIN,high-sticking,2,8477527,8476897
2025020409,1,171,8:14,11:46,1551,left,509,penalty,24,O,-68,-15,MIN,tripping,2,8477402,8477527
2025020409,1,421,19:23,0:37,1551,left,509,penalty,24,D,74,-17,MIN,interference,2,8481598,8482745
2025020409,2,458,2:07,17:53,1551,right,509,penalty,24,O,84,-37,MIN,high-sticking,2,8481598,8478873
2025020409,2,468,2:25,17:35,1451,right,509,penalty,19,O,-88,-5,MIN,slashing,2,8476885,8476897
2025020409,2,523,7:03,12:57,1551,right,509,penalty,19,D,92,-16,MIN,slashing,2,8478873,8484164
2025020409,2,744,13:06,6:54,1560,right,509,penalty,24,O,96,7,MIN,tripping,2,8480981,8478366
2025020409,3,982,7:46,12:14,1560,left,509,penalty,24,N,5,38,MIN,slashing,2,8482516,8473986
2025020409,3,1022,10:38,9:22,1551,left,509,penalty,24,D,66,40,MIN,tripping,2,8478472,8483445
2025020410,1,179,5:59,14:01,1551,left,509,penalty,68,D,82,-2,MIN,slashing,2,8480043,8479410
2025020410,1,367,16:37,3:23,1551,left,509,penalty,28,D,-80,-36,MIN,hooking,2,8479293,8476624
2025020410,2,530,1:34,18:26,0651,right,509,penalty,28,D,50,-38,MIN,hooking,2,8482699,8476624
2025020410,2,641,10:47,9:13,1551,right,509,penalty,68,D,-88,31,MIN,cross-checking,2,8480848,8484386
2025020410,2,691,14:33,5:27,1551,right,509,penalty,68,D,-53,-37,MIN,delaying-game-puck-over-glass,2,,
2025020410,3,842,6:09,13:51,1551,left,509,penalty,68,N,-21,33,MIN,interference,2,8475200,8479619
2025020410,3,934,13:23,6:37,1551,left,509,penalty,28,N,11,-40,MIN,holding,2,8480434,8484911
2025020411,1,150,2:55,17:05,1551,right,509,penalty,9,O,97,-16,MIN,tripping,2,8478851,8474189
2025020411,1,285,8:24,11:36,1551,right,509,penalty,9,O,88,-3,MIN,interference-goalkeeper,2,8478470,8481596
2025020411,1,282,8:24,11:36,1551,right,509,penalty,8,D,89,-8,MIN,roughing,2,8481596,8481593
2025020411,1,327,11:36,8:24,0651,right,509,penalty,8,N,11,37,MIN,high-sticking,2,8480801,8478133
2025020411,1,20,18:49,1:11,1560,right,509,penalty,9,O,70,0,MIN,cross-checking,2,8483457,8481596
2025020411,2,649,7:50,12:10,1551,left,509,penalty,9,D,68,2,MIN,tripping,2,8482775,8478020
2025020411,2,665,9:24,10:36,1551,left,509,penalty,8,D,-87,-35,MIN,roughing,2,8481528,8482964
2025020411,3,848,3:15,16:45,1551,right,509,penalty,8,N,0,40,MIN,roughing,2,8482092,8476981
2025020411,3,854,3:15,16:45,1551,right,509,penalty,9,N,0,39,MIN,roughing,2,8476981,8482092
2025020412,2,592,8:20,11:40,1551,left,509,penalty,17,D,-97,0,MIN,roughing,2,8479591,8482762
2025020412,3,845,3:24,16:36,1551,right,509,penalty,6,O,42,-28,MIN,holding,2,8474037,8476854
2025020412,3,410,7:47,12:13,1551,right,509,penalty,6,D,-69,-2,MIN,roughing,2,8481542,8477507
2025020412,3,899,7:47,12:13,1551,right,509,penalty,17,O,-69,0,MIN,roughing,2,8477507,8481542
2025020412,3,414,7:47,12:13,1551,right,509,penalty,6,D,-67,3,MIN,roughing,2,8481542,8477507
2025020412,3,904,7:47,12:13,1551,right,509,penalty,6,D,-68,-2,MIS,misconduct,10,,
2025020412,3,419,13:27,6:33,1551,right,509,penalty,6,N,-5,39,MIN,slashing,2,8483464,8480355
2025020412,3,422,13:27,6:33,1451,right,509,penalty,6,N,-9,41,MIS,misconduct,10,,
2025020412,3,996,14:05,5:55,1451,right,509,penalty,17,N,-12,37,MIN,high-sticking,2,8476374,8481542
2025020413,1,457,14:04,5:56,1551,right,509,penalty,13,O,-52,42,MIN,hooking,2,8479026,8483433
2025020413,2,801,14:21,5:39,1551,left,509,penalty,13,D,-43,-22,MIN,holding,2,8476872,8477932
2025020413,3,951,5:40,14:20,1551,right,509,penalty,10,D,-48,-26,MIN,interference,2,8482713,8478057
2025020413,3,1114,16:52,3:08,1551,right,509,penalty,13,O,-92,-32,MIN,tripping,2,8478057,8478542
2025020414,1,125,5:30,14:30,1551,left,509,penalty,14,D,82,6,MIN,holding,2,8478445,8477426
2025020414,1,285,12:53,7:07,1551,left,509,penalty,2,D,-35,38,MIN,high-sticking,2,8482201,8481237
2025020414,2,472,3:49,16:11,1551,right,509,penalty,2,N,-8,-16,MIN,hooking,2,8482655,8484221
2025020414,2,749,17:39,2:21,1551,right,509,penalty,14,O,46,-40,MIN,high-sticking,2,8475314,8478178
2025020414,3,790,1:03,18:57,1551,left,509,penalty,14,O,-95,-9,MIN,high-sticking,2,8477500,8476453
2025020414,3,888,7:54,12:06,1551,left,509,penalty,2,D,-73,38,MIN,tripping,2,8482201,8477950
2025020415,1,167,4:41,15:19,0651,right,509,penalty,3,D,35,41,MIN,cross-checking,2,8482740,8477369
2025020415,1,266,11:40,8:20,1551,right,509,penalty,25,D,-78,-3,MIN,high-sticking,2,8477380,8475755
2025020415,2,680,12:37,7:23,1551,left,509,penalty,25,D,82,-33,MIN,interference,2,8483690,8484829
2025020415,2,714,15:10,4:50,1551,left,509,penalty,3,D,-81,-6,MIN,tripping,2,8478420,8477369
2025020415,2,755,17:59,2:01,1551,left,509,penalty,25,D,92,14,MIN,holding,2,8476459,8480840
2025020415,3,847,4:13,15:47,1551,right,509,penalty,25,N,-18,23,MIN,high-sticking-double-minor,4,8482109,8479351
2025020416,1,270,7:36,12:24,1551,left,509,penalty,18,D,-60,-32,MIN,holding,2,8475172,8482482
2025020416,1,332,12:03,7:57,1551,left,509,penalty,20,D,69,10,BEN,delaying-game-bench-face-off-violation,2,,
2025020416,1,375,15:26,4:34,1551,left,509,penalty,18,D,-79,-30,MIN,roughing,2,8480797,8482103
2025020416,1,379,15:26,4:34,1551,left,509,penalty,20,O,-79,-32,MIN,roughing,2,8482103,8480797
2025020416,2,699,11:06,8:54,1551,right,509,penalty,18,D,73,0,MIN,hooking,2,8480028,8479980
2025020416,2,86,15:39,4:21,1551,right,509,penalty,20,N,-10,-33,MAJ,fighting,5,8483513,8481167
2025020416,2,89,15:39,4:21,1551,right,509,penalty,18,N,6,-37,MAJ,fighting,5,8481167,8483513
2025020416,3,969,6:42,13:18,1551,left,509,penalty,20,N,8,37,MAJ,fighting,5,8482103,8476399
2025020416,3,510,6:42,13:18,1551,left,509,penalty,18,N,5,37,MAJ,fighting,5,8476399,8482103
2025020416,3,1062,12:30,7:30,1551,left,509,penalty,18,D,-85,10,MIN,roughing,2,8482679,8479980
2025020416,3,1082,13:55,6:05,1551,left,509,penalty,20,N,15,32,MIN,roughing,2,8481056,8476399
2025020416,3,1093,14:50,5:10,1451,left,509,penalty,18,D,-61,-24,MIN,tripping,2,8476456,8474600
2025020416,3,1111,15:43,4:17,1441,left,509,penalty,20,D,65,-17,MIN,high-sticking,2,8482768,8477346
2025020417,1,144,6:56,13:04,1551,right,509,penalty,23,D,-25,21,MIN,high-sticking,2,8475754,8477969
2025020417,2,503,1:05,18:55,1551,left,509,penalty,21,N,13,40,BEN,too-many-men-on-the-ice,2,,
2025020418,1,22,10:42,9:18,1551,left,509,penalty,22,D,-55,-41,MIN,interference,2,8478508,8480834
2025020418,2,536,5:26,14:34,1551,right,509,penalty,30,D,-84,-1,MIN,hooking,2,8478402,8477451
2025020418,2,44,11:45,8:15,1551,right,509,penalty,30,D,-85,7,MIN,tripping,2,8475786,8477451
2025020418,3,845,9:45,10:15,1551,left,509,penalty,22,D,-84,0,MIN,holding,2,8481557,8477498
2025020418,3,1014,19:18,0:42,1560,left,509,penalty,30,D,28,23,MIN,tripping,2,8478402,8481557
2025020419,1,178,5:46,14:14,1551,right,509,penalty,54,D,75,2,MIN,slashing,2,8477987,8477964
2025020419,1,319,13:25,6:35,0651,right,509,penalty,54,D,72,21,MIN,holding,2,8484144,8477447
2025020419,2,513,5:02,14:58,1551,left,509,penalty,16,D,98,13,MIN,holding,2,8478403,8483506
2025020419,2,535,6:43,13:17,1451,left,509,penalty,54,D,-83,2,MIN,tripping,2,8481624,8479394
2025020419,2,592,11:22,8:38,1551,left,509,penalty,54,N,1,-38,BEN,delaying-game-unsuccessful-challenge,2,,
2025020419,2,601,11:44,8:16,1541,left,509,penalty,16,D,97,-20,MIN,hooking,2,8476925,8483493
2025020419,3,792,8:45,11:15,1551,right,509,penalty,54,D,74,1,MIN,slashing,2,8483493,8480727
2025020420,1,334,13:41,6:19,1551,right,509,penalty,26,O,-98,-4,MIN,tripping,2,8478911,8483808
2025020420,2,602,6:00,14:00,1551,left,509,penalty,15,D,73,5,MIN,slashing,2,8476479,8484186
2025020420,2,658,10:25,9:35,1551,left,509,penalty,26,D,-58,-24,MIN,slashing,2,8481580,8482124
2025020420,2,91,19:05,0:55,1551,left,509,penalty,15,O,-72,1,MIN,roughing,2,8476441,8479520
2025020420,2,88,19:05,0:55,1551,left,509,penalty,15,O,-77,0,MAJ,fighting,5,8476441,8479520
2025020420,2,85,19:05,0:55,1551,left,509,penalty,26,D,-72,1,MAJ,fighting,5,8479520,8476441
2025020421,2,724,7:01,12:59,1551,right,509,penalty,25,N,-7,-34,MIN,tripping,2,8478414,8478420
2025020421,2,865,18:34,1:26,1551,right,509,penalty,1,D,73,28,MIN,tripping,2,8478420,8476462
2025020421,3,942,3:28,16:32,1551,left,509,penalty,25,D,56,36,MIN,tripping,2,8481721,8473994
2025020421,3,577,20:00,0:00,1551,left,509,penalty,25,D,66,10,MIN,roughing,2,8476474,8481609
2025020421,3,574,20:00,0:00,1551,left,509,penalty,1,O,66,10,MIN,roughing,2,8481609,8476474
2025020422,1,338,15:00,5:00,1551,right,509,penalty,8,N,10,6,MAJ,fighting,5,8476392,8482964
2025020422,1,342,15:00,5:00,1551,right,509,penalty,52,N,13,10,MAJ,fighting,5,8482964,8476392
2025020422,2,633,9:31,10:29,1560,left,509,penalty,52,D,67,-1,MIN,slashing,2,8483457,8476871
2025020422,3,796,2:34,17:26,1551,right,509,penalty,8,D,36,-3,MIN,high-sticking,2,8482149,8484984
2025020423,1,158,3:20,16:40,1551,right,509,penalty,4,D,97,7,MIN,delaying-game-puck-over-glass,2,,
2025020423,1,178,4:38,15:22,1551,right,509,penalty,4,D,98,12,MIN,interference,2,8484145,8484387
2025020423,1,194,5:30,14:30,1550,right,509,penalty,7,D,-97,11,MIN,hooking,2,8479022,8479420
2025020423,1,260,6:46,13:14,1451,right,509,penalty,7,D,-91,-30,MIN,cross-checking,2,8476461,8479982
2025020423,1,17,8:26,11:34,1551,right,509,penalty,7,N,-14,40,BEN,delaying-game-unsuccessful-challenge,2,,
2025020423,1,405,17:19,2:41,1551,right,509,penalty,4,O,-85,14,MIN,tripping,2,8481524,8479022
2025020423,1,433,19:40,0:20,1551,right,509,penalty,7,D,-96,-5,MIN,high-sticking,2,8476461,8481522
2025020423,2,656,9:24,10:36,1551,left,509,penalty,4,N,-5,38,MIN,roughing,2,8482623,8475235
2025020423,2,660,9:24,10:36,1551,left,509,penalty,4,N,-8,38,MIN,roughing,2,8482623,8477903
2025020423,2,663,9:24,10:36,1551,left,509,penalty,7,N,-5,40,MIN,roughing,2,8477903,8482623
2025020423,2,768,16:50,3:10,1551,left,509,penalty,7,D,78,38,MAJ,boarding,5,8481533,8480839
2025020423,2,40,16:50,3:10,1551,left,509,penalty,7,D,70,39,GAM,game-misconduct,10,,
2025020423,3,836,2:46,17:14,1551,right,509,penalty,4,D,82,-3,MIN,holding,2,8475722,8477948
2025020423,3,884,6:21,13:39,1551,right,509,penalty,4,O,-34,38,MIN,tripping,2,8475722,8484387
2025020424,1,311,7:30,12:30,1551,left,509,penalty,68,D,37,1,MIN,tripping,2,8480068,8483431
2025020424,2,726,9:51,10:09,1551,right,509,penalty,68,D,-70,8,MIN,interference,2,8473986,8474013
2025020424,2,901,18:36,1:24,1551,right,509,penalty,24,O,-83,4,MIN,cross-checking,2,8478831,8484762
2025020424,3,1001,4:35,15:25,1551,left,509,penalty,68,D,62,38,MIN,tripping,2,8482745,8483472
2025020424,3,1057,9:28,10:32,1551,left,509,penalty,24,N,5,18,MIN,roughing,2,8477070,8477527
2025020425,1,114,5:00,15:00,1551,left,509,penalty,15,O,-83,-37,MIN,hooking,2,8475906,8478463
2025020425,1,20,10:05,9:55,1551,left,509,penalty,28,N,-13,42,BEN,delaying-game-unsuccessful-challenge,2,,
2025020425,1,338,15:48,4:12,1551,left,509,penalty,15,D,49,-41,MIN,tripping,2,8480798,8478463
2025020425,2,548,0:59,19:01,1551,right,509,penalty,28,D,91,-33,MIN,roughing,2,8484186,8479983
2025020425,3,833,4:05,15:55,1551,left,509,penalty,15,D,69,41,MIN,holding,2,8480798,8475343
2025020425,3,920,11:36,8:24,1560,left,509,penalty,15,N,2,-40,MIN,tripping,2,8475200,8477947
2025020425,3,410,12:58,7:02,1551,left,509,penalty,15,N,15,41,BEN,delaying-game-unsuccessful-challenge,2,,
2025020426,1,370,15:17,4:43,1551,left,509,penalty,6,O,73,-38,MIN,hooking,2,8481006,8479661
2025020426,2,803,19:45,0:15,1551,right,509,penalty,19,O,62,-18,MIN,interference,2,8479999,8482089
2025020426,3,974,10:24,9:36,1551,left,509,penalty,19,O,-83,3,MIN,cross-checking,2,8479369,8477402
2025020426,3,1135,18:16,1:44,1551,left,509,penalty,6,N,6,4,MIN,high-sticking,2,8476892,8477496
2025020427,1,429,17:43,2:17,1551,left,509,penalty,3,O,-92,-20,MIN,holding,2,8474102,8482157
2025020427,2,689,12:13,7:47,1551,right,509,penalty,9,D,92,26,MIN,cross-checking,2,8476389,8482116
2025020427,3,893,8:50,11:10,1551,left,509,penalty,3,D,74,-35,MIN,elbowing,2,8478020,8478840
2025020427,3,942,12:09,7:51,1551,left,509,penalty,3,N,-7,-38,MIN,slashing,2,8482105,8476468
2025020428,1,93,2:36,17:24,1551,left,509,penalty,14,N,3,2,MAJ,fighting,5,8478147,8480876
2025020428,1,86,2:36,17:24,1551,left,509,penalty,5,N,1,4,MAJ,fighting,5,8480876,8478147
2025020428,1,126,4:59,15:01,1551,left,509,penalty,14,D,-72,28,MIN,holding,2,8485414,8481719
2025020428,1,314,11:14,8:46,1551,left,509,penalty,5,D,75,11,MIN,holding,2,8483752,8478450
2025020428,1,402,13:58,6:02,1551,left,509,penalty,5,D,68,17,MIN,slashing,2,8482201,8477435
2025020428,1,22,19:36,0:24,1560,left,509,penalty,5,O,-90,-28,MIN,cross-checking,2,8482655,8471675
2025020428,2,647,9:13,10:47,1551,right,509,penalty,14,D,67,8,MIN,tripping,2,8471675,8478178
2025020428,2,671,10:16,9:44,1551,right,509,penalty,14,D,52,-19,MIN,interference,2,8481481,8483398
2025020428,2,762,14:02,5:58,1551,right,509,penalty,5,D,-72,16,MIN,slashing,2,8482929,8474578
2025020428,3,961,1:02,18:58,1551,left,509,penalty,5,N,23,-38,MIN,tripping,2,8477404,8471724
2025020428,3,999,3:18,16:42,1551,left,509,penalty,5,O,-53,41,MIN,tripping,2,8482655,8471215
2025020428,3,1049,7:00,13:00,1551,left,509,penalty,14,D,-62,39,MIN,hooking,2,8471215,8480426
2025020429,1,106,2:59,17:01,1551,right,509,penalty,13,N,-20,42,MIN,interference,2,8482768,8478542
2025020429,1,109,2:59,17:01,1551,right,509,penalty,18,N,-18,42,MIN,embellishment,2,,
2025020429,1,115,3:31,16:29,1441,right,509,penalty,13,O,-70,42,MIN,tripping,2,8479980,8473419
2025020429,1,520,18:08,1:52,1551,right,509,penalty,18,N,21,-28,MIN,interference,2,8482113,8484241
2025020429,2,591,3:03,16:57,1551,left,509,penalty,13,O,89,-25,MIN,tripping,2,8483513,8478421
2025020429,2,640,6:03,13:57,1551,left,509,penalty,18,O,-27,3,MIN,high-sticking,2,8482113,8474564
2025020429,2,748,10:30,9:30,1551,left,509,penalty,18,D,99,16,MIN,high-sticking-double-minor,4,8482113,8483565
2025020429,2,803,15:48,4:12,1551,left,509,penalty,18,D,45,-31,MIN,hooking,2,8478542,8481056
2025020429,2,407,19:56,0:04,1551,left,509,penalty,13,D,-32,-2,MIN,slashing,2,8478047,8478055
2025020429,3,418,2:30,17:30,1551,right,509,penalty,13,D,84,2,MIN,interference,2,8478047,8478859
2025020429,3,956,6:52,13:08,1551,right,509,penalty,18,D,-60,31,MIN,holding,2,8473419,8481056
2025020429,3,969,8:20,11:40,1451,right,509,penalty,13,O,-71,38,MIN,interference,2,8476869,8473419
2025020430,1,202,5:56,14:04,1551,left,509,penalty,21,N,19,40,BEN,delaying-game-unsuccessful-challenge,2,,
2025020430,1,386,12:35,7:25,1551,left,509,penalty,21,D,32,40,MIN,holding,2,8485366,8480039
2025020430,2,601,1:16,18:44,1551,right,509,penalty,21,O,95,-4,MIN,cross-checking,2,8485366,8477476
2025020430,2,612,1:47,18:13,1451,right,509,penalty,2,O,-65,40,MIN,tripping,2,8480448,8478445
2025020430,2,822,18:12,1:48,1551,right,509,penalty,21,D,-66,0,MIN,tripping,2,8485702,8480069
2025020430,3,969,8:11,11:49,1551,left,509,penalty,2,D,-87,-34,MIN,delaying-game-puck-over-glass,2,,
2025020430,3,1092,16:42,3:18,0651,left,509,penalty,2,D,-98,-13,MIN,tripping,2,8480039,8476429
2025020430,3,571,20:00,0:00,1551,left,509,penalty,21,N,10,-9,MIN,unsportsmanlike-conduct,2,8476429,8476312
2025020431,1,300,13:00,7:00,1560,right,509,penalty,10,N,2,-38,MIN,tripping,2,8480336,8479318
2025020431,1,406,17:23,2:37,1551,right,509,penalty,10,D,-94,-21,MIN,holding,2,8477478,8476853
2025020431,3,784,1:08,18:52,1551,right,509,penalty,12,D,76,10,MIN,hooking,2,8477939,8480830
2025020431,3,884,8:40,11:20,1551,right,509,penalty,10,D,-99,-7,MIN,delaying-game-puck-over-glass,2,,
2025020431,3,940,13:03,6:57,1551,right,509,penalty,12,D,32,3,MIN,hooking,2,8482720,8478970
2025020432,1,89,2:36,17:24,1551,left,509,penalty,29,D,-33,-23,MIN,tripping,2,8481725,8474090
2025020432,2,517,0:38,19:22,1551,right,509,penalty,29,D,90,-3,MIN,delaying-game,2,,
2025020432,2,562,5:06,14:54,1560,right,509,penalty,17,D,-72,17,MIN,holding,2,8475745,8484223
2025020432,2,605,7:52,12:08,1551,right,509,penalty,29,D,46,-39,MIN,high-sticking-double-minor,4,8477429,8481716
2025020432,2,669,13:25,6:35,1551,right,509,penalty,17,O,88,32,MIN,tripping,2,8479371,8481725
2025020432,2,751,19:35,0:25,1551,right,509,penalty,29,O,-82,-34,MIN,high-sticking,2,8482762,8481716
2025020432,3,805,3:10,16:50,1551,left,509,penalty,17,D,37,-38,MIN,high-sticking,2,8482475,8481542
2025020433,1,151,6:56,13:04,1551,right,509,penalty,20,D,62,-18,MIN,high-sticking,2,8478864,8474150
2025020433,1,238,13:28,6:32,1551,right,509,penalty,20,D,66,-1,MIN,high-sticking,2,8477451,8476399
2025020433,1,265,15:31,4:29,1551,right,509,penalty,20,D,30,36,MIN,high-sticking-double-minor,4,8484798,8475172
2025020433,3,943,10:58,9:02,1551,right,509,penalty,30,D,-30,-26,MIN,interference,2,8482679,8482122
2025020433,3,953,11:24,8:36,1451,right,509,penalty,20,O,-79,19,MIN,high-sticking,2,8478136,8475172
2025020434,1,370,11:20,8:40,1551,left,509,penalty,55,D,55,41,MIN,delaying-game-puck-over-glass,2,,
2025020434,1,413,14:07,5:53,0651,left,509,penalty,22,N,-3,41,MIN,tripping,2,8482665,8478233
2025020434,2,570,2:20,17:40,1551,right,509,penalty,22,D,50,-40,MIN,cross-checking,2,8482858,8484529
2025020434,2,593,3:43,16:17,1541,right,509,penalty,22,N,-12,-2,MIN,tripping,2,8474586,8474641
2025020434,2,660,4:35,15:25,1541,right,509,penalty,55,D,-68,-18,MIN,slashing,2,8477406,8477986
2025020434,3,943,6:11,13:49,1551,left,509,penalty,55,O,-58,41,MIN,high-sticking-double-minor,4,8484529,8477986
2025020434,3,962,7:10,12:50,1451,left,509,penalty,55,D,77,2,MIN,hooking,2,8478233,8480009
2025020435,1,275,10:00,10:00,1560,right,509,penalty,16,D,-77,-1,MIN,interference,2,8481532,8476891
2025020435,1,405,15:53,4:07,1560,right,509,penalty,16,O,95,13,MIN,tripping,2,8479998,8484144
2025020435,1,412,16:23,3:37,1451,right,509,penalty,26,O,-35,29,MIN,high-sticking,2,8482176,8477960
2025020435,1,466,19:42,0:18,1551,right,509,penalty,16,N,0,29,MIN,tripping,2,8482730,8484197
2025020435,2,607,6:08,13:52,1551,left,509,penalty,26,N,9,28,MIN,tripping,2,8477444,8476441
2025020435,2,663,10:09,9:51,1551,left,509,penalty,16,D,46,15,MIN,interference,2,8481532,8481806
2025020435,3,978,14:59,5:01,0651,right,509,penalty,26,D,78,-3,MIN,tripping,2,8483493,8479998
2025020435,3,1041,18:34,1:26,1560,right,509,penalty,16,D,-32,-33,MIN,hooking,2,8477960,8484144
2025020436,3,819,2:16,17:44,1551,left,509,penalty,54,O,-58,-30,MIN,tripping,2,8483495,8476438
2025020436,3,955,12:06,7:54,1551,left,509,penalty,54,D,82,-38,MIN,delaying-game-puck-over-glass,2,,
2025020436,3,980,14:11,5:49,1551,left,509,penalty,1,D,-61,13,MIN,hooking,2,8478483,8480002
2025020436,3,1018,17:24,2:36,1560,left,509,penalty,1,N,-11,40,MIN,tripping,2,8476881,8480002
2025020437,1,216,7:40,12:20,1551,right,509,penalty,52,O,-88,29,MIN,tripping,2,8479420,8480289
2025020437,1,359,14:25,5:35,1551,right,509,penalty,52,O,-91,30,MIN,tripping,2,8483500,8473604
2025020437,1,394,16:18,3:42,1551,right,509,penalty,7,D,-95,16,MIN,hooking,2,8480014,8481524
2025020437,2,620,6:13,13:47,1551,left,509,penalty,52,D,-78,6,MIN,roughing,2,8478413,8479378
2025020437,2,623,6:13,13:47,1551,left,509,penalty,7,O,-76,3,MIN,roughing,2,8479378,8478413
2025020437,2,38,10:18,9:42,1551,left,509,penalty,7,N,18,-27,PS,ps-hooking-on-breakaway,0,8476392,8480839
2025020438,1,217,8:05,11:55,1551,right,509,penalty,28,N,-17,-28,MIN,hooking,2,8478420,8475200
2025020438,1,284,13:01,6:59,1551,right,509,penalty,28,N,4,-40,MIN,hooking,2,8480027,8484801
2025020438,1,399,18:00,2:00,1551,right,509,penalty,25,O,-77,35,MIN,slashing,2,8480848,8478420
2025020438,2,526,5:16,14:44,1551,left,509,penalty,25,D,-31,28,MIN,cross-checking,2,8484801,8478420
2025020438,2,671,13:06,6:54,1551,left,509,penalty,28,N,-10,7,MIN,slashing,2,8478420,8475784
2025020438,2,675,13:06,6:54,1551,left,509,penalty,25,N,3,5,MIN,slashing,2,8475784,8478420
2025020438,3,770,0:27,19:33,0651,right,509,penalty,25,D,94,-4,MIN,high-sticking,2,8480798,8480950
2025020438,3,810,3:56,16:04,1551,right,509,penalty,25,O,-86,25,MIN,hooking,2,8480043,8482740
2025020439,1,404,15:47,4:13,1551,right,509,penalty,23,O,-40,-11,MIN,tripping,2,8480855,8484136
2025020439,2,650,10:30,9:30,1551,left,509,penalty,68,D,46,2,MIN,high-sticking,2,8480800,8482699
2025020439,2,838,18:53,1:07,1551,left,509,penalty,23,O,95,8,MIN,roughing,2,8478831,8481024
2025020439,2,842,18:53,1:07,1551,left,509,penalty,68,D,93,11,MIN,roughing,2,8481024,8478831
2025020439,3,992,9:58,10:02,1551,right,509,penalty,68,N,1,28,MIN,slashing,2,8480748,8478831
2025020439,3,1070,15:21,4:39,1551,right,509,penalty,23,D,81,3,MIN,holding,2,8483431,8480800
2025020439,3,1108,18:19,1:41,1560,right,509,penalty,68,D,-90,-31,MIN,delaying-game-puck-over-glass,2,,
2025020440,1,249,11:34,8:26,1551,left,509,penalty,24,O,48,21,MIN,hooking,2,8479345,8484762
2025020440,1,322,16:04,3:56,1551,left,509,penalty,15,O,-78,0,MIN,roughing,2,8476885,8479345
2025020440,2,380,0:22,19:38,1551,right,509,penalty,15,D,-80,1,MIN,slashing,2,8475184,8479345
2025020440,2,557,9:40,10:20,1551,right,509,penalty,15,O,55,8,MIN,tripping,2,8475462,8481656
2025020440,2,589,11:46,8:14,1551,right,509,penalty,15,D,-71,3,MIN,hooking,2,8481605,8479345
2025020440,3,803,5:07,14:53,1551,left,509,penalty,24,O,69,35,MIN,interference,2,8479345,8478366
2025020440,3,858,8:52,11:08,1560,left,509,penalty,15,D,84,-1,MIN,interference,2,8476885,8478440
2025020440,3,869,9:45,10:15,1451,left,509,penalty,24,D,-65,1,MIN,holding,2,8481580,8481605
2025020441,1,212,7:26,12:34,1551,right,509,penalty,21,D,-62,22,MIN,interference,2,8476468,8480069
2025020441,2,587,3:31,16:29,1551,left,509,penalty,3,D,-96,-10,MIN,holding,2,8478109,8477380
2025020441,3,877,5:49,14:11,1551,right,509,penalty,3,D,71,-35,MIN,tripping,2,8477501,8481525
2025020441,3,928,10:20,9:40,1551,right,509,penalty,21,O,74,-29,MIN,holding,2,8476459,8477501
2025020442,1,143,5:42,14:18,1551,right,509,penalty,13,D,55,-10,MIN,slashing,2,8480893,8482113
2025020442,2,634,11:15,8:45,1551,left,509,penalty,29,N,-17,41,BEN,delaying-game-unsuccessful-challenge,2,,
2025020442,2,725,14:27,5:33,1551,left,509,penalty,29,D,83,-3,MIN,tripping,2,8479316,8478500
2025020442,3,925,6:01,13:59,1551,right,509,penalty,29,D,-94,-29,MIN,cross-checking,2,8480003,8478460
2025020442,3,963,8:28,11:32,1551,right,509,penalty,13,D,32,41,MIN,slashing,2,8481716,8477932
2025020442,3,1010,12:01,7:59,1551,right,509,penalty,13,D,56,39,MIN,delaying-game-puck-over-glass,2,,
2025020442,3,1069,17:11,2:49,1551,right,509,penalty,29,N,-20,42,MIN,roughing,2,8482713,8476867
2025020442,4,1123,0:58,4:02,0431,left,509,penalty,13,D,-66,-1,MIN,hooking,2,8480893,8477933
2025020443,2,712,13:47,6:13,1551,right,509,penalty,6,D,67,38,MIN,cross-checking,2,8480002,8477507
2025020443,3,929,9:08,10:52,1551,left,509,penalty,1,D,52,-41,MIN,interference,2,8482177,8479395
2025020444,1,150,6:22,13:38,1551,right,509,penalty,8,D,-61,-6,MIN,hooking,2,8479318,8483515
2025020444,1,305,10:52,9:08,0651,right,509,penalty,10,O,-94,-22,MIN,high-sticking,2,8480865,8475166
2025020444,2,663,7:58,12:02,0651,left,509,penalty,10,D,-67,-22,MIN,tripping,2,8480813,8479442
2025020444,2,742,12:43,7:17,1551,left,509,penalty,8,D,95,20,MIN,tripping,2,8477939,8480865
2025020444,2,754,13:54,6:06,1451,left,509,penalty,10,O,81,-1,MIN,interference,2,8476875,8475166
2025020444,3,958,8:36,11:24,1551,right,509,penalty,10,N,10,41,BEN,too-many-men-on-the-ice,2,,
2025020444,3,1043,14:33,5:27,1560,right,509,penalty,8,D,-71,0,MIN,hooking,2,8478057,8482964
2025020445,1,125,4:32,15:28,1551,left,509,penalty,19,O,-33,-31,MIN,high-sticking-double-minor,4,8480801,8480023
2025020445,1,318,11:05,8:55,1551,left,509,penalty,19,O,-31,29,MIN,interference,2,8482105,8482089
2025020445,1,406,14:03,5:57,1560,left,509,penalty,19,D,33,36,MIN,tripping,2,8475324,8482089
2025020445,2,34,5:40,14:20,1551,right,509,penalty,19,O,91,29,MIN,high-sticking,2,8484321,8475170
2025020445,2,751,15:32,4:28,0651,right,509,penalty,9,D,65,33,MIN,hooking,2,8475170,8473512
2025020445,3,967,10:40,9:20,1551,left,509,penalty,19,D,47,-33,MIN,delaying-game-puck-over-glass,2,,
2025020445,3,1035,15:19,4:41,1551,left,509,penalty,19,D,80,4,MIN,slashing,2,8482116,8475753
2025020445,3,382,19:53,0:07,1560,left,509,penalty,9,O,78,1,MIN,roughing,2,8481598,8481528
2025020445,3,1053,19:53,0:07,1560,left,509,penalty,19,D,70,-5,MIN,roughing,2,8481528,8480981
2025020445,3,385,19:53,0:07,1560,left,509,penalty,19,D,80,-5,MIN,roughing,2,8480208,8476897
2025020445,3,388,19:53,0:07,1560,left,509,penalty,9,O,71,1,MIN,roughing,2,8481598,8482116
2025020445,3,397,19:53,0:07,1560,left,509,penalty,9,O,85,-5,MIN,roughing,2,8480023,8480801
2025020445,3,400,19:53,0:07,1560,left,509,penalty,19,D,78,-6,MIN,roughing,2,8482116,8481598
2025020445,3,1156,19:53,0:07,1560,left,509,penalty,9,O,95,-8,MIN,roughing,2,8476897,8480208
2025020446,2,461,3:31,16:29,0651,right,509,penalty,14,D,91,-27,MIN,tripping,2,8475231,8475167
2025020446,2,487,5:58,14:02,1551,right,509,penalty,2,O,61,-35,MIN,high-sticking,2,8476826,8475314
2025020446,2,588,11:07,8:53,1551,right,509,penalty,2,D,-79,1,MIN,hooking,2,8478519,8477500
2025020446,3,811,10:14,9:46,1551,left,509,penalty,14,O,32,38,MIN,high-sticking-double-minor,4,8475231,8479542
2025020447,1,149,6:19,13:41,1551,right,509,penalty,18,O,59,-40,MIN,slashing,2,8476906,8476887
2025020447,1,234,8:12,11:48,1551,right,509,penalty,18,O,97,-25,MIN,unsportsmanlike-conduct,2,8482100,8483513
2025020447,1,254,9:45,10:15,1451,right,509,penalty,18,D,-29,-42,MIN,delaying-game-puck-over-glass,2,,
2025020447,1,426,14:38,5:22,1551,right,509,penalty,12,N,-20,24,MIN,holding,2,8478047,8482911
2025020447,1,508,17:14,2:46,1551,right,509,penalty,18,O,60,41,MIN,holding,2,8476906,8482768
2025020447,2,573,0:58,19:02,1560,left,509,penalty,18,D,93,16,MIN,hooking,2,8477478,8474600
2025020447,2,590,2:05,17:55,1451,left,509,penalty,12,N,13,41,BEN,too-many-men-on-the-ice,2,,
2025020447,2,756,14:24,5:36,1551,left,509,penalty,18,D,91,-7,MIN,interference,2,8480830,8479980
2025020447,2,760,14:24,5:36,1551,left,509,penalty,12,O,90,-8,MIN,holding-the-stick,2,8479980,8480830
2025020447,2,826,19:02,0:58,1551,left,509,penalty,18,O,-38,37,MIN,tripping,2,8478427,8476887
2025020447,3,903,5:12,14:48,1551,right,509,penalty,12,O,-34,-36,MIN,interference,2,8482482,8482809
2025020448,1,108,4:40,15:20,1551,right,509,penalty,68,D,-27,-36,MIN,high-sticking,2,8476399,8477951
2025020448,2,623,6:44,13:16,1551,left,509,penalty,68,N,-16,-6,MAJ,fighting,5,8479066,8477070
2025020448,2,620,6:44,13:16,1551,left,509,penalty,20,N,-14,-7,MAJ,fighting,5,8477070,8479066
2025020448,2,738,14:18,5:42,1551,left,509,penalty,20,O,89,-27,MIN,holding,2,8479410,8475172
2025020448,3,1095,19:58,0:02,1551,right,509,penalty,20,O,-86,-6,MIN,holding-the-stick,2,8480434,8476456
2025020449,1,362,15:44,4:16,0651,right,509,penalty,26,O,-96,-6,MIN,tripping,2,8476891,8477998
2025020449,2,555,6:17,13:43,1551,left,509,penalty,16,N,18,38,MIN,holding,2,8482155,8482703
2025020449,2,585,9:03,10:57,1551,left,509,penalty,26,D,-84,10,MIN,hooking,2,8484144,8474563
2025020449,2,662,11:09,8:51,0651,left,509,penalty,26,O,85,-27,MIN,tripping,2,8477444,8476469
2025020449,2,722,16:29,3:31,1551,left,509,penalty,16,D,80,-3,MIN,slashing,2,8477998,8484783
2025020449,3,845,5:56,14:04,1551,right,509,penalty,16,O,85,0,MIN,roughing,2,8475208,8483493
2025020449,3,849,5:56,14:04,1551,right,509,penalty,26,D,85,0,MIN,roughing,2,8483493,8475208
2025020450,1,202,12:18,7:42,1551,left,509,penalty,52,D,45,-12,MIN,tripping,2,8478402,8478398
2025020450,1,367,17:37,2:23,0651,left,509,penalty,22,O,88,-1,MIN,interference-goalkeeper,2,8477480,8478402
2025020450,3,873,10:36,9:24,1551,left,509,penalty,22,D,-68,-37,MIN,roughing,2,8477504,8480831
2025020450,3,877,10:36,9:24,1551,left,509,penalty,52,O,-69,-39,MIN,roughing,2,8480831,8477504
2025020451,1,61,1:00,19:00,1560,right,509,penalty,30,D,-90,8,MIN,tripping,2,8479425,8482661
2025020451,1,306,8:50,11:10,1551,right,509,penalty,23,O,-86,-8,MIN,cross-checking,2,8474716,8481024
2025020451,1,309,8:50,11:10,1551,right,509,penalty,30,D,-87,-10,MIN,roughing,2,8481024,8478136
2025020451,2,509,0:08,19:52,1551,left,509,penalty,23,D,-52,35,MIN,cross-checking,2,8481557,8477969
2025020451,3,865,6:21,13:39,1551,right,509,penalty,23,D,83,-4,MIN,cross-checking,2,8478136,8482055
2025020451,3,873,6:55,13:05,1541,right,509,penalty,30,D,-71,-2,MIN,slashing,2,8480748,8482122
2025020451,3,905,9:26,10:34,1551,right,509,penalty,23,O,-96,-6,MIN,slashing,2,8474567,8482691
2025020451,3,909,9:26,10:34,1551,right,509,penalty,30,D,-87,-9,MIN,slashing,2,8482691,8474567
2025020451,3,1004,16:27,3:33,0651,right,509,penalty,23,D,34,22,MIN,tripping,2,8481557,8478444
2025020451,3,1042,19:19,0:41,0651,right,509,penalty,30,O,85,35,MIN,cross-checking,2,8481024,8478864
2025020452,1,123,5:20,14:40,0651,left,509,penalty,55,D,-72,-39,MIN,holding,2,8481725,8484800
2025020452,1,170,8:52,11:08,1551,left,509,penalty,17,D,30,29,MIN,tripping,2,8478975,8481542
2025020452,2,832,15:28,4:32,1551,right,509,penalty,17,D,-70,17,MIN,slashing,2,8478407,8474141
2025020452,2,503,20:00,0:00,1551,right,509,penalty,55,O,-74,5,MIN,roughing,2,8484471,8478407
2025020452,2,507,20:00,0:00,1551,right,509,penalty,17,D,-73,4,MIN,roughing,2,8478407,8484471
2025020453,1,298,17:25,2:35,1551,right,509,penalty,4,D,43,40,MIN,tripping,2,8480448,8478454
2025020453,2,34,13:45,6:15,1551,left,509,penalty,4,D,-56,-29,MIN,slashing,2,8477501,8481533
2025020453,2,788,19:52,0:08,1551,left,509,penalty,21,D,56,14,MIN,slashing,2,8477903,8480039
2025020453,3,505,4:54,15:06,1551,right,509,penalty,21,D,-38,0,PS,ps-holding-on-breakaway,0,8481533,8477492
2025020454,2,568,3:07,16:53,1551,left,509,penalty,2,D,61,-2,MIN,interference,2,8473419,8485366
2025020454,2,676,11:21,8:39,0651,left,509,penalty,13,O,50,19,MIN,hooking,2,8476429,8478421
2025020454,3,812,2:38,17:22,1551,right,509,penalty,2,N,-7,41,MIN,roughing,2,8479393,8484262
2025020454,3,815,2:38,17:22,1551,right,509,penalty,13,N,-8,41,MIN,roughing,2,8484262,8479393
2025020454,3,952,13:28,6:32,1551,right,509,penalty,2,D,-99,11,MIN,roughing,2,8478421,8484262
2025020454,3,956,13:28,6:32,1551,right,509,penalty,13,O,-99,10,MIN,roughing,2,8484262,8478421
2025020455,1,135,6:15,13:45,1551,right,509,penalty,12,O,-98,-13,MIN,hooking,2,8475200,8480829
2025020455,1,334,12:59,7:01,1551,right,509,penalty,28,D,-95,-24,MIN,holding,2,8478427,8484801
2025020455,1,449,18:18,1:42,1551,right,509,penalty,28,D,-97,9,MIN,holding,2,8473533,8479983
2025020455,2,649,14:51,5:09,1551,left,509,penalty,12,D,-81,2,MIN,tripping,2,8484801,8482809
2025020455,3,846,5:16,14:44,1551,right,509,penalty,28,D,-94,20,MIN,cross-checking,2,8482100,8475784
2025020455,3,1099,19:45,0:15,1551,right,509,penalty,12,D,70,-22,MIN,high-sticking,2,8475784,8476422
2025020455,3,1103,19:45,0:15,1551,right,509,penalty,28,O,70,-25,MIN,slashing,2,8476422,8475784
2025020456,2,608,8:26,11:34,1551,left,509,penalty,25,O,43,-35,MIN,hooking,2,8471675,8473994
2025020456,2,705,15:47,4:13,0651,left,509,penalty,25,D,-78,-2,MIN,hooking,2,8483487,8480036
2025020456,3,992,12:26,7:34,1560,right,509,penalty,5,D,-53,19,MIN,slashing,2,8476902,8482758
2025020457,1,107,2:48,17:12,1551,right,509,penalty,19,D,-77,-1,MIN,hooking,2,8482775,8482733
2025020457,1,172,7:59,12:01,1551,right,509,penalty,8,D,45,-39,MIN,slashing,2,8475753,8482737
2025020457,2,549,4:49,15:11,1551,left,509,penalty,19,N,-12,41,BEN,too-many-men-on-the-ice,2,,
2025020457,2,723,19:22,0:38,1551,left,509,penalty,8,D,-83,38,MIN,holding-the-stick,2,8475760,8480865
2025020457,3,923,13:41,6:19,1551,right,509,penalty,19,D,-96,8,MIN,cross-checking,2,8476981,8481006
2025020457,3,919,13:41,6:19,1551,right,509,penalty,8,O,-95,7,MIN,roughing,2,8481006,8476981
2025020458,1,166,9:29,10:31,1551,right,509,penalty,54,O,87,-24,MAJ,fighting,5,8475842,8478434
2025020458,1,163,9:29,10:31,1551,right,509,penalty,3,D,92,-16,MAJ,fighting,5,8478434,8475842
2025020458,2,648,13:13,6:47,1551,left,509,penalty,54,D,81,2,MIN,roughing,2,8482877,8477018
2025020458,2,645,13:13,6:47,1551,left,509,penalty,3,O,80,1,MIN,roughing,2,8477018,8482877
2025020458,2,726,19:10,0:50,1551,left,509,penalty,3,N,20,-40,MIN,high-sticking,2,8475188,8478550
2025020458,3,993,18:02,1:58,1551,right,509,penalty,54,N,-7,40,MIN,roughing,2,8478840,8479353
2025020458,3,997,18:02,1:58,1551,right,509,penalty,3,N,-4,39,MIN,roughing,2,8479353,8478840
2025020459,2,580,4:27,15:33,1551,left,509,penalty,29,O,-50,-16,MIN,tripping,2,8482088,8480893
2025020459,2,682,12:56,7:04,1560,left,509,penalty,29,D,68,-20,MIN,holding,2,8483573,8480893
2025020459,2,759,19:01,0:59,1551,left,509,penalty,29,D,85,-14,MIN,holding,2,8478440,8476867
2025020459,2,769,19:13,0:47,0551,left,509,penalty,15,O,53,22,MIN,hooking,2,8475745,8478440
2025020459,3,907,9:25,10:35,1551,right,509,penalty,15,D,75,10,MIN,high-sticking-double-minor,4,8476867,8482148
2025020459,3,966,13:53,6:07,1551,right,509,penalty,29,D,-81,-2,MIN,tripping,2,8483573,8476867
2025020460,1,70,1:06,18:54,1551,left,509,penalty,24,N,-8,41,BEN,too-many-men-on-the-ice,2,,
2025020460,1,269,12:06,7:54,1551,left,509,penalty,16,N,12,41,BEN,too-many-men-on-the-ice,2,,
2025020460,1,380,18:05,1:55,1551,left,509,penalty,16,D,31,-5,MIN,hooking,2,8481605,8483493
2025020460,2,566,5:08,14:52,1551,right,509,penalty,16,D,-82,-5,MIN,high-sticking,2,8482745,8476473
2025020460,2,798,18:45,1:15,1551,right,509,penalty,16,D,-36,-39,MIN,delaying-game-puck-over-glass,2,,
2025020460,3,842,1:32,18:28,1551,left,509,penalty,24,D,-55,23,MIN,hooking,2,8484197,8476458
2025020460,3,980,12:06,7:54,1551,left,509,penalty,16,D,63,8,MIN,high-sticking,2,8484762,8484783
2025020461,1,19,9:26,10:34,1551,right,509,penalty,14,O,59,41,MIN,unsportsmanlike-conduct,2,8475171,8482090
2025020461,2,770,18:43,1:17,1551,left,509,penalty,10,D,-70,-31,MIN,tripping,2,8480995,8475171
2025020461,3,361,3:00,17:00,1551,right,509,penalty,10,N,-5,6,MAT,match-penalty,15,8477416,8482259
2025020461,3,358,3:00,17:00,1551,right,509,penalty,14,O,89,-34,MAJ,kneeing,5,8477541,8482201
2025020461,3,813,3:00,17:00,1551,right,509,penalty,14,N,-4,-9,MAJ,fighting,5,8478057,8481719
2025020461,3,816,3:00,17:00,1551,right,509,penalty,10,N,-3,-5,MAJ,fighting,5,8481719,8478057
2025020461,3,369,3:00,17:00,1551,right,509,penalty,14,O,91,-32,GAM,game-misconduct,10,,
2025020461,3,377,15:03,4:57,1560,right,509,penalty,14,N,-20,5,MIN,hooking,2,8475166,8477404
2025020462,1,89,2:08,17:52,1551,left,509,penalty,68,D,-39,-26,MIN,hooking,2,8482124,8484388
2025020462,1,180,5:11,14:49,1551,left,509,penalty,26,O,-63,-38,MIN,hooking,2,8480434,8477998
2025020462,1,463,18:43,1:17,1551,left,509,penalty,26,D,77,-28,MIN,interference,2,8482699,8483808
2025020462,2,507,1:35,18:25,1551,right,509,penalty,26,O,40,36,MIN,tripping,2,8479619,8477960
2025020462,3,1067,19:31,0:29,1560,left,509,penalty,26,D,97,-6,MIN,cross-checking,2,8482175,8474563
2025020463,1,71,1:26,18:34,1551,right,509,penalty,20,D,55,4,MIN,tripping,2,8478413,8478397
2025020463,1,199,10:40,9:20,1551,right,509,penalty,20,O,-80,0,MIN,interference,2,8480807,8483609
2025020463,1,307,10:40,9:20,1551,right,509,penalty,7,D,-98,-6,MIN,roughing,2,8479066,8481522
2025020463,1,304,10:40,9:20,1551,right,509,penalty,20,O,-95,-8,MIN,roughing,2,8481522,8479066
2025020463,1,317,11:21,8:39,1541,right,509,penalty,7,N,8,-29,MIN,interference,2,8480797,8482659
2025020463,1,341,12:50,7:10,1451,right,509,penalty,7,D,-51,-16,MIN,tripping,2,8478397,8482097
2025020463,2,482,2:28,17:32,1551,left,509,penalty,20,D,-37,11,MIN,tripping,2,8479982,8480028
2025020463,2,564,5:02,14:58,1551,left,509,penalty,7,O,-36,-29,MIN,interference,2,8480797,8479359
2025020463,2,583,6:54,13:06,1451,left,509,penalty,7,D,84,34,MIN,tripping,2,8482679,8478413
2025020463,2,711,16:44,3:16,1551,left,509,penalty,7,O,-75,-39,MIN,high-sticking,2,8481167,8475722
2025020463,2,720,17:14,2:46,1451,left,509,penalty,20,O,75,4,MIN,high-sticking,2,8477949,8482679
2025020463,2,754,19:14,0:46,1541,left,509,penalty,20,N,-12,37,MIN,slashing,2,8479420,8474150
2025020463,3,781,1:32,18:28,1551,right,509,penalty,20,D,48,-38,MIN,roughing,2,8480802,8476456
2025020463,3,785,1:32,18:28,1551,right,509,penalty,7,O,50,-39,MIN,roughing,2,8476456,8480802
2025020463,3,1009,17:02,2:58,0651,right,509,penalty,20,D,87,-9,MIN,roughing,2,8481522,8480860
2025020463,3,1005,17:02,2:58,0651,right,509,penalty,7,O,83,-6,MIN,roughing,2,8480860,8481522
2025020463,3,1012,17:02,2:58,0651,right,509,penalty,20,D,86,-6,MIN,roughing,2,8481522,8481692
2025020464,1,329,15:17,4:43,1560,right,509,penalty,17,D,-97,13,MIN,cross-checking,2,8484136,8477429
2025020464,2,463,2:27,17:33,1551,left,509,penalty,17,N,15,-28,MIN,tripping,2,8480748,8482762
2025020464,3,1064,15:40,4:20,1551,right,509,penalty,23,N,16,-28,MIN,slashing,2,8474037,8477969
2025020464,3,1089,17:50,2:10,1551,right,509,penalty,23,D,87,-29,MIN,holding,2,8477429,8484136
2025020464,3,1102,18:26,1:34,1550,right,509,penalty,17,O,94,-22,MIN,tripping,2,8477969,8483464
2025020465,1,74,1:08,18:52,0651,left,509,penalty,55,D,-78,40,MIN,tripping,2,8481557,8476905
2025020465,1,360,11:16,8:44,1551,left,509,penalty,55,D,-30,-26,MIN,high-sticking,2,8478864,8478407
2025020465,1,24,15:03,4:57,1551,left,509,penalty,30,O,-91,-28,MIN,roughing,2,8478407,8483525
2025020465,1,409,15:03,4:57,1551,left,509,penalty,30,O,-91,-27,MIN,roughing,2,8478407,8483525
2025020465,1,413,15:03,4:57,1551,left,509,penalty,55,D,-94,-26,MIN,roughing,2,8483525,8478407
2025020465,2,552,1:39,18:21,1551,right,509,penalty,55,D,95,7,MIN,high-sticking,2,8478493,8481554
2025020465,2,38,6:40,13:20,1560,right,509,penalty,30,O,92,-32,MIN,tripping,2,8477986,8481557
2025020465,2,707,13:32,6:28,1551,right,509,penalty,30,D,-61,39,MIN,holding-the-stick,2,8478975,8482094
2025020466,1,107,3:56,16:04,1551,right,509,penalty,14,D,-41,4,MIN,interference,2,8478133,8480995
2025020466,1,111,3:56,16:04,1551,right,509,penalty,8,O,-92,-30,MIN,roughing,2,8481719,8475848
2025020466,1,114,3:56,16:04,1551,right,509,penalty,14,D,-94,-28,MIN,roughing,2,8475848,8481719
2025020466,1,18,20:00,0:00,1560,right,509,penalty,14,D,-69,18,MIN,cross-checking,2,8481540,8480426
2025020466,2,490,4:44,15:16,1551,left,509,penalty,14,D,71,12,MIN,tripping,2,8480865,8476453
2025020466,2,684,12:33,7:27,1551,left,509,penalty,8,N,-19,-3,MIN,interference,2,8479542,8482964
2025020466,2,753,18:10,1:50,1551,left,509,penalty,14,D,86,-26,MIN,tripping,2,8484984,8480426
2025020466,3,860,5:54,14:06,1551,right,509,penalty,8,N,-20,-13,MIN,tripping,2,8480876,8482737
2025020466,3,894,8:37,11:23,1551,right,509,penalty,8,D,78,27,MIN,high-sticking,2,8476878,8482964
2025020466,3,508,15:16,4:44,1551,right,509,penalty,14,O,75,27,MAJ,fighting,5,8476981,8477149
2025020466,3,511,15:16,4:44,1551,right,509,penalty,8,D,72,27,MAJ,fighting,5,8477149,8476981
2025020466,3,1024,19:03,0:57,1551,right,509,penalty,14,O,51,-39,MIN,roughing,2,8483728,8482929
2025020466,3,1028,19:03,0:57,1551,right,509,penalty,8,D,56,-39,MIN,roughing,2,8482929,8483728
2025020467,1,63,0:36,19:24,1560,left,509,penalty,1,O,-44,21,MIN,high-sticking,2,8480801,8476474
2025020467,1,85,1:46,18:14,1551,left,509,penalty,9,D,-81,39,MIN,delaying-game-puck-over-glass,2,,
2025020467,1,269,11:31,8:29,1551,left,509,penalty,1,D,96,-4,MIN,tripping,2,8482116,8475455
2025020467,2,527,2:52,17:08,1551,right,509,penalty,1,O,92,-16,MIN,roughing,2,8482095,8481065
2025020467,2,531,2:52,17:08,1551,right,509,penalty,9,D,94,-14,MIN,roughing,2,8481065,8482095
2025020467,2,582,6:06,13:54,0651,right,509,penalty,9,D,82,0,MIN,high-sticking,2,8476292,8482245
2025020467,2,676,9:32,10:28,1551,right,509,penalty,1,D,-85,-1,MIN,slashing,2,8480188,8480002
2025020467,3,914,6:46,13:14,1551,left,509,penalty,9,O,86,0,MIN,interference-goalkeeper,2,8474593,8480801
2025020468,1,243,9:37,10:23,1551,left,509,penalty,2,O,97,-7,MIN,tripping,2,8475188,8477500
2025020468,1,314,10:31,9:29,1541,left,509,penalty,54,O,-28,-7,MIN,interference,2,8482476,8478483
2025020468,1,23,10:54,9:06,1441,left,509,penalty,2,D,-88,-6,MIN,tripping,2,8479353,8478009
2025020468,1,491,18:55,1:05,1551,left,509,penalty,54,D,93,26,MIN,roughing,2,8485366,8475188
2025020468,1,495,18:55,1:05,1551,left,509,penalty,2,O,97,-2,MIN,roughing,2,8475188,8477407
2025020468,2,530,1:24,18:36,1551,right,509,penalty,54,O,87,0,MIN,interference-goalkeeper,2,8478009,8479353
2025020468,3,881,8:44,11:16,1551,left,509,penalty,54,D,42,18,MIN,hooking,2,8477407,8481604
2025020468,3,1039,17:39,2:21,0651,left,509,penalty,2,D,-55,38,MIN,delaying-game-puck-over-glass,2,,
2025020468,3,1074,19:56,0:04,1551,left,509,penalty,2,O,86,16,MIN,high-sticking,2,8479353,8481237
2025020469,1,378,16:10,3:50,1551,right,509,penalty,28,D,-86,36,MIN,holding,2,8483733,8480043
2025020469,1,28,20:00,0:00,1551,right,509,penalty,28,D,-65,-34,MIN,hooking,2,8479022,8478874
2025020469,2,588,8:56,11:04,1551,left,509,penalty,4,N,-1,-26,MIN,hooking,2,8479983,8478439
2025020469,3,880,11:57,8:03,1551,right,509,penalty,4,O,-86,-4,MIN,high-sticking,2,8480848,8484387
2025020470,1,467,15:47,4:13,1560,left,509,penalty,24,D,65,-19,MIN,hooking,2,8479638,8484153
2025020470,1,502,18:31,1:29,1551,left,509,penalty,24,D,33,-39,MIN,cross-checking,2,8480980,8475184
2025020470,2,679,7:22,12:38,1551,right,509,penalty,24,N,11,41,BEN,too-many-men-on-the-ice,2,,
2025020470,2,713,10:10,9:50,1551,right,509,penalty,5,O,-69,-24,MIN,interference,2,8482803,8478046
2025020470,3,1081,15:58,4:02,1551,left,509,penalty,24,D,85,4,MIN,holding-the-stick,2,8483487,8478024
2025020470,3,1132,19:42,0:18,0660,left,509,penalty,24,O,-49,37,MIN,tripping,2,8478046,8475184
2025020471,1,196,6:28,13:32,1551,right,509,penalty,29,O,98,-4,MIN,tripping,2,8476873,8483432
2025020471,1,325,12:06,7:54,1551,right,509,penalty,12,N,0,-11,MIN,tripping,2,8480806,8475791
2025020471,1,360,14:54,5:06,1551,right,509,penalty,29,O,91,22,MIN,roughing,2,8482809,8477425
2025020471,3,852,5:11,14:49,1551,right,509,penalty,12,D,53,12,MIN,tripping,2,8484166,8476921
2025020471,3,910,9:33,10:27,1551,right,509,penalty,29,N,-4,-5,MIN,slashing,2,8482809,8482705
2025020471,3,948,13:18,6:42,1551,right,509,penalty,29,O,83,-19,MIN,high-sticking,2,8480817,8480893
2025020471,3,1021,18:38,1:22,0651,right,509,penalty,12,D,43,32,MIN,hooking,2,8483485,8482809
2025020472,1,113,3:54,16:06,1551,left,509,penalty,6,D,65,-1,MIN,slashing,2,8475760,8478401
2025020472,1,14,6:59,13:01,1551,left,509,penalty,19,D,-98,5,MIN,roughing,2,8479999,8482733
2025020472,1,155,6:59,13:01,1551,left,509,penalty,6,O,-96,8,MIN,roughing,2,8482733,8479999
2025020472,1,177,8:25,11:35,1441,left,509,penalty,6,O,-26,-38,MIN,tripping,2,8480023,8476854
2025020472,1,239,12:23,7:37,1551,left,509,penalty,19,D,-59,-31,MIN,interference,2,8478042,8482733
2025020472,1,556,19:55,0:05,1551,left,509,penalty,19,D,-44,-40,MIN,high-sticking,2,8479987,8475760
2025020473,1,76,1:44,18:16,1560,right,509,penalty,25,D,-59,20,MIN,hooking,2,8480014,8484829
2025020473,1,254,10:01,9:59,0651,right,509,penalty,52,D,93,9,MIN,hooking,2,8480840,8480289
2025020473,1,534,19:32,0:28,1551,right,509,penalty,52,N,4,10,MIN,tripping,2,8478420,8480289
2025020473,2,748,16:46,3:14,1560,left,509,penalty,25,O,-46,34,MIN,hooking,2,8478398,8482740
2025020473,3,820,3:07,16:53,1551,right,509,penalty,52,D,95,-20,MIN,high-sticking,2,8475168,8476331
2025020473,3,873,8:25,11:35,1551,right,509,penalty,25,D,-94,-22,MIN,hooking,2,8476460,8475755
2025020473,3,906,11:01,8:59,1551,right,509,penalty,52,O,-26,18,MIN,hooking,2,8476278,8476480
2025020473,3,977,17:30,2:30,1560,right,509,penalty,25,N,21,22,MIN,tripping,2,8478398,8478420
2025020474,1,273,12:51,7:09,1551,left,509,penalty,22,D,-67,-39,MIN,boarding,2,8481522,8477498
2025020474,1,338,18:28,1:32,1551,left,509,penalty,22,O,85,-1,MIN,interference-goalkeeper,2,8481551,8485493
2025020474,2,642,5:27,14:33,1551,right,509,penalty,7,O,84,36,MIN,hooking,2,8480803,8482097
2025020474,2,720,11:19,8:41,1551,right,509,penalty,22,N,10,34,MIN,interference,2,8482659,8475786
2025020474,2,872,15:31,4:29,1551,right,509,penalty,7,D,-51,42,MIN,delaying-game-puck-over-glass,2,,
2025020474,3,1049,7:51,12:09,1551,left,509,penalty,7,D,96,-5,MIN,tripping,2,8477934,8480839
2025020474,3,1118,12:51,7:09,1551,left,509,penalty,22,O,95,19,MIN,hooking,2,8479982,8475786
2025020474,3,1132,13:59,6:01,1541,left,509,penalty,22,D,-46,-39,MIN,tripping,2,8479420,8474641
2025020474,3,1148,15:11,4:49,1541,left,509,penalty,7,O,-50,-38,MIN,hooking,2,8475786,8477949
2025020474,3,1174,17:17,2:43,1551,left,509,penalty,22,O,91,15,MIN,hooking,2,8479359,8476454
2025020475,1,151,3:01,16:59,1560,left,509,penalty,21,O,-63,41,MIN,tripping,2,8481056,8481641
2025020475,1,319,11:20,8:40,1551,left,509,penalty,21,N,24,14,MIN,tripping,2,8478047,8480069
2025020475,2,126,15:05,4:55,1551,right,509,penalty,18,D,98,0,MIN,tripping,2,8476455,8481056
2025020475,2,133,17:01,2:59,1541,right,509,penalty,18,D,85,-2,MIN,cross-checking,2,8475754,8479980
2025020475,2,148,19:37,0:23,1551,right,509,penalty,18,D,60,21,MIN,delaying-game-puck-over-glass,2,,
2025020475,3,1111,18:22,1:38,0651,left,509,penalty,18,D,-39,-20,MIN,tripping,2,8480069,8475287
2025020476,2,504,2:31,17:29,1551,left,509,penalty,3,D,43,35,MIN,holding,2,8484197,8481525
2025020476,2,539,5:25,14:35,1551,left,509,penalty,16,D,-93,-18,MIN,slashing,2,8478550,8482176
2025020476,3,840,4:35,15:25,1560,right,509,penalty,3,O,39,-31,MIN,hooking,2,8483493,8477839
2025020476,3,875,7:04,12:56,1551,right,509,penalty,16,D,72,0,MIN,tripping,2,8482109,8481806
2025020476,3,933,11:55,8:05,1551,right,509,penalty,16,D,38,-21,MIN,interference,2,8482109,8477450
2025020476,3,462,19:41,0:19,1551,right,509,penalty,3,N,-15,-39,MIN,roughing,2,8483493,8475842
2025020476,3,1043,19:41,0:19,1551,right,509,penalty,3,N,-14,-39,MIN,roughing,2,8483493,8475842
2025020477,1,463,18:11,1:49,1551,right,509,penalty,17,D,-88,6,MIN,roughing,2,8479066,8476434
2025020477,1,460,18:11,1:49,1551,right,509,penalty,20,O,-89,6,MIN,slashing,2,8476434,8483609
2025020477,1,451,18:11,1:49,1551,right,509,penalty,20,O,-95,8,MIN,roughing,2,8474612,8479066
2025020477,1,456,18:11,1:49,1551,right,509,penalty,17,D,-94,8,MIN,roughing,2,8479066,8474612
2025020477,2,529,2:24,17:36,1551,left,509,penalty,17,D,80,13,MIN,holding,2,8475172,8483464
2025020477,2,607,3:51,16:09,1451,left,509,penalty,20,N,20,22,MIN,tripping,2,8484471,8476399
2025020477,2,620,4:27,15:33,1541,left,509,penalty,17,N,24,38,MIN,tripping,2,8475172,8477946
2025020477,2,708,9:35,10:25,1551,left,509,penalty,17,D,98,-2,MIN,holding,2,8476456,8477429
2025020477,3,929,6:33,13:27,1551,right,509,penalty,20,N,1,39,MIN,roughing,2,8474037,8483609
2025020477,3,416,8:02,11:58,1541,right,509,penalty,17,D,-58,2,PS,ps-holding-on-breakaway,0,8480797,8484223
2025020478,1,126,5:01,14:59,1551,left,509,penalty,13,D,78,4,MIN,slashing,2,8484388,8484304
2025020478,1,23,19:27,0:33,1551,left,509,penalty,13,N,-14,25,MIN,high-sticking,2,8479410,8478421
2025020478,2,800,19:15,0:45,1551,right,509,penalty,13,O,96,18,MIN,cross-checking,2,8478831,8480185
2025020478,3,824,1:05,18:55,1451,left,509,penalty,68,D,-93,23,MIN,holding,2,8473419,8479410
2025020478,3,904,6:48,13:12,1551,left,509,penalty,68,D,-52,-35,MIN,hooking,2,8480185,8480434
2025020479,1,176,5:13,14:47,1560,left,509,penalty,26,O,-32,-25,MIN,tripping,2,8482751,8474563
2025020479,1,406,14:51,5:09,0651,left,509,penalty,55,D,-63,-32,MIN,hooking,2,8482155,8476457
2025020479,2,574,2:40,17:20,1551,right,509,penalty,26,D,-68,16,MIN,tripping,2,8483497,8476879
2025020479,2,590,3:47,16:13,1551,right,509,penalty,55,O,-93,-10,MIN,slashing,2,8479998,8482751
2025020479,2,601,5:12,14:48,1541,right,509,penalty,26,O,62,19,MIN,hooking,2,8483570,8471685
2025020479,2,617,6:32,13:28,1451,right,509,penalty,26,D,-33,-26,MIN,tripping,2,8476905,8477998
2025020479,3,793,0:54,19:06,1551,left,509,penalty,55,O,91,33,MIN,tripping,2,8476441,8478975
2025020479,3,894,9:37,10:23,1551,left,509,penalty,26,O,-38,-31,MIN,tripping,2,8480009,8477942
2025020479,3,1007,14:12,5:48,1551,left,509,penalty,55,O,34,-36,MIN,high-sticking-double-minor,4,8470621,8482858
2025020479,3,1081,19:21,0:39,1560,left,509,penalty,26,D,91,8,MIN,tripping,2,8477955,8476341
2025020479,4,1114,1:05,3:55,1331,right,509,penalty,26,D,-66,11,MIN,slashing,2,8482665,8477960
2025020480,1,77,1:31,18:29,1551,right,509,penalty,10,D,88,8,MIN,tripping,2,8475784,8481122
2025020480,1,29,11:46,8:14,1551,right,509,penalty,10,D,84,4,PS,ps-hooking-on-breakaway,0,8480848,8476853
2025020480,2,542,5:58,14:02,1551,left,509,penalty,28,D,71,-24,MIN,tripping,2,8484158,8475906
2025020480,2,695,14:04,5:56,1551,left,509,penalty,28,O,-87,28,MIN,hooking,2,8479442,8484801
2025020480,3,864,6:28,13:32,1551,right,509,penalty,10,O,-62,17,MIN,interference,2,8475784,8478057
2025020480,3,904,9:03,10:57,1551,right,509,penalty,28,D,-72,1,MIN,hooking,2,8478462,8480848
2025020481,1,381,12:28,7:32,1551,left,509,penalty,1,D,-80,4,MIN,hooking,2,8478519,8480002
2025020481,1,412,14:53,5:07,1551,left,509,penalty,1,D,-86,-25,MIN,hooking,2,8480995,8483495
2025020481,1,33,17:10,2:50,1551,left,509,penalty,14,O,-59,-39,MIN,boarding,2,8482684,8477149
2025020481,1,30,17:10,2:50,1551,left,509,penalty,1,D,-37,-29,MAJ,fighting,5,8477149,8475455
2025020481,1,26,17:10,2:50,1551,left,509,penalty,14,O,-37,-34,MAJ,fighting,5,8475455,8477149
2025020481,2,708,12:18,7:42,1551,right,509,penalty,14,D,-83,6,MIN,tripping,2,8477015,8476826
2025020481,3,968,13:37,6:23,1551,left,509,penalty,14,D,55,37,MIN,slashing,2,8475455,8477149
2025020481,3,994,15:15,4:45,1451,left,509,penalty,1,O,81,-3,MIN,holding,2,8476878,8476292
2025020482,1,172,8:33,11:27,1551,left,509,penalty,24,D,57,-12,MIN,high-sticking,2,8481237,8476458
2025020482,1,348,17:23,2:37,1551,left,509,penalty,24,O,-95,24,MIN,boarding,2,8476917,8484762
2025020482,2,501,4:46,15:14,1551,right,509,penalty,24,N,-18,2,MIN,holding,2,8485702,8481605
2025020482,2,512,5:25,14:35,1451,right,509,penalty,2,O,-93,-22,MIN,hooking,2,8475462,8477407
2025020482,3,826,1:48,18:12,1551,left,509,penalty,24,D,36,-19,MIN,hooking,2,8481237,8475184
2025020483,1,371,19:43,0:17,1560,right,509,penalty,54,O,68,10,MIN,tripping,2,8482126,8477964
2025020483,2,424,3:34,16:26,1551,left,509,penalty,4,O,28,-4,MIN,holding,2,8476881,8479336
2025020483,2,580,12:05,7:55,1551,left,509,penalty,4,N,21,41,BEN,too-many-men-on-the-ice,2,,
2025020483,2,653,13:32,6:28,1551,left,509,penalty,54,O,-52,-39,MIN,tripping,2,8479336,8481604
2025020483,3,979,15:12,4:48,1551,right,509,penalty,54,O,42,-37,MIN,elbowing,2,8479336,8479353
2025020484,1,227,9:16,10:44,1551,left,509,penalty,8,N,0,-17,MIN,holding,2,8479638,8478851
2025020484,1,296,13:48,6:12,1551,left,509,penalty,5,N,0,-41,MIN,holding,2,8481593,8479638
2025020484,2,535,4:58,15:02,1551,right,509,penalty,8,D,-79,-4,MIN,slashing,2,8483487,8480865
2025020484,2,600,9:29,10:31,1551,right,509,penalty,5,O,-69,-33,MIN,tripping,2,8483686,8482758
2025020484,2,667,10:32,9:28,1551,right,509,penalty,8,N,0,33,MIN,holding,2,8471675,8483728
2025020484,3,923,2:15,17:45,0651,left,509,penalty,5,O,49,-6,MIN,slashing,2,8476981,8478046
2025020484,3,945,4:11,15:49,1550,left,509,penalty,8,O,-91,27,MIN,hooking,2,8478854,8484984
2025020484,3,963,5:46,14:14,1451,left,509,penalty,8,D,80,0,MIN,roughing,2,8485414,8478851
2025020484,3,1075,14:50,5:10,1551,left,509,penalty,8,D,66,12,MIN,holding,2,8483487,8483686
2025020484,3,1143,19:41,0:19,1560,left,509,penalty,5,O,58,37,MIN,hooking,2,8480865,8471724
2025020485,1,410,18:55,1:05,1551,right,509,penalty,15,O,-97,20,MIN,roughing,2,8476906,8482088
2025020485,2,771,17:29,2:31,1551,left,509,penalty,15,D,-69,40,MIN,cross-checking,2,8482809,8475343
2025020485,3,814,0:02,19:58,1551,right,509,penalty,12,N,-6,-1,MAJ,fighting,5,8475343,8476921
2025020485,3,818,0:02,19:58,1551,right,509,penalty,15,N,-8,0,MAJ,fighting,5,8476921,8475343
2025020485,3,845,1:35,18:25,1551,right,509,penalty,12,D,-42,38,MIN,interference,2,8476880,8480817
2025020486,1,411,14:01,5:59,1551,left,509,penalty,29,O,80,33,MIN,holding,2,8474102,8475745
2025020486,2,641,7:11,12:49,1551,right,509,penalty,9,N,0,-41,BEN,too-many-men-on-the-ice,2,,
2025020486,3,981,11:33,8:27,1551,left,509,penalty,29,O,96,-13,MIN,high-sticking,2,8480801,8482705
2025020487,1,142,3:07,16:53,1551,left,509,penalty,18,O,85,-1,MIN,interference-goalkeeper,2,8476412,8483513
2025020487,1,498,18:16,1:44,1560,left,509,penalty,19,O,-38,-31,MIN,high-sticking-double-minor,4,8482146,8477952
2025020487,2,94,17:19,2:41,1551,right,509,penalty,19,D,-73,-37,MAJ,fighting,5,8477446,8481006
2025020487,2,97,17:19,2:41,1551,right,509,penalty,18,O,-76,-36,MAJ,fighting,5,8481006,8477446
2025020487,3,902,6:13,13:47,1551,left,509,penalty,19,O,-95,8,MIN,tripping,2,8475158,8480459
2025020487,3,989,12:43,7:17,1560,left,509,penalty,19,D,78,0,MIN,high-sticking,2,8478047,8475764
2025020487,3,1016,15:15,4:45,1551,left,509,penalty,18,N,14,40,MIN,hooking,2,8480023,8476887
2025020487,3,1047,17:53,2:07,1551,left,509,penalty,18,D,-79,35,MIN,slashing,2,8483463,8482482
2025020488,1,276,8:51,11:09,1551,right,509,penalty,30,O,-80,-31,MIN,hooking,2,8481609,8477451
2025020488,2,562,2:17,17:43,1551,left,509,penalty,25,O,-99,-2,MIN,high-sticking,2,8478493,8475168
2025020488,2,645,9:38,10:22,1551,left,509,penalty,25,N,-24,37,MIN,interference,2,8481557,8478449
2025020488,2,779,19:45,0:15,1551,left,509,penalty,25,D,91,6,MIN,holding,2,8477451,8476278
2025020489,1,59,0:03,19:57,1551,right,509,penalty,6,N,-3,-15,MAJ,fighting,5,8474568,8480355
2025020489,1,62,0:03,19:57,1551,right,509,penalty,52,N,-2,-15,MAJ,fighting,5,8480355,8474568
2025020489,1,115,3:27,16:33,1551,right,509,penalty,6,D,-82,-14,MIN,tripping,2,8480289,8479325
2025020489,1,178,7:25,12:35,1551,right,509,penalty,52,O,-95,-19,MIN,tripping,2,8476854,8474679
2025020489,1,199,8:47,11:13,1551,right,509,penalty,52,O,-83,18,MIN,holding,2,8479369,8480289
2025020489,1,444,15:59,4:01,1560,right,509,penalty,6,D,-31,-38,MIN,tripping,2,8474679,8477496
2025020489,1,479,18:43,1:17,1551,right,509,penalty,6,D,-50,22,MIN,hooking,2,8480014,8479987
2025020489,2,821,17:36,2:24,1551,left,509,penalty,6,D,81,1,MIN,interference,2,8473604,8479369
2025020490,1,204,9:33,10:27,1551,right,509,penalty,13,D,-83,-5,MIN,slashing,2,8480448,8477409
2025020490,1,359,13:19,6:41,1551,right,509,penalty,21,D,83,-6,MIN,hooking,2,8480185,8476312
2025020490,2,761,15:52,4:08,1551,left,509,penalty,13,O,-32,39,MIN,holding,2,8477492,8478859
2025020490,2,798,18:52,1:08,1551,left,509,penalty,13,D,87,21,MIN,tripping,2,8484149,8482713
2025020490,3,923,7:47,12:13,0651,right,509,penalty,21,O,-79,-37,MIN,holding,2,8484304,8484149
2025020490,3,517,14:58,5:02,1551,right,509,penalty,13,D,-66,4,PS,ps-hooking-on-breakaway,0,8477492,8477932
2025020491,1,281,13:24,6:36,1551,left,509,penalty,17,D,44,39,MIN,hooking,2,8477934,8474141
2025020491,1,382,17:42,2:18,1551,left,509,penalty,22,O,27,16,MIN,interference,2,8477456,8483512
2025020491,2,709,10:07,9:53,1551,right,509,penalty,22,D,60,-12,MIN,hooking,2,8482078,8475218
2025020491,2,824,19:27,0:33,1551,right,509,penalty,17,D,-65,-8,MIN,high-sticking,2,8475786,8475279
2025020492,1,250,13:40,6:20,1551,right,509,penalty,23,D,28,21,MIN,interference,2,8481522,8483395
2025020492,1,394,19:17,0:43,1551,right,509,penalty,7,O,90,-32,MIN,high-sticking,2,8484240,8482097
2025020492,1,391,19:17,0:43,1551,right,509,penalty,23,D,87,-33,MIN,high-sticking,2,8482097,8484240
2025020492,1,387,19:17,0:43,1551,right,509,penalty,7,O,85,-33,MIN,high-sticking,2,8484240,8482097
2025020492,2,837,14:09,5:51,0651,left,509,penalty,23,D,-80,0,MIN,roughing-removing-opponents-helmet,2,8482765,8479425
2025020492,2,862,15:44,4:16,1551,left,509,penalty,23,D,-30,-41,MIN,roughing,2,8484145,8482055
2025020492,2,866,15:44,4:16,1551,left,509,penalty,7,O,-30,-40,MIN,roughing,2,8480748,8484145
2025020492,2,956,19:13,0:47,1551,left,509,penalty,7,N,-19,29,MIN,tripping,2,8478856,8478413
2025020492,3,1059,6:31,13:29,1551,right,509,penalty,7,D,-54,-1,MIN,slashing,2,8481535,8479359
2025020493,1,227,9:06,10:54,1551,left,509,penalty,16,O,-95,3,MIN,hooking,2,8476892,8482703
2025020493,1,20,16:27,3:33,1551,left,509,penalty,16,N,5,0,MAJ,fighting,5,8482733,8482703
2025020493,1,17,16:27,3:33,1551,left,509,penalty,19,N,-9,0,MAJ,fighting,5,8482703,8482733
2025020493,2,47,16:04,3:56,1551,right,509,penalty,19,N,-19,-24,MAJ,fighting,5,8476473,8482077
2025020493,2,50,16:04,3:56,1551,right,509,penalty,16,N,-18,-20,MAJ,fighting,5,8482077,8476473
2025020493,3,1049,14:54,5:06,1551,left,509,penalty,19,N,-17,41,MIN,roughing,2,8484144,8482089
2025020493,3,1053,14:54,5:06,1551,left,509,penalty,16,N,-15,41,MIN,roughing,2,8482089,8484144
2025020494,1,17,7:34,12:26,0651,left,509,penalty,68,N,-19,40,MIN,tripping,2,8482665,8476874
2025020494,1,410,13:47,6:13,1560,left,509,penalty,55,D,82,-3,MIN,interference,2,8479977,8476457
2025020494,2,598,4:32,15:28,1551,right,509,penalty,68,O,-83,-1,MIN,roughing,2,8479324,8478474
2025020494,2,652,4:32,15:28,1551,right,509,penalty,55,D,-85,0,MIN,roughing,2,8478474,8479324
2025020494,3,934,5:13,14:47,0651,left,509,penalty,68,D,-72,1,MIN,slashing,2,8474586,8478507
2025020494,3,943,5:31,14:29,1541,left,509,penalty,68,D,-48,-40,MIN,delaying-game-puck-over-glass,2,,
2025020494,3,1037,12:34,7:26,1560,left,509,penalty,55,D,76,0,MIN,cross-checking,2,8478507,8479324
2025020494,3,1134,15:24,4:36,1551,left,509,penalty,68,D,-81,0,MIN,hooking,2,8481554,8482175
2025020495,1,329,16:22,3:38,1551,left,509,penalty,1,N,-18,-36,MIN,high-sticking,2,8483445,8476462
2025020495,2,492,0:18,19:42,1551,right,509,penalty,1,D,78,0,MIN,hooking,2,8484153,8478399
2025020495,2,559,6:16,13:44,1551,right,509,penalty,24,O,82,-33,MIN,hooking,2,8476822,8476458
2025020495,2,576,7:31,12:29,1451,right,509,penalty,24,D,-63,-38,MIN,holding,2,8482684,8473986
2025020495,2,644,12:10,7:50,1551,right,509,penalty,1,N,-18,42,BEN,too-many-men-on-the-ice,2,,
2025020496,1,78,1:34,18:26,1551,right,509,penalty,9,D,-97,-20,MIN,delaying-game-puck-over-glass,2,,
2025020496,2,576,4:56,15:04,1551,left,509,penalty,9,D,89,23,MIN,holding,2,8475149,8474102
2025020496,2,763,14:04,5:56,1551,left,509,penalty,9,N,2,-37,MIN,slashing,2,8478493,8482095
2025020496,2,818,17:34,2:26,1551,left,509,penalty,30,D,-71,6,MIN,holding,2,8478020,8483460
2025020496,2,826,17:58,2:02,1541,left,509,penalty,30,D,-92,-24,MIN,slashing,2,8481528,8478493
2025020496,2,607,20:00,0:00,1551,left,509,penalty,30,O,42,-36,MAJ,fighting,5,8482092,8477451
2025020496,2,604,20:00,0:00,1551,left,509,penalty,9,D,38,-38,MAJ,fighting,5,8477451,8482092
2025020496,3,929,5:09,14:51,1551,right,509,penalty,30,O,-32,24,MIN,slashing,2,8482105,8478864
2025020496,3,1008,6:33,13:27,1551,right,509,penalty,30,D,84,-35,MIN,roughing,2,8482116,8478493
2025020496,3,1011,6:33,13:27,1551,right,509,penalty,9,O,89,-33,MIN,roughing,2,8478493,8482116
2025020496,3,1127,15:28,4:32,0651,right,509,penalty,30,D,98,9,MIN,high-sticking,2,8480801,8482094
2025020497,1,184,6:19,13:41,1551,left,509,penalty,5,D,-74,2,MIN,hooking,2,8484227,8477365
2025020497,1,372,12:33,7:27,1560,left,509,penalty,28,D,68,2,MIN,tripping,2,8482758,8484801
2025020497,1,386,12:52,7:08,1551,left,509,penalty,28,N,-21,-27,MIN,slashing,2,8477511,8475784
2025020497,1,390,12:52,7:08,1551,left,509,penalty,5,D,-27,-29,MIN,cross-checking,2,8475784,8477511
2025020497,1,417,15:01,4:59,1551,left,509,penalty,28,N,8,39,MIN,hooking,2,8478854,8484227
2025020497,2,554,2:15,17:45,1551,right,509,penalty,28,D,-77,-1,MIN,hooking,2,8480980,8475181
2025020497,2,831,18:19,1:41,1551,right,509,penalty,28,D,-58,-41,MIN,high-sticking,2,8471675,8475200
2025020497,3,900,2:55,17:05,1551,left,509,penalty,5,D,-65,-36,MIN,holding,2,8475784,8477435
2025020497,3,911,3:30,16:30,1541,left,509,penalty,28,O,-69,39,MIN,roughing,2,8478450,8484801
2025020497,3,43,3:30,16:30,1541,left,509,penalty,28,O,-70,39,MIN,roughing,2,8478450,8484801
2025020497,3,915,3:30,16:30,1541,left,509,penalty,5,D,-72,39,MIN,roughing,2,8484801,8478450
2025020497,3,949,5:39,14:21,1551,left,509,penalty,5,N,4,-25,MIN,hooking,2,8477505,8480980
2025020497,3,963,6:54,13:06,1541,left,509,penalty,5,D,-96,9,MIN,broken-stick,2,,
2025020498,1,69,1:12,18:48,1551,left,509,penalty,14,D,30,20,MIN,interference,2,8482476,8478010
2025020498,1,81,1:45,18:15,1451,left,509,penalty,2,O,95,23,MIN,hooking,2,8479542,8485702
2025020498,1,91,2:11,17:49,1441,left,509,penalty,14,D,80,3,MIN,hooking,2,8482476,8480426
2025020498,1,36,20:00,0:00,1551,left,509,penalty,14,N,14,38,MIN,abuse-of-officials,2,,
2025020498,2,512,1:22,18:38,1451,right,509,penalty,2,N,-15,38,BEN,too-many-men-on-the-ice,2,,
2025020498,2,600,8:17,11:43,1551,right,509,penalty,2,D,85,35,MIN,holding,2,8483752,8484262
2025020498,2,614,9:20,10:40,1541,right,509,penalty,2,D,39,13,MIN,tripping,2,8476453,8475231
2025020498,2,737,13:50,6:10,1551,right,509,penalty,2,N,-8,39,MIN,tripping,2,8483752,8481601
2025020498,3,917,5:01,14:59,1551,left,509,penalty,14,D,96,-8,MIN,tripping,2,8478445,8480426
2025020499,1,165,3:38,16:22,1551,right,509,penalty,10,O,-88,31,MIN,high-sticking,2,8481617,8477503
2025020499,2,690,5:22,14:38,1551,left,509,penalty,10,D,-88,32,MIN,hooking,2,8481617,8475166
2025020499,2,801,14:02,5:58,1551,left,509,penalty,22,O,-27,-21,MIN,interference,2,8476931,8481617
2025020500,1,380,16:59,3:01,1560,right,509,penalty,8,D,-80,5,MIN,interference,2,8482157,8483457
2025020500,1,520,19:08,0:52,1551,right,509,penalty,8,D,-71,2,PS,ps-holding-on-breakaway,0,8478550,8480865
2025020500,1,464,19:52,0:08,1551,right,509,penalty,3,N,21,-35,MIN,tripping,2,8475848,8478882
2025020500,2,683,12:24,7:36,1551,left,509,penalty,3,D,-81,6,MIN,roughing,2,8483424,8478840
2025020500,2,687,12:24,7:36,1551,left,509,penalty,8,O,-83,6,MIN,roughing,2,8478840,8483424
2025020500,4,1096,2:29,2:31,1340,left,509,penalty,8,D,55,-5,MIN,slashing,2,8478550,8478133
2025020501,1,111,3:57,16:03,0651,right,509,penalty,4,O,-34,-8,MIN,tripping,2,8480336,8484387
2025020501,2,701,16:54,3:06,1551,left,509,penalty,4,D,-90,29,MIN,delaying-game-puck-over-glass,2,,
2025020502,1,211,10:49,9:11,1551,left,509,penalty,54,O,-30,-31,MIN,slashing,2,8480893,8476438
2025020502,1,324,15:02,4:58,1551,left,509,penalty,29,O,91,-17,MIN,high-sticking,2,8478483,8481716
2025020502,2,392,0:16,19:44,1551,right,509,penalty,29,D,74,38,MIN,tripping,2,8478483,8476923
2025020502,2,528,2:31,17:29,1551,right,509,penalty,29,D,53,-2,MIN,illegal-check-to-head,2,8481604,8474090
2025020502,2,594,8:14,11:46,1551,right,509,penalty,54,D,-65,-39,MIN,holding,2,8480893,8479353
2025020502,3,1029,17:01,2:59,1551,left,509,penalty,54,D,81,3,MIN,high-sticking-double-minor,4,8484166,8475188
2025020503,1,140,6:50,13:10,1551,right,509,penalty,52,O,-38,-34,MIN,high-sticking,2,8478911,8476460
2025020503,1,282,9:59,10:01,1551,right,509,penalty,52,D,36,5,MIN,high-sticking,2,8481580,8473604
2025020503,2,609,5:52,14:08,1551,left,509,penalty,15,D,92,32,MIN,tripping,2,8475799,8474590
2025020503,2,735,16:18,3:42,0651,left,509,penalty,52,D,-39,-13,MIN,high-sticking,2,8480873,8480289
2025020503,2,772,19:24,0:36,1551,left,509,penalty,15,O,-45,40,MIN,cross-checking,2,8476460,8475343
2025020503,3,860,6:02,13:58,1551,right,509,penalty,15,D,-48,-40,MIN,delaying-game-puck-over-glass,2,,
2025020503,3,980,14:49,5:11,1551,right,509,penalty,52,D,54,31,MIN,tripping,2,8478440,8480014
2025020503,3,998,15:30,4:30,1541,right,509,penalty,52,D,82,0,MIN,holding,2,8476880,8474568
2025020504,1,17,12:24,7:36,0651,right,509,penalty,16,D,45,-8,MIN,tripping,2,8482762,8484197
2025020504,1,378,15:30,4:30,1551,right,509,penalty,16,O,-87,-28,MIN,tripping,2,8477429,8482703
2025020504,2,548,5:34,14:26,1551,left,509,penalty,17,D,86,-6,MIN,tripping,2,8477987,8480879
2025020504,2,571,7:30,12:30,1451,left,509,penalty,16,O,38,40,MIN,tripping,2,8483464,8477444
2025020504,2,743,17:04,2:56,1551,left,509,penalty,17,N,-12,-12,MIN,interference,2,8483493,8484471
2025020504,3,873,6:48,13:12,1551,right,509,penalty,17,D,-29,-39,MIN,tripping,2,8482176,8479337
2025020505,1,396,16:06,3:54,1551,right,509,penalty,13,O,49,39,MIN,hooking,2,8480950,8482713
2025020505,2,686,10:05,9:55,1551,left,509,penalty,25,D,-42,39,MAJ,fighting,5,8479393,8473994
2025020505,2,683,10:05,9:55,1551,left,509,penalty,13,O,-47,39,MAJ,fighting,5,8473994,8479393
2025020505,2,707,11:14,8:46,1551,left,509,penalty,25,N,12,41,BEN,too-many-men-on-the-ice,2,,
2025020505,2,749,14:53,5:07,1551,left,509,penalty,13,D,34,-32,MIN,interference,2,8478420,8477932
2025020505,2,783,17:16,2:44,1551,left,509,penalty,13,D,97,5,MIN,tripping,2,8475168,8473507
2025020505,2,807,19:11,0:49,1451,left,509,penalty,25,N,-8,12,MIN,interference,2,8480185,8480950
2025020505,3,983,12:46,7:14,1551,right,509,penalty,25,O,-84,-7,MIN,roughing,2,8478542,8484829
2025020505,3,986,12:46,7:14,1551,right,509,penalty,13,D,-85,-8,MIN,roughing,2,8484829,8478542
2025020505,3,1037,18:05,1:55,1551,right,509,penalty,25,O,-56,21,MIN,slashing,2,8478421,8475755
2025020505,3,412,18:05,1:55,1551,right,509,penalty,25,N,4,-35,MIS,misconduct,10,,
2025020505,3,422,20:00,0:00,1541,right,509,penalty,25,N,-7,30,MIN,slashing,2,8480003,8476889
2025020506,1,113,4:13,15:47,0651,right,509,penalty,21,D,76,0,MIN,roughing,2,8482146,8484258
2025020506,1,182,9:56,10:04,1551,right,509,penalty,18,D,-65,-42,MIN,delaying-game-puck-over-glass,2,,
2025020506,1,206,11:34,8:26,1451,right,509,penalty,21,O,-26,-6,MIN,interference,2,8482768,8477501
2025020506,2,530,5:59,14:01,1551,left,509,penalty,21,D,-94,-23,MIN,high-sticking,2,8482146,8484258
2025020506,2,692,14:00,6:00,1560,left,509,penalty,18,D,75,37,MIN,hooking,2,8478109,8479370
2025020506,2,744,17:39,2:21,1551,left,509,penalty,18,N,13,38,MIN,high-sticking,2,8476455,8479370
2025020506,3,1008,12:12,7:48,1551,right,509,penalty,18,D,-82,0,MIN,tripping,2,8477501,8474600
2025020507,1,88,2:07,17:53,1551,right,509,penalty,26,N,-19,-21,MAJ,fighting,5,8483609,8482726
2025020507,1,84,2:07,17:53,1551,right,509,penalty,20,N,-20,-21,MAJ,fighting,5,8482726,8483609
2025020507,1,105,3:34,16:26,1551,right,509,penalty,26,D,86,-36,MIN,tripping,2,8475172,8482155
2025020507,2,514,0:52,19:08,1551,left,509,penalty,26,D,-36,-24,MIN,hooking,2,8482679,8477942
2025020507,2,582,6:20,13:40,1551,left,509,penalty,20,D,87,-6,MIN,holding,2,8477942,8480860
2025020507,2,682,9:07,10:53,1551,left,509,penalty,26,D,-93,27,MIN,slashing,2,8475172,8475208
2025020507,3,828,0:23,19:37,1551,right,509,penalty,20,O,98,-16,MIN,tripping,2,8474563,8476456
2025020507,3,911,6:12,13:48,1551,right,509,penalty,26,D,57,12,MIN,hooking,2,8480028,8476879
2025020508,1,63,0:43,19:17,1551,left,509,penalty,1,O,49,-31,MIN,slashing,2,8478856,8476462
2025020508,1,133,5:44,14:16,1551,left,509,penalty,1,D,-30,42,MIN,boarding,2,8483499,8476474
2025020508,1,320,13:03,6:57,1551,left,509,penalty,23,D,74,21,MIN,interference,2,8477015,8474574
2025020508,1,330,13:45,6:15,1451,left,509,penalty,23,D,46,37,MIN,closing-hand-on-puck,2,,
2025020508,1,369,16:38,3:22,1551,left,509,penalty,1,N,11,31,MIN,hooking,2,8484240,8483841
2025020508,3,779,1:10,18:50,1551,left,509,penalty,23,D,51,23,MIN,interference,2,8479996,8474574
2025020509,1,162,4:30,15:30,0651,left,509,penalty,5,D,-77,31,MIN,hooking,2,8477951,8485414
2025020509,1,271,9:18,10:42,1560,left,509,penalty,68,D,57,41,MIN,tripping,2,8478438,8477220
2025020509,1,366,16:33,3:27,1551,left,509,penalty,68,D,61,-5,MIN,roughing,2,8471675,8474013
2025020509,2,622,9:04,10:56,1551,right,509,penalty,5,N,4,-19,MIN,hooking,2,8480855,8482758
2025020509,2,677,14:11,5:49,1551,right,509,penalty,5,N,-13,18,MIN,interference,2,8477951,8477365
2025020509,3,855,5:35,14:25,1551,left,509,penalty,5,D,-28,41,BEN,delaying-game-unsuccessful-challenge,2,,
2025020509,3,923,10:52,9:08,1551,left,509,penalty,5,N,-1,-41,MIN,hooking,2,8480434,8475810
2025020510,1,158,3:19,16:41,1551,right,509,penalty,4,D,-45,-18,MIN,kneeing,2,8480762,8478454
2025020510,1,273,7:28,12:32,0651,right,509,penalty,12,D,94,-3,MIN,tripping,2,8481546,8476921
2025020510,1,306,9:59,10:01,1551,right,509,penalty,12,D,25,14,MIN,holding,2,8481546,8482702
2025020510,1,469,15:00,5:00,1551,right,509,penalty,4,N,24,-8,MIN,roughing,2,8482100,8483733
2025020510,1,492,16:32,3:28,1551,right,509,penalty,4,D,-60,-20,MIN,delaying-game-puck-over-glass,2,,
2025020510,2,665,9:12,10:48,1551,left,509,penalty,12,O,86,7,MIN,roughing,2,8482126,8482809
2025020510,2,669,9:12,10:48,1551,left,509,penalty,4,D,86,7,MIN,roughing,2,8482809,8482126
2025020510,2,760,16:25,3:35,1551,left,509,penalty,12,O,57,33,MIN,tripping,2,8477903,8480830
2025020510,2,775,17:38,2:22,1541,left,509,penalty,4,N,12,23,MIN,hooking,2,8478427,8482142
2025020510,3,831,1:46,18:14,1551,right,509,penalty,12,D,66,2,MIN,slashing,2,8476461,8480336
2025020510,3,841,2:51,17:09,1541,right,509,penalty,4,O,90,28,MIN,tripping,2,8478970,8480220
2025020510,4,1094,0:42,4:18,1331,left,509,penalty,4,D,87,11,MIN,tripping,2,8482093,8481553
2025020511,1,168,8:26,11:34,1551,right,509,penalty,6,N,15,39,MIN,interference,2,8478508,8477507
2025020511,1,197,10:38,9:22,1551,right,509,penalty,30,D,74,5,MIN,hooking,2,8477956,8477979
2025020511,2,392,2:11,17:49,1551,left,509,penalty,30,D,-95,-27,MIN,tripping,2,8479591,8477979
2025020511,2,610,11:15,8:45,1551,left,509,penalty,6,N,15,-41,MIN,slashing,2,8475752,8479591
2025020511,3,1019,17:43,2:17,1551,right,509,penalty,6,O,99,-7,MIN,boarding,2,8483460,8476374
2025020512,1,181,6:04,13:56,0651,right,509,penalty,8,D,86,-36,MIN,cross-checking,2,8478402,8482775
2025020512,1,184,6:04,13:56,0651,right,509,penalty,8,D,45,7,MIN,hooking,2,8480831,8483515
2025020512,1,241,10:19,9:41,1551,right,509,penalty,22,D,-92,-29,MIN,holding,2,8483515,8480831
2025020512,1,433,16:56,3:04,1551,right,509,penalty,8,D,64,37,MIN,hooking,2,8476454,8480074
2025020512,2,499,2:17,17:43,1551,left,509,penalty,22,D,31,-34,MIN,tripping,2,8484984,8475218
2025020512,2,582,8:37,11:23,1560,left,509,penalty,22,D,60,-31,MIN,slashing,2,8482737,8480831
2025020512,2,724,19:46,0:14,1551,left,509,penalty,8,N,17,8,MIN,holding,2,8477498,8476981
2025020512,3,775,2:47,17:13,1551,right,509,penalty,22,O,93,29,MIN,cross-checking,2,8478851,8479365
2025020512,3,891,12:03,7:57,1551,right,509,penalty,8,N,21,16,MIN,high-sticking,2,8477498,8484984
2025020513,1,334,13:08,6:52,1551,left,509,penalty,55,D,-50,-37,MIN,tripping,2,8480807,8476457
2025020513,2,569,7:41,12:19,1551,right,509,penalty,7,D,-68,-32,MIN,delaying-game-puck-over-glass,2,,
2025020513,2,632,12:18,7:42,1551,right,509,penalty,7,D,-89,-19,MIN,cross-checking,2,8482665,8480839
2025020513,2,658,13:44,6:16,1551,right,509,penalty,55,D,84,22,MIN,interference,2,8481522,8482858
2025020513,2,685,15:53,4:07,1551,right,509,penalty,7,O,88,21,MIN,hooking,2,8477986,8482659
2025020514,1,81,1:41,18:19,1551,left,509,penalty,13,D,92,-27,MIN,holding,2,8476453,8478859
2025020514,1,185,8:40,11:20,1551,left,509,penalty,14,D,-88,-4,MIN,interference,2,8482113,8478178
2025020514,2,548,4:46,15:14,1551,right,509,penalty,14,D,98,13,MIN,roughing,2,8473419,8480426
2025020514,2,552,4:46,15:14,1551,right,509,penalty,13,O,98,12,MIN,roughing,2,8480426,8473419
2025020514,2,555,4:46,15:14,1551,right,509,penalty,14,D,98,5,MIN,roughing,2,8478542,8481719
2025020514,2,593,8:05,11:55,1560,right,509,penalty,13,D,-79,-37,MIN,interference,2,8477404,8478055
2025020514,2,659,12:38,7:22,1551,right,509,penalty,13,D,-82,35,MIN,tripping,2,8480995,8478055
2025020514,2,716,16:35,3:25,1551,right,509,penalty,14,O,-67,-13,MIN,tripping,2,8473419,8480876
2025020514,3,803,2:11,17:49,1551,left,509,penalty,13,N,13,42,BEN,delaying-game-unsuccessful-challenge,2,,
2025020514,3,361,3:52,16:08,1451,left,509,penalty,14,O,94,7,MAJ,fighting,5,8478859,8477404
2025020514,3,364,3:52,16:08,1451,left,509,penalty,13,D,96,6,MAJ,fighting,5,8477404,8478859
2025020514,3,972,14:18,5:42,1551,left,509,penalty,13,D,90,-18,MIN,delaying-game-puck-over-glass,2,,
2025020514,3,983,15:28,4:32,1451,left,509,penalty,14,O,34,-24,MIN,interference,2,8484304,8476453
2025020514,3,986,15:28,4:32,1451,left,509,penalty,13,D,33,-21,MIN,embellishment,2,,
2025020514,3,1029,19:05,0:55,1551,left,509,penalty,14,N,7,35,MIN,slashing,2,8478421,8476826
2025020515,1,123,5:14,14:46,1551,right,509,penalty,24,D,-98,-11,MIN,tripping,2,8482109,8476885
2025020515,2,532,3:23,16:37,0651,left,509,penalty,3,D,-89,-25,MIN,hooking,2,8480068,8479390
2025020515,2,550,5:12,14:48,1541,left,509,penalty,24,D,80,3,MIN,hooking,2,8482157,8475798
2025020515,2,678,6:51,13:09,1451,left,509,penalty,24,O,-49,42,BEN,too-many-men-on-the-ice,2,,
2025020515,2,756,12:38,7:22,1551,left,509,penalty,24,D,83,13,MIN,hooking,2,8477380,8482803
2025020515,2,817,17:25,2:35,1551,left,509,penalty,3,N,23,36,MIN,high-sticking,2,8484762,8477369
2025020515,3,910,3:51,16:09,1551,right,509,penalty,3,D,71,-19,MIN,hooking,2,8484153,8478840
2025020516,1,236,8:48,11:12,1551,right,509,penalty,52,D,95,-5,MIN,high-sticking,2,8480801,8474568
2025020516,1,369,11:06,8:54,1551,right,509,penalty,52,D,40,-24,MIN,holding-the-stick,2,8482092,8476460
2025020516,1,442,17:13,2:47,1551,right,509,penalty,9,N,-13,33,MIN,hooking,2,8479378,8477073
2025020516,2,500,1:18,18:42,1551,left,509,penalty,52,D,-53,-38,MIN,tripping,2,8482116,8477504
2025020516,2,543,4:36,15:24,1551,left,509,penalty,9,O,-94,29,MIN,tripping,2,8480049,8480208
2025020517,1,65,0:57,19:03,1551,left,509,penalty,18,D,98,15,MIN,delaying-game-puck-over-glass,2,,
2025020517,1,273,12:48,7:12,1551,left,509,penalty,19,D,-36,23,MIN,hooking,2,8474564,8477952
2025020517,1,14,15:07,4:53,1551,left,509,penalty,19,O,33,-37,MAJ,fighting,5,8479980,8475170
2025020517,1,17,15:07,4:53,1551,left,509,penalty,18,D,39,-35,MAJ,fighting,5,8475170,8479980
2025020517,1,415,18:30,1:30,1551,left,509,penalty,18,O,-30,0,MIN,slashing,2,8482733,8477446
2025020517,1,419,18:30,1:30,1551,left,509,penalty,19,D,-30,5,MIN,slashing,2,8477446,8482733
2025020517,1,27,18:30,1:30,1551,left,509,penalty,18,O,-31,1,MIN,roughing,2,8482733,8477446
2025020517,1,29,18:30,1:30,1551,left,509,penalty,19,D,-30,5,MIN,roughing,2,8477446,8482733
2025020517,2,526,1:41,18:19,1551,right,509,penalty,19,O,-89,32,MIN,high-sticking,2,8480246,8480281
2025020517,2,559,4:09,15:51,1551,right,509,penalty,19,D,69,-21,MIN,delaying-game-puck-over-glass,2,,
2025020517,2,643,11:29,8:31,1551,right,509,penalty,19,D,79,-8,MIN,holding,2,8484241,8482733
2025020517,3,848,7:44,12:16,1560,left,509,penalty,18,D,84,-6,MIN,tripping,2,8482089,8476869
2025020517,3,984,17:12,2:48,1551,left,509,penalty,18,D,98,-12,MIN,interference,2,8477952,8479980
2025020518,1,514,19:54,0:06,1551,right,509,penalty,25,D,93,-27,MIN,interference,2,8482408,8480840
2025020518,2,619,6:29,13:31,1551,left,509,penalty,26,D,82,3,MIN,tripping,2,8478420,8479998
2025020518,2,666,9:24,10:36,1551,left,509,penalty,26,D,43,13,MIN,interference,2,8476889,8482730
2025020518,2,662,9:24,10:36,1551,left,509,penalty,25,O,42,14,MIN,high-sticking-double-minor,4,8482730,8476889
2025020518,2,682,11:00,9:00,1541,left,509,penalty,25,D,-76,-32,MIN,tripping,2,8483808,8480840
2025020518,2,714,12:57,7:03,1550,left,509,penalty,26,O,-78,-21,MIN,hooking,2,8481581,8476469
2025020519,1,154,6:48,13:12,1551,left,509,penalty,6,O,65,-26,MIN,tripping,2,8482175,8478401
2025020519,1,313,14:49,5:11,1551,left,509,penalty,68,D,70,25,MIN,slashing,2,8476854,8482175
2025020519,2,449,1:06,18:54,1551,right,509,penalty,68,N,10,25,MIN,tripping,2,8478401,8477220
2025020519,2,672,7:10,12:50,1551,right,509,penalty,6,O,-94,18,MIN,holding,2,8477220,8479591
2025020519,2,769,14:38,5:22,1560,right,509,penalty,68,D,-26,39,MIN,interference,2,8483489,8480849
2025020519,3,861,1:49,18:11,1551,left,509,penalty,6,D,-34,3,MIN,slashing,2,8484388,8482511
2025020519,3,376,19:34,0:26,1551,left,509,penalty,68,N,-2,39,MIN,slashing,2,8482634,8477951
2025020519,3,388,19:34,0:26,1551,left,509,penalty,68,N,0,40,MIS,misconduct,10,,
2025020519,3,382,19:34,0:26,1551,left,509,penalty,68,N,-6,35,MIS,misconduct,10,,
2025020519,3,379,19:34,0:26,1551,left,509,penalty,6,N,1,36,MIS,misconduct,10,,
2025020520,1,403,14:28,5:32,1551,right,509,penalty,16,D,-54,6,MIN,tripping,2,8476872,8476473
2025020520,2,618,6:35,13:25,1551,left,509,penalty,10,D,-33,36,MIN,high-sticking,2,8476952,8478057
2025020520,2,766,18:44,1:16,1551,left,509,penalty,16,N,-8,40,MIN,interference,2,8481582,8481568
2025020520,3,996,16:21,3:39,1551,right,509,penalty,16,D,-71,19,MIN,holding-the-stick,2,8481582,8476952
2025020521,1,173,9:04,10:56,1551,right,509,penalty,8,O,-46,-38,MIN,cross-checking,2,8477499,8484984
2025020521,1,231,13:31,6:29,1551,right,509,penalty,8,D,82,-4,MIN,tripping,2,8477989,8478851
2025020521,2,473,3:32,16:28,1551,left,509,penalty,4,D,81,21,MIN,holding-the-stick,2,8483424,8476461
2025020521,3,909,13:51,6:09,1551,right,509,penalty,8,O,-98,3,MIN,high-sticking,2,8476372,8475848
2025020521,3,915,14:15,5:45,1541,right,509,penalty,8,D,55,-30,MIN,roughing,2,8481533,8476981
2025020521,3,919,14:15,5:45,1541,right,509,penalty,4,O,53,-24,MIN,roughing,2,8476981,8481533
2025020522,2,746,18:10,1:50,1551,left,509,penalty,17,D,-62,10,MIN,hooking,2,8478445,8482762
2025020522,3,811,3:17,16:43,1551,right,509,penalty,2,D,-81,40,MIN,holding,2,8484471,8485366
2025020522,3,999,16:50,3:10,1551,right,509,penalty,2,D,-97,-7,MIN,tripping,2,8477946,8476429
2025020523,1,219,8:29,11:31,0651,right,509,penalty,3,N,-2,-7,MIN,slashing,2,8480144,8476389
2025020523,1,239,10:03,9:57,1541,right,509,penalty,23,N,5,-6,MIN,interference,2,8476459,8481024
2025020523,1,412,14:53,5:07,1551,right,509,penalty,23,D,-68,-32,MIN,slashing,2,8482157,8474574
2025020523,1,448,17:45,2:15,1551,right,509,penalty,23,D,-79,4,MIN,interference,2,8482877,8484798
2025020523,2,756,18:37,1:23,1551,left,509,penalty,3,O,85,29,MIN,tripping,2,8484798,8483690
2025020523,3,988,15:12,4:48,1560,right,509,penalty,23,D,-90,15,MIN,hooking,2,8478550,8482079
2025020523,3,1034,18:19,1:41,1560,right,509,penalty,3,N,15,39,MIN,slashing,2,8480748,8476389
2025020524,1,184,6:14,13:46,1560,left,509,penalty,22,D,72,12,MIN,tripping,2,8476483,8475218
2025020524,1,288,9:12,10:48,0651,left,509,penalty,5,O,35,-40,MIN,interference,2,8478402,8478046
2025020524,1,302,10:20,9:40,1541,left,509,penalty,5,D,-26,1,MIN,hooking,2,8478402,8475810
2025020524,1,308,10:38,9:22,1531,left,509,penalty,5,D,-68,-35,MIN,delaying-game-puck-over-glass,2,,
2025020524,2,558,5:30,14:30,1551,right,509,penalty,22,D,-29,41,MIN,roughing,2,8480980,8477934
2025020524,2,585,8:06,11:54,0651,right,509,penalty,5,D,66,-24,MIN,cross-checking,2,8475218,8479638
2025020524,2,657,14:02,5:58,1551,right,509,penalty,22,D,-77,-40,MIN,interference,2,8475810,8477498
2025020524,2,721,18:14,1:46,1551,right,509,penalty,22,D,-84,0,MIN,cross-checking,2,8476483,8480831
2025020524,3,844,8:14,11:46,1560,left,509,penalty,22,D,88,-3,MIN,high-sticking-double-minor,4,8485414,8480834
2025020525,1,401,18:11,1:49,1551,left,509,penalty,29,O,53,-22,MIN,holding,2,8473986,8478460
2025020525,2,676,7:43,12:17,1551,right,509,penalty,29,O,-89,10,MIN,holding,2,8482803,8477425
2025020525,2,801,16:48,3:12,0651,right,509,penalty,29,D,99,-15,MIN,hooking,2,8475798,8479371
2025020525,3,861,0:36,19:24,1551,left,509,penalty,29,O,86,0,MIN,interference-goalkeeper,2,8478024,8482475
2025020525,3,909,4:24,15:36,1551,left,509,penalty,24,O,-97,-19,MIN,holding,2,8483485,8473986
2025020525,3,979,10:08,9:52,1560,left,509,penalty,24,N,1,22,MIN,holding,2,8475745,8473986
2025020526,1,257,11:39,8:21,1551,right,509,penalty,30,D,68,2,MIN,hooking,2,8482088,8483525
2025020526,1,397,17:55,2:05,1551,right,509,penalty,15,D,-70,39,MIN,holding,2,8483525,8480873
2025020526,2,678,11:53,8:07,1551,left,509,penalty,15,D,90,-7,MIN,hooking,2,8475220,8480796
2025020526,2,745,17:23,2:37,1551,left,509,penalty,15,D,80,8,MIN,hooking,2,8481557,8479345
2025020526,3,956,12:44,7:16,1551,right,509,penalty,30,D,52,40,MIN,hooking,2,8482088,8483460
2025020526,3,999,15:22,4:38,1551,right,509,penalty,15,D,-69,-22,MIN,holding,2,8475765,8481656
2025020527,2,28,0:32,19:28,1551,right,509,penalty,28,D,91,-7,MIN,cross-checking,2,8476399,8480043
2025020527,2,746,16:14,3:46,1551,right,509,penalty,28,O,-88,19,MIN,tripping,2,8477810,8482667
2025020527,3,510,9:38,10:22,1551,left,509,penalty,20,D,90,31,MIN,tripping,2,8476624,8478397
2025020528,1,324,13:19,6:41,1551,left,509,penalty,21,D,79,0,MIN,holding,2,8478975,8484258
2025020528,1,363,15:34,4:26,1551,left,509,penalty,21,D,84,8,MIN,hooking,2,8477919,8484258
2025020528,1,400,18:07,1:53,1551,left,509,penalty,55,N,-19,-5,MIN,tripping,2,8480039,8482751
2025020528,2,679,7:12,12:48,1551,right,509,penalty,55,O,-57,-40,MIN,slashing,2,8480039,8478975
2025020528,2,804,16:17,3:43,1551,right,509,penalty,55,N,-20,6,MIN,tripping,2,8480039,8478407
2025020528,2,844,18:56,1:04,1551,right,509,penalty,21,O,96,23,MIN,boarding,2,8479324,8479525
2025020528,3,558,0:54,19:06,1551,left,509,penalty,21,D,95,-9,MIN,roughing,2,8478975,8476312
2025020528,3,555,0:54,19:06,1551,left,509,penalty,21,D,95,-9,MIN,roughing,2,8478975,8476312
2025020528,3,875,0:54,19:06,1551,left,509,penalty,55,O,96,-5,MIN,roughing,2,8476312,8478975
2025020528,3,501,0:54,19:06,1551,left,509,penalty,55,O,99,-2,MIN,roughing,2,8476312,8478975
2025020528,3,549,0:54,19:06,1551,left,509,penalty,55,O,96,-18,MIN,roughing,2,8470613,8477986
2025020528,3,552,0:54,19:06,1551,left,509,penalty,55,O,95,-20,MIN,roughing,2,8470613,8477986
2025020528,3,871,0:54,19:06,1551,left,509,penalty,21,D,98,-17,MIN,roughing,2,8477986,8470613
2025020528,3,503,0:54,19:06,1551,left,509,penalty,21,D,98,-12,MIN,roughing,2,8477986,8470613
2025020528,3,958,5:59,14:01,1551,left,509,penalty,21,D,69,13,MIN,tripping,2,8483497,8481641
2025020528,3,528,7:49,12:11,1451,left,509,penalty,21,D,88,2,PS,ps-covering-puck-in-crease,0,,
2025020528,3,988,8:15,11:45,1551,left,509,penalty,55,D,-52,41,MIN,tripping,2,8476455,8478407
2025020529,1,235,9:40,10:20,1551,right,509,penalty,26,D,-34,-20,MIN,hooking,2,8484304,8476469
2025020529,1,303,10:53,9:07,1451,right,509,penalty,13,O,-57,35,MIN,high-sticking-double-minor,4,8482124,8477935
2025020529,1,399,17:35,2:25,1551,right,509,penalty,26,O,40,-30,MIN,tripping,2,8484304,8476469
2025020529,2,553,1:21,18:39,1551,left,509,penalty,26,D,93,5,MIN,slashing,2,8477495,8482124
2025020529,2,632,7:37,12:23,1551,left,509,penalty,13,D,-97,-4,MIN,holding,2,8477998,8479393
2025020529,2,641,7:52,12:08,1541,left,509,penalty,26,D,89,-7,MIN,slashing,2,8477933,8477960
2025020529,3,1084,16:55,3:05,1551,right,509,penalty,13,D,46,-21,MIN,high-sticking,2,8477942,8482113
2025020530,1,260,11:06,8:54,1551,right,509,penalty,68,O,64,41,MIN,holding,2,8475279,8480849
2025020530,2,630,6:35,13:25,1551,left,509,penalty,17,D,-90,-13,MIN,hooking,2,8479619,8482762
2025020530,2,674,9:19,10:41,1551,left,509,penalty,68,O,-72,40,MIN,interference,2,8484471,8479343
2025020530,2,701,11:55,8:05,1551,left,509,penalty,68,O,-71,-40,MIN,high-sticking,2,8481542,8480849
2025020530,2,781,17:45,2:15,1551,left,509,penalty,17,O,34,-40,MIN,tripping,2,8477220,8481725
2025020530,2,801,19:15,0:45,1541,left,509,penalty,17,O,64,0,MIN,cross-checking,2,8480434,8481542
2025020530,3,903,2:54,17:06,0651,right,509,penalty,17,N,9,26,MIN,tripping,2,8484388,8477456
2025020530,3,981,8:12,11:48,1551,right,509,penalty,68,N,8,40,MIN,roughing,2,8477946,8478474
2025020531,1,92,2:09,17:51,1551,left,509,penalty,52,D,27,-40,MIN,holding,2,8481013,8479378
2025020531,1,360,18:45,1:15,0651,left,509,penalty,19,D,-92,-6,MIN,interference,2,8476460,8475753
2025020531,2,396,1:19,18:41,1551,right,509,penalty,19,D,77,0,MIN,tripping,2,8476460,8475764
2025020531,2,704,18:00,2:00,1551,right,509,penalty,52,O,84,6,MIN,interference,2,8481598,8473604
2025020531,3,1009,17:06,2:54,1551,left,509,penalty,52,D,73,-15,MIN,tripping,2,8482089,8476331
2025020531,3,1040,19:18,0:42,1551,left,509,penalty,52,D,96,0,MIN,roughing,2,8480459,8479378
2025020531,3,1033,19:18,0:42,1551,left,509,penalty,52,D,96,1,MIN,roughing,2,8480459,8477504
2025020531,3,1037,19:18,0:42,1551,left,509,penalty,19,O,96,0,MIN,roughing,2,8477504,8480459
2025020531,3,405,19:18,0:42,1451,left,509,penalty,52,D,96,-1,MIS,misconduct,10,,
2025020532,1,228,8:28,11:32,0651,left,509,penalty,18,D,-70,39,MIN,hooking,2,8482702,8476869
2025020532,1,411,14:09,5:51,1551,left,509,penalty,12,O,-92,-27,MIN,tripping,2,8483565,8476921
2025020532,2,632,5:20,14:40,1551,right,509,penalty,18,O,-40,40,MIN,high-sticking,2,8476958,8474564
2025020532,2,651,7:01,12:59,1541,right,509,penalty,12,O,96,25,MIN,high-sticking,2,8480246,8478427
2025020532,2,691,10:25,9:35,1551,right,509,penalty,12,D,-89,27,MIN,holding,2,8476887,8475791
2025020532,2,738,13:54,6:06,1551,right,509,penalty,18,D,54,40,MIN,tripping,2,8476906,8475158
2025020532,3,835,1:24,18:36,1551,left,509,penalty,18,D,-50,-40,MIN,delaying-game-puck-over-glass,2,,
2025020533,1,113,0:39,19:21,1551,right,509,penalty,1,D,-61,32,MIN,hooking,2,8475913,8478399
2025020533,1,279,12:21,7:39,1551,right,509,penalty,54,D,54,-41,MIN,boarding,2,8476474,8478468
2025020533,2,89,15:17,4:43,1551,left,509,penalty,54,N,-16,-40,MIN,tripping,2,8480002,8478483
2025020533,2,817,17:16,2:44,1541,left,509,penalty,1,O,-88,5,MIN,roughing,2,8480727,8481032
2025020533,3,1060,15:02,4:58,1551,right,509,penalty,1,D,-84,6,MIN,tripping,2,8477018,8477996
2025020533,4,1164,3:07,1:53,1331,left,509,penalty,1,N,12,35,MIN,hooking,2,8475913,8482110
2025020534,1,290,13:08,6:52,1551,left,509,penalty,6,D,-35,21,MIN,tripping,2,8479365,8480355
2025020534,1,386,15:55,4:05,1551,left,509,penalty,22,D,42,-24,MIN,tripping,2,8482177,8477498
2025020534,2,504,0:58,19:02,1551,right,509,penalty,6,D,98,1,MIN,high-sticking,2,8478402,8479369
2025020534,3,769,0:30,19:30,1551,left,509,penalty,22,D,59,23,MIN,hooking,2,8477956,8480803
2025020534,3,851,6:19,13:41,1551,left,509,penalty,6,D,-57,39,MIN,cross-checking,2,8475786,8482511
2025020534,3,893,9:29,10:31,1551,left,509,penalty,6,O,50,24,MIN,tripping,2,8475218,8482177
2025020534,3,962,14:29,5:31,1551,left,509,penalty,22,D,78,-7,MIN,slashing,2,8483489,8481617
2025020534,3,420,19:22,0:38,1560,left,509,penalty,6,O,50,-11,MIN,hooking,2,8478402,8477496
2025020534,3,429,19:22,0:38,1560,left,509,penalty,6,N,-12,39,MIS,misconduct,10,,
2025020535,1,58,0:18,19:42,1551,left,509,penalty,7,D,-77,2,MIN,hooking,2,8477989,8480839
2025020535,1,388,19:23,0:37,1551,left,509,penalty,4,D,76,-39,MIN,hooking,2,8481524,8478439
2025020535,2,567,4:52,15:08,1551,right,509,penalty,7,O,-99,10,MIN,tripping,2,8482126,8477949
2025020535,2,604,7:42,12:18,1560,right,509,penalty,4,D,-97,22,MIN,cross-checking,2,8481522,8477499
2025020535,2,703,11:18,8:42,1551,right,509,penalty,4,O,87,-3,MIN,interference-goalkeeper,2,8479312,8484387
2025020535,3,967,10:02,9:58,1551,left,509,penalty,4,O,-93,-23,MIN,high-sticking,2,8480891,8481553
2025020535,3,1043,15:19,4:41,1551,left,509,penalty,4,N,-4,37,MIN,hooking,2,8480802,8481533
2025020535,3,1072,17:41,2:19,1551,left,509,penalty,7,D,-51,42,MIN,delaying-game-puck-over-glass,2,,
2025020536,2,553,4:49,15:11,1551,left,509,penalty,8,D,-73,10,MIN,tripping,2,8483450,8480865
2025020536,2,679,15:12,4:48,1551,left,509,penalty,16,D,64,-11,MIN,hooking,2,8480865,8476952
2025020536,2,719,18:12,1:48,1551,left,509,penalty,16,N,-19,34,MIN,tripping,2,8478851,8483493
2025020536,3,868,10:21,9:39,1551,right,509,penalty,8,D,80,-22,MIN,slashing,2,8481806,8482964
2025020537,1,8,1:18,18:42,1551,left,509,penalty,5,D,84,2,MIN,tripping,2,8482116,8481668
2025020537,1,338,17:49,2:11,1551,left,509,penalty,9,D,-56,-17,MIN,interference,2,8479638,8484321
2025020537,2,622,8:11,11:49,0651,right,509,penalty,9,D,78,-17,MIN,tripping,2,8471675,8473512
2025020537,2,41,11:21,8:39,1551,right,509,penalty,5,N,12,39,BEN,delaying-game-unsuccessful-challenge,2,,
2025020537,3,1031,19:06,0:54,1551,left,509,penalty,5,N,8,38,MIN,roughing,2,8482092,8477511
2025020538,1,266,11:41,8:19,1551,left,509,penalty,26,O,-69,-12,MIN,cross-checking,2,8480995,8477960
2025020538,2,611,10:09,9:51,1551,right,509,penalty,14,O,-92,29,MIN,high-sticking,2,8476441,8482201
2025020538,2,623,11:11,8:49,1541,right,509,penalty,26,D,-64,-2,MIN,holding,2,8478519,8477942
2025020538,2,756,17:25,2:35,1551,right,509,penalty,26,O,96,-1,MIN,tripping,2,8477404,8479998
2025020538,3,890,7:45,12:15,1560,left,509,penalty,26,O,-75,40,MIN,hooking,2,8478178,8477960
2025020538,3,1034,18:55,1:05,1560,left,509,penalty,26,N,21,41,MIN,holding-the-stick,2,8480426,8470621
2025020538,3,472,18:55,1:05,1560,left,509,penalty,26,N,9,-39,MIS,misconduct,10,,
2025020539,1,67,0:45,19:15,1551,right,509,penalty,15,O,-77,31,MIN,high-sticking,2,8476853,8481656
2025020539,1,108,4:04,15:56,1551,right,509,penalty,10,D,-62,8,MIN,slashing,2,8477947,8476872
2025020539,1,141,6:23,13:37,1560,right,509,penalty,10,N,12,40,MIN,high-sticking,2,8474590,8482259
2025020539,1,182,9:22,10:38,1551,right,509,penalty,15,D,97,-4,MIN,holding,2,8477939,8480796
2025020539,1,403,17:44,2:16,1551,right,509,penalty,15,D,65,37,MIN,hooking,2,8478057,8480873
2025020539,2,686,11:42,8:18,1551,left,509,penalty,15,O,88,8,MIN,slashing,2,8479442,8478440
2025020539,2,746,16:19,3:41,1551,left,509,penalty,10,D,97,8,MIN,holding,2,8481656,8475171
2025020539,3,846,4:22,15:38,1551,right,509,penalty,15,O,-72,-36,MIN,hooking,2,8475171,8481656
2025020540,1,83,2:14,17:46,1551,left,509,penalty,30,D,55,39,MIN,high-sticking,2,8477497,8477979
2025020540,2,679,11:53,8:07,1551,right,509,penalty,29,D,57,-5,MIN,slashing,2,8477979,8479944
2025020540,3,1106,19:04,0:56,1551,left,509,penalty,30,O,-65,-22,MIN,tripping,2,8483485,8475752
2025020541,2,444,1:43,18:17,1551,right,509,penalty,19,O,-82,-36,MIN,roughing,2,8478840,8482089
2025020541,2,448,1:43,18:17,1551,right,509,penalty,3,O,48,41,MIN,tripping,2,8475170,8484210
2025020541,2,551,1:43,18:17,1551,right,509,penalty,3,D,-83,-36,MIN,roughing,2,8482089,8478840
2025020541,2,579,4:07,15:53,1551,right,509,penalty,19,D,67,7,MIN,tripping,2,8475842,8475753
2025020541,2,635,8:22,11:38,1551,right,509,penalty,19,O,-95,6,MIN,interference,2,8482109,8477402
2025020541,2,722,14:24,5:36,1551,right,509,penalty,3,O,93,30,MIN,hooking,2,8475764,8482747
2025020541,2,768,17:57,2:03,1551,right,509,penalty,3,D,-46,35,MIN,slashing,2,8481013,8482109
2025020542,1,93,2:38,17:22,1551,right,509,penalty,55,D,-66,39,MIN,delaying-game-puck-over-glass,2,,
2025020542,1,356,13:06,6:54,1551,right,509,penalty,55,D,-79,0,MIN,hooking,2,8475172,8478407
2025020542,2,752,15:42,4:18,1551,left,509,penalty,20,O,85,-1,MIN,interference-goalkeeper,2,8478916,8476456
2025020542,2,788,18:32,1:28,1551,left,509,penalty,55,D,82,37,MIN,tripping,2,8475172,8476905
2025020542,3,901,6:03,13:57,1551,right,509,penalty,55,D,-76,4,MIN,tripping,2,8478397,8480009
2025020542,3,939,8:36,11:24,1560,right,509,penalty,55,D,-95,-5,MIN,high-sticking,2,8479066,8482858
2025020543,1,224,8:58,11:02,1551,left,509,penalty,25,O,-85,-33,MIN,slashing,2,8482166,8479351
2025020543,2,633,8:04,11:56,1551,right,509,penalty,28,D,95,15,MIN,high-sticking,2,8476278,8482166
2025020543,2,703,14:21,5:39,1551,right,509,penalty,25,D,-70,-39,MIN,tripping,2,8477505,8479351
2025020543,3,945,12:18,7:42,1551,left,509,penalty,25,D,67,-39,MIN,slashing,2,8482859,8478420
2025020544,2,603,2:48,17:12,1551,left,509,penalty,12,D,78,-7,MIN,hooking,2,8482713,8480817
2025020544,2,709,10:08,9:52,1551,left,509,penalty,13,D,-99,-5,MIN,tripping,2,8480829,8480003
2025020544,3,970,6:35,13:25,1551,right,509,penalty,13,D,41,-20,MIN,cross-checking,2,8480336,8473419
2025020544,3,1058,11:48,8:12,1551,right,509,penalty,13,N,3,14,MIN,tripping,2,8477940,8482113
2025020544,3,1068,12:07,7:53,1541,right,509,penalty,12,D,-53,1,MIN,holding,2,8473419,8480830
2025020544,3,1170,15:17,4:43,1551,right,509,penalty,13,N,-20,24,MIN,tripping,2,8480817,8478421
2025020544,3,1175,15:17,4:43,1551,right,509,penalty,12,D,-95,13,MIN,unsportsmanlike-conduct,2,8482713,8478427
2025020544,4,852,5:00,0:00,1331,left,509,penalty,12,O,-64,-39,MIN,boarding,2,8477933,8480336
2025020545,1,98,3:15,16:45,1551,left,509,penalty,23,N,22,41,BEN,too-many-men-on-the-ice,2,,
2025020545,1,108,4:17,15:43,1451,left,509,penalty,23,N,11,-22,MIN,hooking,2,8478445,8480748
2025020545,1,278,14:01,5:59,1551,left,509,penalty,2,D,-30,-6,MIN,tripping,2,8477969,8483553
2025020545,2,501,6:51,13:09,1551,right,509,penalty,2,D,47,-38,MIN,tripping,2,8478856,8485366
2025020545,2,537,10:04,9:56,1560,right,509,penalty,23,D,-66,-1,MIN,hooking,2,8478445,8481535
2025020545,2,697,19:19,0:41,1551,right,509,penalty,2,D,64,2,MIN,tripping,2,8475169,8476917
2025020545,3,947,19:04,0:56,1551,left,509,penalty,23,D,54,41,MIN,delaying-game-puck-over-glass,2,,
2025020546,1,213,10:55,9:05,1551,right,509,penalty,21,O,-94,21,MIN,holding,2,8477504,8476455
2025020546,2,420,2:45,17:15,1551,left,509,penalty,21,D,-43,-40,MAJ,fighting,5,8476871,8476312
2025020546,2,416,2:45,17:15,1551,left,509,penalty,52,O,-36,-39,MAJ,fighting,5,8476312,8476871
2025020546,2,433,3:33,16:27,1551,left,509,penalty,52,D,62,17,MIN,holding,2,8477492,8476460
2025020546,2,40,12:50,7:10,1551,left,509,penalty,52,N,-9,40,BEN,too-many-men-on-the-ice,2,,
2025020546,2,855,19:04,0:56,1551,left,509,penalty,52,D,89,-25,MIN,tripping,2,8480069,8482149
2025020546,3,914,3:31,16:29,1551,right,509,penalty,21,D,79,-5,MIN,hooking,2,8480014,8478038
2025020547,1,201,8:10,11:50,1560,left,509,penalty,1,N,5,8,MIN,tripping,2,8478474,8476462
2025020547,1,240,11:00,9:00,1551,left,509,penalty,68,D,-49,18,MIN,tripping,2,8476292,8484388
2025020547,1,355,12:03,7:57,1541,left,509,penalty,68,D,-37,33,MIN,cross-checking,2,8482684,8477220
2025020547,2,477,1:16,18:44,1551,right,509,penalty,68,D,62,1,MIN,high-sticking,2,8480002,8480849
2025020547,2,614,4:35,15:25,1551,right,509,penalty,1,N,-12,-16,MIN,roughing,2,8480084,8481065
2025020547,2,670,7:58,12:02,1551,right,509,penalty,68,O,-31,-15,MIN,high-sticking,2,8478399,8478474
2025020547,2,824,19:26,0:34,1551,right,509,penalty,1,D,-83,-6,MIN,hooking,2,8477021,8475455
2025020547,3,886,3:11,16:49,0651,left,509,penalty,68,D,-29,23,MIN,tripping,2,8479407,8479410
2025020547,3,1096,18:39,1:21,1560,left,509,penalty,1,D,32,-24,MIN,tripping,2,8480849,8482110
2025020548,1,74,1:11,18:49,1551,left,509,penalty,25,O,-96,7,MIN,tripping,2,8482178,8480027
2025020548,2,559,1:15,18:45,1551,right,509,penalty,25,O,34,-39,MIN,tripping,2,8483445,8480027
2025020548,2,715,9:44,10:16,1551,right,509,penalty,24,D,98,2,MIN,interference,2,8482740,8475798
2025020548,2,746,12:34,7:26,1551,right,509,penalty,25,D,-47,-37,MIN,tripping,2,8480068,8475755
2025020548,3,603,5:01,14:59,1551,left,509,penalty,25,O,-69,-37,MIN,slashing,2,8478366,8480027
2025020548,3,45,5:01,14:59,1551,left,509,penalty,24,D,-42,-40,MIN,roughing,2,8480027,8478366
2025020548,3,909,5:01,14:59,1551,left,509,penalty,24,D,-41,-41,MIN,roughing,2,8480027,8478366
2025020548,3,48,5:01,14:59,1551,left,509,penalty,24,D,-52,-41,MIN,unsportsmanlike-conduct,2,8480027,8478366
2025020548,3,912,5:01,14:59,1551,left,509,penalty,24,D,-52,-40,MIS,misconduct,10,,
2025020549,1,358,13:57,6:03,1560,right,509,penalty,4,D,-86,-25,MIN,tripping,2,8478550,8479336
2025020549,2,617,5:17,14:43,1551,left,509,penalty,3,O,97,5,MIN,interference,2,8484387,8482157
2025020549,2,693,10:15,9:45,1551,left,509,penalty,3,D,-71,-1,MIN,slashing,2,8484142,8478550
2025020549,2,755,13:48,6:12,1551,left,509,penalty,4,D,86,28,MIN,boarding,2,8482747,8475235
2025020549,2,41,13:48,6:12,1551,left,509,penalty,4,D,94,29,MAJ,fighting,5,8482747,8475235
2025020549,2,750,13:48,6:12,1551,left,509,penalty,3,O,85,32,MAJ,fighting,5,8475235,8482747
2025020549,2,787,16:08,3:52,1551,left,509,penalty,3,O,76,-22,MIN,tripping,2,8479022,8483690
2025020549,3,886,4:16,15:44,1551,right,509,penalty,4,D,-91,24,MIN,hooking,2,8483690,8476372
2025020549,3,1058,17:00,3:00,1551,right,509,penalty,4,N,16,41,MIN,delaying-game,2,,
2025020549,4,1114,0:08,4:52,1331,left,509,penalty,3,O,60,39,MIN,slashing,2,8481546,8478550
2025020549,4,269,4:09,0:51,1441,left,509,penalty,3,N,-8,3,MIN,tripping,2,8481533,8482666
2025020550,1,97,3:04,16:56,1551,right,509,penalty,17,D,-91,33,MIN,holding,2,8481656,8477946
2025020550,1,377,16:15,3:45,1551,right,509,penalty,15,D,65,39,MIN,hooking,2,8477946,8474590
2025020550,2,625,6:42,13:18,1551,left,509,penalty,17,D,57,32,MIN,cross-checking,2,8481580,8484223
2025020550,2,758,13:08,6:52,1551,left,509,penalty,15,O,97,16,MIN,hooking,2,8484223,8481656
2025020550,3,994,9:41,10:19,1551,right,509,penalty,15,N,15,40,BEN,delaying-game-unsuccessful-challenge,2,,
2025020551,1,17,6:36,13:24,1551,left,509,penalty,16,N,12,39,BEN,delaying-game-unsuccessful-challenge,2,,
2025020551,1,1409,12:47,7:13,1551,left,509,penalty,9,O,79,-11,MIN,roughing,2,8476891,8482116
2025020551,1,1451,12:47,7:13,1551,left,509,penalty,16,D,82,-16,MIN,high-sticking-double-minor,4,8482116,8476891
2025020551,1,336,14:36,5:24,1451,left,509,penalty,9,N,-14,38,BEN,too-many-men-on-the-ice,2,,
2025020551,1,459,19:27,0:33,1560,left,509,penalty,16,O,-95,12,MIN,cross-checking,2,8478469,8483450
2025020551,2,40,7:29,12:31,1551,right,509,penalty,9,N,-15,38,BEN,delaying-game-unsuccessful-challenge,2,,
2025020551,2,701,8:53,11:07,1541,right,509,penalty,9,N,20,35,MIN,high-sticking,2,8482703,8475324
2025020551,3,872,0:31,19:29,1551,left,509,penalty,16,D,33,9,MIN,roughing,2,8476393,8477450
2025020551,3,992,9:25,10:35,1560,left,509,penalty,16,D,91,-18,MIN,holding,2,8481528,8484783
2025020551,3,275,16:32,3:28,1551,left,509,penalty,16,O,-43,4,MIN,roughing,2,8482245,8477987
2025020551,3,1090,16:32,3:28,1551,left,509,penalty,9,D,-44,2,MIN,slashing,2,8477987,8482245
2025020551,3,272,16:32,3:28,1551,left,509,penalty,16,O,-42,4,MIN,slashing,2,8482245,8477987
2025020551,3,277,16:32,3:28,1551,left,509,penalty,16,O,-42,2,MIS,misconduct,10,,
2025020552,1,185,9:53,10:07,1551,right,509,penalty,22,O,93,-29,MIN,cross-checking,2,8476463,8477934
2025020552,1,20,9:53,10:07,1551,right,509,penalty,22,N,0,-40,MIN,unsportsmanlike-conduct,2,8476463,8477934
2025020552,1,328,17:10,2:50,1551,right,509,penalty,30,N,-18,-30,MIN,interference,2,8478233,8478136
2025020552,2,386,1:06,18:54,1551,left,509,penalty,30,D,-71,1,MIN,hooking,2,8477934,8476463
2025020553,1,71,1:27,18:33,1560,left,509,penalty,2,N,-15,30,MIN,tripping,2,8482097,8478445
2025020553,1,95,2:43,17:17,1551,left,509,penalty,7,O,74,-26,MIN,hooking,2,8478445,8479359
2025020553,1,126,5:01,14:59,1551,left,509,penalty,2,D,53,31,MIN,delaying-game-puck-over-glass,2,,
2025020553,3,916,4:24,15:36,1551,left,509,penalty,2,D,44,27,MIN,tripping,2,8481524,8476419
2025020553,3,985,9:41,10:19,1551,left,509,penalty,2,D,55,-31,MIN,delaying-game-puck-over-glass,2,,
2025020553,3,1106,18:33,1:27,0651,left,509,penalty,7,D,-92,-30,MIN,slashing,2,8475314,8480891
2025020553,4,1169,4:43,0:17,1331,right,509,penalty,7,O,-82,8,MIN,tripping,2,8485366,8477949
2025020554,2,552,0:40,19:20,1551,left,509,penalty,13,O,36,25,MIN,hooking,2,8477402,8477409
2025020554,2,576,2:09,17:51,1551,left,509,penalty,13,O,61,42,MIN,high-sticking,2,8478472,8480021
2025020554,2,656,7:35,12:25,1551,left,509,penalty,19,N,0,-41,BEN,delaying-game-unsuccessful-challenge,2,,
2025020554,2,757,11:44,8:16,1551,left,509,penalty,19,N,11,-10,MIN,holding,2,8478542,8476892
2025020554,2,777,13:03,6:57,1551,left,509,penalty,13,N,19,32,MIN,interference,2,8478472,8484304
2025020554,3,925,2:46,17:14,1551,right,509,penalty,19,D,-57,34,MIN,tripping,2,8480021,8481006
2025020554,3,1175,16:15,3:45,1560,right,509,penalty,19,D,-89,-9,MIN,high-sticking,2,8480003,8475753
2025020555,1,153,7:34,12:26,1560,left,509,penalty,23,D,79,2,MIN,hooking,2,8478401,8474574
2025020555,1,199,10:25,9:35,1551,left,509,penalty,23,D,53,-23,MIN,tripping,2,8477956,8477969
2025020555,1,285,16:19,3:41,1551,left,509,penalty,6,D,-81,8,MIN,hooking,2,8480144,8479369
2025020555,2,529,3:12,16:48,1551,right,509,penalty,6,N,-19,-32,MIN,high-sticking,2,8484798,8479591
2025020555,2,612,8:36,11:24,1551,right,509,penalty,6,O,-90,8,MIN,roughing,2,8475169,8479705
2025020555,2,616,8:36,11:24,1551,right,509,penalty,23,D,-94,8,MIN,roughing,2,8479705,8475169
2025020555,3,840,1:15,18:45,1551,left,509,penalty,23,D,55,-38,MIN,hooking,2,8477496,8480144
2025020555,3,931,8:11,11:49,1551,left,509,penalty,6,N,-17,-15,MIN,interference,2,8481024,8479325
2025020555,3,950,9:53,10:07,1541,left,509,penalty,6,D,-89,-36,MIN,tripping,2,8482079,8476854
2025020556,1,81,2:04,17:56,1551,right,509,penalty,8,D,81,-38,MIN,boarding,2,8483487,8482964
2025020556,1,261,15:50,4:10,1551,right,509,penalty,5,D,-57,41,MIN,tripping,2,8480813,8475763
2025020556,2,542,11:18,8:42,1551,left,509,penalty,8,D,-95,-14,MIN,delaying-game-puck-over-glass,2,,
2025020556,3,795,8:29,11:31,1551,right,509,penalty,8,D,92,14,MIN,cross-checking,2,8478438,8483457
2025020557,1,100,3:27,16:33,1551,left,509,penalty,14,D,-67,3,MIN,holding,2,8480762,8483398
2025020557,1,136,6:00,14:00,1551,left,509,penalty,12,D,43,-24,MIN,interference,2,8476878,8480830
2025020557,1,247,10:35,9:25,1551,left,509,penalty,14,O,62,-4,MIN,high-sticking-double-minor,4,8476422,8482090
2025020557,1,341,14:36,5:24,1551,left,509,penalty,14,D,-65,8,MIN,high-sticking,2,8484203,8476878
2025020557,2,445,2:07,17:53,1551,right,509,penalty,14,O,-30,39,MIN,roughing,2,8476873,8477426
2025020557,2,449,2:07,17:53,1551,right,509,penalty,12,D,-30,40,MIN,roughing,2,8477426,8476873
2025020557,2,658,2:07,17:53,1551,right,509,penalty,12,N,-10,39,MIN,roughing,2,8483398,8480829
2025020557,2,654,2:07,17:53,1551,right,509,penalty,14,N,-12,40,MIN,roughing,2,8480829,8483398
2025020557,2,553,2:07,17:53,1551,right,509,penalty,12,D,-33,40,MIN,roughing,2,8483398,8480829
2025020557,2,798,18:07,1:53,1551,right,509,penalty,14,N,-5,42,MIN,roughing,2,8482702,8478178
2025020557,3,1066,14:32,5:28,1551,left,509,penalty,12,O,-82,0,MIN,tripping,2,8477416,8480830
2025020558,1,134,6:14,13:46,1551,left,509,penalty,18,D,-49,-38,MIN,hooking,2,8475714,8482062
2025020558,1,296,12:56,7:04,1551,left,509,penalty,10,D,58,40,MIN,tripping,2,8475158,8479318
2025020558,2,497,3:36,16:24,1551,right,509,penalty,10,D,-68,-25,MIN,tripping,2,8482146,8476931
2025020558,2,740,18:43,1:17,1551,right,509,penalty,18,O,-95,6,MIN,unsportsmanlike-conduct,2,8481122,8479980
2025020558,2,743,18:43,1:17,1551,right,509,penalty,10,D,-96,8,MIN,unsportsmanlike-conduct,2,8479980,8481122
2025020559,1,19,15:49,4:11,1551,right,509,penalty,20,N,-11,16,MAJ,fighting,5,8478468,8479066
2025020559,1,22,15:49,4:11,1551,right,509,penalty,54,N,-14,16,MAJ,fighting,5,8479066,8478468
2025020559,2,694,11:07,8:53,1551,left,509,penalty,20,O,99,4,MIN,tripping,2,8477964,8480028
2025020559,3,1038,15:50,4:10,1551,right,509,penalty,20,D,66,-7,MIN,high-sticking,2,8476881,8482165
2025020560,1,112,4:31,15:29,1551,left,509,penalty,24,O,59,40,MIN,holding-the-stick,2,8475745,8484762
2025020560,1,288,13:32,6:28,1551,left,509,penalty,29,D,55,-41,MIN,delaying-game-puck-over-glass,2,,
2025020560,2,601,5:15,14:45,1551,right,509,penalty,24,O,-86,3,MIN,interference-goalkeeper,2,8478007,8484762
2025020560,2,740,16:30,3:30,1551,right,509,penalty,29,O,95,-25,MIN,tripping,2,8482178,8478975
2025020560,3,1039,17:49,2:11,1551,left,509,penalty,29,N,19,40,BEN,too-many-men-on-the-ice,2,,
2025020561,1,176,5:30,14:30,1551,left,509,penalty,28,N,16,-36,MIN,holding-the-stick,2,8481789,8471817
2025020561,1,279,8:23,11:37,1551,left,509,penalty,55,D,68,-11,MIN,hooking,2,8475906,8480009
2025020561,1,340,12:44,7:16,1551,left,509,penalty,55,D,70,21,MIN,holding,2,8484994,8476467
2025020561,2,651,9:53,10:07,1551,right,509,penalty,55,D,-76,10,MIN,slashing,2,8484911,8479324
2025020561,3,1032,19:45,0:15,1560,left,509,penalty,55,N,20,-28,MIN,holding,2,8475784,8474586
2025020562,1,99,3:23,16:37,0651,right,509,penalty,17,O,-34,28,MIN,tripping,2,8478911,8481725
2025020562,2,561,7:22,12:38,1551,left,509,penalty,15,O,-71,38,MIN,tripping,2,8479337,8479520
2025020562,4,1057,0:35,4:25,1331,left,509,penalty,15,O,-44,15,MIN,hooking,2,8477946,8478440
2025020563,1,130,4:56,15:04,1551,right,509,penalty,21,D,-47,-5,MIN,interference,2,8478864,8476312
2025020563,1,189,9:03,10:57,1551,right,509,penalty,30,O,-96,4,MIN,hooking,2,8480069,8478864
2025020563,2,682,10:03,9:57,1551,left,509,penalty,21,O,-59,-33,MIN,high-sticking,2,8477451,8480835
2025020563,2,720,12:47,7:13,1551,left,509,penalty,30,D,-69,-31,MIN,interference,2,8477492,8475765
2025020563,2,755,15:07,4:53,1551,left,509,penalty,30,D,-82,1,MIN,interference,2,8484149,8475220
2025020563,2,314,15:07,4:53,1551,left,509,penalty,30,D,-83,0,MIN,cross-checking,2,8484149,8475220
2025020563,3,998,9:30,10:30,1551,right,509,penalty,21,D,-80,-32,MIN,holding,2,8476463,8476455
2025020564,1,211,6:58,13:02,1551,left,509,penalty,6,D,-96,12,MIN,tripping,2,8481528,8477507
2025020564,1,257,9:52,10:08,1560,left,509,penalty,9,N,-14,37,MIN,roughing,2,8477507,8482092
2025020564,1,372,14:49,5:11,1551,left,509,penalty,6,D,-49,3,MIN,slashing,2,8482116,8477496
2025020564,1,422,18:16,1:44,1551,left,509,penalty,9,D,92,-6,MIN,hooking,2,8479591,8482116
2025020564,1,431,18:40,1:20,1451,left,509,penalty,9,D,56,19,MIN,tripping,2,8479987,8482245
2025020564,2,733,12:27,7:33,1551,right,509,penalty,9,N,10,-21,MAJ,fighting,5,8479661,8477073
2025020564,2,736,12:27,7:33,1551,right,509,penalty,6,N,7,-24,MAJ,fighting,5,8477073,8479661
2025020564,2,811,16:47,3:13,1551,right,509,penalty,6,O,-91,25,MIN,tripping,2,8482105,8482634
2025020564,3,891,2:27,17:33,1551,left,509,penalty,9,N,-5,15,MIN,tripping,2,8480355,8476393
2025020564,3,973,8:18,11:42,1551,left,509,penalty,9,O,-62,-14,MAJ,fighting,5,8480355,8477073
2025020564,3,976,8:18,11:42,1551,left,509,penalty,6,D,-51,-16,MAJ,fighting,5,8477073,8480355
2025020564,3,1077,15:20,4:40,1551,left,509,penalty,6,O,80,-3,MIN,roughing,2,8482105,8479661
2025020564,3,558,18:57,1:03,1551,left,509,penalty,6,N,-12,30,MIN,roughing,2,8481528,8477507
2025020564,3,561,18:57,1:03,1551,left,509,penalty,9,O,-37,30,MIN,kneeing,2,8477507,8481528
2025020564,3,564,18:57,1:03,1441,left,509,penalty,6,N,-16,39,MIS,misconduct,10,,
2025020564,3,567,18:57,1:03,1441,left,509,penalty,9,N,16,38,MIS,misconduct,10,,
2025020564,3,1451,18:59,1:01,1441,left,509,penalty,9,N,14,40,MIN,tripping,2,8477956,8475324
2025020564,3,1456,18:59,1:01,1441,left,509,penalty,6,N,12,33,MIN,roughing,2,8482092,8477956
2025020564,3,1454,18:59,1:01,1441,left,509,penalty,9,N,13,30,MIN,roughing,2,8477956,8482092
2025020564,3,576,18:59,1:01,1441,left,509,penalty,9,N,16,38,MIS,misconduct,10,,
2025020564,3,588,18:59,1:01,1441,left,509,penalty,6,N,-8,37,MIS,misconduct,10,,
2025020564,3,586,18:59,1:01,1441,left,509,penalty,9,N,17,37,MIS,misconduct,10,,
2025020565,1,522,19:48,0:12,1560,left,509,penalty,7,N,-21,25,MIN,high-sticking,2,8478414,8484145
2025020566,1,121,4:32,15:28,1551,left,509,penalty,8,D,87,-34,MIN,delaying-game-puck-over-glass,2,,
2025020566,1,278,9:19,10:41,1551,left,509,penalty,5,D,-52,-25,MIN,tripping,2,8482964,8471724
2025020566,1,305,12:02,7:58,1551,left,509,penalty,8,D,70,-23,MIN,tripping,2,8483487,8483686
2025020566,2,714,14:21,5:39,1551,right,509,penalty,8,D,-57,-2,MIN,roughing,2,8478854,8478104
2025020566,2,718,14:21,5:39,1551,right,509,penalty,5,O,-54,-4,MIN,roughing,2,8478104,8478854
2025020566,3,1037,6:43,13:17,1551,left,509,penalty,5,O,70,-27,MIN,slashing,2,8483424,8478438
2025020566,3,1098,11:23,8:37,1551,left,509,penalty,8,D,87,-5,MIN,hooking,2,8479638,8483424
2025020567,1,382,12:11,7:49,1551,left,509,penalty,3,D,70,39,MIN,interference,2,8478047,8478840
2025020567,2,733,14:47,5:13,1551,right,509,penalty,18,D,25,41,MIN,cross-checking,2,8476389,8482062
2025020567,2,770,18:08,1:52,1551,right,509,penalty,3,O,80,40,MIN,hooking,2,8474600,8478550
2025020567,3,879,5:53,14:07,1551,left,509,penalty,18,D,-59,40,MIN,high-sticking,2,8482747,8477446
2025020567,3,1022,16:01,3:59,1551,left,509,penalty,18,D,-58,41,MIN,delaying-game-puck-over-glass,2,,
2025020568,1,273,16:15,3:45,1551,right,509,penalty,25,D,44,-40,MIN,delaying-game-puck-over-glass,2,,
2025020568,2,364,1:54,18:06,1551,left,509,penalty,10,D,76,-40,MIN,tripping,2,8478420,8481711
2025020568,2,384,3:31,16:29,1451,left,509,penalty,25,O,97,-4,MIN,hooking,2,8476853,8480027
2025020568,2,586,10:17,9:43,1551,left,509,penalty,10,O,-96,-17,MIN,tripping,2,8480027,8475166
2025020568,2,629,14:31,5:29,1551,left,509,penalty,25,N,13,-24,MIN,interference,2,8476872,8480950
2025020568,2,707,17:05,2:55,1551,left,509,penalty,25,O,29,24,MIN,high-sticking,2,8475171,8481581
2025020568,3,847,6:36,13:24,1551,right,509,penalty,10,N,13,-40,MIN,interference,2,8478449,8479026
2025020569,1,68,0:45,19:15,1551,left,509,penalty,52,D,50,0,MIN,tripping,2,8479619,8480145
2025020569,1,271,11:33,8:27,1551,left,509,penalty,68,D,-28,-38,MIN,interference,2,8480289,8480084
2025020569,1,354,17:50,2:10,1551,left,509,penalty,68,O,55,-32,MIN,hooking,2,8476392,8482175
2025020569,2,697,10:27,9:33,1551,right,509,penalty,68,O,-34,-39,MIN,interference,2,8480145,8477070
2025020569,2,780,17:05,2:55,1551,right,509,penalty,52,D,-58,-17,MIN,interference,2,8478474,8476871
2025020569,3,925,8:01,11:59,1551,left,509,penalty,52,D,51,-31,MIN,holding,2,8477951,8476871
2025020570,1,128,5:47,14:13,1551,left,509,penalty,22,D,-37,23,MIN,hooking,2,8477018,8478233
2025020570,1,258,10:57,9:03,1551,left,509,penalty,22,N,-15,-10,MIN,slashing,2,8476881,8477934
2025020570,1,287,12:58,7:02,1551,left,509,penalty,54,D,66,2,MIN,hooking,2,8478402,8477018
2025020570,1,357,17:26,2:34,1551,left,509,penalty,22,D,-51,41,MIN,hooking,2,8481527,8478233
2025020570,2,481,1:56,18:04,1551,right,509,penalty,54,D,-87,35,MIN,interference,2,8479368,8478468
2025020570,2,599,12:06,7:54,0651,right,509,penalty,22,D,72,0,MIN,high-sticking,2,8481133,8474641
2025020570,3,861,3:31,16:29,1551,left,509,penalty,22,D,-73,1,MIN,hooking,2,8475191,8480831
2025020570,3,1042,13:32,6:28,1551,left,509,penalty,54,O,-98,24,MIN,high-sticking,2,8480803,8479353
2025020571,1,160,7:15,12:45,1551,left,509,penalty,19,D,74,2,MIN,slashing,2,8482201,8482733
2025020571,1,192,9:43,10:17,1551,left,509,penalty,14,O,54,-21,MIN,interference,2,8480459,8476878
2025020571,1,241,13:42,6:18,1551,left,509,penalty,19,N,16,-18,MIN,tripping,2,8480995,8480023
2025020571,1,331,16:57,3:03,1551,left,509,penalty,19,D,70,-1,MIN,tripping,2,8477404,8481006
2025020571,3,896,5:04,14:56,1551,left,509,penalty,19,D,72,-1,MIN,holding,2,8477426,8482733
2025020571,3,914,6:06,13:54,1551,left,509,penalty,14,D,-48,39,MIN,holding,2,8478472,8482090
2025020572,1,213,10:52,9:08,1551,right,509,penalty,4,O,-96,-21,MIN,holding-the-stick,2,8484798,8477989
2025020572,1,243,13:51,6:09,1551,right,509,penalty,23,D,-92,-29,MIN,holding,2,8480015,8474574
2025020572,1,420,19:11,0:49,1551,right,509,penalty,4,N,-19,-38,MIN,slashing,2,8474574,8484142
2025020573,1,60,0:31,19:29,1551,left,509,penalty,55,D,79,6,MIN,slashing,2,8481605,8482665
2025020573,1,224,9:27,10:33,1551,left,509,penalty,24,D,-93,-8,MIN,slashing,2,8483570,8482803
2025020573,2,571,4:19,15:41,1551,right,509,penalty,24,D,69,4,MIN,slashing,2,8476905,8476885
2025020573,2,625,7:24,12:36,1551,right,509,penalty,55,D,-71,17,MIN,tripping,2,8475798,8482858
2025020573,3,962,11:00,9:00,1551,left,509,penalty,24,D,-85,-36,MIN,roughing,2,8481789,8483445
2025020573,3,966,11:00,9:00,1551,left,509,penalty,55,O,-78,-39,MIN,roughing,2,8483445,8481789
2025020573,3,1098,19:34,0:26,1551,left,509,penalty,24,O,78,6,MIN,roughing,2,8481789,8477527
2025020573,3,483,19:34,0:26,1551,left,509,penalty,55,D,75,6,MIS,misconduct,10,,
2025020573,3,480,19:34,0:26,1551,left,509,penalty,24,O,74,-1,MIS,misconduct,10,,
2025020574,1,96,2:54,17:06,1551,right,509,penalty,26,D,57,2,MIN,hooking,2,8478500,8477942
2025020574,1,328,12:27,7:33,1560,right,509,penalty,29,D,-87,9,MIN,hooking,2,8471685,8476923
2025020574,1,390,17:32,2:28,1551,right,509,penalty,29,D,-92,-31,MIN,cross-checking,2,8481532,8479371
2025020574,1,451,18:16,1:44,1451,right,509,penalty,26,O,-65,39,MIN,high-sticking,2,8476432,8483808
2025020574,2,526,2:59,17:01,1551,left,509,penalty,29,D,55,2,MIN,interference,2,8481532,8477425
2025020574,2,640,8:33,11:27,1551,left,509,penalty,26,N,8,37,MIN,roughing,2,8476923,8470621
2025020574,2,33,8:33,11:27,1551,left,509,penalty,26,N,9,38,MIN,unsportsmanlike-conduct,2,8476923,8470621
2025020574,2,644,8:33,11:27,1551,left,509,penalty,29,N,8,37,MIN,roughing,2,8470621,8476923
2025020574,2,662,9:48,10:12,1541,left,509,penalty,29,N,-13,-39,MIN,tripping,2,8477998,8478500
2025020574,2,696,12:04,7:56,1551,left,509,penalty,26,D,-80,2,MIN,slashing,2,8477425,8482730
2025020574,3,888,6:27,13:33,1551,right,509,penalty,26,O,-97,2,MIN,slashing,2,8483485,8470621
2025020574,3,978,13:55,6:05,1551,right,509,penalty,26,N,-23,25,MIN,hooking,2,8477425,8477942
2025020574,3,996,14:58,5:02,1551,right,509,penalty,29,O,34,-36,MIN,hooking,2,8475208,8476432
2025020574,3,1017,16:45,3:15,1460,right,509,penalty,26,N,13,42,BEN,too-many-men-on-the-ice,2,,
2025020575,1,29,20:00,0:00,1551,right,509,penalty,5,D,-86,-33,MIN,roughing,2,8482259,8471724
2025020575,1,26,20:00,0:00,1551,right,509,penalty,10,O,-84,-37,MIN,roughing,2,8471724,8482259
2025020575,3,951,9:10,10:50,1551,right,509,penalty,5,D,-41,-20,MIN,tripping,2,8475166,8474578
2025020575,3,959,9:41,10:19,1451,right,509,penalty,10,O,-96,17,MIN,slashing,2,8478854,8481711
2025020575,3,968,9:57,10:03,1441,right,509,penalty,5,D,-80,-2,MIN,slashing,2,8477939,8485414
2025020575,3,1104,19:15,0:45,0651,right,509,penalty,10,D,68,-1,MIN,interference,2,8483487,8479026
2025020576,1,219,7:49,12:11,1551,right,509,penalty,15,D,65,38,MIN,high-sticking-double-minor,4,8477380,8484186
2025020576,2,484,3:57,16:03,1551,left,509,penalty,3,D,73,-2,MIN,slashing,2,8484186,8481525
2025020576,2,537,8:29,11:31,1551,left,509,penalty,3,D,70,20,MIN,holding,2,8475343,8477369
2025020576,2,677,10:54,9:06,1551,left,509,penalty,15,D,-60,32,MIN,tripping,2,8476389,8481580
2025020576,3,822,2:23,17:37,1551,right,509,penalty,15,N,-14,26,MIN,cross-checking,2,8482747,8471214
2025020576,3,1039,19:31,0:29,1551,right,509,penalty,3,O,98,14,MIN,tripping,2,8478911,8483690
2025020577,1,62,0:03,19:57,1551,left,509,penalty,8,N,-9,-11,MAJ,fighting,5,8479661,8476981
2025020577,1,59,0:03,19:57,1551,left,509,penalty,6,N,-9,-12,MAJ,fighting,5,8476981,8479661
2025020577,1,70,0:29,19:31,1551,left,509,penalty,6,D,-98,13,MIN,holding,2,8480074,8476854
2025020577,1,19,8:28,11:32,1551,left,509,penalty,6,N,-2,-6,MAJ,fighting,5,8482964,8477507
2025020577,1,16,8:28,11:32,1551,left,509,penalty,8,N,-3,-3,MAJ,fighting,5,8477507,8482964
2025020577,1,250,8:31,11:29,1551,left,509,penalty,8,O,-58,10,MIN,interference,2,8479661,8483515
2025020577,1,375,13:41,6:19,1551,left,509,penalty,8,D,73,-3,MIN,slashing,2,8481609,8475848
2025020577,1,455,15:56,4:04,1551,left,509,penalty,6,O,54,42,MIN,slashing,2,8476875,8478042
2025020577,1,479,17:58,2:02,1551,left,509,penalty,8,O,-72,24,MIN,hooking,2,8477507,8484984
2025020577,2,624,4:15,15:45,1551,right,509,penalty,8,O,34,-35,MIN,slashing,2,8482511,8476981
2025020577,2,46,14:37,5:23,0651,right,509,penalty,6,O,-35,32,MIN,high-sticking-double-minor,4,8480865,8482634
2025020577,2,311,19:55,0:05,1551,right,509,penalty,6,O,-43,-19,MIN,roughing,2,8483515,8477507
2025020577,2,308,19:55,0:05,1551,right,509,penalty,8,D,-80,-21,MIN,roughing,2,8477507,8483515
2025020577,3,966,7:04,12:56,1551,left,509,penalty,6,N,-14,40,BEN,delaying-game-unsuccessful-challenge,2,,
2025020577,3,979,8:24,11:36,1541,left,509,penalty,6,N,0,39,MIN,cross-checking,2,8482737,8479661
2025020577,3,994,8:58,11:02,1541,left,509,penalty,6,D,-81,-39,MIN,tripping,2,8482775,8476854
2025020577,3,1178,18:52,1:08,1551,left,509,penalty,8,D,65,30,MIN,holding,2,8477956,8483515
2025020577,3,332,18:52,1:08,1551,left,509,penalty,8,N,15,38,MIS,misconduct,10,,
2025020577,3,329,18:52,1:08,1551,left,509,penalty,6,N,-15,39,MIS,misconduct,10,,
2025020578,1,368,18:12,1:48,1551,left,509,penalty,7,N,18,39,MIN,high-sticking,2,8480801,8480891
2025020578,1,20,18:12,1:48,1551,left,509,penalty,9,N,16,38,MIN,roughing,2,8480891,8480801
2025020578,2,530,2:36,17:24,1551,right,509,penalty,9,D,83,-3,MIN,interference,2,8482623,8484321
2025020578,2,666,9:13,10:47,1551,right,509,penalty,7,D,-86,7,MIN,tripping,2,8480188,8480891
2025020578,2,728,13:51,6:09,1551,right,509,penalty,7,D,-34,-2,MIN,high-sticking,2,8480208,8484145
2025020578,3,1066,18:09,1:51,1551,left,509,penalty,7,D,64,33,MIN,hooking,2,8474102,8477949
2025020579,1,396,18:22,1:38,1551,right,509,penalty,17,D,96,8,MIN,holding,2,8479351,8481542
2025020579,2,601,9:07,10:53,1551,left,509,penalty,17,N,-24,-39,MIN,tripping,2,8482740,8477946
2025020579,2,713,14:41,5:19,1551,left,509,penalty,25,D,85,-1,MIN,roughing,2,8484471,8479193
2025020579,3,807,2:00,18:00,1551,right,509,penalty,25,O,42,37,MIN,roughing,2,8480879,8484829
2025020579,3,870,7:13,12:47,0651,right,509,penalty,17,D,96,4,MIN,holding,2,8480840,8484223
2025020579,3,920,10:59,9:01,1551,right,509,penalty,17,O,-98,-19,MIN,holding,2,8480878,8474037
2025020579,3,969,13:30,6:30,1551,right,509,penalty,17,O,-99,17,MIN,cross-checking,2,8480950,8482078
2025020579,3,981,14:09,5:51,1541,right,509,penalty,25,O,76,-22,MIN,interference,2,8482762,8478420
2025020581,1,401,13:19,6:41,1551,right,509,penalty,13,D,-86,8,MIN,interference,2,8476873,8478055
2025020581,1,414,14:02,5:58,1451,right,509,penalty,12,O,-86,-38,MIN,tripping,2,8477932,8480829
2025020581,1,506,19:48,0:12,0651,right,509,penalty,12,O,-85,-37,MIN,tripping,2,8478055,8480830
2025020581,2,732,12:52,7:08,1551,left,509,penalty,13,N,-1,-41,MIN,interference,2,8475791,8480003
2025020581,2,826,19:36,0:24,1551,left,509,penalty,13,N,21,27,MIN,holding-the-stick,2,8480817,8473419
2025020581,2,822,19:36,0:24,1551,left,509,penalty,12,N,21,28,MIN,roughing,2,8473419,8480817
2025020581,3,1060,14:44,5:16,1551,right,509,penalty,12,D,63,-29,MIN,tripping,2,8480185,8480817
2025020581,3,560,19:56,0:04,1551,right,509,penalty,12,O,-86,-22,MIN,high-sticking-double-minor,4,8480003,8476873
2025020582,1,179,8:30,11:30,1551,right,509,penalty,18,D,-87,-34,MIN,high-sticking,2,8480800,8475158
2025020582,1,298,13:42,6:18,0651,right,509,penalty,30,D,72,4,MIN,tripping,2,8482146,8478493
2025020582,1,380,16:07,3:53,1551,right,509,penalty,30,O,-72,-20,MIN,tripping,2,8483513,8475765
2025020582,2,447,1:14,18:46,1551,left,509,penalty,30,D,-92,-32,MIN,holding,2,8482062,8478864
2025020582,2,479,3:48,16:12,1551,left,509,penalty,18,N,20,12,MIN,tripping,2,8478864,8483565
2025020582,2,723,16:40,3:20,1551,left,509,penalty,30,O,63,-22,MIN,slashing,2,8477446,8475692
2025020582,2,38,16:40,3:20,1551,left,509,penalty,18,D,72,-12,MIN,slashing,2,8475692,8477446
2025020582,2,743,18:16,1:44,1441,left,509,penalty,30,D,-62,-11,MIN,high-sticking,2,8482768,8474716
2025020582,3,799,2:15,17:45,1560,right,509,penalty,18,O,74,0,MIN,tripping,2,8477451,8479370
2025020583,1,160,7:59,12:01,1551,right,509,penalty,4,D,-53,-32,MIN,tripping,2,8481568,8481533
2025020583,1,248,14:29,5:31,1551,right,509,penalty,16,N,-21,36,MIN,holding,2,8483733,8482703
2025020583,2,382,0:34,19:26,1551,left,509,penalty,4,O,-87,-34,MIN,roughing,2,8482176,8479336
2025020583,2,35,9:56,10:04,1551,left,509,penalty,16,N,12,42,BEN,too-many-men-on-the-ice,2,,
2025020583,2,689,17:37,2:23,1551,left,509,penalty,16,D,-89,-19,MIN,cross-checking,2,8478439,8476473
2025020583,2,695,17:47,2:13,1541,left,509,penalty,4,O,-99,-10,MIN,boarding,2,8482176,8484142
2025020583,3,836,3:40,16:20,1551,right,509,penalty,16,N,21,-9,MIN,unsportsmanlike-conduct,2,8484387,8484185
2025020583,3,839,3:40,16:20,1551,right,509,penalty,4,N,20,-12,MIN,unsportsmanlike-conduct,2,8484185,8484387
2025020583,3,883,7:29,12:31,1551,right,509,penalty,16,D,60,33,MIN,interference,2,8477948,8481568
2025020583,3,979,15:36,4:24,1551,right,509,penalty,4,D,-64,13,MIN,hooking,2,8478043,8476461
2025020584,1,348,14:04,5:56,1551,right,509,penalty,68,O,60,-29,MIN,interference,2,8475754,8482175
2025020584,1,383,16:36,3:24,0651,right,509,penalty,21,D,75,-35,MIN,holding,2,8479343,8477476
2025020584,2,544,4:37,15:23,0651,left,509,penalty,21,D,-69,-34,MIN,high-sticking,2,8478831,8478038
2025020584,2,681,9:41,10:19,1551,left,509,penalty,21,D,-60,5,MIN,tripping,2,8478831,8477492
2025020584,2,719,12:39,7:21,1551,left,509,penalty,68,D,83,3,MIN,tripping,2,8477501,8482699
2025020585,1,468,17:10,2:50,1551,left,509,penalty,22,D,-52,-22,MIN,holding,2,8476399,8481617
2025020585,1,484,18:14,1:46,1541,left,509,penalty,20,D,73,7,MIN,slashing,2,8478402,8478397
2025020585,2,541,1:08,18:52,1551,right,509,penalty,20,N,9,-30,MIN,hooking,2,8478458,8482679
2025020585,2,638,4:45,15:15,1551,right,509,penalty,22,O,-79,38,MIN,slashing,2,8480860,8476454
2025020585,2,641,4:45,15:15,1551,right,509,penalty,20,D,-46,16,MIN,hooking,2,8478402,8482074
2025020585,2,663,5:48,14:12,1441,right,509,penalty,20,O,81,1,MIN,unsportsmanlike-conduct,2,8477498,8477346
2025020585,2,38,5:48,14:12,1441,right,509,penalty,20,D,-43,15,MIS,misconduct,10,,
2025020585,2,658,5:48,14:12,1441,right,509,penalty,20,O,81,1,GAM,game-misconduct,10,,
2025020585,2,755,8:22,11:38,1551,right,509,penalty,22,O,-59,11,MAJ,fighting,5,8480860,8479365
2025020585,2,751,8:22,11:38,1551,right,509,penalty,20,D,-65,6,MAJ,fighting,5,8479365,8480860
2025020585,2,850,15:30,4:30,1551,right,509,penalty,22,N,-1,-28,MIN,holding,2,8475172,8478402
2025020585,3,983,5:15,14:45,1551,left,509,penalty,20,O,-39,-38,MIN,tripping,2,8479365,8477810
2025020585,3,1013,6:54,13:06,1551,left,509,penalty,22,N,-13,-41,MIN,delaying-game-puck-over-glass,2,,
2025020585,3,1050,9:28,10:32,1551,left,509,penalty,20,N,-3,6,MIN,tripping,2,8475786,8478397
2025020585,3,1078,12:12,7:48,0651,left,509,penalty,22,D,-71,-39,MIN,cross-checking,2,8478397,8477498
2025020585,3,1152,19:53,0:07,1551,left,509,penalty,20,N,-22,32,MIN,cross-checking,2,8477498,8479066
2025020585,3,574,19:53,0:07,1551,left,509,penalty,22,N,0,-39,MIS,misconduct,10,,
2025020585,3,571,19:53,0:07,1551,left,509,penalty,22,N,-1,-39,MIS,misconduct,10,,
2025020585,3,708,19:53,0:07,1551,left,509,penalty,20,O,-56,38,MIS,misconduct,10,,
2025020585,3,711,19:53,0:07,1551,left,509,penalty,20,O,-59,38,MIS,misconduct,10,,
2025020585,3,560,19:53,0:07,1551,left,509,penalty,22,N,0,-39,MIS,misconduct,10,,
2025020585,3,720,19:53,0:07,1551,left,509,penalty,20,O,-58,36,MIS,misconduct,10,,
2025020585,3,568,19:53,0:07,1551,left,509,penalty,22,N,-2,-39,MIS,misconduct,10,,
2025020585,3,714,19:53,0:07,1551,left,509,penalty,20,O,-58,37,MIS,misconduct,10,,
2025020585,3,717,19:53,0:07,1551,left,509,penalty,20,O,-58,38,MIS,misconduct,10,,
2025020585,3,557,19:53,0:07,1551,left,509,penalty,22,D,-57,41,MIS,misconduct,10,,
2025020586,1,265,7:58,12:02,1551,right,509,penalty,28,D,-92,-31,MIN,slashing,2,8477964,8482166
2025020586,1,331,12:13,7:47,1551,right,509,penalty,54,N,22,42,MIN,interference,2,8482859,8480727
2025020586,1,339,12:23,7:37,1541,right,509,penalty,28,O,75,41,MIN,high-sticking,2,8476925,8482667
2025020586,2,601,8:02,11:58,1551,left,509,penalty,28,D,65,3,MIN,tripping,2,8478483,8482667
2025020586,3,1009,14:44,5:16,1551,right,509,penalty,28,O,84,0,MIN,roughing,2,8478468,8479983
2025020586,3,417,20:00,0:00,1551,right,509,penalty,54,D,80,-16,MIN,slashing,2,8482859,8477018
2025020587,1,431,19:28,0:32,1551,right,509,penalty,26,N,-3,-26,MIN,tripping,2,8481554,8475208
2025020587,2,783,18:23,1:37,1551,left,509,penalty,55,O,-66,21,MIN,interference,2,8477998,8474586
2025020587,3,836,1:43,18:17,1551,right,509,penalty,55,D,-77,-3,MIN,hooking,2,8483808,8484800
2025020587,3,1000,13:40,6:20,1551,right,509,penalty,26,O,-69,22,MIN,delaying-game-face-off-violation,2,,
2025020587,3,1010,14:03,5:57,1541,right,509,penalty,55,O,42,13,MIN,tripping,2,8482124,8482665
2025020588,1,157,3:51,16:09,1551,left,509,penalty,3,D,76,-10,MIN,tripping,2,8478445,8478882
2025020588,2,536,4:56,15:04,1551,right,509,penalty,3,N,7,-3,MIN,holding-the-stick,2,8477494,8482109
2025020588,2,613,11:09,8:51,1551,right,509,penalty,3,D,-85,1,MIN,hooking,2,8485702,8482073
2025020588,2,648,13:56,6:04,1551,right,509,penalty,2,D,37,39,MIN,interference,2,8478550,8476917
2025020588,3,808,1:49,18:11,1551,left,509,penalty,2,D,-85,7,MIN,interference,2,8483690,8477950
2025020588,3,811,1:49,18:11,1551,left,509,penalty,3,O,-84,11,MIN,tripping,2,8477950,8483690
2025020588,3,897,7:58,12:02,1551,left,509,penalty,3,O,-97,-6,MIN,interference-goalkeeper,2,8479496,8482157
2025020588,3,309,9:18,10:42,1451,left,509,penalty,2,D,-84,2,PS,ps-slash-on-breakaway,0,8477369,8484221
2025020588,3,1013,12:35,7:25,1551,left,509,penalty,3,O,-57,22,MIN,holding,2,8477506,8476389
2025020588,3,1040,14:41,5:19,1551,left,509,penalty,2,O,95,-12,MIN,tripping,2,8478882,8484221
2025020588,3,1067,16:59,3:01,1551,left,509,penalty,2,O,73,-3,MIN,tripping,2,8483690,8477500
2025020589,2,807,18:27,1:33,1551,right,509,penalty,6,O,68,-38,MIN,high-sticking-double-minor,4,8480807,8478042
2025020589,3,927,7:01,12:59,1551,left,509,penalty,6,D,75,-1,MIN,hooking,2,8482659,8476374
2025020589,3,994,13:40,6:20,1551,left,509,penalty,7,D,-60,1,MIN,holding,2,8478401,8480891
2025020590,1,58,0:12,19:48,1551,right,509,penalty,9,O,62,-17,MIN,interference,2,8479318,8480188
2025020590,1,279,7:50,12:10,1551,right,509,penalty,10,D,75,-16,MIN,interference,2,8474102,8479026
2025020590,1,354,13:07,6:53,1551,right,509,penalty,9,D,-44,39,MIN,tripping,2,8477939,8480801
2025020590,3,895,1:47,18:13,1551,right,509,penalty,9,O,95,0,MIN,roughing,2,8475171,8480208
2025020590,3,900,1:47,18:13,1551,right,509,penalty,10,D,94,0,MIN,roughing,2,8480208,8475171
2025020590,3,1079,12:46,7:14,1551,right,509,penalty,9,D,-68,22,MIN,tripping,2,8476872,8482105
2025020591,1,12,3:25,16:35,1551,right,509,penalty,13,D,88,2,MIN,roughing,2,8476826,8477935
2025020591,1,14,3:25,16:35,1551,right,509,penalty,14,O,90,3,MIN,roughing,2,8477935,8476826
2025020591,1,110,3:25,16:35,1551,right,509,penalty,13,D,90,3,MIN,roughing,2,8476826,8477935
2025020591,1,113,3:25,16:35,1551,right,509,penalty,14,O,89,3,MIN,roughing,2,8477935,8476826
2025020591,1,106,3:25,16:35,1551,right,509,penalty,14,O,90,4,MIN,cross-checking,2,8477932,8476878
2025020591,1,149,6:48,13:12,0651,right,509,penalty,13,D,49,4,MIN,tripping,2,8476453,8478421
2025020591,1,438,12:49,7:11,1551,right,509,penalty,14,D,-96,3,MIN,cross-checking,2,8480003,8477463
2025020591,1,466,14:15,5:45,1451,right,509,penalty,13,D,81,-4,MIN,holding,2,8478519,8477932
2025020591,2,674,3:48,16:12,1551,left,509,penalty,13,N,-5,-33,MIN,interference,2,8477416,8482713
2025020591,2,35,6:59,13:01,1551,left,509,penalty,14,O,-89,10,MIN,roughing,2,8479316,8480876
2025020591,2,713,6:59,13:01,1551,left,509,penalty,14,O,-88,12,MAJ,fighting,5,8479316,8480876
2025020591,2,709,6:59,13:01,1551,left,509,penalty,13,D,-88,8,MAJ,fighting,5,8480876,8479316
2025020591,2,763,10:14,9:46,1551,left,509,penalty,13,D,-69,2,MIN,interference,2,8478178,8477932
2025020591,2,512,18:30,1:30,1551,left,509,penalty,13,D,-80,-39,MIN,roughing,2,8478519,8477495
2025020591,2,894,18:30,1:30,1551,left,509,penalty,14,O,-83,-38,MIN,roughing,2,8477495,8478519
2025020591,2,887,18:30,1:30,1551,left,509,penalty,13,D,-82,-37,MIN,roughing,2,8481719,8478542
2025020591,2,890,18:30,1:30,1551,left,509,penalty,14,O,-83,-37,MIN,roughing,2,8478542,8481719
2025020591,2,503,18:30,1:30,1551,left,509,penalty,14,O,-84,-36,MIN,roughing,2,8478421,8477416
2025020591,2,900,18:30,1:30,1551,left,509,penalty,14,O,-80,-38,MIN,roughing,2,8478421,8477416
2025020591,2,510,18:30,1:30,1551,left,509,penalty,13,D,-84,-36,MIN,roughing,2,8477416,8478421
2025020591,2,906,18:30,1:30,1551,left,509,penalty,13,D,-83,-38,MIN,roughing,2,8477416,8478421
2025020591,2,505,18:30,1:30,1551,left,509,penalty,14,O,-86,-35,MIN,roughing,2,8477409,8480426
2025020591,2,903,18:30,1:30,1551,left,509,penalty,14,O,-82,-38,MIN,roughing,2,8477409,8480426
2025020591,2,508,18:30,1:30,1551,left,509,penalty,13,D,-84,-36,MIN,roughing,2,8480426,8477409
2025020591,2,897,18:30,1:30,1551,left,509,penalty,13,D,-81,-38,MIN,roughing,2,8480426,8477409
2025020591,2,884,18:30,1:30,1551,left,509,penalty,14,O,-82,-38,MIN,roughing,2,8478421,8477404
2025020591,3,517,1:34,18:26,1551,right,509,penalty,14,O,42,39,MIN,roughing,2,8478859,8477149
2025020591,3,948,1:34,18:26,1551,right,509,penalty,14,O,53,39,MIN,slashing,2,8478859,8477149
2025020591,3,519,1:34,18:26,1551,right,509,penalty,14,O,45,38,MIS,misconduct,10,,
2025020591,3,1072,5:34,14:26,1451,right,509,penalty,14,D,-65,39,MIN,high-sticking,2,8480003,8481719
2025020591,3,1129,9:30,10:30,1551,right,509,penalty,13,D,91,-20,MIN,slashing,2,8476453,8477935
2025020591,3,1152,10:53,9:07,1541,right,509,penalty,14,D,-75,-8,MIN,slashing,2,8480185,8477416
2025020591,3,1171,12:14,7:46,1451,right,509,penalty,13,O,-97,-14,MIN,boarding,2,8481719,8477935
2025020591,3,1201,14:39,5:21,1551,right,509,penalty,13,O,-71,1,MIN,roughing,2,8481719,8477935
2025020591,3,1209,14:39,5:21,1551,right,509,penalty,13,O,-70,1,MIN,roughing,2,8476826,8484304
2025020591,3,531,14:39,5:21,1551,right,509,penalty,14,D,-70,6,MIN,roughing,2,8473419,8480426
2025020591,3,1212,14:39,5:21,1551,right,509,penalty,14,D,-72,4,MIN,roughing,2,8473419,8480426
2025020591,3,1215,14:39,5:21,1551,right,509,penalty,14,D,-72,1,MIN,roughing,2,8484304,8476826
2025020591,3,1218,14:39,5:21,1551,right,509,penalty,13,O,-75,3,MIN,roughing,2,8480426,8473419
2025020591,3,1205,14:39,5:21,1551,right,509,penalty,14,D,-73,3,MIN,roughing,2,8477935,8481719
2025020591,3,1274,19:27,0:33,1551,right,509,penalty,14,D,-69,3,MIN,roughing,2,8480021,8477149
2025020591,3,1001,19:27,0:33,1551,right,509,penalty,13,O,-74,1,MIS,misconduct,10,,
2025020591,3,547,19:27,0:33,1551,right,509,penalty,14,D,-60,0,MIS,misconduct,10,,
2025020591,3,539,19:27,0:33,1551,right,509,penalty,14,D,-64,2,MIS,misconduct,10,,
2025020591,3,536,19:27,0:33,1551,right,509,penalty,14,D,-76,1,MIS,misconduct,10,,
2025020592,1,430,17:31,2:29,1551,left,509,penalty,15,O,-88,-33,MIN,roughing,2,8478841,8478463
2025020592,1,433,17:31,2:29,1551,left,509,penalty,1,D,-87,-35,MIN,roughing,2,8478463,8478841
2025020592,2,584,4:46,15:14,1551,right,509,penalty,15,D,-98,-4,MIN,hooking,2,8477488,8479520
2025020592,2,624,7:15,12:45,1560,right,509,penalty,15,D,-62,-2,MIN,hooking,2,8476292,8479520
2025020592,2,697,13:57,6:03,1551,right,509,penalty,1,D,66,41,MIN,interference,2,8478463,8479996
2025020593,2,665,8:03,11:57,1551,left,509,penalty,17,D,61,33,MIN,roughing,2,8480830,8475279
2025020593,2,668,8:03,11:57,1551,left,509,penalty,12,O,62,35,MIN,roughing,2,8475279,8480830
2025020593,3,909,1:34,18:26,1551,right,509,penalty,12,D,74,18,MIN,holding,2,8479337,8478970
2025020593,3,997,9:12,10:48,1551,right,509,penalty,17,O,57,-40,MIN,hooking,2,8477940,8478891
2025020593,3,1120,14:11,5:49,1551,right,509,penalty,12,N,20,21,MIN,tripping,2,8478891,8477940
2025020594,1,277,12:26,7:34,1551,right,509,penalty,30,D,-36,-21,MAJ,fighting,5,8479378,8478136
2025020594,1,274,12:26,7:34,1551,right,509,penalty,52,O,-40,-27,MAJ,fighting,5,8478136,8479378
2025020594,1,284,12:58,7:02,1551,right,509,penalty,30,O,37,-36,MIN,interference,2,8475799,8475765
2025020594,1,475,19:58,0:02,1551,right,509,penalty,52,N,18,-40,MIN,tripping,2,8476994,8480014
2025020594,2,573,3:32,16:28,1560,left,509,penalty,30,O,-98,12,MIN,tripping,2,8479378,8475149
2025020594,2,633,8:07,11:53,1551,left,509,penalty,52,O,63,-30,MIN,tripping,2,8476463,8476871
2025020594,2,682,11:36,8:24,1551,left,509,penalty,30,D,32,40,MIN,high-sticking,2,8479378,8478508
2025020594,3,978,13:36,6:24,0651,right,509,penalty,52,D,96,4,MIN,slashing,2,8476994,8479378
2025020594,3,1054,19:30,0:30,0651,right,509,penalty,52,D,81,2,MIN,cross-checking,2,8478493,8476331
2025020595,1,93,3:16,16:44,1551,left,509,penalty,19,D,-96,24,MIN,tripping,2,8482768,8475170
2025020595,1,149,7:18,12:42,1560,left,509,penalty,18,N,-23,20,MIN,hooking,2,8476892,8482768
2025020595,2,647,14:54,5:06,1551,right,509,penalty,19,D,96,-10,MIN,hooking,2,8482062,8482733
2025020595,3,865,10:43,9:17,1551,left,509,penalty,18,O,-78,-23,MIN,high-sticking,2,8484164,8475158
2025020596,1,229,8:20,11:40,1551,right,509,penalty,16,N,15,-9,MIN,tripping,2,8475168,8484197
2025020596,2,562,5:26,14:34,1551,left,509,penalty,16,D,79,28,MIN,holding,2,8475168,8476473
2025020596,2,715,17:56,2:04,1551,left,509,penalty,25,D,-82,3,MIN,roughing,2,8482703,8478476
2025020596,2,729,19:19,0:41,1541,left,509,penalty,16,D,84,2,MIN,tripping,2,8479351,8482821
2025020596,3,855,5:23,14:37,1551,right,509,penalty,16,D,-26,18,MIN,tripping,2,8473994,8482176
2025020596,3,885,8:11,11:49,1551,right,509,penalty,25,D,53,41,MIN,high-sticking,2,8482176,8473994
2025020597,1,253,10:52,9:08,1551,right,509,penalty,24,D,-82,5,MIN,interference,2,8482726,8475798
2025020597,1,263,11:14,8:46,1451,right,509,penalty,26,N,-21,-18,MIN,interference,2,8480068,8477960
2025020597,1,403,18:04,1:56,1560,right,509,penalty,24,D,-67,20,MIN,slashing,2,8477960,8478366
2025020597,2,511,3:00,17:00,1551,left,509,penalty,24,D,50,41,MIN,holding,2,8481532,8482178
2025020597,2,636,9:00,11:00,1551,left,509,penalty,26,D,-82,-1,MIN,interference,2,8478366,8482730
2025020597,2,663,11:02,8:58,1551,left,509,penalty,24,O,-82,23,MIN,cross-checking,2,8474563,8473986
2025020597,2,667,11:02,8:58,1551,left,509,penalty,26,D,-78,25,MIN,slashing,2,8473986,8474563
2025020597,3,841,5:14,14:46,1551,right,509,penalty,24,D,-85,-36,MIN,cross-checking,2,8483808,8476458
2025020597,3,845,5:14,14:46,1551,right,509,penalty,26,O,-88,-36,MIN,roughing,2,8476458,8481532
2025020597,3,45,5:14,14:46,1551,right,509,penalty,24,D,-88,-36,MIN,roughing,2,8481532,8476458
2025020598,1,325,7:12,12:48,1551,right,509,penalty,20,D,37,0,MIN,hooking,2,8478458,8482165
2025020598,1,379,12:03,7:57,1551,right,509,penalty,22,N,4,38,MIN,slashing,2,8483609,8475786
2025020598,1,385,12:03,7:57,1551,right,509,penalty,20,N,3,39,MIN,roughing,2,8475786,8483609
2025020598,1,472,18:16,1:44,1551,right,509,penalty,22,D,-56,0,MIN,slashing,2,8475172,8477934
2025020598,2,693,5:42,14:18,1551,left,509,penalty,22,O,-72,-3,MIN,holding-the-stick,2,8484150,8478233
2025020598,2,743,9:36,10:24,1551,left,509,penalty,20,D,-85,35,MIN,tripping,2,8477934,8482165
2025020598,2,770,12:06,7:54,1551,left,509,penalty,20,D,-77,40,MIN,cross-checking,2,8483512,8480860
2025020599,1,194,8:31,11:29,1551,right,509,penalty,28,D,-76,9,MIN,cross-checking,2,8483499,8482861
2025020599,1,425,18:16,1:44,1551,right,509,penalty,23,D,93,8,MIN,interference,2,8480848,8474574
2025020599,2,810,17:27,2:33,1551,left,509,penalty,28,D,31,-10,MIN,hooking,2,8484798,8480848
2025020599,2,818,17:39,2:21,1451,left,509,penalty,23,O,85,13,MIN,hooking,2,8477505,8475169
2025020599,3,872,1:48,18:12,1551,right,509,penalty,23,N,20,9,MIN,cross-checking,2,8478874,8474574
2025020599,3,884,2:56,17:04,1541,right,509,penalty,23,D,94,27,MIN,slashing,2,8477505,8477969
2025020599,3,942,7:39,12:21,1551,right,509,penalty,28,D,-79,-4,MIN,high-sticking,2,8478856,8480848
2025020599,3,958,9:14,10:46,1451,right,509,penalty,23,D,79,0,MIN,slashing,2,8484911,8484798
2025020599,3,1000,11:40,8:20,1551,right,509,penalty,28,O,55,-39,MIN,holding,2,8478856,8477505
2025020600,1,267,11:30,8:30,1551,right,509,penalty,21,D,-68,40,MIN,delaying-game-puck-over-glass,2,,
2025020600,1,422,14:58,5:02,1551,right,509,penalty,54,O,-31,-39,MIN,hooking,2,8475754,8480727
2025020600,3,904,5:52,14:08,1551,right,509,penalty,21,N,-15,42,BEN,too-many-men-on-the-ice,2,,
2025020600,3,966,10:36,9:24,1551,right,509,penalty,21,D,-83,-4,MIN,interference,2,8476881,8476312
2025020601,2,543,3:29,16:31,1551,left,509,penalty,17,D,-96,2,MIN,tripping,2,8484158,8475279
2025020601,2,723,9:31,10:29,1551,left,509,penalty,17,D,-97,2,MIN,slashing,2,8478057,8477456
2025020601,3,565,10:14,9:46,1551,right,509,penalty,10,O,91,6,MIN,holding-the-stick,2,8481542,8482259
2025020601,3,567,10:14,9:46,1551,right,509,penalty,17,D,90,7,MIN,roughing,2,8482259,8481542
2025020601,3,562,10:14,9:46,1551,right,509,penalty,10,O,89,6,MIN,roughing,2,8481542,8482259
2025020602,1,110,3:50,16:10,1551,left,509,penalty,14,D,-76,-11,MIN,holding,2,8476981,8481719
2025020602,1,323,12:15,7:45,1551,left,509,penalty,14,D,-90,32,MIN,delaying-game-puck-over-glass,2,,
2025020602,1,26,16:46,3:14,1551,left,509,penalty,8,O,-51,-2,MAJ,fighting,5,8477149,8482964
2025020602,1,23,16:46,3:14,1551,left,509,penalty,14,D,-38,0,MAJ,fighting,5,8482964,8477149
2025020602,1,398,18:07,1:53,1551,left,509,penalty,14,D,-68,-39,MIN,holding,2,8476479,8480426
2025020602,2,527,3:54,16:06,1551,right,509,penalty,8,O,48,-23,MIN,hooking,2,8483398,8480074
2025020602,2,640,12:19,7:41,1551,right,509,penalty,14,N,-15,-24,MIN,slashing,2,8480074,8476453
2025020603,1,194,9:12,10:48,1551,left,509,penalty,2,N,-16,22,MIN,hooking,2,8477425,8478445
2025020603,1,421,18:11,1:49,1551,left,509,penalty,29,N,4,-39,MIN,roughing,2,8485366,8478975
2025020603,2,522,1:37,18:23,0651,right,509,penalty,29,N,-24,-5,MIN,tripping,2,8485366,8478975
2025020603,2,529,1:37,18:23,0651,right,509,penalty,2,O,42,-19,MAJ,slashing,5,8478975,8478445
2025020603,2,304,1:37,18:23,0651,right,509,penalty,2,O,35,-27,GAM,game-misconduct,10,,
2025020603,2,538,1:43,18:17,1441,right,509,penalty,2,N,-1,38,MIN,tripping,2,8477425,8476917
2025020603,2,46,4:31,15:29,1451,right,509,penalty,29,N,16,-35,MIN,tripping,2,8481601,8478975
2025020603,2,771,15:44,4:16,1551,right,509,penalty,29,O,-41,-28,MIN,interference,2,8476429,8482660
2025020603,3,871,4:47,15:13,1551,left,509,penalty,2,O,-96,15,MIN,slashing,2,8483485,8475314
2025020604,1,241,9:56,10:04,1551,right,509,penalty,5,N,15,-37,MIN,holding,2,8477479,8475810
2025020604,1,289,13:45,6:15,1551,right,509,penalty,5,D,-82,-4,MIN,high-sticking,2,8473422,8471724
2025020604,1,21,18:16,1:44,1551,right,509,penalty,5,O,59,-36,MAJ,fighting,5,8476473,8478569
2025020604,1,24,18:16,1:44,1551,right,509,penalty,16,D,52,-35,MAJ,fighting,5,8478569,8476473
2025020604,2,502,1:54,18:06,0651,left,509,penalty,16,D,-58,-8,MIN,tripping,2,8485414,8484185
2025020604,2,42,12:12,7:48,1551,left,509,penalty,16,N,12,42,BEN,too-many-men-on-the-ice,2,,
2025020604,3,889,6:45,13:15,1551,right,509,penalty,5,D,-83,-34,MIN,tripping,2,8481568,8481030
2025020605,1,159,7:40,12:20,1551,left,509,penalty,55,D,-98,9,MIN,holding,2,8483733,8484800
2025020605,1,267,12:22,7:38,0651,left,509,penalty,55,D,-75,2,MIN,holding,2,8484142,8479324
2025020605,2,721,13:52,6:08,1551,right,509,penalty,55,N,-17,42,BEN,too-many-men-on-the-ice,2,,
2025020606,1,120,5:03,14:57,1560,left,509,penalty,29,D,49,-8,MIN,tripping,2,8482116,8482705
2025020606,1,20,13:26,6:34,1551,left,509,penalty,9,O,91,22,MIN,roughing,2,8479371,8480188
2025020606,1,28,16:01,3:59,1551,left,509,penalty,9,N,-6,20,MAJ,fighting,5,8479671,8477073
2025020606,1,31,16:01,3:59,1551,left,509,penalty,29,N,2,17,MAJ,fighting,5,8477073,8479671
2025020606,1,457,17:52,2:08,1551,left,509,penalty,9,O,84,-8,MIN,tripping,2,8480893,8481528
2025020606,2,582,3:24,16:36,1551,right,509,penalty,29,D,-87,33,MIN,holding,2,8473512,8479371
2025020606,2,677,10:47,9:13,1551,right,509,penalty,29,D,-95,-1,MIN,tripping,2,8481528,8476923
2025020606,2,698,12:56,7:04,1551,right,509,penalty,9,O,-52,-38,MIN,tripping,2,8474090,8474102
2025020606,2,766,14:27,5:33,1541,right,509,penalty,29,O,88,25,MIN,hooking,2,8484321,8478975
2025020607,1,167,8:33,11:27,1551,right,509,penalty,15,O,42,11,MIN,holding,2,8478542,8478463
2025020607,1,218,11:44,8:16,1551,right,509,penalty,15,O,83,-36,MIN,slashing,2,8478859,8483573
2025020607,1,339,16:54,3:06,1551,right,509,penalty,13,O,-82,-11,MIN,slashing,2,8478911,8478421
2025020607,1,26,18:04,1:56,1541,right,509,penalty,13,D,93,-27,MIN,high-sticking-double-minor,4,8482088,8477495
2025020607,2,488,4:20,15:40,1551,left,509,penalty,13,O,26,27,MIN,tripping,2,8476880,8478055
2025020607,2,573,11:48,8:12,1551,left,509,penalty,15,N,11,34,MIN,tripping,2,8473419,8484186
2025020607,2,604,13:50,6:10,1551,left,509,penalty,15,D,37,-21,MIN,tripping,2,8478542,8475343
2025020607,3,761,4:15,15:45,1560,right,509,penalty,15,O,45,12,MIN,interference,2,8477932,8471214
2025020607,3,778,6:55,13:05,1551,right,509,penalty,13,D,75,-11,MIN,interference,2,8471214,8478055
2025020607,3,785,7:19,12:41,1541,right,509,penalty,15,O,97,-4,MIN,holding,2,8477495,8484186
2025020607,3,1045,17:12,2:48,0651,right,509,penalty,13,D,60,-41,MIN,slashing,2,8477845,8480185
2025020608,1,124,1:09,18:51,1551,right,509,penalty,12,D,63,0,MIN,slashing,2,8483690,8482100
2025020608,1,423,14:53,5:07,1560,right,509,penalty,3,O,58,-11,MIN,tripping,2,8477940,8477380
2025020608,1,436,15:13,4:47,1451,right,509,penalty,3,D,-65,-39,MIN,delaying-game-puck-over-glass,2,,
2025020608,2,615,0:46,19:14,1551,left,509,penalty,12,D,-62,-40,MIN,tripping,2,8479390,8482702
2025020608,2,766,13:54,6:06,1551,left,509,penalty,3,D,68,4,MIN,tripping,2,8480829,8478840
2025020608,4,1187,3:01,1:59,1331,left,509,penalty,3,D,68,1,MIN,tripping,2,8475791,8481525
2025020609,1,15,11:18,8:42,1551,right,509,penalty,22,O,54,37,MIN,roughing,2,8480145,8476454
2025020609,1,365,11:18,8:42,1551,right,509,penalty,22,O,58,30,MAJ,fighting,5,8480145,8476454
2025020609,1,361,11:18,8:42,1551,right,509,penalty,52,D,58,31,MAJ,fighting,5,8476454,8480145
2025020609,1,451,17:28,2:32,1551,right,509,penalty,22,N,-13,12,MIN,cross-checking,2,8480014,8477934
2025020609,2,642,8:35,11:25,1551,left,509,penalty,22,O,-35,18,MIN,tripping,2,8476460,8480803
2025020609,2,677,11:13,8:47,0651,left,509,penalty,52,D,-71,-4,MIN,tripping,2,8477934,8480049
2025020610,1,195,10:31,9:29,1551,left,509,penalty,7,D,54,19,MIN,high-sticking,2,8475753,8484305
2025020610,1,22,20:00,0:00,0651,left,509,penalty,19,D,-71,-37,MIN,hooking,2,8482623,8475764
2025020610,3,845,9:38,10:22,1551,left,509,penalty,19,D,-51,-33,MIN,interference,2,8482659,8475753
2025020610,3,932,15:55,4:05,1551,left,509,penalty,19,O,97,-24,MIN,high-sticking,2,8484305,8477402
2025020611,1,470,15:43,4:17,1551,right,509,penalty,26,O,65,12,MIN,interference,2,8484149,8483808
2025020611,2,621,3:18,16:42,1551,left,509,penalty,21,D,-97,2,MIN,holding,2,8482726,8480448
2025020611,2,683,7:54,12:06,1551,left,509,penalty,26,N,-20,-25,MIN,interference,2,8480835,8475208
2025020611,2,717,9:58,10:02,1551,left,509,penalty,21,O,66,-11,MIN,interference,2,8477998,8479525
2025020611,2,781,14:10,5:50,1560,left,509,penalty,26,D,78,-2,MIN,cross-checking,2,8477476,8482730
2025020611,3,900,3:44,16:16,1551,right,509,penalty,26,D,-92,-26,MIN,tripping,2,8481641,8482730
2025020611,3,969,9:00,11:00,1551,right,509,penalty,21,D,91,-28,MIN,hooking,2,8477998,8480835
2025020612,1,126,4:56,15:04,1551,left,509,penalty,18,D,99,13,MIN,high-sticking,2,8480849,8479980
2025020612,1,439,16:59,3:01,1551,left,509,penalty,18,D,81,40,MIN,boarding,2,8477951,8482062
2025020612,2,739,14:34,5:26,1551,right,509,penalty,68,D,98,12,MIN,interference,2,8475287,8474013
2025020612,3,958,10:05,9:55,1551,left,509,penalty,68,N,23,-27,MIN,slashing,2,8476887,8478831
2025020612,3,1067,14:05,5:55,1551,left,509,penalty,18,D,82,-11,MIN,tripping,2,8480849,8476869
2025020612,3,1076,15:40,4:20,1451,left,509,penalty,18,D,83,2,MIN,cross-checking,2,8477951,8480246
2025020613,1,98,3:15,16:45,1551,right,509,penalty,6,O,99,8,MIN,tripping,2,8484150,8480355
2025020613,1,158,8:05,11:55,1551,right,509,penalty,20,D,83,1,MIN,tripping,2,8478042,8478397
2025020613,1,473,18:06,1:54,1551,right,509,penalty,20,N,14,41,BEN,delaying-game-unsuccessful-challenge,2,,
2025020613,2,705,8:38,11:22,1551,left,509,penalty,6,N,1,13,MIN,slashing,2,8481068,8478042
2025020613,3,920,4:37,15:23,1551,right,509,penalty,6,O,27,12,MIN,hooking,2,8482679,8480355
2025020613,3,973,8:27,11:33,1551,right,509,penalty,20,N,-2,-20,MIN,tripping,2,8479987,8476456
2025020613,3,1035,12:20,7:40,1551,right,509,penalty,6,N,-19,41,MIN,hooking,2,8476456,8476854
2025020613,3,560,20:00,0:00,1551,right,509,penalty,6,D,-78,-37,MIN,high-sticking,2,8476399,8481219
2025020614,1,85,2:13,17:47,0651,right,509,penalty,54,D,71,41,MAJ,boarding,5,8477451,8476881
2025020614,1,13,2:13,17:47,0651,right,509,penalty,54,D,71,42,GAM,game-misconduct,10,,
2025020614,1,228,9:39,10:21,1551,right,509,penalty,30,O,50,3,MIN,high-sticking,2,8475913,8481477
2025020614,1,324,16:40,3:20,1560,right,509,penalty,30,D,-79,0,MIN,hooking,2,8481604,8478136
2025020614,2,424,0:26,19:34,1551,left,509,penalty,54,N,14,41,BEN,delaying-game-unsuccessful-challenge,2,,
2025020615,1,413,15:33,4:27,1551,left,509,penalty,24,D,-76,40,MIN,tripping,2,8477505,8481563
2025020615,2,691,9:13,10:47,1551,right,509,penalty,28,D,-53,-8,MIN,tripping,2,8484153,8482166
2025020615,3,931,7:41,12:19,1551,left,509,penalty,28,D,87,2,MIN,hooking,2,8482745,8479983
2025020615,3,957,10:04,9:56,1551,left,509,penalty,24,D,-55,41,MIN,tripping,2,8477505,8478873
2025020615,3,1044,16:51,3:09,1560,left,509,penalty,28,D,91,27,MIN,tripping,2,8475798,8475906
2025020616,1,152,3:42,16:18,1551,left,509,penalty,23,D,77,-13,MIN,cross-checking,2,8482874,8474574
2025020616,1,261,7:41,12:19,1551,left,509,penalty,55,D,-69,-31,MIN,slashing,2,8480748,8483524
2025020616,1,267,7:51,12:09,1541,left,509,penalty,23,O,-95,-5,MIN,tripping,2,8479324,8481024
2025020616,1,282,8:46,11:14,1441,left,509,penalty,23,N,20,41,BEN,too-many-men-on-the-ice,2,,
2025020616,1,21,15:17,4:43,1551,left,509,penalty,23,O,-57,-27,MAJ,fighting,5,8477955,8478856
2025020616,1,24,15:17,4:43,1551,left,509,penalty,55,D,-55,-21,MAJ,fighting,5,8478856,8477955
2025020616,2,648,5:38,14:22,1551,right,509,penalty,23,D,-85,5,MIN,roughing,2,8477919,8483678
2025020616,2,799,16:01,3:59,1551,right,509,penalty,55,D,42,-40,MIN,tripping,2,8482079,8480009
2025020616,3,916,5:27,14:33,1560,left,509,penalty,23,D,63,-11,MIN,slashing,2,8479324,8480012
2025020616,4,1197,3:20,1:40,1340,right,509,penalty,23,D,-58,-2,MIN,tripping,2,8479985,8475169
2025020617,1,150,7:26,12:34,1551,right,509,penalty,1,D,-49,3,MIN,slashing,2,8478462,8479996
2025020617,1,276,12:40,7:20,1551,right,509,penalty,1,O,50,-39,MIN,tripping,2,8484158,8476474
2025020617,1,367,19:29,0:31,1551,right,509,penalty,10,D,76,0,MIN,slashing,2,8480002,8475166
2025020617,2,32,12:23,7:37,1551,left,509,penalty,1,O,-84,-12,MIN,slashing,2,8481582,8481721
2025020617,2,685,16:13,3:47,0651,left,509,penalty,10,D,-45,41,MIN,holding,2,8481721,8481122
2025020617,3,830,6:22,13:38,1551,right,509,penalty,1,N,-19,-32,MAJ,fighting,5,8482720,8480002
2025020617,3,826,6:22,13:38,1551,right,509,penalty,10,N,-18,-33,MAJ,fighting,5,8480002,8482720
2025020617,3,949,14:19,5:41,0651,right,509,penalty,10,O,-75,33,MIN,hooking,2,8481559,8482720
2025020618,1,119,4:51,15:09,1551,right,509,penalty,13,D,86,-35,MIN,high-sticking,2,8482737,8484304
2025020618,2,548,5:01,14:59,1551,left,509,penalty,13,D,-45,-5,MIN,cross-checking,2,8484984,8477932
2025020618,2,662,13:15,6:45,1551,left,509,penalty,8,D,84,14,MIN,cross-checking,2,8482113,8483457
2025020618,2,705,15:37,4:23,1551,left,509,penalty,8,D,66,-13,MIN,hooking,2,8482713,8480018
2025020618,3,790,1:40,18:20,1551,right,509,penalty,8,N,-2,-40,MIN,interference,2,8478421,8483686
2025020618,3,824,4:17,15:43,1551,right,509,penalty,13,D,86,11,MIN,tripping,2,8481540,8478055
2025020618,3,902,9:55,10:05,1551,right,509,penalty,8,N,1,-23,MIN,tripping,2,8482713,8483515
2025020618,4,1105,1:27,3:33,1331,left,509,penalty,13,D,-89,-34,MIN,roughing,2,8476875,8473419
2025020619,1,382,16:40,3:20,1551,left,509,penalty,12,D,54,-39,MIN,interference,2,8476483,8480817
2025020619,1,400,17:24,2:36,1551,left,509,penalty,12,D,45,16,MIN,hooking,2,8481481,8482809
2025020620,1,272,11:32,8:28,1551,right,509,penalty,16,O,-95,3,MIN,holding,2,8476917,8477444
2025020620,2,553,3:08,16:52,1551,left,509,penalty,16,D,-82,-2,MIN,roughing,2,8482476,8473422
2025020620,2,776,16:49,3:11,1551,left,509,penalty,2,O,-66,21,MIN,high-sticking-double-minor,4,8473422,8477500
2025020620,3,915,7:21,12:39,1551,right,509,penalty,16,D,71,11,MIN,roughing,2,8478445,8481624
2025020620,3,919,7:21,12:39,1551,right,509,penalty,2,O,63,11,MIN,roughing,2,8481624,8478445
2025020620,4,1136,2:43,2:17,0431,left,509,penalty,16,D,-78,-8,MIN,tripping,2,8482476,8484783
2025020621,1,88,1:44,18:16,1551,right,509,penalty,23,O,-76,-29,MAJ,fighting,5,8476372,8475169
2025020621,1,84,1:44,18:16,1551,right,509,penalty,4,D,-73,-28,MAJ,fighting,5,8475169,8476372
2025020621,1,132,4:14,15:46,1551,right,509,penalty,4,O,77,11,MIN,slashing,2,8478444,8481553
2025020621,1,377,15:25,4:35,1551,right,509,penalty,4,N,0,-39,MIN,slashing,2,8479425,8478439
2025020621,1,381,15:25,4:35,1551,right,509,penalty,23,N,-1,-40,MIN,cross-checking,2,8478439,8479425
2025020621,2,651,7:19,12:41,1551,left,509,penalty,4,D,90,21,MIN,tripping,2,8483499,8477948
2025020621,2,861,18:01,1:59,1551,left,509,penalty,23,D,-73,-2,MIN,high-sticking,2,8477989,8477969
2025020621,2,867,18:29,1:31,1541,left,509,penalty,4,O,-50,1,MIN,interference,2,8478856,8482142
2025020621,3,1116,15:32,4:28,1560,right,509,penalty,4,D,-26,-29,MIN,holding,2,8481024,8479336
2025020622,1,339,16:27,3:33,1560,right,509,penalty,3,D,-63,-23,MIN,holding,2,8484186,8476389
2025020622,2,33,9:13,10:47,1551,left,509,penalty,3,D,71,36,MIN,roughing,2,8476880,8475842
2025020622,2,670,9:13,10:47,1551,left,509,penalty,3,D,72,37,MAJ,fighting,5,8476880,8475842
2025020622,2,666,9:13,10:47,1551,left,509,penalty,15,O,71,35,MAJ,fighting,5,8475842,8476880
2025020622,2,747,14:00,6:00,1551,left,509,penalty,15,O,50,36,MIN,hooking,2,8477839,8479520
2025020622,2,811,18:33,1:27,1551,left,509,penalty,3,N,-14,15,MIN,hooking,2,8474590,8479323
2025020623,1,122,5:24,14:36,1551,right,509,penalty,18,N,2,4,MIN,high-sticking,2,8477018,8475287
2025020623,1,364,14:16,5:44,1551,right,509,penalty,54,D,39,31,MIN,hooking,2,8482768,8479353
2025020623,2,456,1:39,18:21,1560,left,509,penalty,18,D,94,-30,MIN,cross-checking,2,8477964,8479980
2025020623,2,484,3:35,16:25,1451,left,509,penalty,54,O,99,-17,MIN,slashing,2,8474600,8482125
2025020623,2,645,8:18,11:42,1551,left,509,penalty,54,N,-10,39,MIN,cross-checking,2,8478047,8478434
2025020623,2,650,8:18,11:42,1551,left,509,penalty,54,N,-10,41,MIN,roughing,2,8478047,8478434
2025020623,2,36,8:18,11:42,1551,left,509,penalty,54,N,-10,41,MIS,misconduct,10,,
2025020623,3,511,7:31,12:29,1551,right,509,penalty,54,D,69,0,PS,ps-slash-on-breakaway,0,8482062,8477018
2025020623,3,1040,13:33,6:27,1551,right,509,penalty,18,D,-75,3,MIN,interference,2,8476925,8477446
2025020624,2,628,7:01,12:59,1551,right,509,penalty,24,O,-62,-1,MIN,tripping,2,8478416,8482803
2025020624,2,745,16:27,3:33,1551,right,509,penalty,14,D,-97,10,MIN,holding,2,8475798,8481719
2025020624,3,915,6:12,13:48,1551,left,509,penalty,24,O,72,-39,MIN,tripping,2,8478010,8475184
2025020624,3,955,9:33,10:27,1551,left,509,penalty,14,D,84,-3,MIN,holding,2,8483445,8479542
2025020624,3,988,11:47,8:13,1551,left,509,penalty,14,N,17,11,MIN,slashing,2,8483490,8476826
2025020624,3,1041,15:02,4:58,1551,left,509,penalty,24,D,-68,-17,MIN,interference,2,8479542,8483490
2025020625,1,108,3:22,16:38,0651,left,509,penalty,28,D,-88,4,MIN,hooking,2,8477451,8483630
2025020625,2,44,14:50,5:10,1551,right,509,penalty,30,D,-66,-6,MIN,slashing,2,8482667,8474567
2025020626,1,207,7:12,12:48,1551,right,509,penalty,52,D,-57,-30,MIN,roughing,2,8477946,8477504
2025020626,2,390,1:04,18:56,1551,left,509,penalty,52,O,-88,-33,MIN,cross-checking,2,8481542,8476480
2025020626,2,426,4:13,15:47,1551,left,509,penalty,17,D,-98,-2,MIN,hooking,2,8480014,8474141
2025020626,2,787,12:20,7:40,1551,left,509,penalty,52,D,77,0,MIN,hooking,2,8474037,8482149
2025020626,2,794,12:40,7:20,1451,left,509,penalty,17,N,5,39,MIN,slashing,2,8476392,8477946
2025020626,3,1050,8:24,11:36,1551,right,509,penalty,17,D,65,-28,MIN,holding,2,8478398,8477946
2025020627,1,21,15:09,4:51,1551,left,509,penalty,1,D,38,39,MIN,tripping,2,8475745,8476462
2025020627,2,693,11:09,8:51,1551,right,509,penalty,1,O,95,-26,MIN,tripping,2,8479944,8476462
2025020627,3,854,2:45,17:15,0651,left,509,penalty,29,O,97,-20,MIN,hooking,2,8478841,8480893
2025020627,3,518,11:40,8:20,1551,left,509,penalty,1,D,97,8,MAJ,fighting,5,8481716,8479996
2025020627,3,515,11:40,8:20,1551,left,509,penalty,29,O,97,7,MAJ,fighting,5,8479996,8481716
2025020627,3,1029,15:06,4:54,1551,left,509,penalty,1,D,73,-40,MIN,interference,2,8478975,8475455
2025020628,1,66,0:38,19:22,1551,right,509,penalty,25,O,-73,39,MIN,high-sticking,2,8482623,8476889
2025020628,2,470,1:41,18:19,1551,left,509,penalty,25,O,94,-26,MIN,tripping,2,8482671,8484829
2025020628,2,554,4:44,15:16,1551,left,509,penalty,7,O,-98,9,MIN,tripping,2,8481581,8482659
2025020628,3,793,3:59,16:01,1551,right,509,penalty,7,D,-41,-9,MIN,hooking,2,8480027,8479420
2025020629,2,656,8:16,11:44,1560,left,509,penalty,19,D,73,5,MIN,tripping,2,8476455,8482089
2025020629,2,693,11:07,8:53,1551,left,509,penalty,21,D,-60,-36,MIN,tripping,2,8483516,8476312
2025020629,2,742,14:50,5:10,1551,left,509,penalty,21,O,46,-15,MIN,high-sticking,2,8482089,8480448
2025020629,2,753,15:32,4:28,1541,left,509,penalty,19,O,-37,-29,MIN,interference,2,8477501,8475753
2025020629,2,806,19:51,0:09,1551,left,509,penalty,19,O,-67,-39,MIN,tripping,2,8484258,8482089
2025020629,3,922,6:52,13:08,0651,right,509,penalty,21,N,-9,-19,MIN,tripping,2,8477952,8482947
2025020630,2,556,4:12,15:48,0651,left,509,penalty,20,D,-41,24,MIN,tripping,2,8476372,8482165
2025020630,2,688,10:21,9:39,1551,left,509,penalty,4,D,59,-38,MIN,tripping,2,8480797,8481546
2025020630,2,694,10:25,9:35,1451,left,509,penalty,4,D,65,15,MIN,high-sticking,2,8475172,8477989
2025020630,2,734,13:56,6:04,1551,left,509,penalty,20,D,-75,6,MIN,roughing,2,8476372,8483609
2025020630,2,738,13:56,6:04,1551,left,509,penalty,4,O,-74,3,MIN,roughing,2,8483609,8476372
2025020630,2,774,16:13,3:47,1551,left,509,penalty,4,D,83,27,MIN,delaying-game-puck-over-glass,2,,
2025020630,3,1080,17:24,2:36,1551,right,509,penalty,20,N,-16,4,MIN,interference,2,8477989,8477346
2025020631,1,116,4:22,15:38,1551,left,509,penalty,6,N,-2,-34,MIN,slashing,2,8480803,8477496
2025020631,1,126,5:25,14:35,1451,left,509,penalty,22,O,55,40,MIN,holding,2,8482177,8475786
2025020631,1,145,6:31,13:29,1541,left,509,penalty,22,D,-95,16,MIN,delaying-game-illegal-play-by-goalie,2,,
2025020631,1,265,14:39,5:21,1560,left,509,penalty,6,D,69,-37,MIN,holding,2,8478458,8479325
2025020631,2,451,1:00,19:00,1551,right,509,penalty,6,O,93,25,MIN,high-sticking,2,8480803,8483489
2025020631,2,559,5:04,14:56,1551,right,509,penalty,22,D,81,-3,MIN,slashing,2,8478042,8480803
2025020631,2,665,13:09,6:51,1551,right,509,penalty,6,D,-33,-37,MIN,slashing,2,8475218,8479987
2025020631,3,852,5:15,14:45,1551,left,509,penalty,6,D,32,-27,MIN,tripping,2,8480803,8477956
2025020631,3,1006,16:03,3:57,1551,left,509,penalty,22,D,-81,3,MIN,roughing,2,8480355,8478233
2025020631,3,1009,16:03,3:57,1551,left,509,penalty,6,O,-77,3,MIN,roughing,2,8478233,8480355
2025020631,3,366,16:03,3:57,1551,left,509,penalty,6,O,-79,4,MIS,misconduct,10,,
2025020631,3,369,16:03,3:57,1551,left,509,penalty,22,D,-75,4,MIS,misconduct,10,,
2025020631,3,372,18:29,1:31,1551,left,509,penalty,22,O,44,32,MAJ,fighting,5,8481219,8479368
2025020631,3,375,18:29,1:31,1551,left,509,penalty,6,D,39,33,MAJ,fighting,5,8479368,8481219
2025020631,3,378,19:20,0:40,1551,left,509,penalty,6,D,39,-6,MIS,misconduct,10,,
2025020631,3,381,19:20,0:40,1551,left,509,penalty,22,O,42,-10,MIS,misconduct,10,,
2025020631,3,388,19:40,0:20,1551,left,509,penalty,6,N,-9,-29,MIS,misconduct,10,,
2025020631,3,385,19:40,0:20,1551,left,509,penalty,22,N,-10,-33,MIS,misconduct,10,,
2025020632,1,112,4:21,15:39,1551,left,509,penalty,15,N,-17,-37,MIN,high-sticking,2,8478020,8471214
2025020632,1,19,9:16,10:44,1551,left,509,penalty,9,D,-96,3,MIN,roughing,2,8478440,8482245
2025020632,1,342,9:16,10:44,1551,left,509,penalty,9,D,-95,10,MIN,tripping,2,8481656,8482245
2025020632,1,346,9:16,10:44,1551,left,509,penalty,15,O,-98,3,MIN,slashing,2,8482245,8478440
2025020632,1,473,14:25,5:35,1551,left,509,penalty,9,N,9,-13,MAJ,fighting,5,8482088,8480208
2025020632,1,468,14:25,5:35,1551,left,509,penalty,15,N,13,-22,MAJ,fighting,5,8480208,8482088
2025020632,1,516,17:53,2:07,1551,left,509,penalty,9,D,-87,26,MIN,high-sticking,2,8479520,8475324
2025020632,2,584,3:13,16:47,1551,right,509,penalty,9,N,6,38,MIN,cross-checking,2,8484186,8476393
2025020632,2,649,8:21,11:39,1551,right,509,penalty,15,D,-58,39,MIN,slashing,2,8474102,8481580
2025020632,2,668,9:23,10:37,0551,right,509,penalty,9,O,-49,-14,MIN,tripping,2,8481656,8474102
2025020632,2,750,15:41,4:19,1551,right,509,penalty,9,O,-94,22,MIN,roughing,2,8477845,8476393
2025020632,2,46,15:41,4:19,1551,right,509,penalty,15,D,-94,11,MIN,roughing,2,8476393,8477845
2025020632,3,867,3:39,16:21,1551,left,509,penalty,15,D,75,13,MIN,tripping,2,8480801,8478911
2025020632,3,974,11:21,8:39,1551,left,509,penalty,15,D,64,-2,MIN,slashing,2,8478020,8478463
2025020633,1,235,9:17,10:43,1551,left,509,penalty,68,O,-74,1,MIN,interference,2,8481569,8480855
2025020633,1,289,13:50,6:10,1551,left,509,penalty,2,D,-94,19,MIN,cross-checking,2,8484388,8476917
2025020633,2,32,5:34,14:26,1560,right,509,penalty,68,O,94,15,MIN,tripping,2,8485366,8479343
2025020633,2,692,12:39,7:21,1551,right,509,penalty,2,D,66,-28,MIN,tripping,2,8479619,8485366
2025020633,2,756,17:26,2:34,1551,right,509,penalty,68,N,0,29,MIN,high-sticking-double-minor,4,8484221,8477021
2025020633,3,800,1:17,18:43,1451,left,509,penalty,2,O,33,-15,MIN,hooking,2,8474013,8475314
2025020633,3,844,5:02,14:58,1551,left,509,penalty,2,N,-7,41,BEN,too-many-men-on-the-ice,2,,
2025020633,3,901,10:41,9:19,1560,left,509,penalty,68,D,52,40,MIN,interference,2,8485366,8474013
2025020633,3,992,17:23,2:37,1551,left,509,penalty,2,O,67,21,MIN,tripping,2,8479619,8484958
2025020634,1,110,3:47,16:13,1551,right,509,penalty,10,O,-77,-1,MIN,tripping,2,8476525,8475171
2025020634,2,789,18:53,1:07,1551,left,509,penalty,52,D,51,15,MIN,interference,2,8482720,8480145
2025020634,3,912,7:13,12:47,1551,right,509,penalty,10,D,64,7,MIN,high-sticking,2,8476460,8477503
2025020635,1,59,0:20,19:40,1551,left,509,penalty,5,O,67,41,MIN,tripping,2,8482762,8471675
2025020635,1,95,3:44,16:16,1551,left,509,penalty,17,D,85,24,MIN,holding,2,8479638,8484160
2025020635,1,290,9:43,10:17,1551,left,509,penalty,5,O,39,36,MIN,holding,2,8483464,8476967
2025020635,1,330,12:47,7:13,0651,left,509,penalty,5,D,-65,31,MIN,roughing,2,8479992,8478450
2025020635,1,385,16:19,3:41,1551,left,509,penalty,5,D,-81,38,MIN,high-sticking-double-minor,4,8474141,8478438
2025020635,2,631,10:09,9:51,1551,right,509,penalty,5,N,-18,41,MIN,abuse-of-officials,2,,
2025020635,2,645,11:42,8:18,1541,right,509,penalty,17,O,66,40,MIN,holding-the-stick,2,8485414,8482078
2025020635,3,847,4:01,15:59,1551,left,509,penalty,17,D,96,3,MIN,high-sticking,2,8478569,8482078
2025020635,3,941,7:08,12:52,1551,left,509,penalty,5,D,-98,12,MIN,tripping,2,8477456,8481481
2025020635,3,1104,16:14,3:46,1551,left,509,penalty,5,D,-36,-38,MIN,delaying-game-puck-over-glass,2,,
2025020636,1,204,9:58,10:02,1551,right,509,penalty,8,N,15,20,MIN,slashing,2,8477940,8480074
2025020636,2,208,0:45,19:15,1551,left,509,penalty,8,D,77,-7,MIN,holding,2,8477478,8483457
2025020636,2,212,1:47,18:13,1551,left,509,penalty,8,D,67,5,MIN,slashing,2,8480830,8482964
2025020636,2,215,10:12,9:48,1551,left,509,penalty,12,O,77,-38,MIN,high-sticking,2,8476479,8478427
2025020637,1,210,10:47,9:13,1560,right,509,penalty,25,D,-76,-1,MIN,hooking,2,8477444,8476902
2025020637,1,23,20:00,0:00,1551,right,509,penalty,25,D,-97,1,MIN,cross-checking,2,8484197,8480878
2025020637,2,654,9:14,10:46,1551,left,509,penalty,25,N,-4,40,MIN,unsportsmanlike-conduct,2,,
2025020637,2,749,17:37,2:23,1551,left,509,penalty,25,D,58,-38,MIN,delaying-game-puck-over-glass,2,,
2025020637,3,918,9:46,10:14,1551,right,509,penalty,16,D,54,40,MIN,interference,2,8478420,8481806
2025020638,1,74,1:20,18:40,0651,left,509,penalty,55,D,-68,39,MIN,slashing,2,8474564,8478407
2025020638,2,694,11:09,8:51,1551,right,509,penalty,18,O,82,1,MIN,roughing,2,8479985,8475287
2025020638,2,812,16:48,3:12,1551,right,509,penalty,55,D,31,-38,MIN,high-sticking,2,8480246,8476457
2025020639,1,94,2:52,17:08,1551,right,509,penalty,26,D,81,-39,MIN,tripping,2,8483752,8471685
2025020639,1,185,5:43,14:17,1551,right,509,penalty,14,D,-92,-33,MIN,holding,2,8476469,8481719
2025020639,2,656,14:12,5:48,1551,left,509,penalty,14,D,67,2,MIN,tripping,2,8477942,8483398
2025020639,3,751,0:58,19:02,1551,right,509,penalty,14,D,-95,31,MIN,cross-checking,2,8482124,8478178
2025020639,3,810,5:33,14:27,1551,right,509,penalty,26,N,-10,-29,MIN,interference,2,8480995,8474563
2025020639,3,559,20:00,0:00,1551,right,509,penalty,26,O,-93,-28,MAJ,fighting,5,8476826,8470621
2025020639,3,556,20:00,0:00,1551,right,509,penalty,14,D,-91,-27,MAJ,fighting,5,8470621,8476826
2025020640,1,75,1:35,18:25,1551,left,509,penalty,19,D,-41,-35,MIN,holding,2,8478403,8479385
2025020640,1,8,3:44,16:16,1551,left,509,penalty,54,D,53,-21,PS,ps-slash-on-breakaway,0,8479385,8478396
2025020640,1,139,7:09,12:51,1551,left,509,penalty,19,D,-67,-21,MIN,delaying-game-puck-over-glass,2,,
2025020640,1,363,15:11,4:49,1551,left,509,penalty,54,N,15,40,MIN,tripping,2,8481013,8477018
2025020640,1,425,19:38,0:22,1551,left,509,penalty,54,D,31,-21,MIN,tripping,2,8482089,8478483
2025020641,1,104,2:40,17:20,1551,left,509,penalty,3,D,79,31,MIN,hooking,2,8480003,8479390
2025020641,1,914286,11:04,8:56,1551,left,509,penalty,3,D,48,-41,MIN,delaying-game-puck-over-glass,2,,
2025020641,1,914384,14:29,5:31,1551,left,509,penalty,13,N,1,-40,MIN,delaying-game-puck-over-glass,2,,
2025020641,1,914546,18:52,1:08,1551,left,509,penalty,13,O,66,24,MIN,illegal-check-to-head,2,8476389,8477932
2025020641,2,914593,2:25,17:35,1551,right,509,penalty,3,D,-77,5,MIN,hooking,2,8478542,8478882
2025020641,3,914868,1:39,18:21,1551,left,509,penalty,3,N,2,-40,MIN,tripping,2,8482713,8477380
2025020641,3,914947,8:09,11:51,1551,left,509,penalty,3,D,87,-1,MIN,delaying-game,2,,
2025020641,3,914397,11:21,8:39,1551,left,509,penalty,13,D,-87,-35,MIN,hooking,2,8482460,8484304
2025020641,3,915081,16:38,3:22,1551,left,509,penalty,3,D,72,-9,MIN,interference,2,8478421,8477369
2025020642,1,333,12:11,7:49,0651,right,509,penalty,23,O,-47,42,MIN,interference,2,8477955,8478444
2025020642,2,582,7:38,12:22,1551,left,509,penalty,23,D,-95,3,MIN,interference,2,8480009,8480012
2025020642,2,649,11:58,8:02,1551,left,509,penalty,55,D,96,1,MIN,interference,2,8475169,8476457
2025020642,2,804,19:12,0:48,1551,left,509,penalty,55,D,81,1,MIN,holding,2,8480012,8482858
2025020642,4,1110,2:45,2:15,1331,left,509,penalty,55,O,-42,1,MIN,interference,2,8480012,8484800
2025020643,1,133,5:29,14:31,1551,left,509,penalty,24,D,-55,-39,MIN,tripping,2,8481557,8473986
2025020643,2,558,0:54,19:06,1551,right,509,penalty,24,O,-96,-4,MIN,high-sticking,2,8476463,8484762
2025020643,2,155,4:39,15:21,1551,right,509,penalty,24,D,29,41,MIN,tripping,2,8476994,8484762
2025020643,2,653,10:19,9:41,1551,right,509,penalty,30,D,-77,-25,MIN,slashing,2,8484153,8476994
2025020643,2,189,19:57,0:03,1551,right,509,penalty,24,D,75,-23,MIN,holding,2,8475765,8482178
2025020644,1,160,7:45,12:15,1551,right,509,penalty,5,D,-58,-35,MIN,holding,2,8477429,8476967
2025020644,1,178,8:47,11:13,1451,right,509,penalty,17,D,93,-4,MIN,high-sticking,2,8480980,8481542
2025020644,2,667,16:41,3:19,1551,left,509,penalty,5,D,62,-2,MIN,hooking,2,8484471,8478438
2025020644,3,771,0:34,19:26,1551,right,509,penalty,17,D,99,-9,MIN,hooking,2,8471675,8482762
2025020645,1,28,17:06,2:54,1551,left,509,penalty,1,D,-80,37,MIN,slashing,2,8477951,8482684
2025020645,2,500,0:31,19:29,1551,right,509,penalty,68,O,44,34,MIN,slashing,2,8479996,8482699
2025020645,2,701,13:09,6:51,1551,right,509,penalty,68,D,-42,19,MIN,tripping,2,8476292,8477951
2025020645,2,717,14:09,5:51,1451,right,509,penalty,68,O,75,-40,MIN,delaying-game-puck-over-glass,2,,
2025020645,3,950,10:27,9:33,1551,left,509,penalty,1,D,-61,0,MIN,slashing,2,8479619,8476474
2025020646,1,160,4:15,15:45,1551,left,509,penalty,29,D,-49,-22,MIN,hooking,2,8483500,8476923
2025020646,1,226,9:08,10:52,1551,left,509,penalty,29,N,1,40,MIN,roughing,2,8480064,8479671
2025020646,1,230,9:08,10:52,1551,left,509,penalty,7,N,0,41,MIN,roughing,2,8479671,8480064
2025020646,1,366,11:52,8:08,1551,left,509,penalty,7,D,87,-20,MIN,tripping,2,8479944,8480196
2025020646,1,392,13:41,6:19,1451,left,509,penalty,29,O,87,-4,MIN,hooking,2,8480807,8482660
2025020646,1,447,18:01,1:59,1551,left,509,penalty,29,D,-84,-4,MIN,cross-checking,2,8480839,8479671
2025020646,2,774,19:40,0:20,0651,right,509,penalty,29,D,71,1,MIN,slashing,2,8480802,8479371
2025020646,3,914,10:36,9:24,1551,left,509,penalty,29,D,-63,-39,MIN,holding,2,8484145,8478500
2025020646,3,918,10:36,9:24,1551,left,509,penalty,7,O,-63,-38,MIN,embellishment,2,,
2025020646,3,970,14:33,5:27,0651,left,509,penalty,29,D,-63,11,MIN,interference,2,8480839,8478500
2025020647,1,20,15:40,4:20,1551,left,509,penalty,22,N,-10,19,MAJ,fighting,5,8477903,8477498
2025020647,1,23,15:40,4:20,1551,left,509,penalty,4,N,-10,19,MAJ,fighting,5,8477498,8477903
2025020647,2,669,8:47,11:13,1551,right,509,penalty,4,N,0,35,MIN,high-sticking,2,8477406,8484387
2025020647,2,709,11:42,8:18,1551,right,509,penalty,4,N,-20,-40,MIN,holding,2,8478402,8479022
2025020647,2,778,17:25,2:35,0651,right,509,penalty,22,D,59,10,MIN,high-sticking,2,8481533,8480831
2025020647,3,1004,10:20,9:40,0651,left,509,penalty,22,O,31,39,MIN,holding,2,8480015,8475218
2025020647,3,485,20:00,0:00,1551,left,509,penalty,4,O,-62,41,MIN,unsportsmanlike-conduct,2,8477498,8477903
2025020648,1,85,2:27,17:33,1551,left,509,penalty,8,O,-41,38,MIN,high-sticking,2,8478472,8480865
2025020648,2,548,9:02,10:58,1551,right,509,penalty,19,O,-98,5,MIN,tripping,2,8478851,8477402
2025020648,2,605,13:20,6:40,0651,right,509,penalty,19,O,-26,-4,MIN,tripping,2,8478851,8475170
2025020648,2,613,13:43,6:17,1541,right,509,penalty,19,D,87,6,MIN,high-sticking,2,8480018,8476892
2025020648,2,639,15:36,4:24,1541,right,509,penalty,8,O,88,-16,MIN,hooking,2,8475753,8475848
2025020648,3,731,2:14,17:46,0651,left,509,penalty,19,O,27,40,MIN,high-sticking,2,8483515,8477402
2025020649,1,265,9:14,10:46,1551,left,509,penalty,14,N,-7,10,MIN,tripping,2,8484911,8478416
2025020649,1,447,19:03,0:57,1551,left,509,penalty,14,D,72,-42,MIN,roughing,2,8484801,8482655
2025020649,2,478,1:21,18:39,1551,right,509,penalty,28,N,17,-17,MIN,tripping,2,8478010,8483630
2025020649,2,35,13:07,6:53,1551,right,509,penalty,28,O,-73,-17,MIN,roughing,2,8482655,8482667
2025020649,2,659,13:07,6:53,1551,right,509,penalty,14,D,-74,-17,MIN,roughing,2,8482667,8482655
2025020649,2,655,13:07,6:53,1551,right,509,penalty,28,O,-75,-12,MIN,roughing,2,8482655,8482667
2025020649,2,39,15:39,4:21,1551,right,509,penalty,28,O,-68,39,MIN,roughing,2,8482655,8471817
2025020649,2,697,15:39,4:21,1551,right,509,penalty,28,O,-68,36,MIN,roughing,2,8482655,8471817
2025020649,2,704,15:39,4:21,1551,right,509,penalty,28,O,-71,39,MIN,roughing,2,8479542,8482859
2025020649,2,713,15:39,4:21,1551,right,509,penalty,14,D,-69,37,MIN,roughing,2,8476624,8477404
2025020649,2,707,15:39,4:21,1551,right,509,penalty,14,D,-67,39,MIN,roughing,2,8482859,8479542
2025020649,2,1202,15:39,4:21,1551,right,509,penalty,28,O,-69,38,MIN,roughing,2,8477404,8476624
2025020649,2,701,15:39,4:21,1551,right,509,penalty,14,D,-69,37,MIN,roughing,2,8471817,8482655
2025020649,2,710,15:39,4:21,1551,right,509,penalty,28,O,-67,35,MIS,misconduct,10,,
2025020649,2,767,19:23,0:37,1551,right,509,penalty,28,O,-75,-41,MIN,roughing,2,8482201,8475200
2025020649,2,770,19:23,0:37,1551,right,509,penalty,14,D,-73,-42,MIN,roughing,2,8475200,8482201
2025020649,3,855,6:13,13:47,1551,left,509,penalty,28,D,-78,-29,MIN,high-sticking,2,8477404,8475200
2025020649,3,891,9:00,11:00,1551,left,509,penalty,14,D,82,-7,MIN,slashing,2,8484801,8476826
2025020649,3,933,12:08,7:52,1551,left,509,penalty,28,D,-98,-13,MIN,tripping,2,8478010,8484806
2025020650,1,9,3:20,16:40,1551,left,509,penalty,9,N,7,-38,MIN,holding,2,8480289,8476393
2025020650,1,213,6:33,13:27,1551,left,509,penalty,52,N,20,-39,MIN,elbowing,2,8476393,8479378
2025020650,1,256,10:54,9:06,1551,left,509,penalty,52,O,-53,11,MIN,tripping,2,8482116,8473604
2025020650,1,290,13:09,6:51,1551,left,509,penalty,52,D,61,39,MIN,interference,2,8476393,8476331
2025020650,1,392,17:27,2:33,1551,left,509,penalty,9,D,-77,-8,MIN,tripping,2,8480014,8482245
2025020650,2,637,9:24,10:36,1551,right,509,penalty,9,O,-69,14,MIN,tripping,2,8476331,8473512
2025020650,2,42,12:07,7:53,1551,right,509,penalty,52,N,-10,37,MIN,roughing-removing-opponents-helmet,2,8480801,8479378
2025020650,2,672,12:07,7:53,1551,right,509,penalty,52,N,-19,37,MIN,roughing,2,8480801,8479378
2025020650,2,39,12:07,7:53,1551,right,509,penalty,9,N,-13,37,MIS,misconduct,10,,
2025020650,2,733,17:27,2:33,1551,right,509,penalty,9,D,88,-7,MIN,tripping,2,8480014,8482245
2025020651,1,202,7:18,12:42,1551,left,509,penalty,2,N,-21,-40,MIN,high-sticking,2,8477503,8478445
2025020651,1,249,10:50,9:10,1551,left,509,penalty,10,O,-81,3,MIN,cross-checking,2,8477506,8477503
2025020651,1,253,10:50,9:10,1551,left,509,penalty,2,D,-79,2,MIN,slashing,2,8477503,8477506
2025020651,1,268,11:52,8:08,1441,left,509,penalty,10,D,62,21,MIN,slashing,2,8476429,8475166
2025020652,2,478,3:20,16:40,1551,left,509,penalty,15,D,-29,-39,MIN,roughing,2,8482703,8479345
2025020652,3,894,7:27,12:33,1551,right,509,penalty,16,O,75,36,MIN,tripping,2,8471214,8482176
2025020652,4,1168,4:06,0:54,1331,left,509,penalty,15,D,-84,-36,MIN,slashing,2,8484185,8479345
2025020653,1,111,3:36,16:24,1551,right,509,penalty,21,D,-74,3,MIN,interference,2,8478427,8478038
2025020653,1,330,11:58,8:02,1551,right,509,penalty,21,D,-95,4,MIN,interference,2,8473533,8476312
2025020653,1,443,16:33,3:27,1551,right,509,penalty,12,N,14,40,MIN,interference,2,8479525,8477478
2025020653,2,583,2:55,17:05,1551,left,509,penalty,21,O,-97,3,MIN,interference-goalkeeper,2,8475883,8482947
2025020653,2,671,9:52,10:08,1551,left,509,penalty,12,D,-90,-17,MIN,slashing,2,8477492,8480817
2025020653,2,743,15:47,4:13,1551,left,509,penalty,12,N,0,0,MIN,holding-the-stick,2,8476312,8482809
2025020653,3,800,0:11,19:49,1551,right,509,penalty,12,O,-30,1,MIN,tripping,2,8470613,8480830
2025020653,3,890,6:11,13:49,1551,right,509,penalty,12,O,-95,20,MIN,tripping,2,8478038,8477940
2025020654,1,417,13:15,6:45,1551,right,509,penalty,18,O,27,8,MAJ,fighting,5,8479066,8482062
2025020654,1,420,13:15,6:45,1551,right,509,penalty,20,D,25,7,MAJ,fighting,5,8482062,8479066
2025020654,1,29,13:15,6:45,1551,right,509,penalty,20,N,4,30,MIN,roughing,2,8477446,8481556
2025020654,1,32,13:15,6:45,1551,right,509,penalty,18,N,8,26,MIN,roughing,2,8481556,8477446
2025020654,1,35,13:15,6:45,1551,right,509,penalty,18,N,13,32,MIS,misconduct,10,,
2025020654,1,37,13:15,6:45,1551,right,509,penalty,20,N,12,34,MIS,misconduct,10,,
2025020654,1,451,15:20,4:40,1551,right,509,penalty,20,D,96,-15,MIN,slashing,2,8483513,8480860
2025020654,2,673,6:57,13:03,1551,left,509,penalty,18,O,-78,-35,MIN,holding,2,8478397,8482768
2025020654,2,715,9:52,10:08,1551,left,509,penalty,18,N,-17,-16,MAJ,fighting,5,8481556,8479980
2025020654,2,362,9:52,10:08,1551,left,509,penalty,20,N,-12,-13,MAJ,fighting,5,8479980,8481556
2025020654,2,771,13:55,6:05,1551,left,509,penalty,20,N,-3,-15,MIN,cross-checking,2,8478047,8476399
2025020654,2,776,13:55,6:05,1551,left,509,penalty,18,N,13,40,MIN,embellishment,2,,
2025020654,3,956,2:05,17:55,1551,right,509,penalty,18,D,-70,-4,MIN,high-sticking,2,8480797,8475287
2025020655,2,412,0:12,19:48,1551,left,509,penalty,26,O,92,23,MIN,high-sticking,2,8480800,8482124
2025020655,2,513,5:13,14:47,1551,left,509,penalty,30,O,-52,31,MIN,hooking,2,8482124,8478493
2025020655,2,536,6:42,13:18,1451,left,509,penalty,26,O,78,-22,MIN,tripping,2,8481557,8476469
2025020655,2,655,15:30,4:30,1560,left,509,penalty,30,D,75,-2,MIN,hooking,2,8482730,8482122
2025020655,2,684,18:07,1:53,0651,left,509,penalty,26,O,54,-34,MIN,holding,2,8483525,8482124
2025020655,3,994,17:28,2:32,1551,right,509,penalty,26,O,-54,30,MIN,slashing,2,8480800,8482155
2025020655,4,1059,3:28,1:32,1340,left,509,penalty,30,D,76,-19,MIN,high-sticking,2,8477942,8482122
2025020656,1,293,14:46,5:14,0651,right,509,penalty,23,D,58,-19,MIN,high-sticking,2,8477956,8477969
2025020656,1,17,14:46,5:14,0651,right,509,penalty,23,D,27,-17,MIN,tripping,2,8478401,8477969
2025020656,1,327,17:31,2:29,1541,right,509,penalty,6,N,24,40,MIN,slashing,2,8480748,8478042
2025020656,2,457,3:15,16:45,1551,left,509,penalty,6,D,60,15,MIN,cross-checking,2,8482691,8477507
2025020656,2,509,6:39,13:21,1551,left,509,penalty,23,D,-62,-40,MIN,cross-checking,2,8479999,8484136
2025020656,2,601,9:45,10:15,1551,left,509,penalty,6,D,83,38,MIN,delaying-game-puck-over-glass,2,,
2025020656,2,683,14:54,5:06,1551,left,509,penalty,6,O,-93,-23,MIN,high-sticking,2,8481024,8480355
2025020656,2,735,18:36,1:24,1551,left,509,penalty,6,D,98,17,MIN,holding,2,8481024,8476854
2025020656,3,768,0:21,19:39,1551,right,509,penalty,6,O,97,-19,MIN,holding,2,8477969,8478401
2025020657,1,324,16:18,3:42,1560,right,509,penalty,8,D,-63,28,MIN,holding,2,8475168,8484984
2025020657,1,366,19:33,0:27,1551,right,509,penalty,25,N,-10,25,MIN,tripping,2,8483457,8473994
2025020657,2,408,1:36,18:24,1551,left,509,penalty,25,D,-54,40,MIN,hooking,2,8482737,8480950
2025020657,2,488,8:13,11:47,1551,left,509,penalty,8,N,-17,41,BEN,too-many-men-on-the-ice,2,,
2025020657,2,655,14:00,6:00,1551,left,509,penalty,25,D,-87,-13,MIN,slashing,2,8478104,8476902
2025020657,2,702,18:10,1:50,1551,left,509,penalty,25,N,20,-19,MIN,slashing,2,8483457,8479351
2025020657,3,955,14:49,5:11,1560,right,509,penalty,8,D,-72,-1,MIN,hooking,2,8478420,8476479
2025020657,3,967,16:00,4:00,1451,right,509,penalty,25,O,-75,0,MIN,hooking,2,8480865,8482740
2025020658,1,228,9:14,10:46,1551,left,509,penalty,29,N,-11,23,MIN,tripping,2,8481481,8478500
2025020658,2,695,13:37,6:23,1551,right,509,penalty,29,N,-22,-11,MIN,cross-checking,2,8481481,8484166
2025020658,3,804,2:06,17:54,1551,left,509,penalty,29,N,-4,31,MIN,tripping,2,8482475,8481716
2025020659,1,417,14:04,5:56,1551,right,509,penalty,13,D,66,-3,MIN,interference,2,8477476,8484304
2025020659,1,443,15:44,4:16,1541,right,509,penalty,21,O,58,10,MIN,roughing,2,8478542,8476455
2025020659,1,484,18:49,1:11,1551,right,509,penalty,21,D,-57,5,MIN,interference,2,8478421,8476312
2025020659,2,546,3:22,16:38,1551,left,509,penalty,13,O,98,-21,MIN,holding,2,8479398,8482713
2025020659,2,614,8:48,11:12,0651,left,509,penalty,13,D,-73,26,MIN,high-sticking,2,8482947,8473507
2025020659,2,727,13:52,6:08,1551,left,509,penalty,13,D,-73,-41,MIN,cross-checking,2,8480448,8478542
2025020659,3,897,6:46,13:14,1551,right,509,penalty,21,D,-73,10,MIN,slashing,2,8482113,8479398
2025020660,1,92,2:38,17:22,1551,left,509,penalty,1,D,-93,25,MIN,hooking,2,8476906,8482110
2025020660,2,554,2:14,17:46,1551,right,509,penalty,1,D,82,2,MIN,interference,2,8482809,8476462
2025020660,2,686,12:56,7:04,1551,right,509,penalty,12,N,-2,-19,MIN,high-sticking,2,8481559,8480336
2025020660,2,721,16:03,3:57,1560,right,509,penalty,12,D,-94,-15,MIN,tripping,2,8479996,8482702
2025020660,2,749,18:13,1:47,1551,right,509,penalty,12,N,-24,25,MIN,roughing,2,8480002,8482702
2025020660,3,815,2:53,17:07,1551,left,509,penalty,12,D,42,-39,MIN,delaying-game-puck-over-glass,2,,
2025020660,3,858,5:21,14:39,1551,left,509,penalty,1,D,-52,-29,MIN,hooking,2,8475791,8476292
2025020660,3,1015,18:27,1:33,1560,left,509,penalty,12,D,41,-29,MIN,tripping,2,8482684,8480830
2025020661,2,567,9:55,10:05,1551,left,509,penalty,54,D,78,-5,MIN,delaying-game-smothering-puck,2,,
2025020661,2,628,14:44,5:16,1551,left,509,penalty,16,D,-96,3,MIN,holding,2,8478403,8483450
2025020661,3,866,13:35,6:25,1560,right,509,penalty,54,D,-72,37,MIN,hooking,2,8483450,8477034
2025020662,2,485,2:00,18:00,1551,left,509,penalty,3,D,-83,5,MIN,roughing,2,8484388,8471734
2025020662,2,480,2:00,18:00,1551,left,509,penalty,68,O,-82,1,MIN,interference-goalkeeper,2,8471734,8484388
2025020662,2,609,7:33,12:27,1560,left,509,penalty,68,D,43,-23,MIN,tripping,2,8479323,8482699
2025020662,2,736,15:31,4:29,1551,left,509,penalty,68,O,-57,30,MIN,slashing,2,8477369,8477021
2025020662,2,731,15:31,4:29,1551,left,509,penalty,68,O,-32,-15,MIN,tripping,2,8478550,8479293
2025020662,3,875,1:52,18:08,1551,right,509,penalty,3,D,78,-1,MIN,hooking,2,8479619,8480001
2025020662,3,1071,16:46,3:14,1560,right,509,penalty,68,D,-72,10,MIN,hooking,2,8476459,8480434
2025020663,1,61,0:40,19:20,1551,right,509,penalty,15,D,67,-9,MIN,hooking,2,8482803,8471214
2025020663,1,149,6:38,13:22,1551,right,509,penalty,24,N,-1,-39,MAJ,fighting,5,8479520,8476885
2025020663,1,146,6:38,13:22,1551,right,509,penalty,15,N,-4,-38,MAJ,fighting,5,8476885,8479520
2025020663,1,261,10:29,9:31,1551,right,509,penalty,24,O,68,-22,MIN,holding,2,8474590,8473986
2025020663,1,24,20:00,0:00,1551,right,509,penalty,15,N,21,38,MIN,high-sticking,2,8484762,8480796
2025020663,2,448,0:17,19:43,1541,left,509,penalty,24,O,-92,-26,MIN,tripping,2,8478911,8484153
2025020663,2,634,5:21,14:39,1551,left,509,penalty,15,D,-96,10,MAJ,fighting,5,8477527,8475795
2025020663,2,631,5:21,14:39,1551,left,509,penalty,24,O,-99,9,MAJ,fighting,5,8475795,8477527
2025020663,2,652,11:51,8:09,1551,left,509,penalty,15,D,-34,-2,PS,ps-hooking-on-breakaway,0,8476458,8474590
2025020663,2,503,18:16,1:44,1551,left,509,penalty,24,D,80,-2,PS,ps-hooking-on-breakaway,0,8484186,8482803
2025020663,2,899,19:45,0:15,1551,left,509,penalty,15,D,-78,-1,MIN,hooking,2,8473986,8474590
2025020664,1,64,0:38,19:22,1551,left,509,penalty,17,N,15,-10,MIN,tripping,2,8480801,8483464
2025020664,1,345,13:10,6:50,1551,left,509,penalty,9,O,86,-30,MIN,tripping,2,8478891,8474102
2025020664,1,504,17:10,2:50,1551,left,509,penalty,17,D,33,-39,MIN,delaying-game-puck-over-glass,2,,
2025020664,2,615,4:18,15:42,1551,right,509,penalty,9,N,-18,-33,MIN,tripping,2,8482078,8482095
2025020664,2,759,13:57,6:03,1560,right,509,penalty,17,D,-84,-7,MIN,tripping,2,8476393,8479992
2025020664,2,809,17:14,2:46,1551,right,509,penalty,9,O,-77,34,MIN,slashing,2,8475279,8480801
2025020664,3,877,2:34,17:26,1551,left,509,penalty,9,N,-17,-20,MIN,tripping,2,8477946,8473512
2025020664,3,968,9:03,10:57,1560,left,509,penalty,17,D,60,-16,MIN,tripping,2,8481596,8481607
2025020664,3,994,11:09,8:51,1551,left,509,penalty,17,D,73,-13,MIN,slashing,2,8481596,8480879
2025020664,3,377,13:16,6:44,1551,left,509,penalty,9,N,-16,39,BEN,delaying-game-unsuccessful-challenge,2,,
2025020664,3,1097,14:46,5:14,1541,left,509,penalty,17,O,-25,-7,MIN,elbowing,2,8482116,8482762
2025020665,1,15,9:48,10:12,1551,right,509,penalty,55,D,-72,-4,PS,ps-hooking-on-breakaway,0,8476456,8476457
2025020665,1,438,19:18,0:42,1551,right,509,penalty,20,O,-66,-40,MIN,holding,2,8476905,8480797
2025020665,2,630,6:44,13:16,1560,left,509,penalty,55,D,71,-39,MIN,hooking,2,8476456,8476905
2025020666,1,261,12:16,7:44,1551,right,509,penalty,26,D,75,0,MIN,interference,2,8478493,8474563
2025020666,2,447,1:25,18:35,1551,left,509,penalty,26,D,-78,1,MIN,interference,2,8475692,8482124
2025020666,2,570,7:35,12:25,1551,left,509,penalty,26,O,85,-32,MIN,tripping,2,8475765,8483808
2025020666,2,43,20:00,0:00,1551,left,509,penalty,30,D,97,21,MIN,roughing,2,8477960,8483525
2025020666,2,37,20:00,0:00,1551,left,509,penalty,26,O,97,16,MIN,roughing,2,8483525,8477960
2025020666,2,40,20:00,0:00,1551,left,509,penalty,30,D,97,18,MIN,roughing,2,8477960,8483525
2025020666,3,923,11:05,8:55,1551,right,509,penalty,26,D,58,-4,MIN,hooking,2,8482122,8477960
2025020666,3,949,13:03,6:57,1541,right,509,penalty,26,D,72,-40,MIN,high-sticking-double-minor,4,8475149,8479998
2025020667,1,101,3:21,16:39,1551,left,509,penalty,7,O,33,-24,MIN,hooking,2,8480012,8480064
2025020667,1,305,10:49,9:11,1551,left,509,penalty,7,D,-81,2,MIN,interference,2,8478444,8481524
2025020667,2,570,5:09,14:51,1551,right,509,penalty,23,D,-92,-24,MIN,hooking,2,8475722,8484240
2025020667,3,855,8:26,11:34,1551,left,509,penalty,7,D,-83,-35,MIN,high-sticking-double-minor,4,8478498,8479420
2025020668,1,113,3:58,16:02,1551,left,509,penalty,14,D,-81,2,MIN,holding,2,8477492,8478178
2025020668,1,364,18:14,1:46,1551,left,509,penalty,21,D,67,-1,MIN,tripping,2,8476453,8470613
2025020668,2,543,7:28,12:32,1551,right,509,penalty,21,D,-67,37,MIN,slashing,2,8478178,8482947
2025020668,3,772,1:19,18:41,1551,left,509,penalty,14,D,-96,21,MIN,holding,2,8477501,8480426
2025020668,3,424,20:00,0:00,0651,left,509,penalty,14,D,-80,-38,MIN,roughing,2,8480039,8477426
2025020668,3,427,20:00,0:00,0651,left,509,penalty,21,O,-84,-35,MIN,roughing,2,8477426,8480039
2025020668,3,418,20:00,0:00,0651,left,509,penalty,14,D,-80,-38,MIN,roughing,2,8477476,8480426
2025020668,3,422,20:00,0:00,0651,left,509,penalty,14,D,-81,-38,MIS,misconduct,10,,
2025020669,1,69,1:25,18:35,1551,left,509,penalty,2,D,-81,-5,MIN,slashing,2,8482684,8477506
2025020669,2,480,4:05,15:55,1551,right,509,penalty,2,D,67,-21,MIN,tripping,2,8479407,8485366
2025020669,2,766,19:19,0:41,1551,right,509,penalty,2,D,39,-33,MIN,delaying-game-puck-over-glass,2,,
2025020670,1,11,2:38,17:22,1551,right,509,penalty,4,O,-46,2,MIN,instigator,2,8478424,8480220
2025020670,1,95,2:38,17:22,1551,right,509,penalty,24,D,-47,2,MAJ,fighting,5,8480220,8478424
2025020670,1,91,2:38,17:22,1551,right,509,penalty,4,O,-55,2,MAJ,fighting,5,8478424,8480220
2025020670,1,15,2:38,17:22,1551,right,509,penalty,4,O,-46,1,MIS,instigator-misconduct,10,,
2025020670,1,123,4:21,15:39,1551,right,509,penalty,4,N,12,-16,MIN,high-sticking,2,8482803,8481533
2025020670,1,173,8:09,11:51,1551,right,509,penalty,24,D,-74,-39,MIN,high-sticking,2,8477989,8478873
2025020670,1,244,12:49,7:11,1551,right,509,penalty,24,N,-24,41,BEN,too-many-men-on-the-ice,2,,
2025020670,1,376,18:08,1:52,1560,right,509,penalty,24,D,-60,-34,MIN,hooking,2,8481533,8484762
2025020670,2,492,2:39,17:21,1551,left,509,penalty,24,D,40,10,MAJ,interference,5,8482142,8477527
2025020670,2,42,2:39,17:21,1551,left,509,penalty,24,D,39,6,GAM,game-misconduct,10,,
2025020670,2,674,9:23,10:37,1551,left,509,penalty,24,D,93,-30,MIN,interference,2,8477903,8484153
2025020670,3,814,0:09,19:51,1551,right,509,penalty,4,N,22,-17,MIN,tripping,2,8483445,8476461
2025020670,3,944,7:51,12:09,1551,right,509,penalty,4,O,-52,34,MAJ,fighting,5,8475462,8477903
2025020670,3,941,7:51,12:09,1551,right,509,penalty,24,D,-54,37,MAJ,fighting,5,8477903,8475462
2025020670,3,1004,8:14,11:46,1551,right,509,penalty,24,N,17,-18,MIN,elbowing,2,8484142,8476885
2025020670,3,1023,9:29,10:31,1451,right,509,penalty,24,D,-84,3,MIN,high-sticking,2,8480220,8475184
2025020670,3,1122,15:46,4:14,1560,right,509,penalty,24,D,-46,-37,MIN,elbowing,2,8480220,8475462
2025020671,1,279,11:21,8:39,1551,right,509,penalty,12,N,16,-41,MIN,delaying-game-puck-over-glass,2,,
2025020671,1,310,13:04,6:56,1560,right,509,penalty,25,D,-67,0,MIN,slashing,2,8482702,8477454
2025020671,1,459,15:57,4:03,1551,right,509,penalty,25,D,-66,6,MIN,hooking,2,8473533,8478449
2025020671,2,592,6:33,13:27,1551,left,509,penalty,25,D,83,1,MIN,tripping,2,8482093,8480878
2025020671,2,611,7:39,12:21,1551,left,509,penalty,25,O,-71,-5,MIN,slashing,2,8473533,8480027
2025020671,2,694,13:23,6:37,0651,left,509,penalty,12,N,13,-19,MIN,tripping,2,8475755,8478427
2025020671,3,953,8:47,11:13,1551,right,509,penalty,25,D,-63,-18,MIN,slashing,2,8482093,8478420
2025020671,3,1095,16:41,3:19,1551,right,509,penalty,12,D,66,-40,MIN,holding-the-stick,2,8478449,8477478
2025020672,1,185,5:24,14:36,1551,right,509,penalty,13,D,-51,-24,MIN,hooking,2,8481582,8478542
2025020672,1,272,11:14,8:46,1551,right,509,penalty,10,D,26,6,MIN,tripping,2,8484304,8484158
2025020672,1,366,14:21,5:39,1551,right,509,penalty,10,O,-31,-39,MAJ,fighting,5,8477932,8477503
2025020672,1,370,14:21,5:39,1551,right,509,penalty,13,D,-31,-38,MAJ,fighting,5,8477503,8477932
2025020672,2,853,19:59,0:01,1551,left,509,penalty,10,D,-63,-2,MIN,tripping,2,8482113,8476853
2025020672,3,893,2:15,17:45,1551,right,509,penalty,10,D,94,24,MIN,delaying-game-puck-over-glass,2,,
2025020672,3,951,6:05,13:55,1551,right,509,penalty,13,D,-86,-23,MIN,hooking,2,8482259,8482131
2025020673,1,60,0:16,19:44,1551,right,509,penalty,52,D,89,8,MIN,tripping,2,8479353,8473604
2025020673,1,272,13:17,6:43,1551,right,509,penalty,52,D,27,-12,MAJ,fighting,5,8478434,8476392
2025020673,1,275,13:17,6:43,1551,right,509,penalty,54,O,28,-11,MAJ,fighting,5,8476392,8478434
2025020673,2,537,5:31,14:29,1551,left,509,penalty,54,D,69,16,MIN,slashing,2,8480113,8475913
2025020673,2,825,18:57,1:03,1551,left,509,penalty,52,D,-98,-10,MIN,high-sticking,2,8476881,8480049
2025020673,3,999,10:23,9:37,1551,right,509,penalty,54,D,-75,-39,MIN,high-sticking,2,8476871,8480727
2025020673,3,1011,11:17,8:43,1451,right,509,penalty,52,D,80,6,MIN,hooking,2,8475913,8477504
2025020673,4,1175,4:09,0:51,1331,left,509,penalty,52,D,-72,9,MIN,tripping,2,8478483,8480049
2025020674,1,174,8:19,11:41,1560,left,509,penalty,18,O,-79,-2,MIN,high-sticking,2,8478971,8477446
2025020674,2,557,5:02,14:58,1551,right,509,penalty,22,D,96,13,MIN,tripping,2,8482146,8480831
2025020674,2,44,15:53,4:07,1551,right,509,penalty,18,D,-73,-4,PS,ps-holding-on-breakaway,0,8478402,8482482
2025020674,3,920,4:25,15:35,1551,left,509,penalty,22,N,-18,-36,MIN,hooking,2,8474600,8483512
2025020674,3,944,6:25,13:35,1541,left,509,penalty,18,D,66,-2,MIN,hooking,2,8480803,8476869
2025020675,1,136,7:43,12:17,1551,left,509,penalty,29,D,62,34,MIN,interference,2,8480848,8476923
2025020675,1,341,15:20,4:40,0651,left,509,penalty,28,N,3,-38,MIN,tripping,2,8482660,8480848
2025020675,2,492,3:18,16:42,1551,right,509,penalty,29,O,39,40,MIN,tripping,2,8471817,8479944
2025020675,2,576,5:45,14:15,1551,right,509,penalty,28,D,74,0,MIN,hooking,2,8477497,8484994
2025020675,2,616,8:57,11:03,1560,right,509,penalty,29,D,-85,7,MIN,interference,2,8476624,8479371
2025020675,2,693,15:15,4:45,1551,right,509,penalty,29,D,-81,-7,MIN,tripping,2,8480848,8483485
2025020675,2,706,16:41,3:19,1451,right,509,penalty,29,D,-30,-35,MIN,high-sticking,2,8484801,8476432
2025020675,2,502,19:16,0:44,1551,right,509,penalty,28,N,-3,-1,MAJ,fighting,5,8479671,8471817
2025020675,2,48,19:16,0:44,1551,right,509,penalty,29,N,-4,-2,MAJ,fighting,5,8471817,8479671
2025020675,3,790,2:20,17:40,1551,left,509,penalty,28,D,-76,-10,MIN,slashing,2,8484166,8476624
2025020676,1,129,8:31,11:29,1551,left,509,penalty,6,N,21,-39,MIN,interference,2,8477955,8477507
2025020676,1,13,8:40,11:20,1451,left,509,penalty,6,D,80,0,MIN,tripping,2,8474586,8480280
2025020676,2,692,14:49,5:11,1551,right,509,penalty,55,D,70,-38,MIN,holding,2,8483489,8484800
2025020676,2,745,18:39,1:21,1551,right,509,penalty,6,O,91,34,MIN,slashing,2,8479985,8482634
2025020676,3,788,1:49,18:11,1551,left,509,penalty,55,D,-84,3,MIN,tripping,2,8479325,8478916
2025020676,3,941,12:56,7:04,1551,left,509,penalty,6,O,-85,37,MIN,hooking,2,8479324,8477956
2025020676,3,1052,17:23,2:37,1551,left,509,penalty,55,D,-94,-28,MIN,hooking,2,8479999,8479324
2025020677,1,89,2:44,17:16,1560,right,509,penalty,25,D,-77,-24,MIN,holding,2,8479345,8480950
2025020677,1,106,3:16,16:44,1451,right,509,penalty,15,D,70,-21,MIN,abuse-of-officials,2,,
2025020677,2,446,1:12,18:48,1551,left,509,penalty,25,D,88,-35,MIN,roughing,2,8479520,8480950
2025020677,2,442,1:12,18:48,1551,left,509,penalty,15,O,89,-32,MIN,roughing,2,8480950,8479520
2025020677,2,35,12:53,7:07,1551,left,509,penalty,25,N,-1,17,MAJ,fighting,5,8479520,8480950
2025020677,2,749,12:53,7:07,1551,left,509,penalty,15,N,-1,20,MAJ,fighting,5,8480950,8479520
2025020677,2,794,15:55,4:05,1551,left,509,penalty,25,D,54,17,MIN,slashing,2,8482088,8478420
2025020677,3,912,4:57,15:03,1551,right,509,penalty,15,D,76,21,MIN,hooking,2,8480027,8475343
2025020678,1,470,17:28,2:32,1551,right,509,penalty,8,N,-12,-40,MIN,roughing,2,8477810,8481593
2025020678,2,579,4:55,15:05,0651,left,509,penalty,8,D,-70,32,MIN,hooking,2,8482766,8476479
2025020678,2,637,8:55,11:05,1551,left,509,penalty,20,N,-17,40,BEN,too-many-men-on-the-ice,2,,
2025020678,2,669,12:15,7:45,1551,left,509,penalty,8,N,-13,39,MIN,high-sticking,2,8482074,8482964
2025020678,3,920,10:21,9:39,0651,right,509,penalty,8,N,-22,-25,MIN,slashing,2,8482766,8475848
2025020678,3,934,11:24,8:36,1541,right,509,penalty,20,D,-48,-1,MIN,hooking,2,8480813,8478397
2025020679,1,112,3:40,16:20,1551,right,509,penalty,16,D,74,-4,MIN,holding,2,8475170,8484783
2025020679,1,141,5:28,14:32,1541,right,509,penalty,16,D,53,-38,MIN,delaying-game-puck-over-glass,2,,
2025020679,1,178,8:01,11:59,1560,right,509,penalty,19,D,-50,-33,MIN,hooking,2,8477444,8476892
2025020679,1,386,15:01,4:59,1551,right,509,penalty,16,D,79,-13,MIN,holding,2,8480281,8484783
2025020679,2,642,6:38,13:22,1560,left,509,penalty,19,D,86,-12,MIN,high-sticking,2,8477479,8482733
2025020679,2,729,12:53,7:07,0651,left,509,penalty,16,D,-95,7,MIN,holding,2,8476897,8476473
2025020679,3,845,2:24,17:36,1551,right,509,penalty,16,D,35,-26,MIN,tripping,2,8475753,8477987
2025020679,3,861,3:43,16:17,1550,right,509,penalty,19,O,45,36,MIN,tripping,2,8477450,8484164
2025020679,3,510,4:38,15:22,1451,right,509,penalty,19,D,-81,1,MIN,delaying-game-puck-over-glass,2,,
2025020679,3,887,5:11,14:49,1451,right,509,penalty,16,O,-61,-4,GAM,abuse-of-officials,10,,
2025020680,2,520,0:33,19:27,1551,right,509,penalty,9,D,-80,-36,MIN,tripping,2,8477951,8482116
2025020680,2,607,3:08,16:52,0651,right,509,penalty,68,O,-85,-34,MIN,tripping,2,8482095,8482699
2025020680,2,663,7:06,12:54,1551,right,509,penalty,9,D,-77,-19,MIN,high-sticking,2,8479343,8481606
2025020680,2,730,11:48,8:12,0651,right,509,penalty,68,N,4,10,MIN,tripping,2,8478020,8479343
2025020680,2,826,19:05,0:55,1551,right,509,penalty,9,O,65,-13,MIN,slashing,2,8480434,8480801
2025020680,2,838,19:41,0:19,1451,right,509,penalty,68,N,-21,9,MIN,high-sticking,2,8482092,8477951
2025020680,3,947,5:41,14:19,1551,left,509,penalty,9,N,0,-38,BEN,delaying-game-unsuccessful-challenge,2,,
2025020681,1,287,16:39,3:21,1560,right,509,penalty,28,D,-71,4,MIN,interference,2,8476441,8482861
2025020681,2,400,1:13,18:47,1551,left,509,penalty,28,D,77,-6,MIN,hooking,2,8477960,8484806
2025020681,2,476,3:30,16:30,1551,left,509,penalty,26,D,-67,-10,MIN,holding-the-stick,2,8482859,8474563
2025020681,2,500,5:07,14:53,1551,left,509,penalty,26,D,-53,-26,MIN,high-sticking,2,8475784,8482726
2025020681,2,559,5:37,14:23,1541,left,509,penalty,28,O,-60,39,MIN,hooking,2,8479998,8475726
2025020681,2,770,17:49,2:11,1551,left,509,penalty,26,N,-12,-41,MIN,holding,2,8484994,8474563
2025020681,3,851,3:48,16:12,1551,right,509,penalty,26,D,34,-30,MIN,hooking,2,8484806,8477960
2025020682,1,467,19:36,0:24,1551,left,509,penalty,6,N,-18,36,MIN,interference,2,8474150,8480355
2025020682,1,471,19:36,0:24,1551,left,509,penalty,20,O,-55,0,MIN,slashing,2,8482511,8476399
2025020682,2,626,7:17,12:43,1551,right,509,penalty,20,O,66,-13,MIN,tripping,2,8478401,8474150
2025020682,2,641,7:44,12:16,1451,right,509,penalty,6,O,-57,26,MIN,interference,2,8480797,8479325
2025020682,3,952,5:48,14:12,1551,left,509,penalty,6,D,-95,16,MIN,tripping,2,8479066,8481219
2025020682,3,311,11:37,8:23,1551,left,509,penalty,20,O,-69,37,MIN,holding,2,8481219,8480797
2025020683,1,186,6:24,13:36,1551,right,509,penalty,8,O,-93,-29,MIN,boarding,2,8477932,8483515
2025020683,1,301,10:45,9:15,1551,right,509,penalty,13,N,-1,-35,MIN,interference,2,8481540,8484304
2025020683,1,444,17:41,2:19,1551,right,509,penalty,8,D,45,-38,MIN,interference,2,8482713,8483515
2025020683,2,698,16:54,3:06,1551,left,509,penalty,13,D,27,41,MIN,high-sticking-double-minor,4,8480074,8482113
2025020683,3,754,1:06,18:54,1551,right,509,penalty,8,O,-93,-25,MIN,high-sticking,2,8482113,8476479
2025020683,3,794,4:26,15:34,1551,right,509,penalty,13,D,-84,2,MIN,roughing,2,8478104,8482131
2025020683,3,798,4:26,15:34,1551,right,509,penalty,8,O,-87,4,MIN,high-sticking,2,8475683,8478104
2025020683,3,859,9:12,10:48,1551,right,509,penalty,13,O,97,-10,MIN,slashing,2,8482737,8477935
2025020683,3,384,18:45,1:15,1551,right,509,penalty,13,D,-52,39,MIN,roughing,2,8482964,8482131
2025020683,3,382,18:45,1:15,1551,right,509,penalty,8,O,-56,40,MIN,roughing,2,8482131,8482964
2025020683,3,1037,18:45,1:15,1551,right,509,penalty,8,O,-58,36,MIN,charging,2,8480021,8483424
2025020683,3,377,18:45,1:15,1551,right,509,penalty,13,D,-50,41,MIN,roughing,2,8482964,8482131
2025020683,3,380,18:45,1:15,1551,right,509,penalty,13,D,-53,42,MIS,misconduct,10,,
2025020683,3,1032,18:45,1:15,1551,right,509,penalty,8,O,-57,40,MIS,misconduct,10,,
2025020684,1,58,0:19,19:41,1551,right,509,penalty,17,D,82,0,MIN,holding,2,8478498,8482762
2025020684,1,341,13:13,6:47,1551,right,509,penalty,23,N,0,36,MIN,tripping,2,8477946,8477969
2025020684,1,412,17:47,2:13,1551,right,509,penalty,23,D,-74,14,MIN,high-sticking,2,8484471,8484798
2025020684,1,420,17:56,2:04,1451,right,509,penalty,23,D,-69,1,MIN,tripping,2,8479337,8480144
2025020684,2,616,5:46,14:14,0651,left,509,penalty,17,D,-73,-2,MIN,interference,2,8483678,8478891
2025020685,2,652,6:58,13:02,1551,left,509,penalty,3,O,35,-9,MIN,abuse-of-officials,2,,
2025020685,2,721,11:53,8:07,1551,left,509,penalty,3,D,-89,33,MIN,holding,2,8484145,8481525
2025020685,2,805,18:28,1:32,1551,left,509,penalty,7,D,39,-38,MIN,tripping,2,8478550,8483500
2025020685,3,1044,14:24,5:36,1551,right,509,penalty,7,O,98,-12,MIN,high-sticking-double-minor,4,8476389,8481522
2025020686,1,425,18:35,1:25,1551,right,509,penalty,10,D,-53,33,MIN,slashing,2,8481533,8479442
2025020686,2,624,8:40,11:20,1551,left,509,penalty,4,D,-84,33,MIN,holding,2,8476872,8482126
2025020686,2,701,11:31,8:29,0651,left,509,penalty,4,D,-84,-5,MIN,slashing,2,8481122,8478439
2025020686,3,954,10:59,9:01,1551,right,509,penalty,10,D,-55,34,MIN,slashing,2,8484142,8482720
2025020686,3,972,12:07,7:53,1460,right,509,penalty,10,D,-97,-11,MIN,tripping,2,8480015,8479442
2025020687,2,570,3:16,16:44,1551,right,509,penalty,5,D,69,-40,MIN,high-sticking,2,8477488,8480980
2025020687,2,746,17:16,2:44,1551,right,509,penalty,1,N,7,-40,MIN,slashing,2,8478854,8478414
2025020687,2,755,17:38,2:22,1451,right,509,penalty,1,D,-69,41,MIN,tripping,2,8471215,8477015
2025020687,3,806,1:32,18:28,0651,left,509,penalty,5,D,-47,-19,MIN,slashing,2,8476462,8471215
2025020687,3,865,5:30,14:30,1551,left,509,penalty,1,D,40,30,MIN,tripping,2,8478569,8477488
2025020688,1,62,1:05,18:55,1560,right,509,penalty,24,D,-85,1,MIN,interference,2,8482093,8475462
2025020688,1,263,8:11,11:49,1551,right,509,penalty,12,D,49,5,MIN,tripping,2,8483445,8477478
2025020688,1,291,9:50,10:10,1541,right,509,penalty,12,D,89,-1,MIN,delaying-game,2,,
2025020688,1,383,16:05,3:55,1551,right,509,penalty,24,D,-96,5,MIN,tripping,2,8477478,8475462
2025020688,2,776,17:40,2:20,1551,left,509,penalty,12,N,-13,-6,MIN,tripping,2,8476458,8480336
2025020688,3,470,17:11,2:49,0651,right,509,penalty,24,N,0,-40,MIS,misconduct,10,,
2025020689,2,469,2:23,17:37,1551,right,509,penalty,2,D,-77,28,MIN,tripping,2,8482062,8481237
2025020689,2,474,2:23,17:37,1551,right,509,penalty,18,O,-84,22,MIN,tripping,2,8485366,8482062
2025020689,2,596,7:25,12:35,1551,right,509,penalty,18,O,-30,39,MIN,tripping,2,8475231,8479370
2025020689,2,600,7:25,12:35,1551,right,509,penalty,2,D,-31,39,MIN,unsportsmanlike-conduct,2,8479370,8475231
2025020689,2,721,16:05,3:55,1551,right,509,penalty,2,D,-95,-13,MIN,slashing,2,8483513,8481601
2025020689,2,756,18:29,1:31,1551,right,509,penalty,18,O,-32,4,MIN,interference,2,8476429,8477446
2025020689,3,814,2:10,17:50,1551,left,509,penalty,18,N,15,39,MIN,tripping,2,8476917,8479370
2025020689,3,878,6:08,13:52,1551,left,509,penalty,2,O,-96,-20,MIN,unsportsmanlike-conduct,2,8482146,8477950
2025020689,3,364,6:08,13:52,1551,left,509,penalty,18,D,-95,-18,MIN,unsportsmanlike-conduct,2,8477950,8482146
2025020690,1,186,5:53,14:07,1551,right,509,penalty,52,D,62,14,MIN,slashing,2,8478402,8475799
2025020690,1,348,14:10,5:50,1551,right,509,penalty,22,D,-31,1,MIN,slashing,2,8478398,8476454
2025020690,2,82,17:34,2:26,1551,left,509,penalty,52,D,-78,13,MAJ,fighting,5,8479365,8479378
2025020690,2,85,17:34,2:26,1551,left,509,penalty,22,O,-78,11,MAJ,fighting,5,8479378,8479365
2025020690,3,881,9:21,10:39,1551,right,509,penalty,52,N,14,41,MIN,delaying-game-puck-over-glass,2,,
2025020690,3,943,14:24,5:36,1560,right,509,penalty,22,N,15,-24,MIN,high-sticking,2,8476392,8478458
2025020691,1,97,2:04,17:56,1551,right,509,penalty,21,N,-5,-36,MAJ,fighting,5,8482095,8476312
2025020691,1,94,2:04,17:56,1551,right,509,penalty,9,N,-5,-37,MAJ,fighting,5,8476312,8482095
2025020691,1,502,18:32,1:28,1551,right,509,penalty,21,D,51,-34,MIN,tripping,2,8480188,8479398
2025020691,2,534,0:19,19:41,1541,left,509,penalty,21,D,-90,-23,MIN,interference,2,8480801,8476312
2025020691,2,747,11:02,8:58,1551,left,509,penalty,9,N,-12,-4,MIN,hooking,2,8480835,8478020
2025020691,2,831,13:43,6:17,1551,left,509,penalty,9,O,-94,27,MIN,high-sticking,2,8476312,8480801
2025020691,2,839,13:52,6:08,1451,left,509,penalty,9,D,48,20,MIN,high-sticking,2,8475754,8481596
2025020691,3,978,3:04,16:56,1551,right,509,penalty,21,N,-8,-34,MIN,roughing,2,8482116,8479398
2025020691,3,972,3:04,16:56,1551,right,509,penalty,21,N,-9,-34,MAJ,fighting,5,8482116,8479398
2025020691,3,969,3:04,16:56,1551,right,509,penalty,9,N,-7,-36,MAJ,fighting,5,8479398,8482116
2025020691,3,1025,5:55,14:05,1551,right,509,penalty,9,O,79,-1,MIN,roughing,2,8475809,8481596
2025020691,3,464,11:49,8:11,1551,right,509,penalty,9,O,88,-31,MIN,roughing,2,8479398,8476393
2025020691,3,1102,11:49,8:11,1551,right,509,penalty,9,O,91,-31,MIS,misconduct,10,,
2025020691,3,1130,13:59,6:01,1551,right,509,penalty,9,D,-95,-19,MIN,slashing,2,8480039,8482092
2025020691,3,472,13:59,6:01,1551,right,509,penalty,9,D,-94,-11,MIS,misconduct,10,,
2025020692,1,436,18:04,1:56,1551,right,509,penalty,54,D,93,28,MIN,high-sticking,2,8484166,8478434
2025020692,2,728,18:28,1:32,1551,left,509,penalty,29,N,21,40,MIN,hooking,2,8483890,8479671
2025020692,3,792,2:39,17:21,1551,right,509,penalty,29,D,-44,-26,MIN,delaying-game-puck-over-glass,2,,
2025020693,1,200,10:06,9:54,1551,left,509,penalty,55,D,-87,7,MIN,high-sticking,2,8475149,8476457
2025020693,1,326,16:36,3:24,1551,left,509,penalty,30,D,40,0,MIN,tripping,2,8483570,8477451
2025020693,3,854,6:49,13:11,1551,left,509,penalty,30,N,13,-35,MIN,tripping,2,8484800,8478136
2025020693,3,885,8:48,11:12,1451,left,509,penalty,30,D,32,-10,MIN,elbowing,2,8484800,8478508
2025020694,1,157,8:33,11:27,1551,right,509,penalty,15,O,44,-37,MIN,slashing,2,8481568,8482088
2025020694,1,169,9:18,10:42,1451,right,509,penalty,15,D,-54,-19,MIN,delaying-game-puck-over-glass,2,,
2025020694,2,395,1:14,18:46,1551,left,509,penalty,16,D,-41,37,MIN,hooking,2,8482088,8483450
2025020694,2,558,6:51,13:09,1551,left,509,penalty,15,D,78,-2,MIN,cross-checking,2,8484185,8479520
2025020694,2,639,12:54,7:06,1551,left,509,penalty,16,O,28,-40,MIN,roughing,2,8482088,8484185
2025020694,3,846,4:20,15:40,1551,right,509,penalty,15,D,-65,22,MIN,tripping,2,8483450,8475343
2025020694,3,1041,18:35,1:25,1551,right,509,penalty,16,O,-81,21,MIN,tripping,2,8482148,8482172
2025020695,1,255,11:28,8:32,1551,right,509,penalty,52,N,19,18,MIN,tripping,2,8482124,8478398
2025020695,1,308,15:33,4:27,1551,right,509,penalty,26,N,8,-36,MIN,holding,2,8476460,8477942
2025020695,2,602,9:32,10:28,1551,left,509,penalty,52,N,1,-40,BEN,delaying-game-unsuccessful-challenge,2,,
2025020695,2,618,11:04,8:56,1541,left,509,penalty,26,O,-79,1,MIN,high-sticking,2,8474568,8477960
2025020695,3,963,13:04,6:56,1551,right,509,penalty,52,D,74,0,MIN,cross-checking,2,8483808,8479378
2025020696,1,62,0:02,19:58,1551,left,509,penalty,19,N,-3,13,MAJ,fighting,5,8480855,8480281
2025020696,1,58,0:02,19:58,1551,left,509,penalty,68,N,-2,6,MAJ,fighting,5,8480281,8480855
2025020696,1,104,2:30,17:30,1551,left,509,penalty,68,D,-75,-1,MIN,slashing,2,8481013,8477021
2025020696,2,678,6:39,13:21,1551,right,509,penalty,68,D,96,-27,MIN,illegal-check-to-head,2,8483516,8479293
2025020696,2,34,6:39,13:21,1551,right,509,penalty,19,O,94,-25,MIN,roughing,2,8479293,8475170
2025020696,2,685,6:39,13:21,1551,right,509,penalty,68,D,96,-28,MAJ,fighting,5,8475170,8479293
2025020696,2,682,6:39,13:21,1551,right,509,penalty,19,O,94,-21,MAJ,fighting,5,8479293,8475170
2025020696,2,777,12:40,7:20,1551,right,509,penalty,68,O,-87,3,MIN,roughing,2,8481006,8478474
2025020696,2,781,12:40,7:20,1551,right,509,penalty,19,D,-85,-2,MIN,cross-checking,2,8479343,8480023
2025020696,2,784,12:40,7:20,1551,right,509,penalty,19,D,-84,3,MIN,roughing,2,8478474,8481006
2025020696,2,843,17:25,2:35,1551,right,509,penalty,68,D,95,22,MIN,holding,2,8481013,8480084
2025020696,2,852,18:11,1:49,1541,right,509,penalty,19,D,-88,-6,MIN,holding,2,8477951,8481598
2025020696,3,909,1:53,18:07,1551,left,509,penalty,68,D,-43,-4,MIN,interference,2,8475170,8482699
2025020696,3,965,6:06,13:54,1551,left,509,penalty,19,O,-63,41,MIN,high-sticking,2,8479343,8483516
2025020696,3,1107,15:37,4:23,0651,left,509,penalty,68,D,-27,-26,MIN,interference,2,8476897,8482699
2025020697,1,455,18:03,1:57,1551,left,509,penalty,3,D,89,16,MIN,tripping,2,8479999,8476459
2025020697,1,468,18:48,1:12,1451,left,509,penalty,3,O,-38,26,MIN,slashing,2,8479325,8476468
2025020697,2,403,4:54,15:06,1551,right,509,penalty,6,D,57,3,PS,ps-slash-on-breakaway,0,8476389,8479325
2025020697,2,806,11:29,8:31,1551,right,509,penalty,6,N,1,-1,MAJ,fighting,5,8475842,8480355
2025020697,2,810,11:29,8:31,1551,right,509,penalty,3,N,1,-1,MAJ,fighting,5,8480355,8475842
2025020697,2,37,11:29,8:31,1551,right,509,penalty,6,N,0,-1,MIS,misconduct,10,,
2025020697,2,835,13:05,6:55,1551,right,509,penalty,6,D,35,39,MIN,delaying-game-puck-over-glass,2,,
2025020697,3,558,7:34,12:26,1551,left,509,penalty,6,D,-86,-3,MIN,roughing,2,8475842,8479369
2025020697,3,1087,7:34,12:26,1551,left,509,penalty,6,D,-86,-5,MIN,roughing,2,8475842,8479369
2025020697,3,1095,7:34,12:26,1551,left,509,penalty,3,O,-87,-4,MIN,roughing,2,8479369,8475842
2025020697,3,1199,15:45,4:15,1551,left,509,penalty,3,O,-42,-39,MIN,boarding,2,8478042,8482157
2025020697,3,572,18:24,1:36,1551,left,509,penalty,3,N,-1,38,MAJ,fighting,5,8476374,8482157
2025020697,3,569,18:24,1:36,1551,left,509,penalty,6,N,0,35,MAJ,fighting,5,8482157,8476374
2025020698,1,424,15:39,4:21,1551,left,509,penalty,20,N,13,35,MIN,tripping,2,8481481,8476456
2025020698,1,21,20:00,0:00,1551,left,509,penalty,20,O,-97,4,MIN,roughing,2,8478450,8478397
2025020698,1,18,20:00,0:00,1551,left,509,penalty,5,D,-97,3,MIN,roughing,2,8478397,8478450
2025020698,2,677,6:54,13:06,1551,right,509,penalty,5,D,67,19,MIN,hooking,2,8482074,8475763
2025020698,2,759,9:17,10:43,1551,right,509,penalty,5,O,-98,6,MIN,roughing,2,8482074,8471215
2025020698,2,29,10:27,9:33,1541,right,509,penalty,20,N,11,41,BEN,too-many-men-on-the-ice,2,,
2025020698,2,861,17:23,2:37,1551,right,509,penalty,20,D,-95,22,MIN,hooking,2,8476483,8482165
2025020698,3,1072,13:03,6:57,1551,left,509,penalty,5,O,48,-24,MIN,embellishment,2,,
2025020698,3,1075,13:03,6:57,1551,left,509,penalty,20,D,47,-24,MIN,holding,2,8479638,8476456
2025020698,3,1108,15:35,4:25,0651,left,509,penalty,5,D,-75,40,MIN,tripping,2,8482074,8476967
2025020699,1,266,11:25,8:35,1560,right,509,penalty,29,D,-71,5,MIN,high-sticking,2,8480069,8480893
2025020699,2,712,11:53,8:07,1551,left,509,penalty,21,D,-80,5,MIN,hooking,2,8475745,8477492
2025020699,2,734,14:23,5:37,1551,left,509,penalty,21,D,-63,15,MIN,hooking,2,8476432,8478109
2025020699,3,833,1:49,18:11,1551,right,509,penalty,29,D,-43,-40,MIN,delaying-game-puck-over-glass,2,,
2025020700,1,233,8:22,11:38,1551,left,509,penalty,25,N,8,31,MIN,interference,2,8484801,8476278
2025020700,2,501,1:41,18:19,1551,right,509,penalty,28,D,84,-38,MIN,high-sticking,2,8478420,8475200
2025020700,2,527,3:59,16:01,1551,right,509,penalty,25,N,-24,-13,MIN,tripping,2,8484801,8476902
2025020700,2,546,4:54,15:06,1551,right,509,penalty,25,N,-17,5,MIN,interference,2,8476624,8477454
2025020700,2,731,12:52,7:08,1551,right,509,penalty,25,O,25,40,MIN,tripping,2,8483630,8476278
2025020700,2,41,20:00,0:00,1551,right,509,penalty,28,D,94,-4,MIN,tripping,2,8479351,8480043
2025020700,3,905,8:43,11:17,1551,left,509,penalty,25,D,37,-30,MIN,hooking,2,8477505,8480950
2025020700,4,1057,0:57,4:03,1331,right,509,penalty,25,N,-22,17,MIN,holding,2,8477505,8478420
2025020701,1,16,7:27,12:33,1551,left,509,penalty,24,D,79,0,PS,ps-hooking-on-breakaway,0,8484145,8475462
2025020701,2,575,1:07,18:53,1551,right,509,penalty,24,D,-87,-11,MIN,tripping,2,8479420,8482178
2025020701,2,587,2:00,18:00,1451,right,509,penalty,24,D,-67,27,MIN,holding,2,8479420,8482803
2025020701,2,620,4:29,15:31,1551,right,509,penalty,7,D,78,-39,MIN,boarding,2,8481605,8480807
2025020701,2,749,13:02,6:58,1551,right,509,penalty,7,D,86,6,MIN,roughing,2,8476458,8480839
2025020701,3,1004,13:10,6:50,1551,left,509,penalty,7,N,19,-6,MIN,interference,2,8476458,8482659
2025020701,3,1008,13:10,6:50,1551,left,509,penalty,24,N,20,-5,MIN,slashing,2,8482659,8476458
2025020701,3,320,13:10,6:50,1551,left,509,penalty,7,N,-8,7,MAJ,fighting,5,8476458,8482659
2025020701,3,322,13:10,6:50,1551,left,509,penalty,24,N,-7,5,MAJ,fighting,5,8482659,8476458
2025020701,3,1014,13:10,6:50,1551,left,509,penalty,7,D,-66,21,MIN,unsportsmanlike-conduct,2,8482745,8480064
2025020701,3,1017,13:10,6:50,1551,left,509,penalty,24,O,-64,23,MIN,unsportsmanlike-conduct,2,8480064,8482745
2025020702,1,83,1:38,18:22,1551,right,509,penalty,10,N,13,41,BEN,too-many-men-on-the-ice,2,,
2025020702,1,262,7:27,12:33,1551,right,509,penalty,23,D,-70,-2,MIN,tripping,2,8479318,8482691
2025020702,1,308,10:24,9:36,1551,right,509,penalty,10,O,-97,22,MIN,hooking,2,8477969,8479318
2025020702,1,343,13:01,6:59,1551,right,509,penalty,10,N,15,39,BEN,too-many-men-on-the-ice,2,,
2025020702,1,390,17:01,2:59,1551,right,509,penalty,10,D,84,-35,MIN,roughing,2,8481535,8484158
2025020702,1,394,17:01,2:59,1551,right,509,penalty,23,O,86,6,MIN,cross-checking,2,8481122,8481535
2025020702,1,451,17:21,2:39,1441,right,509,penalty,10,O,-34,19,MIN,high-sticking,2,8480012,8476931
2025020702,1,485,19:57,0:03,1551,right,509,penalty,23,O,96,-18,MIN,roughing,2,8476853,8482055
2025020702,2,587,7:24,12:36,1551,left,509,penalty,10,D,-49,18,MIN,interference,2,8478444,8476853
2025020702,2,732,14:00,6:00,1551,left,509,penalty,23,D,73,-1,MAJ,fighting,5,8477503,8477969
2025020702,2,728,14:00,6:00,1551,left,509,penalty,10,O,73,0,MAJ,fighting,5,8477969,8477503
2025020702,3,968,8:30,11:30,1551,right,509,penalty,10,D,87,38,MIN,tripping,2,8477969,8479442
2025020702,3,1018,12:27,7:33,1551,right,509,penalty,23,D,-28,26,MIN,interference,2,8481582,8483678
2025020702,3,1107,18:51,1:09,1551,right,509,penalty,23,O,99,16,MIN,roughing,2,8478443,8480748
2025020703,1,145,6:59,13:01,1551,right,509,penalty,8,D,76,11,MIN,holding-the-stick,2,8479992,8478851
2025020703,1,247,10:43,9:17,1551,right,509,penalty,8,N,0,33,MIN,high-sticking,2,8478891,8475848
2025020703,2,441,1:31,18:29,1551,left,509,penalty,8,D,-98,-6,MIN,holding,2,8477456,8480074
2025020703,2,641,9:30,10:30,1551,left,509,penalty,17,O,-82,37,MIN,holding-the-stick,2,8480865,8484471
2025020703,2,673,11:37,8:23,1551,left,509,penalty,8,N,7,41,BEN,too-many-men-on-the-ice,2,,
2025020703,3,942,10:48,9:12,1551,right,509,penalty,8,O,-94,-24,MIN,roughing,2,8481542,8482775
2025020704,1,88,2:02,17:58,1551,left,509,penalty,13,D,73,-1,MIN,high-sticking,2,8474189,8478542
2025020704,1,193,9:35,10:25,1551,left,509,penalty,9,N,2,-39,MIN,high-sticking,2,8477933,8482245
2025020704,1,355,17:11,2:49,1551,left,509,penalty,9,D,-97,2,MIN,interference,2,8480185,8482245
2025020704,1,374,18:25,1:35,1541,left,509,penalty,9,D,-83,2,MIN,roughing,2,8477935,8481596
2025020704,1,378,18:25,1:35,1541,left,509,penalty,13,O,-83,2,MIN,roughing,2,8481596,8477935
2025020704,2,410,1:01,18:59,1551,right,509,penalty,13,N,-8,40,MIN,high-sticking,2,8480208,8484304
2025020704,2,683,6:03,13:57,1551,right,509,penalty,13,D,-69,5,MIN,delaying-game-puck-over-glass,2,,
2025020704,2,758,11:52,8:08,1551,right,509,penalty,9,D,70,-1,MIN,slashing,2,8482713,8478469
2025020704,2,843,18:36,1:24,1551,right,509,penalty,9,D,90,20,MIN,delaying-game-puck-over-glass,2,,
2025020704,2,851,18:55,1:05,1541,right,509,penalty,13,O,95,23,MIN,boarding,2,8482245,8477409
2025020704,3,1051,12:08,7:52,1551,left,509,penalty,13,D,45,41,MIN,tripping,2,8481528,8477933
2025020705,1,211,8:00,12:00,1551,right,509,penalty,4,N,0,40,MAJ,fighting,5,8483398,8477903
2025020705,1,214,8:00,12:00,1551,right,509,penalty,14,N,3,36,MAJ,fighting,5,8477903,8483398
2025020705,1,281,13:13,6:47,1551,right,509,penalty,14,O,98,8,MIN,interference,2,8477499,8479542
2025020705,1,403,18:55,1:05,1551,right,509,penalty,4,D,84,-5,MIN,cross-checking,2,8476826,8481546
2025020705,3,824,4:13,15:47,1551,right,509,penalty,14,O,83,-2,MIN,high-sticking,2,8476372,8482201
2025020705,3,937,12:53,7:07,1551,right,509,penalty,4,O,-97,2,MIN,high-sticking,2,8483398,8477903
2025020706,1,418,18:11,1:49,0651,right,509,penalty,12,D,55,40,MIN,holding,2,8477919,8480336
2025020706,2,854,17:24,2:36,1551,left,509,penalty,55,D,56,-4,MIN,tripping,2,8480830,8482858
2025020707,1,329,12:17,7:43,1551,left,509,penalty,18,D,-74,-4,MIN,slashing,2,8477987,8475287
2025020707,2,595,5:04,14:56,1551,right,509,penalty,18,N,-9,-5,MIN,holding,2,8476882,8474600
2025020707,2,643,8:12,11:48,1551,right,509,penalty,16,D,-85,-1,MIN,unsportsmanlike-conduct,2,8478047,8482176
2025020707,2,636,8:12,11:48,1551,right,509,penalty,18,O,-91,-8,MIN,roughing,2,8477987,8478047
2025020707,2,640,8:12,11:48,1551,right,509,penalty,16,D,-81,-2,MIN,roughing,2,8478047,8477987
2025020707,2,692,11:20,8:40,1551,right,509,penalty,16,D,-88,-25,MIN,interference,2,8483513,8483466
2025020707,3,852,3:48,16:12,1551,left,509,penalty,18,D,-90,-30,MIN,holding,2,8477450,8482062
2025020707,3,908,8:02,11:58,1560,left,509,penalty,16,N,-9,38,MIN,tripping,2,8478047,8477444
2025020708,1,292,9:23,10:37,1551,right,509,penalty,2,D,-79,-1,MIN,hooking,2,8478508,8484958
2025020708,1,303,9:58,10:02,1451,right,509,penalty,30,O,-84,-4,MIN,high-sticking,2,8476917,8477451
2025020708,1,355,13:28,6:32,1560,right,509,penalty,2,O,97,-21,MIN,boarding,2,8480259,8484221
2025020708,1,377,14:59,5:01,1460,right,509,penalty,2,D,-65,-7,MIN,slashing,2,8483525,8476429
2025020708,2,605,4:56,15:04,1551,left,509,penalty,30,N,-5,2,MIN,tripping,2,8482476,8478136
2025020708,2,712,13:25,6:35,0651,left,509,penalty,30,O,32,38,MIN,hooking,2,8476429,8483525
2025020708,2,773,18:18,1:42,1551,left,509,penalty,2,D,68,-9,MIN,slashing,2,8476994,8477950
2025020709,1,354,17:43,2:17,1551,left,509,penalty,22,D,-70,2,MIN,high-sticking,2,8477960,8477498
2025020709,2,543,6:40,13:20,1551,right,509,penalty,26,D,-57,-21,MIN,high-sticking,2,8476454,8482730
2025020709,2,571,8:36,11:24,1451,right,509,penalty,22,O,-73,-40,MIN,hooking,2,8482124,8483455
2025020709,3,869,7:42,12:18,1551,left,509,penalty,26,O,-54,-18,MIN,high-sticking,2,8477953,8483808
2025020709,3,887,9:06,10:54,1451,left,509,penalty,26,N,21,-1,MIN,slashing,2,8478402,8477960
2025020709,4,1060,4:31,0:29,1331,right,509,penalty,26,O,52,5,MIN,interference,2,8480803,8482124
2025020710,1,125,4:27,15:33,1551,right,509,penalty,19,N,4,-22,MAJ,fighting,5,8475913,8475170
2025020710,1,11,4:27,15:33,1551,right,509,penalty,54,N,4,-22,MAJ,fighting,5,8475170,8475913
2025020710,2,659,8:10,11:50,1551,left,509,penalty,19,D,76,41,MIN,roughing,2,8481527,8476897
2025020710,3,848,2:34,17:26,1551,right,509,penalty,54,O,-75,40,MIN,roughing,2,8481006,8481604
2025020711,1,372,16:41,3:19,1551,right,509,penalty,1,D,-41,40,MIN,interference,2,8476525,8481721
2025020711,2,540,4:56,15:04,1551,left,509,penalty,1,D,94,15,MIN,holding,2,8476460,8478399
2025020711,2,695,13:44,6:16,1551,left,509,penalty,52,D,-78,38,MIN,holding,2,8480002,8477504
2025020712,1,78,2:21,17:39,1551,left,509,penalty,5,O,-54,-9,MIN,hooking,2,8476374,8478438
2025020712,1,127,6:02,13:58,1551,left,509,penalty,5,O,-45,-20,MIN,hooking,2,8482177,8479638
2025020712,1,381,18:23,1:37,1551,left,509,penalty,5,O,-92,-13,MIN,high-sticking,2,8477507,8471215
2025020712,2,618,4:25,15:35,1551,right,509,penalty,5,D,-81,5,MIN,holding,2,8480355,8476967
2025020712,2,671,8:35,11:25,1551,right,509,penalty,5,D,-60,38,MIN,delaying-game-puck-over-glass,2,,
2025020712,2,705,11:36,8:24,1551,right,509,penalty,6,O,-82,1,MIN,interference-goalkeeper,2,8479973,8480355
2025020712,3,839,1:48,18:12,1551,left,509,penalty,5,N,-19,-7,MIN,interference,2,8483489,8479638
2025020712,3,849,2:23,17:37,1451,left,509,penalty,6,O,27,-20,MIN,hooking,2,8481481,8479999
2025020713,1,126,5:15,14:45,1551,left,509,penalty,18,D,-40,27,MIN,holding,2,8481656,8474600
2025020713,1,134,5:31,14:29,1541,left,509,penalty,18,D,-85,-29,MIN,delaying-game-puck-over-glass,2,,
2025020713,1,242,13:03,6:57,1551,left,509,penalty,15,D,91,-23,MIN,holding,2,8482768,8479520
2025020713,1,330,15:09,4:51,1551,left,509,penalty,18,D,-33,-40,MIN,tripping,2,8484186,8475287
2025020713,1,344,16:29,3:31,1541,left,509,penalty,15,O,-51,10,MIN,interference,2,8482768,8478463
2025020713,2,412,0:56,19:04,1551,right,509,penalty,18,D,71,7,MIN,hooking,2,8474590,8480246
2025020713,2,517,5:51,14:09,1551,right,509,penalty,15,O,97,18,MIN,tripping,2,8476869,8481656
2025020713,2,739,18:29,1:31,1551,right,509,penalty,15,D,-97,-19,MIN,slashing,2,8474600,8471214
2025020713,3,790,1:52,18:08,1551,left,509,penalty,15,D,90,-18,MIN,holding,2,8479370,8482148
2025020713,3,800,2:44,17:16,1451,left,509,penalty,15,D,57,41,MIN,delaying-game-puck-over-glass,2,,
2025020713,3,923,8:18,11:42,0651,left,509,penalty,18,D,-77,0,MIN,tripping,2,8483573,8482482
2025020714,1,240,9:45,10:15,1551,left,509,penalty,29,N,-15,15,MIN,holding,2,8477951,8481716
2025020714,2,777,17:29,2:31,1551,right,509,penalty,68,O,-67,-30,MIN,holding,2,8478460,8480855
2025020714,3,816,0:19,19:41,1551,left,509,penalty,68,D,-84,-32,MIN,slashing,2,8481716,8480855
2025020714,3,838,2:04,17:56,1541,left,509,penalty,29,O,-80,-5,MIN,tripping,2,8479410,8476432
2025020714,3,1078,19:36,0:24,1551,left,509,penalty,68,N,10,24,MIN,tripping,2,8484166,8484388
2025020715,1,12,3:09,16:51,1551,left,509,penalty,54,D,97,-3,MIN,tripping,2,8482667,8478396
2025020715,1,18,9:54,10:06,1551,left,509,penalty,28,D,-63,-38,MIN,tripping,2,8478403,8480043
2025020715,1,463,18:48,1:12,1551,left,509,penalty,54,O,-60,-26,MIN,slashing,2,8484911,8481604
2025020715,2,39,7:11,12:49,1551,right,509,penalty,54,N,-6,39,MIN,holding,2,8484801,8478468
2025020715,2,44,9:33,10:27,1551,right,509,penalty,28,D,84,4,MIN,slashing,2,8478468,8484806
2025020715,2,351,13:05,6:55,0651,right,509,penalty,28,O,-93,-20,MIN,cross-checking,2,8480727,8482667
2025020715,3,362,1:13,18:47,1551,left,509,penalty,54,O,-40,-41,MIN,high-sticking,2,8475726,8478403
2025020715,3,876,9:11,10:49,1560,left,509,penalty,54,O,-83,36,MIN,hooking,2,8482667,8481133
2025020715,3,882,9:28,10:32,1451,left,509,penalty,28,O,98,-8,MIN,hooking,2,8478468,8475726
2025020716,1,88,2:16,17:44,0651,left,509,penalty,7,N,0,8,MIN,interference,2,8483771,8482659
2025020716,2,655,8:33,11:27,1560,right,509,penalty,13,O,33,21,MIN,slashing,2,8479420,8477935
2025020716,2,713,13:55,6:05,1551,right,509,penalty,13,D,-84,-10,MIN,hooking,2,8479420,8473507
2025020716,2,42,16:35,3:25,1551,right,509,penalty,13,O,36,21,MAJ,fighting,5,8482623,8482131
2025020716,2,45,16:35,3:25,1551,right,509,penalty,7,D,37,23,MAJ,fighting,5,8482131,8482623
2025020717,1,65,0:37,19:23,1551,right,509,penalty,12,D,-90,32,MIN,tripping,2,8483464,8476958
2025020717,1,299,10:49,9:11,1551,right,509,penalty,12,N,-20,-15,MIN,hooking,2,8477946,8482809
2025020717,1,445,14:48,5:12,0651,right,509,penalty,17,D,52,-37,MIN,tripping,2,8475791,8481542
2025020717,2,774,14:30,5:30,1551,left,509,penalty,17,D,-86,-23,MIN,tripping,2,8480762,8480879
2025020717,3,873,2:52,17:08,1551,right,509,penalty,17,D,62,-39,MIN,cross-checking,2,8482809,8481607
2025020717,3,929,6:47,13:13,1551,right,509,penalty,12,D,-82,35,MIN,holding,2,8481725,8480817
2025020717,3,1042,15:18,4:42,1551,right,509,penalty,17,D,55,-22,MIN,slashing,2,8482702,8482078
2025020717,3,1055,15:48,4:12,1541,right,509,penalty,17,D,96,23,MIN,high-sticking,2,8482093,8475279
2025020717,3,1077,17:30,2:30,1541,right,509,penalty,12,O,50,40,MIN,tripping,2,8479992,8475791
2025020717,4,531,3:27,1:33,1331,left,509,penalty,12,N,0,-39,MIS,misconduct,10,,
2025020717,4,534,3:27,1:33,1331,left,509,penalty,12,N,0,-40,MIS,misconduct,10,,
2025020718,1,64,0:36,19:24,1551,right,509,penalty,3,O,-73,-9,MIN,slashing,2,8482665,8476468
2025020718,2,608,12:53,7:07,1551,left,509,penalty,55,D,51,18,MIN,interference,2,8476389,8482858
2025020718,3,764,5:21,14:39,1551,right,509,penalty,3,D,75,0,MIN,tripping,2,8482874,8478882
2025020718,3,903,12:28,7:32,1551,right,509,penalty,55,O,77,-2,MIN,tripping,2,8476468,8480009
2025020719,2,508,4:06,15:54,0651,left,509,penalty,4,O,95,-17,MIN,tripping,2,8483752,8479022
2025020719,2,519,4:29,15:31,1551,left,509,penalty,14,O,-94,-20,MIN,roughing,2,8477948,8477416
2025020719,2,524,4:29,15:31,1551,left,509,penalty,4,D,-97,-18,MIN,roughing,2,8477416,8477948
2025020719,2,618,7:39,12:21,1560,left,509,penalty,14,D,83,5,MIN,holding,2,8477499,8478416
2025020719,2,683,13:01,6:59,1551,left,509,penalty,14,N,13,39,MIN,interference,2,8480220,8479542
2025020719,2,726,16:18,3:42,1551,left,509,penalty,14,D,82,-13,MIN,roughing,2,8478439,8480426
2025020719,2,730,16:18,3:42,1551,left,509,penalty,4,O,81,-14,MIN,roughing,2,8480426,8478439
2025020719,2,760,18:50,1:10,1551,left,509,penalty,4,D,-26,40,MIN,interference,2,8483752,8476372
2025020719,2,775,19:59,0:01,1551,left,509,penalty,4,O,81,-4,MIN,cross-checking,2,8476826,8483733
2025020719,2,779,19:59,0:01,1551,left,509,penalty,14,D,78,-3,MIN,roughing,2,8483733,8476826
2025020719,3,50,3:46,16:14,1551,right,509,penalty,4,O,-82,-37,MIN,boarding,2,8483398,8479022
2025020719,3,840,3:46,16:14,1551,right,509,penalty,14,D,-78,-38,MAJ,fighting,5,8479022,8477426
2025020719,3,844,3:46,16:14,1551,right,509,penalty,4,O,-78,-35,MAJ,fighting,5,8477426,8479022
2025020719,3,47,3:46,16:14,1551,right,509,penalty,14,D,-72,-37,MAJ,fighting,5,8483733,8481719
2025020719,3,44,3:46,16:14,1551,right,509,penalty,4,O,-73,-37,MAJ,fighting,5,8481719,8483733
2025020719,3,553,3:46,16:14,1551,right,509,penalty,4,O,-77,-37,GAM,game-misconduct,10,,
2025020719,3,555,3:46,16:14,1551,right,509,penalty,14,D,-78,-35,GAM,game-misconduct,10,,
2025020719,3,910,8:40,11:20,1551,right,509,penalty,4,O,-88,-3,MIN,roughing,2,8476826,8477903
2025020719,3,932,10:36,9:24,1541,right,509,penalty,14,O,81,-2,MIN,slashing,2,8478439,8477404
2025020719,3,937,10:36,9:24,1541,right,509,penalty,4,D,82,-3,MIN,cross-checking,2,8477404,8478439
2025020719,3,563,10:36,9:24,1541,right,509,penalty,4,D,80,0,GAM,abuse-of-officials,10,,
2025020720,1,392,18:09,1:51,1551,right,509,penalty,23,O,63,34,MIN,hooking,2,8476479,8478444
2025020720,3,860,10:19,9:41,1551,right,509,penalty,8,D,98,6,MIN,cross-checking,2,8483499,8478851
2025020720,3,956,17:48,2:12,1551,right,509,penalty,8,D,83,-22,MIN,hooking,2,8481535,8480865
2025020721,1,253,12:22,7:38,0651,right,509,penalty,30,O,-82,-2,MIN,tripping,2,8476462,8475220
2025020721,3,772,0:17,19:43,1551,right,509,penalty,30,D,86,-5,MIN,interference,2,8482110,8480800
2025020721,3,977,16:06,3:54,1551,right,509,penalty,1,N,-14,-39,MIN,hooking,2,8475149,8476822
2025020721,3,1020,19:25,0:35,1551,right,509,penalty,1,D,-99,7,MIN,charging,2,8480259,8475455
2025020722,2,694,9:55,10:05,1551,left,509,penalty,22,D,95,-6,MIN,slashing,2,8477444,8475218
2025020722,2,37,14:53,5:07,1551,left,509,penalty,16,N,9,41,BEN,too-many-men-on-the-ice,2,,
2025020722,2,779,17:51,2:09,1551,left,509,penalty,16,O,79,38,MIN,hooking,2,8481056,8483450
2025020722,3,938,10:32,9:28,1551,right,509,penalty,22,D,-71,37,MIN,tripping,2,8473422,8481056
2025020723,1,255,13:29,6:31,1551,right,509,penalty,21,O,-96,-17,MIN,tripping,2,8478443,8480069
2025020723,1,460,17:48,2:12,1551,right,509,penalty,10,D,-84,0,MIN,interference,2,8480448,8476853
2025020723,2,628,9:18,10:42,0651,left,509,penalty,21,N,-23,-21,MIN,high-sticking,2,8475166,8483930
2025020723,3,881,4:31,15:29,1560,right,509,penalty,10,D,-43,-1,MIN,tripping,2,8480069,8482259
2025020723,3,961,10:08,9:52,1551,right,509,penalty,10,D,-96,2,MIN,high-sticking,2,8480039,8476872
2025020723,3,965,10:08,9:52,1551,right,509,penalty,21,O,-96,4,MIN,holding,2,8476872,8480039
2025020723,3,1081,17:18,2:42,1551,right,509,penalty,10,N,14,-40,MIN,tripping,2,8480039,8479318
2025020724,2,580,10:52,9:08,1551,left,509,penalty,25,O,-78,-14,MIN,embellishment,2,,
2025020724,2,583,10:52,9:08,1551,left,509,penalty,26,D,-77,-15,MIN,interference,2,8478420,8474563
2025020724,3,805,5:02,14:58,1551,right,509,penalty,25,D,-40,10,MIN,tripping,2,8482730,8473994
2025020724,3,843,8:08,11:52,1551,right,509,penalty,25,D,-89,11,MIN,tripping,2,8482726,8480878
2025020725,2,476,1:40,18:20,1551,right,509,penalty,23,D,-66,-39,MIN,delaying-game-puck-over-glass,2,,
2025020725,2,770,12:54,7:06,1551,right,509,penalty,9,O,-94,-17,MIN,slashing,2,8484798,8473512
2025020725,3,506,19:32,0:28,0651,left,509,penalty,23,O,-96,6,MIN,tripping,2,8482245,8478856
2025020726,1,81,1:54,18:06,1551,left,509,penalty,14,O,-96,-4,MIN,tripping,2,8478854,8476453
2025020726,1,382,15:17,4:43,1551,left,509,penalty,14,N,1,-35,MIN,tripping,2,8471215,8476453
2025020726,2,547,2:49,17:11,1551,right,509,penalty,14,N,-21,7,MIN,tripping,2,8482475,8478416
2025020726,2,630,9:40,10:20,0651,right,509,penalty,5,D,86,4,MIN,interference,2,8477404,8477365
2025020726,2,661,12:16,7:44,1551,right,509,penalty,5,O,-96,25,MIN,elbowing,2,8480426,8471675
2025020726,3,791,3:10,16:50,1551,left,509,penalty,14,O,-37,40,MIN,instigator,2,8477365,8478519
2025020726,3,26,3:10,16:50,1551,left,509,penalty,5,D,-36,41,MAJ,boarding,5,8479542,8477365
2025020726,3,787,3:10,16:50,1551,left,509,penalty,5,D,-41,39,MAJ,fighting,5,8478519,8477365
2025020726,3,30,3:10,16:50,1551,left,509,penalty,14,O,-36,39,MAJ,fighting,5,8477365,8478519
2025020726,3,33,3:10,16:50,1551,left,509,penalty,14,O,-36,40,MIS,instigator-misconduct,10,,
2025020726,3,813,3:10,16:50,1441,left,509,penalty,14,N,13,40,MIS,misconduct,10,,
2025020727,1,72,0:59,19:01,1551,right,509,penalty,15,D,67,23,MIN,tripping,2,8480018,8480796
2025020727,1,308,7:55,12:05,1551,right,509,penalty,8,D,-97,4,MIN,hooking,2,8475343,8480813
2025020727,2,667,8:03,11:57,1551,left,509,penalty,8,O,-78,-8,MIN,instigator,2,8475795,8482964
2025020727,2,30,8:03,11:57,1551,left,509,penalty,8,O,-78,-7,MAJ,fighting,5,8475795,8482964
2025020727,2,32,8:03,11:57,1551,left,509,penalty,8,O,-79,-6,MIS,instigator-misconduct,10,,
2025020727,2,664,8:03,11:57,1551,left,509,penalty,15,D,-80,-7,MAJ,fighting,5,8482964,8475795
2025020727,2,708,11:14,8:46,1560,left,509,penalty,8,N,-18,30,MIN,tripping,2,8475343,8481540
2025020727,2,779,17:31,2:29,1551,left,509,penalty,15,O,93,23,MIN,slashing,2,8480074,8478440
2025020727,2,789,18:27,1:33,0641,left,509,penalty,15,D,-46,18,MIN,high-sticking,2,8480018,8475343
2025020727,3,959,10:24,9:36,1551,right,509,penalty,8,O,69,35,MIN,tripping,2,8477845,8478104
2025020727,3,1003,13:42,6:18,1551,right,509,penalty,15,O,-99,-17,MIN,holding,2,8482964,8475343
2025020727,3,1008,13:42,6:18,1551,right,509,penalty,15,N,0,-40,MIS,misconduct,10,,
2025020727,4,1113,1:54,3:06,1331,left,509,penalty,8,D,30,-13,MIN,tripping,2,8481580,8480018
2025020728,2,27,2:14,17:46,1551,right,509,penalty,20,N,-24,21,MIN,tripping,2,8480893,8481167
2025020728,2,668,9:15,10:45,1551,right,509,penalty,29,O,-65,40,MAJ,fighting,5,8478397,8476432
2025020728,2,36,9:15,10:45,1551,right,509,penalty,20,D,-64,39,MAJ,fighting,5,8476432,8478397
2025020728,2,685,10:09,9:51,1551,right,509,penalty,29,N,0,-37,MIN,slashing,2,8483609,8478460
2025020728,2,830,16:56,3:04,1551,right,509,penalty,20,O,46,38,MIN,hooking,2,8480893,8480028
2025020728,2,857,19:13,0:47,1551,right,509,penalty,29,O,-45,42,BEN,too-many-men-on-the-ice,2,,
2025020728,3,459,2:54,17:06,1551,left,509,penalty,20,O,-70,-27,MIN,hooking,2,8478460,8481068
2025020728,3,462,4:01,15:59,1451,left,509,penalty,20,D,36,-6,MIN,tripping,2,8482660,8482165
2025020728,3,993,9:28,10:32,1551,left,509,penalty,29,D,-67,-11,MIN,interference,2,8475172,8479371
2025020729,1,269,11:59,8:01,0651,left,509,penalty,6,N,-10,-31,MIN,tripping,2,8479337,8477496
2025020729,2,521,2:35,17:25,1560,right,509,penalty,17,D,-83,4,MIN,interference,2,8480355,8475279
2025020729,3,950,11:49,8:11,1560,left,509,penalty,17,D,78,27,MIN,holding,2,8477956,8484223
2025020729,3,970,12:39,7:21,1451,left,509,penalty,6,D,-65,-39,MIN,holding,2,8478891,8479325
2025020730,1,131,5:31,14:29,0651,left,509,penalty,19,D,-97,-12,MIN,holding,2,8480830,8475170
2025020730,2,507,1:42,18:18,1551,right,509,penalty,19,N,13,-31,MIN,tripping,2,8475791,8482733
2025020730,2,641,12:07,7:53,1551,right,509,penalty,12,N,0,41,MIN,interference,2,8475760,8478427
2025020730,2,772,18:00,2:00,1551,right,509,penalty,12,D,-87,29,MIN,delaying-game-puck-over-glass,2,,
2025020730,3,928,9:39,10:21,0651,left,509,penalty,19,D,-31,35,MIN,hooking,2,8475791,8481006
2025020730,3,981,13:38,6:22,1551,left,509,penalty,12,D,31,20,MIN,holding,2,8483516,8480336
2025020731,1,62,0:03,19:57,1551,left,509,penalty,22,N,18,-25,MAJ,fighting,5,8477446,8477498
2025020731,1,59,0:03,19:57,1551,left,509,penalty,18,N,21,-27,MAJ,fighting,5,8477498,8477446
2025020731,1,219,11:18,8:42,1551,left,509,penalty,18,O,65,27,MIN,tripping,2,8480803,8476887
2025020731,1,336,16:50,3:10,1551,left,509,penalty,18,O,35,-39,MIN,tripping,2,8478233,8482111
2025020731,2,406,0:58,19:02,1551,right,509,penalty,22,D,-52,0,MIN,slashing,2,8475158,8477953
2025020731,2,646,12:15,7:45,1551,right,509,penalty,18,D,68,-38,MIN,tripping,2,8478458,8483565
2025020731,3,990,10:48,9:12,1551,left,509,penalty,22,D,57,25,MIN,holding-the-stick,2,8479370,8478233
2025020731,3,1001,11:08,8:52,1451,left,509,penalty,18,O,99,-12,MIN,slashing,2,8475218,8476887
2025020731,3,1080,16:48,3:12,1551,left,509,penalty,22,O,-27,21,MIN,tripping,2,8475287,8477406
2025020732,1,318,12:31,7:29,0651,right,509,penalty,52,D,36,-27,MIN,hooking,2,8481601,8477504
2025020732,2,593,5:48,14:12,1551,left,509,penalty,2,N,10,34,MIN,tripping,2,8475799,8476429
2025020732,2,31,8:58,11:02,1551,left,509,penalty,52,D,-78,0,PS,ps-hooking-on-breakaway,0,8482476,8474568
2025020732,2,685,12:23,7:37,1551,left,509,penalty,2,N,1,-39,BEN,delaying-game-unsuccessful-challenge,2,,
2025020732,2,738,17:39,2:21,1560,left,509,penalty,2,D,98,-1,MIN,holding,2,8480014,8480871
2025020733,1,258,6:51,13:09,1551,left,509,penalty,10,D,72,7,MIN,hooking,2,8477220,8477939
2025020733,1,266,7:37,12:23,1451,left,509,penalty,68,O,97,2,MIN,hooking,2,8481122,8482175
2025020733,1,18,13:13,6:47,1551,left,509,penalty,68,O,99,-8,MIN,roughing,2,8475171,8480849
2025020733,1,348,13:13,6:47,1551,left,509,penalty,68,O,92,-9,MIN,roughing,2,8475171,8480849
2025020733,1,351,13:13,6:47,1551,left,509,penalty,10,D,96,-8,MIN,roughing,2,8480849,8475171
2025020733,1,377,15:30,4:30,1551,left,509,penalty,10,D,62,31,MIN,tripping,2,8477070,8481122
2025020733,2,652,9:44,10:16,1551,right,509,penalty,68,D,62,2,MIN,hooking,2,8479318,8480855
2025020734,1,214,6:48,13:12,1551,left,509,penalty,25,D,39,16,MIN,tripping,2,8484762,8480878
2025020734,2,469,0:43,19:17,1551,right,509,penalty,24,D,33,-38,MIN,holding-the-stick,2,8476902,8475798
2025020734,2,491,2:27,17:33,0641,right,509,penalty,24,N,-8,39,BEN,too-many-men-on-the-ice,2,,
2025020734,2,497,2:31,17:29,1531,right,509,penalty,25,O,66,21,MIN,hooking,2,8480068,8480027
2025020734,2,800,18:12,1:48,1551,right,509,penalty,24,D,35,-38,MIN,tripping,2,8482740,8475462
2025020735,1,138,5:53,14:07,1551,left,509,penalty,55,D,96,-9,MIN,high-sticking,2,8476822,8476457
2025020735,1,198,9:55,10:05,1551,left,509,penalty,1,N,-21,-38,MIN,tripping,2,8476905,8476462
2025020735,2,516,3:10,16:50,1560,right,509,penalty,55,D,-60,24,MIN,holding,2,8481032,8483570
2025020735,2,541,5:01,14:59,1551,right,509,penalty,1,D,92,-15,MIN,roughing,2,8484800,8479996
2025020736,1,77,1:52,18:08,0651,left,509,penalty,7,D,-90,-4,MIN,hooking,2,8477989,8480045
2025020736,1,179,9:16,10:44,1551,left,509,penalty,4,D,97,-13,MIN,cross-checking,2,8475722,8481546
2025020736,2,476,2:05,17:55,1551,right,509,penalty,4,D,-81,-37,MIN,hooking,2,8482659,8481533
2025020736,2,661,12:44,7:16,1551,right,509,penalty,4,O,95,-25,MIN,tripping,2,8481524,8478439
2025020736,2,754,19:14,0:46,1551,right,509,penalty,7,D,97,8,MIN,cross-checking,2,8483733,8484145
2025020736,2,351,20:00,0:00,1541,right,509,penalty,4,N,-19,-1,MIN,unsportsmanlike-conduct,2,8484145,8477903
2025020736,3,814,3:35,16:25,1551,left,509,penalty,4,N,-20,14,MIN,slashing,2,8475722,8478439
2025020736,3,828,4:18,15:42,1451,left,509,penalty,7,D,-85,-29,MIN,tripping,2,8477903,8481524
2025020736,3,864,6:47,13:13,1551,left,509,penalty,7,N,-2,-39,MIN,hooking,2,8479022,8484305
2025020736,3,943,13:22,6:38,1551,left,509,penalty,4,D,91,29,MIN,roughing,2,8482097,8476372
2025020736,3,1004,17:45,2:15,0651,left,509,penalty,7,D,-69,38,MIN,holding,2,8484387,8481524
2025020737,1,82,1:33,18:27,1551,right,509,penalty,3,O,-70,-38,MIN,holding,2,8482092,8476389
2025020737,2,48,20:00,0:00,1551,left,509,penalty,3,O,66,11,MIN,high-sticking,2,8478469,8476389
2025020737,3,974,8:55,11:05,1551,right,509,penalty,9,D,-87,-24,MIN,interference,2,8482747,8474102
2025020737,3,1128,15:58,4:02,1551,right,509,penalty,3,N,0,2,MIN,high-sticking,2,8480801,8483690
2025020738,2,609,12:22,7:38,1551,left,509,penalty,54,O,-80,36,MIN,slashing,2,8474563,8478403
2025020738,2,635,13:57,6:03,1451,left,509,penalty,26,O,64,-40,MIN,slashing,2,8478434,8477942
2025020738,3,906,11:23,8:37,0651,right,509,penalty,26,D,52,-17,MIN,hooking,2,8477447,8477960
2025020739,1,166,7:23,12:37,0651,left,509,penalty,6,D,-61,39,MIN,holding,2,8481554,8481219
2025020739,2,493,3:44,16:16,1551,right,509,penalty,6,O,-94,-14,MIN,slashing,2,8476467,8479661
2025020739,2,641,10:34,9:26,1551,right,509,penalty,6,D,73,-19,MIN,slashing,2,8477986,8477507
2025020739,3,839,1:50,18:10,1551,left,509,penalty,6,D,-34,-32,MIN,tripping,2,8484800,8482634
2025020739,3,943,6:03,13:57,1551,left,509,penalty,55,D,92,25,MIN,roughing,2,8482177,8477986
2025020739,3,1019,11:13,8:47,1551,left,509,penalty,55,D,47,-23,MAJ,fighting,5,8482634,8482751
2025020739,3,1016,11:13,8:47,1551,left,509,penalty,6,O,55,-22,MAJ,fighting,5,8482751,8482634
2025020739,3,1129,18:56,1:04,0651,left,509,penalty,55,O,-43,-12,MIN,holding,2,8479325,8482665
2025020740,1,156,3:46,16:14,1551,left,509,penalty,8,D,95,-4,MIN,high-sticking,2,8479359,8483457
2025020740,1,259,9:21,10:39,1560,left,509,penalty,8,D,69,17,MIN,interference,2,8482659,8482087
2025020740,1,352,12:50,7:10,1551,left,509,penalty,7,N,11,2,MIN,slashing,2,8475848,8484145
2025020740,1,19,13:46,6:14,1541,left,509,penalty,7,D,-80,0,MIN,high-sticking,2,8483457,8481524
2025020740,2,32,2:32,17:28,1551,right,509,penalty,7,N,-24,-37,MIN,holding,2,8482737,8480196
2025020740,2,693,10:20,9:40,1551,right,509,penalty,7,O,-82,2,MIN,roughing,2,8476875,8481524
2025020740,2,697,10:20,9:40,1551,right,509,penalty,8,D,-82,1,MIN,roughing,2,8481524,8476875
2025020740,3,836,0:37,19:23,1551,left,509,penalty,8,O,-55,-42,MIN,tripping,2,8482097,8476479
2025020740,3,912,7:08,12:52,1551,left,509,penalty,7,D,-32,2,MIN,roughing,2,8475848,8478413
2025020740,3,916,7:08,12:52,1551,left,509,penalty,8,O,-30,5,MIN,roughing,2,8478413,8475848
2025020740,3,935,8:39,11:21,1441,left,509,penalty,8,D,91,31,MIN,tripping,2,8479420,8482775
2025020741,1,59,0:23,19:37,1551,left,509,penalty,4,D,84,-5,MIN,hooking,2,8476483,8481546
2025020741,1,111,3:53,16:07,1551,left,509,penalty,4,D,93,31,MIN,high-sticking,2,8475810,8477948
2025020741,1,147,6:43,13:17,0651,left,509,penalty,5,D,-67,-10,MIN,slashing,2,8484142,8481481
2025020741,1,315,12:11,7:49,1551,left,509,penalty,4,O,-57,-41,MIN,tripping,2,8471724,8477903
2025020741,1,386,17:34,2:26,1551,left,509,penalty,5,N,9,40,MIN,interference,2,8478439,8481030
2025020741,3,860,1:32,18:28,1551,left,509,penalty,4,N,-16,23,MIN,roughing,2,8481481,8484387
2025020741,3,868,1:32,18:28,1551,left,509,penalty,4,O,-25,4,MAJ,fighting,5,8481481,8484387
2025020741,3,863,1:32,18:28,1551,left,509,penalty,5,D,-27,3,MAJ,fighting,5,8484387,8481481
2025020741,3,1042,11:40,8:20,1551,left,509,penalty,5,D,-98,-11,MIN,boarding,2,8481546,8471724
2025020741,3,1074,14:00,6:00,1551,left,509,penalty,5,O,25,-41,MIN,tripping,2,8479336,8478438
2025020742,1,410,16:14,3:46,1551,right,509,penalty,15,D,91,32,MIN,interference,2,8484801,8474590
2025020742,2,509,0:56,19:04,1551,left,509,penalty,15,D,-71,4,MIN,hooking,2,8484801,8474590
2025020742,2,663,9:46,10:14,1551,left,509,penalty,28,D,75,-39,MIN,interference,2,8483573,8482861
2025020742,2,787,19:49,0:11,1551,left,509,penalty,28,D,48,20,MIN,tripping,2,8481656,8475726
2025020742,3,977,9:56,10:04,1551,right,509,penalty,15,D,63,6,MIN,slashing,2,8482667,8479345
2025020743,1,390,15:49,4:11,1560,left,509,penalty,23,N,7,-28,MIN,tripping,2,8475745,8484136
2025020743,2,648,8:42,11:18,1551,right,509,penalty,23,D,-93,23,MIN,tripping,2,8482660,8477969
2025020743,2,705,12:51,7:09,1551,right,509,penalty,29,D,33,-10,MIN,hooking,2,8478856,8480893
2025020743,3,884,5:40,14:20,1551,left,509,penalty,29,D,-84,-3,MIN,tripping,2,8479425,8475745
2025020744,1,266,12:43,7:17,1551,right,509,penalty,30,O,-93,30,MIN,high-sticking,2,8480049,8481557
2025020744,1,272,13:15,6:45,1541,right,509,penalty,30,D,91,-27,MIN,tripping,2,8480014,8475220
2025020744,2,436,2:23,17:37,1551,left,509,penalty,52,D,82,-33,MIN,hooking,2,8475220,8474568
2025020744,2,612,7:30,12:30,0651,left,509,penalty,30,O,83,-36,MIN,tripping,2,8477504,8475692
2025020744,2,649,11:05,8:55,1551,left,509,penalty,30,N,13,42,MIN,abuse-of-officials,2,,
2025020744,2,708,15:03,4:57,1551,left,509,penalty,52,D,48,36,MIN,interference,2,8475692,8480113
2025020744,3,871,4:27,15:33,1551,right,509,penalty,52,D,-90,29,MIN,hooking,2,8478508,8479378
2025020745,1,100,3:04,16:56,1551,right,509,penalty,16,D,71,-4,MIN,interference,2,8475172,8476891
2025020745,1,135,5:15,14:45,1551,right,509,penalty,20,D,-60,0,MIN,tripping,2,8473422,8477346
2025020745,1,266,10:34,9:26,1551,right,509,penalty,20,D,-98,-1,MIN,high-sticking,2,8477987,8477346
2025020745,2,650,6:23,13:37,1551,left,509,penalty,20,D,86,7,MIN,tripping,2,8477479,8482445
2025020745,2,706,11:09,8:51,1551,left,509,penalty,20,D,82,5,MIN,hooking,2,8482172,8477810
2025020745,2,734,13:16,6:44,1551,left,509,penalty,16,D,-82,1,MIN,tripping,2,8480797,8484197
2025020745,2,42,17:51,2:09,1551,left,509,penalty,20,N,-6,1,MAJ,fighting,5,8476473,8480797
2025020745,2,45,17:51,2:09,1551,left,509,penalty,16,N,-12,2,MAJ,fighting,5,8480797,8476473
2025020745,2,48,18:30,1:30,1551,left,509,penalty,16,N,-13,-41,MIN,roughing,2,8480860,8477987
2025020745,2,803,18:30,1:30,1551,left,509,penalty,16,N,-13,-39,MIN,roughing,2,8480860,8477987
2025020745,2,555,18:30,1:30,1551,left,509,penalty,16,N,-18,-40,MIN,roughing,2,8478211,8484783
2025020745,2,552,18:30,1:30,1551,left,509,penalty,20,N,-20,-40,MIN,roughing,2,8484783,8478211
2025020745,2,818,19:20,0:40,1541,left,509,penalty,20,O,-84,0,MIN,interference-goalkeeper,2,8481519,8482074
2025020745,3,1003,11:37,8:23,1551,right,509,penalty,20,O,70,0,MIN,slashing,2,8481624,8481068
2025020745,3,1007,11:37,8:23,1551,right,509,penalty,16,D,72,0,MIN,holding-the-stick,2,8481068,8481624
2025020746,1,313,7:33,12:27,1551,left,509,penalty,25,D,49,38,MIN,slashing,2,8477220,8478449
2025020746,2,497,0:55,19:05,1551,right,509,penalty,68,N,-20,40,BEN,too-many-men-on-the-ice,2,,
2025020746,2,744,15:45,4:15,1551,right,509,penalty,68,O,-47,39,MIN,holding,2,8478476,8482175
2025020746,2,747,15:45,4:15,1551,right,509,penalty,25,D,-45,39,MIN,roughing,2,8482175,8478476
2025020746,3,840,1:39,18:21,1551,left,509,penalty,68,D,-57,8,MIN,hooking,2,8478449,8480849
2025020746,3,915,5:43,14:17,1551,left,509,penalty,25,O,-76,-34,MIN,tripping,2,8479410,8475168
2025020747,2,695,18:42,1:18,1551,right,509,penalty,2,D,-85,20,MIN,slashing,2,8478458,8476917
2025020747,3,753,2:13,17:47,1551,left,509,penalty,2,O,-65,-39,MIN,tripping,2,8477498,8482476
2025020747,3,883,12:00,8:00,1551,left,509,penalty,22,O,44,-39,MIN,tripping,2,8485366,8477934
2025020748,1,215,6:36,13:24,1551,right,509,penalty,10,D,-69,-40,MIN,slashing,2,8475913,8476931
2025020748,2,542,0:48,19:12,1551,left,509,penalty,10,D,99,-18,MIN,tripping,2,8476881,8476931
2025020748,2,680,11:36,8:24,1551,left,509,penalty,54,N,20,-39,MIN,hooking,2,8478904,8476881
2025020748,3,803,2:03,17:57,1551,right,509,penalty,10,O,92,30,MIN,high-sticking,2,8477018,8484158
2025020749,1,135,5:44,14:16,1551,right,509,penalty,28,D,-87,-31,MIN,high-sticking,2,8481607,8479983
2025020749,2,737,18:20,1:40,1551,left,509,penalty,28,D,77,1,MIN,hooking,2,8481607,8484806
2025020749,3,907,11:34,8:26,1551,right,509,penalty,17,D,68,-8,MIN,high-sticking,2,8484911,8479992
2025020750,2,657,7:49,12:11,1551,left,509,penalty,12,N,7,41,BEN,too-many-men-on-the-ice,2,,
2025020750,2,755,15:38,4:22,1551,left,509,penalty,13,D,71,-40,MIN,roughing,2,8480336,8482131
2025020750,2,766,15:38,4:22,1551,left,509,penalty,13,D,50,-38,MAJ,fighting,5,8480336,8482131
2025020750,2,759,15:38,4:22,1551,left,509,penalty,12,O,49,-36,MAJ,fighting,5,8482131,8480336
2025020750,2,313,20:00,0:00,1551,left,509,penalty,12,D,-87,-14,MIN,slashing,2,8482713,8478970
2025020750,2,310,20:00,0:00,1551,left,509,penalty,13,O,-87,-9,MIN,cross-checking,2,8478970,8482713
2025020750,2,317,20:00,0:00,1551,left,509,penalty,13,O,-89,-20,MIS,misconduct,10,,
2025020750,3,834,1:19,18:41,1441,right,509,penalty,12,D,71,-4,MIN,interference,2,8484304,8476422
2025020750,3,847,2:05,17:55,1541,right,509,penalty,13,O,53,10,MIN,high-sticking,2,8476921,8482113
2025020750,3,919,3:23,16:37,1460,right,509,penalty,13,N,-18,37,MIN,tripping,2,8482809,8477933
2025020750,3,938,4:19,15:41,1551,right,509,penalty,12,D,43,41,MIN,high-sticking,2,8483771,8476921
2025020750,3,994,8:42,11:18,1551,right,509,penalty,12,O,-82,0,MIN,interference,2,8477932,8476921
2025020750,3,1012,10:11,9:49,1541,right,509,penalty,13,N,-12,40,BEN,delaying-game-unsuccessful-challenge,2,,
2025020750,3,1019,10:26,9:34,1441,right,509,penalty,13,N,20,2,MIN,tripping,2,8482809,8478055
2025020750,3,1032,11:00,9:00,1351,right,509,penalty,13,N,-21,21,MIN,roughing,2,8482100,8479316
2025020750,3,1036,11:00,9:00,1351,right,509,penalty,12,N,-22,23,MIN,roughing,2,8479316,8482100
2025020750,3,1082,13:51,6:09,1551,right,509,penalty,12,D,99,-5,MIN,tripping,2,8480185,8476422
2025020751,1,363,18:40,1:20,1551,left,509,penalty,14,O,-44,41,MIN,hooking,2,8476897,8482201
2025020751,2,534,8:03,11:57,0651,right,509,penalty,19,D,57,-5,MIN,tripping,2,8476453,8480281
2025020751,2,558,9:51,10:09,1541,right,509,penalty,19,O,-57,35,MIN,tripping,2,8477416,8477573
2025020751,2,605,13:05,6:55,1551,right,509,penalty,14,O,70,41,MIN,hooking,2,8476897,8477404
2025020751,2,738,19:30,0:30,1551,right,509,penalty,19,D,57,20,MIN,high-sticking,2,8476453,8475170
2025020752,2,740,13:22,6:38,1551,left,509,penalty,18,N,10,41,MIN,interference,2,8479525,8475287
2025020752,3,1017,13:55,6:05,1551,right,509,penalty,21,O,-80,38,MIN,interference,2,8475287,8482947
2025020752,3,1065,17:31,2:29,1551,right,509,penalty,18,D,-44,-29,MIN,slashing,2,8482947,8482062
2025020753,1,104,3:39,16:21,1551,right,509,penalty,26,N,13,41,BEN,too-many-men-on-the-ice,2,,
2025020753,1,367,14:12,5:48,1551,right,509,penalty,24,D,-59,19,MIN,holding,2,8477942,8473986
2025020753,1,411,17:25,2:35,1551,right,509,penalty,26,D,96,5,MIN,cross-checking,2,8483445,8475208
2025020753,2,603,4:50,15:10,1551,left,509,penalty,24,N,-15,41,BEN,interference-bench,2,,
2025020753,2,668,9:22,10:38,1551,left,509,penalty,24,D,49,-6,MIN,hooking,2,8477942,8477527
2025020753,2,814,19:19,0:41,1551,left,509,penalty,26,D,-85,-1,MIN,roughing,2,8484762,8475311
2025020753,2,808,19:19,0:41,1551,left,509,penalty,24,D,88,-2,MIN,goalie-leave-crease,2,,
2025020754,1,103,3:10,16:50,1551,left,509,penalty,7,D,-37,23,MIN,hooking,2,8480800,8479420
2025020754,1,239,10:05,9:55,1551,left,509,penalty,7,N,10,-26,MIN,unsportsmanlike-conduct,2,8475220,8480891
2025020754,1,243,10:05,9:55,1551,left,509,penalty,30,N,8,-21,MIN,unsportsmanlike-conduct,2,8480891,8475220
2025020754,1,278,12:11,7:49,1551,left,509,penalty,30,N,9,-1,MAJ,fighting,5,8480891,8475220
2025020754,1,281,12:11,7:49,1551,left,509,penalty,7,N,8,0,MAJ,fighting,5,8475220,8480891
2025020754,1,325,15:25,4:35,1551,left,509,penalty,30,D,96,-12,MIN,hooking,2,8479420,8480800
2025020754,1,336,16:26,3:34,1451,left,509,penalty,30,N,2,-30,MIN,hooking,2,8480839,8483525
2025020754,2,464,1:47,18:13,1551,right,509,penalty,7,D,79,-1,MIN,slashing,2,8483525,8481524
2025020754,2,498,4:08,15:52,1551,right,509,penalty,7,D,62,22,MIN,hooking,2,8476994,8480891
2025020754,2,655,12:19,7:41,1551,right,509,penalty,30,O,76,-40,MIN,roughing,2,8480891,8483460
2025020754,2,679,15:01,4:59,1551,right,509,penalty,30,D,-93,27,MIN,holding,2,8481522,8483525
2025020754,3,1116,19:46,0:14,1551,left,509,penalty,7,D,-80,32,MIN,hooking,2,8475765,8481522
2025020755,1,250,10:02,9:58,1551,right,509,penalty,3,O,97,18,MIN,roughing,2,8482142,8482157
2025020755,2,514,0:44,19:16,1551,left,509,penalty,4,O,84,21,MIN,tripping,2,8481525,8484387
2025020755,2,548,3:44,16:16,1551,left,509,penalty,4,D,-62,-7,MIN,delaying-game-puck-over-glass,2,,
2025020755,2,634,9:12,10:48,1551,left,509,penalty,4,D,-27,40,MIN,roughing,2,8482747,8482126
2025020755,2,637,9:12,10:48,1551,left,509,penalty,3,O,-27,38,MIN,cross-checking,2,8482126,8482747
2025020755,2,714,15:22,4:38,1551,left,509,penalty,4,O,44,-38,MIN,tripping,2,8481525,8483733
2025020756,1,67,1:00,19:00,1551,right,509,penalty,2,D,-82,10,MIN,tripping,2,8480797,8476917
2025020756,1,99,3:31,16:29,1560,right,509,penalty,2,D,-28,38,MIN,holding-the-stick,2,8484150,8481237
2025020756,1,386,16:59,3:01,1551,right,509,penalty,20,O,-31,-35,MIN,holding,2,8482476,8480860
2025020756,3,862,9:14,10:46,1551,right,509,penalty,2,D,-81,33,MIN,high-sticking,2,8480028,8476917
2025020756,3,1027,18:11,1:49,0651,right,509,penalty,20,D,63,-11,MIN,hooking,2,8477407,8476456
2025020757,1,91,2:36,17:24,1551,left,509,penalty,68,D,-68,16,MIN,hooking,2,8483570,8479293
2025020757,1,102,2:59,17:01,1541,left,509,penalty,68,N,0,-1,MIN,cross-checking,2,8483524,8480855
2025020757,2,704,9:58,10:02,1551,right,509,penalty,68,N,-7,20,MIN,tripping,2,8482751,8482699
2025020757,2,743,12:30,7:30,1551,right,509,penalty,55,O,25,15,MIN,interference,2,8480849,8474586
2025020757,3,928,6:08,13:52,1551,left,509,penalty,55,D,96,0,MIN,hooking,2,8477951,8476457
2025020758,1,10,1:32,18:28,0651,left,509,penalty,9,N,13,37,MIN,tripping,2,8476875,8480208
2025020758,1,450,16:32,3:28,1551,left,509,penalty,9,O,70,38,MIN,holding,2,8482964,8474102
2025020758,1,535,19:25,0:35,1551,left,509,penalty,8,D,92,-19,MIN,high-sticking,2,8482092,8482087
2025020758,1,27,20:00,0:00,1451,left,509,penalty,8,D,73,2,MIN,tripping,2,8481528,8476981
2025020758,2,683,10:12,9:48,1551,right,509,penalty,9,N,-11,37,MIN,high-sticking,2,8480865,8476393
2025020758,2,41,12:39,7:21,1551,right,509,penalty,9,O,-81,0,MIN,roughing-removing-opponents-helmet,2,8478851,8476393
2025020758,2,730,13:34,6:26,1541,right,509,penalty,8,N,9,3,MIN,tripping,2,8482116,8484984
2025020758,2,46,15:03,4:57,1451,right,509,penalty,9,O,-81,0,MIN,roughing,2,8476479,8480801
2025020758,2,754,15:03,4:57,1451,right,509,penalty,8,D,-79,4,MIN,roughing,2,8480801,8476479
2025020758,3,916,5:48,14:12,1551,left,509,penalty,9,D,-75,0,MIN,roughing,2,8475848,8478469
2025020759,1,88,2:22,17:38,1551,left,509,penalty,12,N,9,-40,MIN,tripping,2,8481032,8480336
2025020759,2,642,6:47,13:13,0651,right,509,penalty,12,D,-84,25,MIN,high-sticking,2,8478414,8480336
2025020759,2,670,8:52,11:08,1551,right,509,penalty,1,O,-99,21,MIN,tripping,2,8476958,8481032
2025020759,2,810,18:29,1:31,1551,right,509,penalty,12,D,-70,-1,MIN,hooking,2,8481721,8480817
2025020759,3,871,3:16,16:44,1551,left,509,penalty,12,D,77,17,MIN,slashing,2,8474149,8480336
2025020760,1,245,6:14,13:46,1551,left,509,penalty,29,O,-81,4,MIN,high-sticking,2,8471724,8479944
2025020760,2,532,2:03,17:57,1551,right,509,penalty,29,D,-71,-19,MIN,interference,2,8485414,8478500
2025020760,2,619,8:43,11:17,1551,right,509,penalty,29,O,85,-5,MIN,slashing,2,8478450,8478460
2025020760,2,623,8:43,11:17,1551,right,509,penalty,5,D,84,-6,MIN,slashing,2,8478460,8478450
2025020760,2,742,14:15,5:45,1551,right,509,penalty,5,O,-60,40,MIN,high-sticking,2,8476432,8481481
2025020760,2,851,19:21,0:39,1551,right,509,penalty,5,D,83,3,MIN,hooking,2,8476432,8476967
2025020760,3,1019,12:11,7:49,1551,left,509,penalty,29,D,89,35,MIN,holding,2,8485414,8484166
2025020761,2,569,1:14,18:46,1551,left,509,penalty,13,N,-6,-34,MIN,roughing,2,8475343,8477935
2025020761,2,573,1:14,18:46,1551,left,509,penalty,15,N,-4,-35,MIN,roughing,2,8477935,8475343
2025020761,2,746,14:31,5:29,1551,left,509,penalty,15,D,-61,-40,MIN,delaying-game-puck-over-glass,2,,
2025020761,3,826,0:22,19:38,1551,right,509,penalty,13,O,73,-39,MIN,high-sticking,2,8480796,8480185
2025020761,3,928,8:30,11:30,1551,right,509,penalty,15,O,-81,5,MIN,roughing,2,8482713,8483573
2025020762,2,510,0:22,19:38,1551,left,509,penalty,10,D,66,18,MIN,tripping,2,8480014,8478443
2025020762,2,651,6:53,13:07,1551,left,509,penalty,10,O,-90,8,MIN,high-sticking,2,8482149,8481582
2025020762,2,700,9:55,10:05,1551,left,509,penalty,52,O,77,20,MIN,holding,2,8476853,8473604
2025020762,2,765,14:52,5:08,1551,left,509,penalty,52,D,-81,2,MIN,hooking,2,8482720,8480113
2025020762,3,1073,16:47,3:13,1551,right,509,penalty,10,N,-22,34,MIN,high-sticking,2,8480014,8482720
2025020763,1,332,14:11,5:49,1551,right,509,penalty,6,D,-74,-39,MIN,roughing,2,8477479,8477507
2025020763,3,907,7:35,12:25,1551,right,509,penalty,16,D,89,35,MIN,charging,2,8479987,8484783
2025020764,2,505,3:11,16:49,1551,left,509,penalty,23,N,0,-40,BEN,delaying-game-unsuccessful-challenge,2,,
2025020764,2,532,5:53,14:07,1551,left,509,penalty,23,O,51,-38,MIN,high-sticking,2,8478458,8478856
2025020764,3,906,5:56,14:04,0651,right,509,penalty,23,N,1,-25,MIN,tripping,2,8483512,8484136
2025020764,3,1017,10:53,9:07,1551,right,509,penalty,23,N,19,27,MIN,roughing,2,8483455,8474574
2025020764,3,1053,13:46,6:14,1560,right,509,penalty,22,D,-88,6,MIN,high-sticking,2,8480012,8478458
2025020765,1,288,16:01,3:59,1560,right,509,penalty,18,O,55,34,MIN,tripping,2,8476881,8483513
2025020765,2,663,9:39,10:21,0651,left,509,penalty,54,O,95,24,MIN,hooking,2,8474600,8478483
2025020765,2,780,18:22,1:38,1551,left,509,penalty,18,D,68,0,MIN,roughing,2,8476881,8478047
2025020765,2,784,18:22,1:38,1551,left,509,penalty,54,O,68,-1,MIN,roughing,2,8478047,8476881
2025020765,3,908,6:31,13:29,1551,right,509,penalty,54,O,-25,-39,MIN,interference,2,8476887,8478403
2025020765,3,1071,18:12,1:48,1551,right,509,penalty,54,D,56,-27,MIN,tripping,2,8479370,8477018
2025020766,1,159,7:19,12:41,0651,left,509,penalty,24,D,-71,-35,MIN,tripping,2,8482124,8475462
2025020766,1,21,16:39,3:21,1551,left,509,penalty,24,D,-69,-22,MAJ,fighting,5,8482726,8479705
2025020766,1,24,16:39,3:21,1551,left,509,penalty,26,O,-71,-20,MAJ,fighting,5,8479705,8482726
2025020766,2,542,4:21,15:39,1551,right,509,penalty,24,D,84,34,MIN,tripping,2,8482124,8475462
2025020766,2,548,4:28,15:32,1541,right,509,penalty,24,D,83,29,MIN,slashing,2,8477960,8476885
2025020766,2,624,6:47,13:13,1551,right,509,penalty,24,D,84,37,MIN,holding,2,8483808,8481563
2025020766,2,690,11:29,8:31,1551,right,509,penalty,24,D,62,5,MIN,slashing,2,8477960,8483445
2025020766,2,749,15:23,4:37,1551,right,509,penalty,24,O,-93,30,MIN,tripping,2,8476441,8477527
2025020766,2,786,18:02,1:58,1551,right,509,penalty,26,D,-90,34,MIN,holding,2,8475798,8481532
2025020766,3,884,5:08,14:52,1551,left,509,penalty,26,O,-79,-10,MIN,interference,2,,
2025020766,4,1149,0:25,4:35,1331,right,509,penalty,26,D,-70,-8,MIN,hooking,2,8475798,8474563
2025020767,1,133,5:24,14:36,1551,right,509,penalty,14,D,-81,1,MIN,hooking,2,8476889,8478416
2025020767,1,459,18:04,1:56,1551,right,509,penalty,14,D,-98,1,MIN,roughing,2,8484829,8483398
2025020767,1,462,18:04,1:56,1551,right,509,penalty,25,O,-98,1,MIN,roughing,2,8483398,8484829
2025020767,2,636,6:16,13:44,1551,left,509,penalty,25,N,15,-28,MIN,hooking,2,8479542,8480027
2025020767,2,732,14:20,5:40,1551,left,509,penalty,14,D,87,-4,MIN,interference,2,8478420,8478416
2025020767,3,893,7:26,12:34,1551,right,509,penalty,25,O,-81,2,MIN,interference,2,8482655,8476278
2025020768,1,122,4:47,15:13,1551,right,509,penalty,17,D,77,5,MIN,holding,2,8478469,8477429
2025020768,1,137,5:22,14:38,1551,right,509,penalty,9,O,98,-6,MIN,elbowing,2,8481542,8476393
2025020768,1,268,8:00,12:00,1551,right,509,penalty,9,N,-18,42,BEN,too-many-men-on-the-ice,2,,
2025020768,1,265,8:00,12:00,1551,right,509,penalty,9,N,-15,41,MIN,roughing,2,8481725,8480801
2025020768,1,18,8:00,12:00,1551,right,509,penalty,17,N,-16,42,MIN,roughing,2,8480801,8481725
2025020768,1,13,8:00,12:00,1551,right,509,penalty,9,N,-16,41,MIN,roughing,2,8478891,8478469
2025020768,1,21,8:00,12:00,1551,right,509,penalty,17,N,-15,40,MIN,roughing,2,8478469,8478891
2025020768,1,463,16:56,3:04,1551,right,509,penalty,17,D,83,15,MIN,tripping,2,8474189,8481542
2025020768,2,560,9:42,10:18,1551,left,509,penalty,9,N,-20,-13,MIN,interference,2,8482078,8482092
2025020768,2,774,16:17,3:43,1560,left,509,penalty,9,D,49,22,MIN,holding,2,8484471,8474102
2025020768,2,798,18:00,2:00,0651,left,509,penalty,17,O,47,-14,MIN,interference,2,8482092,8481725
2025020768,3,838,0:49,19:11,1560,right,509,penalty,9,O,80,-29,MIN,tripping,2,8484471,8480801
2025020769,1,86,1:56,18:04,1551,left,509,penalty,22,N,-22,41,BEN,too-many-men-on-the-ice,2,,
2025020769,1,142,5:18,14:42,1551,left,509,penalty,19,D,55,9,MIN,slashing,2,8481617,8475170
2025020769,1,163,6:24,13:36,1551,left,509,penalty,22,D,-98,8,MIN,interference,2,8481598,8480803
2025020769,1,353,12:57,7:03,1551,left,509,penalty,19,N,7,23,MIN,hooking,2,8481617,8477573
2025020769,1,371,14:01,5:59,1451,left,509,penalty,19,D,62,-18,MIN,slashing,2,8475786,8481006
2025020769,2,452,0:14,19:46,1551,right,509,penalty,22,D,44,-41,MIN,delaying-game-puck-over-glass,2,,
2025020769,2,787,18:19,1:41,1551,right,509,penalty,22,D,45,42,MIN,tripping,2,8482089,8480803
2025020770,2,666,7:15,12:45,1551,left,509,penalty,12,O,90,33,MIN,roughing,2,8480839,8480830
2025020770,2,718,11:35,8:25,1551,left,509,penalty,12,D,-90,7,MIN,roughing,2,8480839,8480830
2025020770,2,722,11:35,8:25,1551,left,509,penalty,7,O,-87,8,MIN,roughing,2,8480830,8480839
2025020770,2,794,16:10,3:50,1560,left,509,penalty,7,D,80,-37,MIN,hooking,2,8477940,8480839
2025020770,3,878,2:03,17:57,1551,right,509,penalty,7,O,92,-16,MIN,tripping,2,8482702,8482671
2025020770,3,1074,17:31,2:29,1551,right,509,penalty,12,O,-97,7,MIN,roughing,2,8480839,8480830
2025020770,3,1078,17:31,2:29,1551,right,509,penalty,7,O,66,23,MIN,tripping,2,8478427,8480802
2025020771,1,81,1:49,18:11,1551,right,509,penalty,21,D,69,22,MIN,holding,2,8482088,8482470
2025020771,1,155,6:56,13:04,1551,right,509,penalty,21,D,96,0,MIN,tripping,2,8478463,8475809
2025020771,1,296,15:42,4:18,1551,right,509,penalty,21,D,90,6,MIN,high-sticking,2,8475343,8476312
2025020771,2,560,4:23,15:37,1551,left,509,penalty,15,D,93,-5,MIN,high-sticking-double-minor,4,8479525,8479345
2025020771,2,623,8:50,11:10,1551,left,509,penalty,15,N,-16,-1,MIN,hooking,2,8479398,8483491
2025020771,2,627,8:50,11:10,1551,left,509,penalty,21,D,-52,-27,MIN,holding,2,8483491,8479398
2025020771,2,679,11:58,8:02,1551,left,509,penalty,15,D,37,-35,MIN,interference,2,8482947,8481656
2025020771,3,860,4:26,15:34,1551,right,509,penalty,15,D,-37,35,MIN,delaying-game-puck-over-glass,2,,
2025020771,3,871,5:01,14:59,1451,right,509,penalty,15,N,-10,-11,MIN,hooking,2,8480039,8478463
2025020771,3,878,5:28,14:32,1351,right,509,penalty,21,O,-37,1,MIN,hooking,2,8475343,8475754
2025020771,3,1151,19:42,0:18,1551,right,509,penalty,15,D,-79,0,MIN,tripping,2,8478109,8479292
2025020772,1,96,3:29,16:31,1551,left,509,penalty,55,D,-63,-36,MIN,hooking,2,8471675,8479324
2025020772,1,152,7:20,12:40,1551,left,509,penalty,5,D,40,-10,MIN,hooking,2,8477986,8476967
2025020772,2,567,7:57,12:03,1551,right,509,penalty,5,N,22,-36,MIN,tripping,2,8478407,8481481
2025020772,2,734,17:02,2:58,0651,right,509,penalty,55,D,80,0,MIN,interference,2,8485414,8479324
2025020772,3,867,6:24,13:36,1560,left,509,penalty,5,D,75,15,MIN,holding,2,8476467,8476967
2025020772,3,928,10:21,9:39,1551,left,509,penalty,55,D,-87,11,MIN,slashing,2,8477511,8477986
2025020773,1,191,5:44,14:16,1551,right,509,penalty,13,N,5,40,MIN,holding,2,8482859,8480003
2025020773,1,453,8:41,11:19,1551,right,509,penalty,28,N,-12,-38,MIN,slashing,2,8479314,8479576
2025020773,1,286,8:41,11:19,1551,right,509,penalty,13,D,30,-39,MIN,roughing,2,8479576,8479314
2025020773,1,64,8:41,11:19,1551,right,509,penalty,28,O,32,-38,MIN,roughing,2,8479314,8479576
2025020773,2,720,9:30,10:30,1551,left,509,penalty,28,O,-93,-30,MIN,roughing,2,8484304,8483630
2025020773,2,724,9:30,10:30,1551,left,509,penalty,13,D,-95,-29,MIN,roughing,2,8483630,8484304
2025020773,2,88,9:30,10:30,1551,left,509,penalty,28,O,-93,-30,MIN,roughing,2,8484304,8483630
2025020773,2,806,16:02,3:58,1551,left,509,penalty,13,N,-9,41,MIN,roughing,2,8471817,8478421
2025020773,3,457,6:00,14:00,1551,right,509,penalty,28,D,-90,-28,MIN,tripping,2,8482713,8479576
2025020773,3,464,6:00,14:00,1551,right,509,penalty,28,D,-78,-9,MIN,goalie-leave-crease,2,,
2025020773,3,467,6:00,14:00,1551,right,509,penalty,13,O,-75,-11,MIN,goalie-leave-crease,2,,
2025020773,3,473,6:00,14:00,1551,right,509,penalty,13,O,-77,-12,MAJ,fighting,5,8477968,8475683
2025020773,3,470,6:00,14:00,1551,right,509,penalty,28,D,-74,-12,MAJ,fighting,5,8475683,8477968
2025020773,3,1111,12:08,7:52,1551,right,509,penalty,13,O,-92,5,MIN,roughing,2,8482667,8482113
2025020773,3,1107,12:08,7:52,1551,right,509,penalty,28,D,-92,5,MIN,roughing,2,8482113,8482667
2025020773,3,1182,17:39,2:21,1551,right,509,penalty,13,O,-93,-30,MIN,hooking,2,8480043,8480003
2025020774,1,110,3:58,16:02,1551,right,509,penalty,10,D,53,-36,MIN,tripping,2,8475692,8481122
2025020774,1,455,18:06,1:54,1551,right,509,penalty,30,N,18,-40,MIN,high-sticking-double-minor,4,8475166,8474716
2025020774,2,609,4:36,15:24,0651,left,509,penalty,10,D,-89,-31,MIN,interference,2,8475752,8478443
2025020774,2,675,10:18,9:42,1551,left,509,penalty,30,O,-39,-39,MIN,interference,2,8476872,8480800
2025020774,2,764,17:23,2:37,1551,left,509,penalty,10,O,66,24,MIN,hooking,2,8482122,8484158
2025020774,3,909,8:37,11:23,1551,right,509,penalty,30,D,-76,38,MIN,tripping,2,8478462,8475765
2025020775,1,254,10:28,9:32,1560,right,509,penalty,4,D,-65,-1,MIN,holding,2,8479550,8477989
2025020775,1,281,12:19,7:41,1451,right,509,penalty,54,D,84,-1,MIN,tripping,2,8478439,8478499
2025020775,1,304,13:50,6:10,1541,right,509,penalty,4,N,0,-26,MIN,high-sticking,2,8478403,8484142
2025020775,1,439,19:41,0:19,1551,right,509,penalty,4,O,85,0,MIN,interference-goalkeeper,2,8478499,8484387
2025020775,2,716,18:03,1:57,1551,left,509,penalty,4,O,-90,31,MIN,tripping,2,8477018,8480220
2025020775,3,873,6:09,13:51,1551,right,509,penalty,4,D,-71,9,MIN,cross-checking,2,8478403,8477948
2025020775,3,901,8:13,11:47,1551,right,509,penalty,54,O,-98,13,MIN,holding,2,8482126,8479550
2025020775,3,973,13:29,6:31,1551,right,509,penalty,4,D,-82,5,MIN,high-sticking,2,8479550,8482142
2025020775,3,1039,18:27,1:33,1560,right,509,penalty,4,D,-76,34,MIN,delaying-game-puck-over-glass,2,,
2025020776,1,366,12:13,7:47,1560,right,509,penalty,52,D,-73,-1,MIN,slashing,2,8483450,8475799
2025020776,1,373,12:50,7:10,1451,right,509,penalty,52,D,-77,1,MIN,holding,2,8484197,8474568
2025020776,1,410,15:21,4:39,1551,right,509,penalty,16,D,74,0,MIN,interference,2,8480014,8481806
2025020776,2,715,16:45,3:15,1551,left,509,penalty,52,D,30,0,MIN,tripping,2,8484197,8482149
2025020776,3,833,6:35,13:25,0651,right,509,penalty,16,O,-29,40,MIN,slashing,2,8476331,8477987
2025020777,1,160,7:49,12:11,0651,right,509,penalty,20,N,-19,37,MIN,holding,2,8479996,8475172
2025020777,1,168,8:07,11:53,1541,right,509,penalty,1,O,43,6,MIN,tripping,2,8480797,8480002
2025020777,2,561,4:30,15:30,1551,left,509,penalty,1,D,68,-2,MIN,hooking,2,8482074,8479996
2025020777,3,821,0:21,19:39,1551,right,509,penalty,1,D,-60,-29,MIN,illegal-check-to-head,2,8480028,8476462
2025020777,3,860,3:20,16:40,1551,right,509,penalty,1,D,-80,8,MIN,holding,2,8480797,8478399
2025020777,3,873,4:13,15:47,1451,right,509,penalty,20,O,-54,-22,MIN,tripping,2,8477488,8481068
2025020778,2,714,9:51,10:09,1551,left,509,penalty,2,O,-86,-21,MIN,slashing,2,8484798,8484221
2025020778,2,762,13:10,6:50,1551,left,509,penalty,23,O,78,-32,MIN,tripping,2,8476917,8484136
2025020778,3,867,1:03,18:57,1551,right,509,penalty,23,O,-97,4,MIN,tripping,2,8477950,8482055
2025020778,3,874,1:24,18:36,1541,right,509,penalty,23,D,59,-40,MIN,cross-checking,2,8482476,8474574
2025020778,3,940,7:08,12:52,1551,right,509,penalty,2,D,-36,22,MIN,tripping,2,8474574,8477506
2025020779,2,422,1:38,18:22,1551,right,509,penalty,3,D,-37,4,MIN,high-sticking,2,8481563,8482109
2025020779,2,434,2:31,17:29,1451,right,509,penalty,24,O,-91,31,MIN,high-sticking,2,8482157,8484762
2025020779,2,732,16:55,3:05,1551,right,509,penalty,3,D,-66,25,MIN,hooking,2,8483445,8482157
2025020779,3,852,5:34,14:26,0651,left,509,penalty,24,D,-87,36,MIN,holding,2,8482747,8481605
2025020779,3,873,7:36,12:24,1551,left,509,penalty,3,D,72,40,MIN,holding,2,8482745,8481525
2025020779,3,1012,14:10,5:50,1551,left,509,penalty,24,D,-76,3,MIN,holding,2,8482747,8481563
2025020779,3,1032,15:49,4:11,1541,left,509,penalty,24,D,-30,2,MIN,tripping,2,8482666,8480068
2025020780,1,285,10:29,9:31,0651,right,509,penalty,8,O,-68,12,MIN,slashing,2,8482122,8476479
2025020780,1,362,15:53,4:07,1551,right,509,penalty,30,O,91,32,MIN,tripping,2,8481523,8477451
2025020780,2,694,18:21,1:39,1551,left,509,penalty,30,N,-11,-14,MIN,interference,2,8480018,8477451
2025020780,2,704,18:47,1:13,1451,left,509,penalty,8,O,34,5,MIN,tripping,2,8475220,8483457
2025020780,3,773,4:45,15:15,1551,right,509,penalty,30,O,44,34,MIN,tripping,2,8480018,8481477
2025020780,3,836,10:33,9:27,1551,right,509,penalty,8,D,84,-4,MIN,hooking,2,8478508,8483457
2025020780,3,849,11:49,8:11,1541,right,509,penalty,8,D,68,-20,MIN,tripping,2,8475692,8476875
2025020781,2,687,6:51,13:09,1551,right,509,penalty,28,O,49,39,MIN,holding,2,8483398,8471817
2025020781,2,766,12:57,7:03,1551,right,509,penalty,14,N,-21,40,BEN,interference-bench,2,,
2025020782,1,368,15:19,4:41,1551,left,509,penalty,29,O,47,1,MIN,hooking,2,8480188,8476432
2025020782,2,618,6:22,13:38,1551,right,509,penalty,9,D,-78,8,MIN,tripping,2,8475745,8482095
2025020782,2,694,11:24,8:36,1551,right,509,penalty,29,O,-75,7,MIN,slashing,2,8482092,8479671
2025020782,2,698,11:24,8:36,1551,right,509,penalty,9,D,-95,6,MIN,roughing,2,8479671,8482092
2025020782,2,718,12:58,7:02,1441,right,509,penalty,9,D,-68,6,MIN,slashing,2,8478460,8478020
2025020782,2,748,14:58,5:02,1451,right,509,penalty,29,O,-90,-26,MIN,tripping,2,8482095,8477497
2025020782,2,780,17:15,2:45,1551,right,509,penalty,9,D,-73,-24,MIN,high-sticking,2,8484166,8481596
2025020782,3,997,12:48,7:12,0651,left,509,penalty,29,D,-68,-37,MIN,high-sticking,2,8482092,8478500
2025020783,1,100,3:22,16:38,1551,right,509,penalty,6,N,-21,-29,MIN,tripping,2,8475168,8477956
2025020783,1,199,7:21,12:39,1551,right,509,penalty,25,O,-75,40,MIN,high-sticking,2,8479987,8480027
2025020783,1,297,11:23,8:37,1551,right,509,penalty,25,O,-96,22,MAJ,fighting,5,8481219,8479414
2025020783,1,351,11:23,8:37,1551,right,509,penalty,6,D,-96,20,MAJ,fighting,5,8479414,8481219
2025020783,1,425,15:43,4:17,1551,right,509,penalty,6,N,7,30,MIN,interference,2,8476902,8477496
2025020783,1,501,17:55,2:05,1551,right,509,penalty,6,D,-84,-37,MIN,cross-checking,2,8476278,8477507
2025020783,3,1009,11:05,8:55,1551,right,509,penalty,25,O,-31,-38,MIN,interference,2,8477496,8476902
2025020784,1,295,13:24,6:36,1560,left,509,penalty,7,D,97,17,MIN,tripping,2,8482146,8475722
2025020784,2,555,6:20,13:40,1551,right,509,penalty,18,N,-10,38,MIN,tripping,2,8478413,8482146
2025020784,2,730,19:43,0:17,1551,right,509,penalty,7,O,73,-39,MIN,holding,2,8483565,8478413
2025020784,3,325,20:00,0:00,1560,left,509,penalty,7,D,97,-6,MIN,roughing,2,8475158,8480807
2025020784,3,322,20:00,0:00,1560,left,509,penalty,18,O,98,-6,MIN,high-sticking,2,8480807,8475158
2025020785,1,224,8:39,11:21,1551,right,509,penalty,19,O,70,-38,MIN,high-sticking-double-minor,4,8482192,8477573
2025020785,1,411,19:28,0:32,0651,right,509,penalty,52,D,75,5,MIN,slashing,2,8481006,8473604
2025020785,2,696,16:35,3:25,1551,left,509,penalty,52,D,-38,-33,MIN,high-sticking-double-minor,4,8481013,8476480
2025020785,3,769,2:27,17:33,1551,right,509,penalty,19,D,-94,7,MIN,holding,2,8473604,8484164
2025020785,3,818,6:41,13:19,1551,right,509,penalty,52,D,97,-20,MIN,high-sticking,2,8477402,8482192
2025020786,1,25,17:11,2:49,1551,left,509,penalty,22,O,66,0,MIN,instigator,2,8480192,8481617
2025020786,1,19,17:11,2:49,1551,left,509,penalty,22,O,72,0,MAJ,fighting,5,8480192,8481617
2025020786,1,22,17:11,2:49,1551,left,509,penalty,1,D,69,-1,MAJ,fighting,5,8481617,8480192
2025020786,1,27,17:11,2:49,1551,left,509,penalty,22,O,64,2,MIS,instigator-misconduct,10,,
2025020786,2,531,9:52,10:08,1551,right,509,penalty,1,D,-75,-40,MIN,delaying-game-puck-over-glass,2,,
2025020786,2,353,14:10,5:50,1551,right,509,penalty,1,O,69,20,MIN,tripping,2,8483512,8478399
2025020786,2,604,15:00,5:00,1451,right,509,penalty,1,N,24,20,MIN,interference,2,8478402,8477015
2025020786,2,607,15:00,5:00,1451,right,509,penalty,22,N,24,20,MIN,holding,2,8477015,8478402
2025020787,1,81,1:33,18:27,1551,right,509,penalty,3,D,-82,30,MIN,tripping,2,8477942,8481525
2025020787,2,657,8:22,11:38,1551,left,509,penalty,26,D,-71,1,MIN,roughing,2,8482157,8482155
2025020787,2,664,8:47,11:13,1541,left,509,penalty,26,D,-37,39,MIN,tripping,2,8476389,8476441
2025020787,2,721,12:56,7:04,1551,left,509,penalty,3,D,55,-26,MIN,tripping,2,8482124,8482073
2025020787,2,759,16:11,3:49,1551,left,509,penalty,3,O,-58,19,MIN,interference,2,8476441,8482073
2025020788,1,185,5:37,14:23,1551,right,509,penalty,10,O,-99,16,MIN,holding,2,8481607,8484158
2025020788,2,555,4:28,15:32,1551,left,509,penalty,17,N,14,28,MIN,tripping,2,8482259,8480879
2025020788,2,666,9:31,10:29,1551,left,509,penalty,17,D,42,-31,MIN,tripping,2,8481711,8474037
2025020788,2,43,14:49,5:11,1551,left,509,penalty,10,D,-39,-37,MIN,holding-the-stick,2,8481607,8475714
2025020788,2,46,16:41,3:19,1541,left,509,penalty,17,D,57,-1,PS,ps-hooking-on-breakaway,0,8476872,8482762
2025020789,1,139,2:43,17:17,1551,right,509,penalty,24,N,4,-21,MIN,tripping,2,8475754,8477527
2025020789,1,387,12:50,7:10,1551,right,509,penalty,21,N,-21,28,MIN,holding,2,8478424,8480835
2025020789,2,781,18:02,1:58,1551,left,509,penalty,24,D,53,-39,MIN,holding,2,8484149,8481563
2025020790,1,85,1:39,18:21,1551,left,509,penalty,4,D,69,-37,MIN,delaying-game-puck-over-glass,2,,
2025020790,1,98,2:18,17:42,1451,left,509,penalty,68,O,95,19,MIN,hooking,2,8481546,8480849
2025020790,1,149,5:18,14:42,1551,left,509,penalty,68,O,82,0,MIN,cross-checking,2,8477948,8477070
2025020790,1,28,20:00,0:00,1551,left,509,penalty,68,O,66,42,MIN,high-sticking,2,8480015,8477951
2025020790,2,638,9:35,10:25,1551,right,509,penalty,68,N,-19,41,BEN,too-many-men-on-the-ice,2,,
2025020790,2,705,11:00,9:00,1551,right,509,penalty,68,D,41,-8,MIN,hooking,2,8477948,8482175
2025020790,2,48,14:54,5:06,1560,right,509,penalty,4,D,-83,34,MIN,hooking,2,8482175,8476372
2025020790,2,825,19:52,0:08,1551,right,509,penalty,68,D,81,-1,MIN,high-sticking,2,8476461,8474013
2025020790,3,1001,11:49,8:11,1551,left,509,penalty,4,D,83,-36,MIN,roughing,2,8480855,8478454
2025020790,3,1005,11:49,8:11,1551,left,509,penalty,68,O,62,-17,MAJ,fighting,5,8478454,8480855
2025020790,3,468,11:49,8:11,1551,left,509,penalty,4,D,56,-21,MAJ,fighting,5,8480855,8478454
2025020791,1,96,2:29,17:31,1551,right,509,penalty,20,D,33,26,MIN,hooking,2,8480980,8479066
2025020791,3,864,1:04,18:56,1551,right,509,penalty,5,N,-22,-7,MIN,tripping,2,8484860,8478438
2025020792,1,160,7:11,12:49,0651,right,509,penalty,23,O,-71,-11,MIN,holding,2,8482148,8484136
2025020792,1,171,8:02,11:58,1541,right,509,penalty,23,D,93,-8,MIN,high-sticking,2,8476880,8477969
2025020792,1,371,15:53,4:07,1551,right,509,penalty,23,N,-5,40,MIN,holding,2,8484186,8481024
2025020792,2,488,3:33,16:27,1551,left,509,penalty,15,D,80,2,MIN,cross-checking,2,8480144,8474590
2025020792,2,499,4:19,15:41,1451,left,509,penalty,15,D,50,40,MIN,holding,2,8478498,8481580
2025020792,2,634,11:02,8:58,1551,left,509,penalty,23,D,-81,-37,MIN,cross-checking,2,8484186,8475169
2025020792,2,639,11:02,8:58,1551,left,509,penalty,15,O,-82,-37,MIN,holding,2,8475169,8484186
2025020792,2,698,15:12,4:48,1551,left,509,penalty,15,D,56,40,MIN,interference,2,8478444,8484186
2025020792,3,857,7:03,12:57,1551,right,509,penalty,23,O,-42,-16,MIN,slashing,2,8478911,8481535
2025020792,3,860,7:03,12:57,1551,right,509,penalty,15,D,-39,-14,MIN,slashing,2,8481535,8478911
2025020793,1,85,2:19,17:41,1551,left,509,penalty,55,N,9,-31,MIN,hooking,2,8482476,8477919
2025020793,1,119,4:12,15:48,1551,left,509,penalty,55,D,-78,38,MIN,tripping,2,8481601,8479324
2025020793,1,144,6:07,13:53,0641,left,509,penalty,55,D,-80,0,MIN,high-sticking,2,8475314,8477986
2025020793,1,181,8:48,11:12,1551,left,509,penalty,2,N,15,42,BEN,too-many-men-on-the-ice,2,,
2025020793,1,196,9:36,10:24,1460,left,509,penalty,2,D,69,-39,MIN,tripping,2,8477955,8481601
2025020793,1,281,16:31,3:29,1551,left,509,penalty,55,N,-10,-4,MIN,hooking,2,8481601,8484800
2025020793,2,770,14:18,5:42,1551,right,509,penalty,55,D,96,-9,MIN,cross-checking,2,8481237,8476467
2025020793,2,776,14:26,5:34,1541,right,509,penalty,2,N,6,33,MIN,slashing,2,8477919,8477407
2025020793,2,818,17:09,2:51,1551,right,509,penalty,55,D,58,9,MIN,slashing,2,8484221,8482751
2025020793,3,857,0:35,19:25,1551,left,509,penalty,2,D,88,35,MIN,hooking,2,8477955,8475314
2025020793,3,890,3:02,16:58,0651,left,509,penalty,55,D,-75,-4,MIN,slashing,2,8475231,8476905
2025020794,1,107,3:22,16:38,0651,left,509,penalty,6,N,18,-19,MIN,high-sticking,2,8475913,8478401
2025020794,1,225,9:01,10:59,1551,left,509,penalty,54,D,69,-25,MIN,high-sticking-double-minor,4,8482634,8476881
2025020794,1,27,17:26,2:34,1551,left,509,penalty,54,N,19,-18,MAJ,fighting,5,8480355,8478468
2025020794,1,24,17:26,2:34,1551,left,509,penalty,6,N,10,-15,MAJ,fighting,5,8478468,8480355
2025020794,1,36,20:00,0:00,1551,left,509,penalty,6,D,-50,-34,MIN,roughing,2,8481133,8479987
2025020794,1,39,20:00,0:00,1551,left,509,penalty,54,O,-49,-28,MIN,unsportsmanlike-conduct,2,8479987,8481133
2025020794,2,776,15:36,4:24,1551,right,509,penalty,6,D,70,31,MIN,hooking,2,8478483,8477507
2025020794,3,860,1:38,18:22,1551,left,509,penalty,6,O,60,-22,MIN,roughing,2,8478468,8482177
2025020794,3,900,3:46,16:14,1551,left,509,penalty,6,N,-7,38,MIN,interference,2,8478434,8481219
2025020794,3,943,6:58,13:02,1551,left,509,penalty,54,D,73,2,MIN,hooking,2,8482634,8479639
2025020795,1,343,13:01,6:59,1551,right,509,penalty,7,D,-64,-29,MIN,high-sticking,2,8478133,8480891
2025020795,2,601,7:44,12:16,1551,left,509,penalty,7,D,96,4,MIN,slashing,2,8483515,8480839
2025020795,2,697,14:47,5:13,1551,left,509,penalty,7,O,-98,-1,MIN,roughing,2,8482737,8480807
2025020795,2,701,14:47,5:13,1551,left,509,penalty,8,D,-98,-1,MIN,roughing,2,8480807,8482737
2025020795,2,50,16:55,3:05,1551,left,509,penalty,8,O,69,-29,MIN,slashing,2,8480839,8482737
2025020795,2,731,16:55,3:05,1551,left,509,penalty,8,O,85,-3,MIN,roughing,2,8480839,8482737
2025020795,2,727,16:55,3:05,1551,left,509,penalty,7,D,85,-2,MIN,roughing,2,8482737,8480839
2025020795,3,850,5:51,14:09,1551,right,509,penalty,7,D,-80,-38,MIN,slashing,2,8482087,8483500
2025020795,3,862,7:16,12:44,1451,right,509,penalty,8,N,-16,-27,MIN,slashing,2,8477949,8483457
2025020796,1,325,9:19,10:41,1551,right,509,penalty,16,D,-93,-28,MIN,high-sticking,2,8482809,8484783
2025020796,2,524,0:44,19:16,1551,left,509,penalty,16,D,84,-2,MIN,high-sticking,2,8476921,8477479
2025020796,2,655,6:15,13:45,1560,left,509,penalty,16,D,38,3,MIN,tripping,2,8480829,8476891
2025020796,2,205,13:55,6:05,1551,left,509,penalty,16,O,-33,37,MIN,roughing,2,8482100,8484197
2025020796,2,754,13:55,6:05,1551,left,509,penalty,16,O,-33,39,MAJ,fighting,5,8482100,8484197
2025020796,2,751,13:55,6:05,1551,left,509,penalty,12,D,-32,40,MAJ,fighting,5,8484197,8482100
2025020796,2,814,18:43,1:17,1551,left,509,penalty,12,D,-85,3,MIN,tripping,2,8482172,8482911
2025020796,3,892,4:32,15:28,1551,right,509,penalty,16,N,0,-16,MIN,tripping,2,8480830,8481568
2025020797,1,357,11:31,8:29,1551,left,509,penalty,25,N,-13,26,MIN,tripping,2,8475790,8484829
2025020797,1,396,13:57,6:03,1551,left,509,penalty,29,N,0,-42,BEN,too-many-men-on-the-ice,2,,
2025020797,2,36,1:17,18:43,1551,right,509,penalty,29,D,95,15,MIN,tripping,2,8480027,8476923
2025020798,1,485,19:57,0:03,1551,left,509,penalty,9,O,-54,-9,MIN,slashing,2,8474564,8481596
2025020798,1,489,19:57,0:03,1551,left,509,penalty,18,D,-47,-17,MIN,slashing,2,8481596,8474564
2025020798,2,502,0:33,19:27,1441,right,509,penalty,9,D,-76,-25,MIN,slashing,2,8476887,8482245
2025020798,2,739,14:05,5:55,0651,right,509,penalty,18,O,-47,-39,MIN,boarding,2,8476393,8482103
2025020798,2,797,18:04,1:56,1551,right,509,penalty,9,D,-78,-1,MIN,hooking,2,8477446,8481606
2025020798,2,826,19:54,0:06,1551,right,509,penalty,18,N,15,19,MIN,hooking,2,8480801,8474564
2025020798,3,879,4:14,15:46,1551,left,509,penalty,9,O,-35,-39,MIN,high-sticking-double-minor,4,8483565,8480188
2025020798,3,934,9:39,10:21,1551,left,509,penalty,9,D,79,0,MIN,cross-checking,2,8474564,8482116
2025020798,3,950,10:32,9:28,1551,left,509,penalty,18,D,-79,0,MIN,hooking,2,8482092,8477446
2025020799,1,341,13:48,6:12,1560,right,509,penalty,13,D,-95,13,MIN,tripping,2,8476460,8478542
2025020799,1,349,14:28,5:32,1451,right,509,penalty,52,O,-83,-12,MIN,hooking,2,8478859,8480113
2025020799,2,663,14:32,5:28,1551,left,509,penalty,13,D,97,-3,MIN,holding,2,8473604,8478055
2025020799,3,796,3:30,16:30,1551,right,509,penalty,13,O,35,25,MIN,roughing,2,8477504,8479314
2025020799,3,799,3:30,16:30,1551,right,509,penalty,52,N,21,33,MIN,interference,2,8479314,8476392
2025020799,3,831,5:38,14:22,1551,right,509,penalty,13,O,96,-4,MIN,roughing,2,8479378,8478421
2025020799,3,406,5:38,14:22,1551,right,509,penalty,13,O,97,-3,MIN,roughing,2,8479378,8478421
2025020799,3,408,5:38,14:22,1551,right,509,penalty,52,D,98,-4,MIN,roughing,2,8478421,8479378
2025020799,3,835,5:38,14:22,1551,right,509,penalty,52,D,97,-6,MIN,roughing,2,8478421,8479378
2025020800,1,254,10:54,9:06,1551,left,509,penalty,22,D,-83,1,MIN,interference,2,8485414,8481056
2025020800,1,264,11:25,8:35,1541,left,509,penalty,5,D,59,-19,MIN,slashing,2,8478402,8471675
2025020800,2,516,3:47,16:13,1551,right,509,penalty,22,O,-96,-23,MIN,slashing,2,8474578,8478402
2025020800,2,716,16:57,3:03,1551,right,509,penalty,5,D,-77,0,MIN,delaying-game-puck-over-glass,2,,
2025020801,1,169,4:01,15:59,1551,right,509,penalty,30,O,-86,35,MIN,high-sticking,2,8484471,8475220
2025020801,1,327,16:26,3:34,1551,right,509,penalty,17,D,-83,-27,MIN,hooking,2,8483525,8474612
2025020801,2,443,1:41,18:19,1551,left,509,penalty,17,D,75,-4,MIN,high-sticking,2,8475149,8477456
2025020801,2,645,10:39,9:21,1551,left,509,penalty,17,D,55,32,MIN,tripping,2,8477451,8480879
2025020801,3,866,6:33,13:27,1551,right,509,penalty,30,O,-63,39,MIN,tripping,2,8482078,8478493
2025020801,3,920,10:52,9:08,1551,right,509,penalty,17,D,-82,-11,MIN,tripping,2,8483525,8474612
2025020802,1,163,7:01,12:59,1551,right,509,penalty,10,D,64,-38,MIN,slashing,2,8478397,8476872
2025020802,3,992,12:37,7:23,1551,right,509,penalty,54,O,88,5,MIN,interference-goalkeeper,2,8476932,8476881
2025020803,1,8,3:23,16:37,1551,right,509,penalty,14,D,-90,31,MIN,unsportsmanlike-conduct,2,8473422,8482090
2025020803,1,98,3:23,16:37,1551,right,509,penalty,14,D,-91,32,MAJ,fighting,5,8473422,8482090
2025020803,1,95,3:23,16:37,1551,right,509,penalty,16,O,-88,35,MAJ,fighting,5,8482090,8473422
2025020803,1,11,7:25,12:35,1551,right,509,penalty,16,D,88,4,MIN,tripping,2,8482201,8482821
2025020803,1,366,15:36,4:24,1551,right,509,penalty,14,N,-15,-40,MIN,tripping,2,8477479,8478178
2025020803,1,398,17:42,2:18,1551,right,509,penalty,14,N,-17,41,BEN,delaying-game-unsuccessful-challenge,2,,
2025020803,2,606,6:11,13:49,1551,left,509,penalty,16,D,-71,23,MIN,holding,2,8476878,8484783
2025020803,3,833,4:56,15:04,1551,right,509,penalty,16,D,50,-37,MIN,cross-checking,2,8482655,8477450
2025020804,1,125,4:54,15:06,1560,right,509,penalty,19,N,20,-17,MIN,holding,2,8478449,8477402
2025020804,1,251,10:01,9:59,1551,right,509,penalty,25,O,-81,27,MIN,slashing,2,8475764,8482740
2025020804,2,430,0:23,19:37,1551,left,509,penalty,25,O,60,-40,MIN,holding,2,8477402,8473994
2025020804,2,505,6:19,13:41,1551,left,509,penalty,19,D,66,20,MIN,slashing,2,8480027,8483516
2025020804,2,557,11:57,8:03,1551,left,509,penalty,19,D,69,-3,MIN,interference,2,8478449,8481598
2025020804,2,674,16:38,3:22,1551,left,509,penalty,19,D,95,24,MIN,interference,2,8478449,8475753
2025020804,2,695,18:51,1:09,1551,left,509,penalty,19,O,-92,-28,MIN,tripping,2,8480027,8477952
2025020804,3,864,8:00,12:00,1551,right,509,penalty,25,D,88,32,MIN,holding,2,8482089,8480878
2025020805,1,62,0:45,19:15,1560,right,509,penalty,4,D,-88,-35,MIN,hooking,2,8477492,8478439
2025020805,1,121,4:59,15:01,1551,right,509,penalty,4,O,36,-24,MIN,interference,2,8480039,8480220
2025020805,1,416,17:41,2:19,1551,right,509,penalty,21,O,-81,0,MIN,interference,2,8476372,8477492
2025020805,2,475,2:02,17:58,0651,left,509,penalty,21,O,27,38,MIN,high-sticking,2,8484387,8477476
2025020805,3,884,4:17,15:43,1551,right,509,penalty,4,D,-91,9,MIN,tripping,2,8482947,8482126
2025020805,3,945,8:37,11:23,1551,right,509,penalty,4,D,-46,0,MIN,slashing,2,8476312,8484142
2025020806,1,124,4:40,15:20,1551,right,509,penalty,15,D,-51,-18,MIN,tripping,2,8484860,8474590
2025020806,2,702,8:27,11:33,1551,left,509,penalty,15,O,-80,-2,MIN,cross-checking,2,8482165,8484186
2025020806,2,705,8:27,11:33,1551,left,509,penalty,20,D,-80,-3,MIN,roughing,2,8484186,8482165
2025020806,2,760,12:11,7:49,0651,left,509,penalty,20,D,-43,-31,MIN,hooking,2,8479345,8480797
2025020806,3,914,2:39,17:21,1551,right,509,penalty,20,O,-81,-18,MIN,high-sticking,2,8480873,8483609
2025020806,3,520,11:35,8:25,1551,right,509,penalty,20,N,15,40,MIS,misconduct,10,,
2025020806,3,1086,14:00,6:00,1551,right,509,penalty,20,N,23,-2,MIN,high-sticking,2,8476880,8482165
2025020806,3,529,14:37,5:23,1541,right,509,penalty,15,N,-17,40,MIS,misconduct,10,,
2025020806,3,1258,19:51,0:09,1560,right,509,penalty,15,D,-67,-5,MIN,closing-hand-on-puck,2,,
2025020807,1,407,14:23,5:37,1551,right,509,penalty,1,O,93,7,MIN,tripping,2,8480012,8479407
2025020807,2,559,1:56,18:04,1551,left,509,penalty,23,D,-89,-34,MIN,tripping,2,8481721,8484240
2025020807,2,671,11:30,8:30,1551,left,509,penalty,23,N,-19,40,MIN,high-sticking-double-minor,4,8480002,8478856
2025020807,3,911,7:28,12:32,1551,right,509,penalty,1,N,13,34,MIN,tripping,2,8482055,8474149
2025020808,1,59,0:29,19:31,1551,left,509,penalty,3,D,65,-8,MIN,tripping,2,8475726,8476459
2025020808,1,86,1:23,18:37,1551,left,509,penalty,3,D,58,-41,MIN,delaying-game-puck-over-glass,2,,
2025020808,1,129,4:26,15:34,1551,left,509,penalty,28,D,-70,-22,MIN,interference,2,8479390,8484911
2025020808,1,426,14:36,5:24,1551,left,509,penalty,3,O,-68,40,MIN,high-sticking,2,8475726,8479390
2025020808,1,489,18:24,1:36,1551,left,509,penalty,28,D,-75,-37,MIN,holding,2,8478550,8479983
2025020808,2,656,7:38,12:22,1551,right,509,penalty,3,D,-71,1,MIN,roughing,2,8483630,8477369
2025020808,2,733,14:08,5:52,1551,right,509,penalty,3,D,-80,5,MIN,holding,2,8483630,8478840
2025020808,3,950,8:33,11:27,1551,left,509,penalty,3,O,-97,6,MIN,elbowing,2,8484801,8484210
2025020808,3,1019,13:55,6:05,1551,left,509,penalty,3,D,80,3,MIN,hooking,2,8485402,8478840
2025020809,1,298,14:17,5:43,1551,left,509,penalty,24,D,46,13,MIN,hooking,2,8484800,8473986
2025020809,2,516,2:38,17:22,1551,right,509,penalty,55,D,89,-33,MIN,delaying-game-puck-over-glass,2,,
2025020809,2,36,8:00,12:00,1551,right,509,penalty,55,D,65,-9,PS,ps-holding-on-breakaway,0,8478424,8479324
2025020809,2,651,12:42,7:18,1551,right,509,penalty,24,O,89,-35,MIN,high-sticking,2,8476457,8476458
2025020809,2,667,14:12,5:48,1451,right,509,penalty,55,N,13,29,MIN,cross-checking,2,8473986,8477986
2025020810,1,22,11:17,8:43,1551,left,509,penalty,7,D,88,-6,MIN,hooking,2,8478445,8479312
2025020810,2,544,1:18,18:42,1551,right,509,penalty,2,D,55,-39,MIN,tripping,2,8484797,8475314
2025020810,2,726,11:46,8:14,1551,right,509,penalty,2,D,61,-19,MIN,hooking,2,8483500,8485366
2025020810,2,773,14:57,5:03,1560,right,509,penalty,7,D,-96,1,MIN,holding,2,8478445,8480807
2025020810,3,1039,15:24,4:36,1551,left,509,penalty,7,D,56,41,MIN,cross-checking,2,8476419,8480891
2025020810,3,1070,17:53,2:07,1551,left,509,penalty,7,O,-63,-38,MIN,slashing,2,8476429,8484145
2025020810,3,1074,17:53,2:07,1551,left,509,penalty,2,D,-59,-37,MIN,cross-checking,2,8484145,8476429
2025020811,1,100,3:08,16:52,1551,left,509,penalty,68,O,-95,-7,MIN,holding,2,8474600,8479977
2025020811,1,354,16:23,3:37,1551,left,509,penalty,18,D,-93,-8,MIN,hooking,2,8477951,8482482
2025020811,3,889,4:58,15:02,1551,left,509,penalty,68,D,88,-34,MIN,slashing,2,8474600,8477951
2025020811,3,956,10:00,10:00,1551,left,509,penalty,18,D,-79,-3,MIN,holding-the-stick,2,8479293,8474600
2025020811,3,1097,19:24,0:36,1551,left,509,penalty,68,D,43,40,MIN,delaying-game-puck-over-glass,2,,
2025020812,1,235,9:28,10:32,1551,left,509,penalty,8,O,-84,27,MIN,tripping,2,8479369,8482737
2025020812,1,20,15:33,4:27,1551,left,509,penalty,8,O,-74,15,MAJ,fighting,5,8481219,8481523
2025020812,1,23,15:33,4:27,1551,left,509,penalty,6,D,-77,9,MAJ,fighting,5,8481523,8481219
2025020812,2,441,0:25,19:35,1551,right,509,penalty,8,D,-90,24,MIN,interference,2,8479999,8480865
2025020812,2,666,6:30,13:30,1551,right,509,penalty,6,O,-27,-10,MIN,tripping,2,8483515,8478401
2025020812,2,697,9:02,10:58,1560,right,509,penalty,8,D,-96,8,MIN,high-sticking,2,8476374,8482087
2025020812,2,47,12:09,7:51,1551,right,509,penalty,6,D,92,21,MIN,interference,2,8478133,8477956
2025020812,3,990,8:14,11:46,1551,left,509,penalty,6,D,-84,15,MIN,roughing,2,8475848,8479369
2025020812,3,1073,14:03,5:57,1551,left,509,penalty,8,D,34,-11,MIN,holding,2,8479661,8478851
2025020813,1,72,1:17,18:43,1551,left,509,penalty,9,D,-63,-41,MIN,high-sticking,2,8480830,8482105
2025020813,1,191,8:34,11:26,1551,left,509,penalty,12,D,32,32,MIN,slashing,2,8481528,8482100
2025020813,2,493,3:07,16:53,1551,right,509,penalty,12,N,-23,15,MIN,kneeing,2,8482116,8480336
2025020813,2,662,8:39,11:21,1551,right,509,penalty,9,D,83,5,MIN,high-sticking,2,8478427,8482105
2025020813,2,674,8:49,11:11,1541,right,509,penalty,9,D,37,-24,MIN,tripping,2,8482093,8473512
2025020813,2,740,13:52,6:08,1551,right,509,penalty,12,O,75,-40,MIN,abuse-of-officials,2,,
2025020813,2,37,13:52,6:08,1551,right,509,penalty,12,O,75,-40,MIS,misconduct,10,,
2025020813,2,772,16:35,3:25,1551,right,509,penalty,9,O,-43,37,MIN,tripping,2,8482911,8476393
2025020813,3,1037,15:21,4:39,1551,left,509,penalty,12,D,74,-2,MIN,tripping,2,8480208,8480336
2025020814,1,15,9:28,10:32,1551,left,509,penalty,29,D,-37,3,MIN,tripping,2,8479542,8478500
2025020814,1,293,13:13,6:47,1551,left,509,penalty,29,O,98,-18,MIN,interference,2,8481547,8481716
2025020814,2,533,6:59,13:01,1551,right,509,penalty,14,D,-50,3,MIN,roughing,2,8478975,8476826
2025020814,2,536,6:59,13:01,1551,right,509,penalty,29,O,-47,3,MIN,roughing,2,8476826,8478975
2025020814,2,712,16:00,4:00,1551,right,509,penalty,14,D,-53,4,MIN,tripping,2,8484166,8483398
2025020814,2,44,18:47,1:13,1551,right,509,penalty,14,D,-76,37,MIN,delaying-game-puck-over-glass,2,,
2025020815,1,437,14:10,5:50,1551,right,509,penalty,52,N,-16,-39,MIN,holding,2,8477456,8480289
2025020815,2,614,3:04,16:56,1551,left,509,penalty,17,D,80,4,MIN,interference,2,8480289,8475279
2025020815,2,810,13:45,6:15,1551,left,509,penalty,52,O,65,40,MIN,tripping,2,8478891,8476480
2025020815,3,949,5:02,14:58,1551,right,509,penalty,52,O,-96,10,MIN,tripping,2,8476434,8480289
2025020816,1,203,6:41,13:19,1551,left,509,penalty,26,N,19,41,MIN,interference,2,8483516,8477960
2025020816,1,213,7:15,12:45,1451,left,509,penalty,19,N,24,39,MIN,tripping,2,8482124,8482089
2025020816,1,407,17:30,2:30,1551,left,509,penalty,26,N,-18,-6,MIN,roughing,2,8482089,8482730
2025020816,1,403,17:30,2:30,1551,left,509,penalty,19,N,-18,-6,MIN,roughing,2,8482730,8482089
2025020816,1,20,17:30,2:30,1551,left,509,penalty,26,N,-19,-3,MIN,roughing,2,8482089,8482730
2025020816,2,579,2:48,17:12,1551,right,509,penalty,19,O,-54,-39,MAJ,fighting,5,8482726,8475760
2025020816,2,575,2:48,17:12,1551,right,509,penalty,26,D,-55,-40,MAJ,fighting,5,8475760,8482726
2025020816,2,614,5:13,14:47,1551,right,509,penalty,26,O,75,-16,MIN,tripping,2,8483516,8477942
2025020816,2,718,13:16,6:44,1551,right,509,penalty,19,O,-58,41,MIN,holding,2,8479675,8484164
2025020816,3,1007,11:34,8:26,1551,left,509,penalty,19,N,0,-40,BEN,delaying-game-unsuccessful-challenge,2,,
2025020817,1,109,3:22,16:38,1551,right,509,penalty,30,D,73,8,MIN,slashing,2,8479314,8478864
2025020817,1,182,7:59,12:01,1551,right,509,penalty,13,O,85,20,MIN,tripping,2,8474716,8478421
2025020817,1,346,17:21,2:39,1551,right,509,penalty,30,O,-69,-33,MIN,tripping,2,8477409,8478136
2025020817,2,443,0:46,19:14,1551,left,509,penalty,30,D,-76,12,MIN,slashing,2,8477932,8478864
2025020817,2,525,3:47,16:13,1551,left,509,penalty,13,D,57,41,MIN,holding,2,8475692,8478421
2025020817,2,566,6:49,13:11,1551,left,509,penalty,13,O,-78,12,MIN,hooking,2,8480800,8473419
2025020817,2,650,12:01,7:59,1551,left,509,penalty,30,D,-64,0,MAJ,fighting,5,8478421,8478136
2025020817,2,647,12:01,7:59,1551,left,509,penalty,13,O,-58,0,MAJ,fighting,5,8478136,8478421
2025020817,2,742,14:26,5:34,1551,left,509,penalty,13,D,80,20,MIN,holding,2,8475149,8478542
2025020817,2,764,16:26,3:34,1451,left,509,penalty,30,D,-73,33,MIN,delaying-game-puck-over-glass,2,,
2025020817,3,860,3:43,16:17,1551,right,509,penalty,30,D,68,-24,MIN,slashing,2,8478542,8481477
2025020817,3,915,8:18,11:42,1551,right,509,penalty,13,O,71,-17,MIN,hooking,2,8475765,8480185
2025020817,3,957,11:32,8:28,1551,right,509,penalty,30,O,-59,-20,MIN,tripping,2,8473419,8475220
2025020817,3,999,15:11,4:49,1560,right,509,penalty,13,D,-78,-3,MIN,interference,2,8477451,8478859
2025020818,1,105,3:14,16:46,1551,left,509,penalty,22,N,-9,41,MIN,interference,2,8480796,8481617
2025020818,2,390,1:30,18:30,1551,right,509,penalty,22,N,11,24,MIN,interference,2,8484186,8477934
2025020818,2,579,4:36,15:24,1551,right,509,penalty,15,D,-79,-1,MIN,tripping,2,8483512,8479292
2025020818,2,781,16:11,3:49,1551,right,509,penalty,15,N,17,42,BEN,too-many-men-on-the-ice,2,,
2025020818,2,811,18:57,1:03,1551,right,509,penalty,15,N,-20,-20,MIN,slashing,2,8483455,8479345
2025020818,3,832,0:54,19:06,1451,left,509,penalty,15,N,24,-36,MIN,high-sticking,2,8478402,8477845
2025020818,3,880,3:58,16:02,1551,left,509,penalty,22,O,62,-25,MIN,high-sticking-double-minor,4,8482088,8477508
2025020818,3,886,4:00,16:00,1541,left,509,penalty,15,O,-68,-22,MIN,tripping,2,8477406,8476880
2025020818,3,940,7:46,12:14,1551,left,509,penalty,15,D,79,-2,MIN,hooking,2,8481617,8478911
2025020818,3,1034,13:03,6:57,1551,left,509,penalty,22,D,-72,1,MIN,holding,2,8471214,8480834
2025020819,1,267,10:34,9:26,1551,right,509,penalty,21,N,3,-31,MIN,slashing,2,8475166,8477476
2025020819,1,342,16:36,3:24,1551,right,509,penalty,10,D,54,-22,MIN,tripping,2,8476312,8481122
2025020819,2,777,15:43,4:17,1551,left,509,penalty,10,D,-81,7,MIN,holding,2,8480069,8478443
2025020819,3,947,8:03,11:57,1551,right,509,penalty,21,D,-99,-5,MIN,high-sticking,2,8482720,8476312
2025020819,3,1093,18:25,1:35,1551,right,509,penalty,21,D,-69,22,MIN,delaying-game-face-off-violation,2,,
2025020820,1,154,6:51,13:09,1551,left,509,penalty,55,O,67,0,MIN,high-sticking,2,8479996,8483524
2025020820,1,251,10:26,9:34,1551,left,509,penalty,1,N,22,-39,MIN,instigator,2,8479324,8482110
2025020820,1,11,10:26,9:34,1551,left,509,penalty,55,O,27,-40,MAJ,fighting,5,8482110,8479324
2025020820,1,14,10:26,9:34,1551,left,509,penalty,1,D,26,-40,MAJ,fighting,5,8479324,8482110
2025020820,1,18,10:26,9:34,1551,left,509,penalty,1,N,23,-40,MIS,instigator-misconduct,10,,
2025020820,1,366,15:28,4:32,0651,left,509,penalty,55,D,-76,1,MIN,high-sticking,2,8478414,8476467
2025020820,1,377,15:55,4:05,1541,left,509,penalty,1,N,-22,5,MIN,interference,2,8482751,8476462
2025020820,1,471,18:56,1:04,1551,left,509,penalty,1,N,-19,39,MIN,high-sticking,2,8482874,8481032
2025020820,2,676,11:30,8:30,1551,right,509,penalty,55,O,-69,26,MIN,holding,2,8478399,8482874
2025020820,3,795,1:40,18:20,1551,left,509,penalty,1,O,-28,-18,MIN,hooking,2,8482665,8476292
2025020820,3,878,7:48,12:12,1551,left,509,penalty,55,D,-85,-4,MIN,slashing,2,8479996,8477986
2025020821,1,11,1:36,18:24,1551,left,509,penalty,9,D,-62,0,PS,ps-hooking-on-breakaway,0,8478483,8482095
2025020821,1,448,18:23,1:37,1551,left,509,penalty,9,D,-55,20,MIN,closing-hand-on-puck,2,,
2025020821,1,19,19:46,0:14,1541,left,509,penalty,9,N,-20,37,BEN,too-many-men-on-the-ice,2,,
2025020821,3,918,7:19,12:41,1551,left,509,penalty,54,D,45,-18,MIN,tripping,2,8482116,8481604
2025020822,2,619,1:57,18:03,1551,left,509,penalty,5,O,-97,0,MIN,elbowing,2,8483499,8477511
2025020822,3,569,20:00,0:00,1560,right,509,penalty,5,D,-86,6,MIN,illegal-check-to-head,2,8478444,8475810
2025020823,1,135,6:30,13:30,1551,right,509,penalty,13,O,70,10,MIN,tripping,2,8477987,8478421
2025020823,2,425,0:57,19:03,1551,left,509,penalty,16,D,-61,-24,MIN,hooking,2,8483771,8481806
2025020823,2,532,5:11,14:49,1551,left,509,penalty,13,D,81,21,MIN,tripping,2,8477479,8477932
2025020823,3,978,13:36,6:24,1551,right,509,penalty,13,O,70,-34,MIN,tripping,2,8476473,8478542
2025020824,1,464,17:39,2:21,1551,right,509,penalty,20,D,76,-37,MIN,high-sticking,2,8478424,8482165
2025020824,2,828,18:45,1:15,1551,left,509,penalty,20,D,-57,-39,MIN,holding,2,8478424,8477993
2025020824,3,909,3:37,16:23,1551,right,509,penalty,24,D,-74,7,MIN,slashing,2,8476456,8481563
2025020825,1,334,17:16,2:44,1551,left,509,penalty,68,D,51,-27,MIN,slashing,2,8476453,8479410
2025020825,2,530,4:45,15:15,1551,right,509,penalty,14,D,91,-24,MIN,holding,2,8480849,8479542
2025020825,2,557,6:59,13:01,1551,right,509,penalty,14,D,98,-7,MIN,roughing,2,8480434,8483398
2025020825,2,561,6:59,13:01,1551,right,509,penalty,68,O,98,6,MIN,roughing,2,8483398,8480434
2025020825,2,36,6:59,13:01,1551,right,509,penalty,14,D,98,-8,MIN,roughing,2,8480434,8483398
2025020825,2,48,14:05,5:55,1551,right,509,penalty,68,D,-47,41,MIN,interference,2,8483752,8474013
2025020825,2,43,14:05,5:55,1551,right,509,penalty,68,D,-42,38,MAJ,fighting,5,8477426,8474013
2025020825,2,46,14:05,5:55,1551,right,509,penalty,14,O,-43,40,MAJ,fighting,5,8474013,8477426
2025020825,2,739,16:21,3:39,1551,right,509,penalty,68,D,-69,2,MIN,tripping,2,8479542,8478507
2025020825,3,976,13:16,6:44,1551,left,509,penalty,14,D,-43,41,MIN,holding,2,8479343,8476878
2025020825,3,1027,17:29,2:31,1551,left,509,penalty,68,O,-94,25,MIN,roughing,2,8478178,8478474
2025020825,3,440,19:44,0:16,1551,left,509,penalty,14,O,78,0,MIN,cross-checking,2,8479410,8476878
2025020825,3,443,19:44,0:16,1551,left,509,penalty,68,D,79,1,MIN,roughing,2,8476878,8479410
2025020825,3,1151,19:44,0:16,1551,left,509,penalty,68,D,83,3,MIN,roughing,2,8476878,8479410
2025020825,3,428,19:44,0:16,1551,left,509,penalty,14,O,77,-1,MIN,roughing,2,8479410,8476878
2025020826,2,619,4:50,15:10,1551,left,509,penalty,6,D,80,39,MIN,holding,2,8478550,8480035
2025020826,2,641,6:13,13:47,1451,left,509,penalty,6,D,31,41,MIN,holding,2,8476389,8479325
2025020826,2,693,10:12,9:48,0651,left,509,penalty,3,O,95,4,MIN,holding,2,8476854,8482460
2025020826,2,726,12:48,7:12,1560,left,509,penalty,6,N,-4,34,MIN,hooking,2,8483690,8479661
2025020826,3,916,7:48,12:12,1551,right,509,penalty,6,N,-17,35,MIN,interference,2,8484210,8479325
2025020827,1,100,3:12,16:48,1551,right,509,penalty,2,D,-76,26,MIN,hooking,2,8480220,8484958
2025020827,1,210,11:03,8:57,1551,right,509,penalty,4,D,42,-19,MIN,holding,2,8477500,8480220
2025020827,1,241,14:14,5:46,1551,right,509,penalty,2,O,96,20,MIN,holding,2,8482126,8483553
2025020827,2,503,2:30,17:30,1551,left,509,penalty,2,D,87,8,MIN,high-sticking,2,8484387,8480871
2025020827,2,519,3:59,16:01,1451,left,509,penalty,4,O,78,4,MIN,cross-checking,2,8476429,8480015
2025020827,2,523,3:59,16:01,1451,left,509,penalty,2,D,79,3,MIN,slashing,2,8480015,8476429
2025020827,2,666,11:09,8:51,0651,left,509,penalty,4,D,-25,31,MIN,tripping,2,8481237,8481546
2025020827,3,875,6:59,13:01,1551,right,509,penalty,4,O,-88,32,MIN,high-sticking,2,8485366,8480015
2025020828,1,8,0:03,19:57,1551,left,509,penalty,26,N,0,13,MIN,high-sticking-double-minor,4,8478975,8482124
2025020828,2,547,4:56,15:04,1551,right,509,penalty,29,N,5,38,MIN,interference,2,8477960,8476923
2025020828,2,631,7:35,12:25,1551,right,509,penalty,26,O,70,-27,MIN,holding-the-stick,2,8483485,8482726
2025020828,2,403,19:58,0:02,1551,right,509,penalty,29,D,81,-37,MIN,delaying-game-puck-over-glass,2,,
2025020828,3,978,12:44,7:16,1551,left,509,penalty,29,O,39,-40,MIN,roughing,2,8475208,8478975
2025020828,3,1035,16:43,3:17,1551,left,509,penalty,26,D,80,11,MIN,interference,2,8478975,8476872
2025020829,1,89,2:39,17:21,0651,left,509,penalty,22,O,54,24,MIN,hooking,2,8475462,8478458
2025020829,1,135,5:37,14:23,1551,left,509,penalty,24,O,-85,2,MIN,interference-goalkeeper,2,8477465,8478424
2025020829,1,361,14:58,5:02,1551,left,509,penalty,24,N,5,-40,MIN,high-sticking-double-minor,4,8477498,8476458
2025020829,1,459,18:25,1:35,0651,left,509,penalty,22,O,57,32,MIN,high-sticking,2,8483445,8483512
2025020829,2,34,3:18,16:42,1551,right,509,penalty,24,D,-82,1,PS,ps-tripping-on-breakaway,0,8478402,8476885
2025020829,2,749,12:08,7:52,1551,right,509,penalty,22,D,80,17,MIN,hooking,2,8484762,8480834
2025020829,3,1023,11:43,8:17,1551,left,509,penalty,22,O,44,10,MIN,tripping,2,8478424,8483512
2025020830,1,203,7:14,12:46,1551,left,509,penalty,18,D,56,23,MIN,slashing,2,8477956,8476869
2025020830,1,290,13:27,6:33,1551,left,509,penalty,6,D,-38,24,MIN,interference,2,8482768,8476854
2025020830,1,355,14:40,5:20,1541,left,509,penalty,18,N,-7,38,MIN,high-sticking,2,8482177,8476887
2025020830,2,609,5:45,14:15,0651,right,509,penalty,6,O,-66,39,MIN,tripping,2,8476887,8479661
2025020830,2,625,7:12,12:48,1541,right,509,penalty,18,O,59,39,MIN,slashing,2,8479369,8474564
2025020830,2,695,12:36,7:24,1551,right,509,penalty,6,D,95,7,MIN,tripping,2,8478047,8476854
2025020830,2,772,18:56,1:04,0651,right,509,penalty,6,O,-26,39,MIN,slashing,2,8474600,8477956
2025020830,3,944,11:48,8:12,1551,left,509,penalty,6,N,-4,41,MIN,roughing,2,8478047,8479591
2025020830,3,947,11:48,8:12,1551,left,509,penalty,18,N,-4,41,MIN,roughing,2,8479591,8478047
2025020831,1,331,12:27,7:33,1551,right,509,penalty,10,O,-36,17,MIN,cross-checking,2,8483500,8478904
2025020831,3,946,6:53,13:07,1551,right,509,penalty,10,N,3,-1,MIN,tripping,2,8484145,8478443
2025020832,2,384,0:36,19:24,1560,left,509,penalty,54,O,-65,-16,MIN,tripping,2,8478133,8477964
2025020832,2,614,10:31,9:29,1551,left,509,penalty,54,D,57,-34,MIN,holding,2,8476479,8482125
2025020832,2,691,16:34,3:26,1551,left,509,penalty,8,D,-83,7,MIN,hooking,2,8478483,8481540
2025020832,2,724,19:18,0:42,1551,left,509,penalty,8,O,36,-33,MIN,holding-the-stick,2,8477964,8483457
2025020832,3,754,1:37,18:23,1551,right,509,penalty,8,O,-28,-17,MIN,interference,2,8475913,8482775
2025020832,3,847,9:01,10:59,1551,right,509,penalty,54,O,46,12,MIN,slashing,2,8482087,8477447
2025020832,3,978,19:27,0:33,1551,right,509,penalty,54,D,-73,-13,MIN,tripping,2,8480074,8478397
2025020833,1,229,9:08,10:52,1551,right,509,penalty,17,D,76,-37,MIN,holding,2,8483406,8481607
2025020833,1,255,11:09,8:51,1551,right,509,penalty,17,D,69,39,MIN,slashing,2,8482155,8477946
2025020833,1,280,13:04,6:56,1541,right,509,penalty,26,O,26,-38,MIN,tripping,2,8481542,8482124
2025020833,2,779,18:21,1:39,1551,left,509,penalty,26,D,90,-4,MIN,hooking,2,8475279,8483808
2025020833,3,886,5:53,14:07,1551,right,509,penalty,17,D,95,8,MIN,slashing,2,8482124,8480879
2025020833,3,913,7:29,12:31,1551,right,509,penalty,26,D,-82,1,MIN,holding,2,8482078,8474563
2025020833,3,1097,19:53,0:07,1551,right,509,penalty,26,D,-25,41,MIN,slashing,2,8478891,8477960
2025020834,1,300,14:55,5:05,1560,right,509,penalty,68,O,69,-21,MIN,tripping,2,8478421,8479293
2025020834,2,543,5:24,14:36,1551,left,509,penalty,68,D,79,41,MIN,delaying-game-puck-over-glass,2,,
2025020834,2,697,13:37,6:23,1551,left,509,penalty,13,O,95,-29,MIN,holding,2,8478831,8478421
2025020834,2,717,15:32,4:28,1541,left,509,penalty,68,O,-72,42,MIN,cross-checking,2,8478859,8479343
2025020834,2,862,19:29,0:31,1551,left,509,penalty,13,D,-78,11,MIN,roughing,2,8479619,8482113
2025020834,3,913,3:00,17:00,1551,right,509,penalty,68,D,-66,-41,MIN,interference,2,8482713,8479619
2025020834,3,1060,13:48,6:12,0651,right,509,penalty,13,N,16,42,MIN,roughing,2,8477070,8479314
2025020834,3,1067,13:52,6:08,1541,right,509,penalty,68,O,56,16,MIN,interference,2,8478542,8480849
2025020834,3,1071,13:52,6:08,1541,right,509,penalty,13,D,56,16,MIN,embellishment,2,,
2025020834,3,1127,17:51,2:09,1560,right,509,penalty,68,N,15,-9,MIN,tripping,2,8479314,8477951
2025020834,3,1132,17:51,2:09,1560,right,509,penalty,13,N,13,-8,MIN,embellishment,2,,
2025020835,1,288,13:35,6:25,0651,left,509,penalty,1,D,-87,-9,MIN,holding,2,8475799,8483495
2025020835,2,683,10:29,9:31,1551,right,509,penalty,1,D,48,-1,MIN,holding,2,8478398,8480192
2025020835,2,777,17:39,2:21,1551,right,509,penalty,52,O,57,0,MIN,tripping,2,8479407,8478398
2025020835,3,980,14:00,6:00,1560,left,509,penalty,52,D,40,-33,MIN,tripping,2,8481721,8477504
2025020836,1,177,5:48,14:12,1551,left,509,penalty,25,O,-97,5,MIN,cross-checking,2,8477952,8475168
2025020836,1,341,14:06,5:54,1551,left,509,penalty,19,D,-67,-2,MIN,tripping,2,8476278,8481006
2025020836,2,604,2:11,17:49,0651,right,509,penalty,19,D,60,-36,MIN,slashing,2,8482740,8477952
2025020836,2,32,11:25,8:35,1551,right,509,penalty,25,N,18,41,BEN,too-many-men-on-the-ice,2,,
2025020836,2,800,17:58,2:02,1551,right,509,penalty,19,N,1,28,MIN,slashing,2,8482740,8484164
2025020836,3,889,3:15,16:45,1551,left,509,penalty,25,N,18,42,BEN,delaying-game-unsuccessful-challenge,2,,
2025020837,1,314,16:01,3:59,1551,right,509,penalty,30,D,72,-40,MIN,holding,2,8481624,8478136
2025020837,2,784,18:13,1:47,1551,left,509,penalty,30,D,-70,-38,MIN,holding,2,8483450,8474716
2025020837,3,872,5:06,14:54,1551,right,509,penalty,16,D,-78,3,MIN,tripping,2,8475692,8476891
2025020837,3,911,8:37,11:23,1551,right,509,penalty,30,O,-95,2,MIN,holding,2,8484783,8483525
2025020837,3,977,14:11,5:49,1551,right,509,penalty,30,O,-76,-39,MIN,slashing,2,8484197,8481557
2025020837,4,1074,3:04,1:56,1331,left,509,penalty,30,O,64,-40,MIN,tripping,2,8481568,8481557
2025020838,1,61,0:44,19:16,1551,right,509,penalty,23,D,67,37,MIN,roughing,2,8475200,8478856
2025020838,1,64,0:44,19:16,1551,right,509,penalty,28,O,64,36,MIN,roughing,2,8478856,8475200
2025020838,1,358,13:20,6:40,0651,right,509,penalty,23,D,68,-4,MIN,hooking,2,8485402,8478498
2025020838,1,443,19:44,0:16,1551,right,509,penalty,28,D,-49,23,MIN,hooking,2,8481024,8484801
2025020838,2,601,8:01,11:59,0651,left,509,penalty,23,N,-9,-36,MIN,holding,2,8484801,8476927
2025020838,2,708,16:21,3:39,1551,left,509,penalty,28,N,22,37,MIN,slashing,2,8481535,8475726
2025020838,2,719,16:25,3:35,1451,left,509,penalty,28,D,51,15,MIN,slashing,2,8478498,8476624
2025020838,2,746,18:42,1:18,1551,left,509,penalty,23,O,70,-5,MIN,roughing,2,8480043,8475169
2025020838,2,456,18:42,1:18,1551,left,509,penalty,28,D,67,-2,MAJ,fighting,5,8475169,8480043
2025020838,2,453,18:42,1:18,1551,left,509,penalty,23,O,68,-8,MAJ,fighting,5,8480043,8475169
2025020838,2,752,18:49,1:11,1541,left,509,penalty,23,D,-96,1,MIN,high-sticking,2,8475726,8477969
2025020838,3,867,7:42,12:18,1551,right,509,penalty,28,D,-61,37,MIN,tripping,2,8483499,8484227
2025020839,1,462,19:30,0:30,1551,left,509,penalty,15,O,-91,18,MIN,high-sticking,2,8477986,8483573
2025020839,2,494,2:33,17:27,1551,right,509,penalty,15,D,-89,35,MIN,delaying-game-puck-over-glass,2,,
2025020839,2,602,7:27,12:33,1551,right,509,penalty,55,D,35,-33,MIN,interference,2,8479345,8476905
2025020839,3,794,1:27,18:33,1551,left,509,penalty,55,D,-77,-38,MIN,high-sticking-double-minor,4,8482088,8482665
2025020839,3,878,7:32,12:28,1551,left,509,penalty,55,N,-21,38,MIN,hooking,2,8482088,8484800
2025020839,3,895,9:21,10:39,1541,left,509,penalty,15,O,-81,8,MIN,hooking,2,8476467,8482088
2025020839,3,950,13:21,6:39,1551,left,509,penalty,55,D,-51,-41,MIN,delaying-game-puck-over-glass,2,,
2025020839,3,515,18:43,1:17,1551,left,509,penalty,15,N,1,30,MIN,roughing,2,8482874,8479520
2025020839,3,510,18:43,1:17,1551,left,509,penalty,55,N,-13,31,MAJ,fighting,5,8479520,8482874
2025020839,3,518,18:43,1:17,1551,left,509,penalty,15,N,-12,31,MAJ,fighting,5,8482874,8479520
2025020840,1,13,14:50,5:10,1551,left,509,penalty,4,D,79,-2,MIN,hooking,2,8475745,8477948
2025020840,1,404,18:20,1:40,0651,left,509,penalty,29,O,93,25,MIN,slashing,2,8482142,8482705
2025020840,1,428,19:12,0:48,1541,left,509,penalty,4,N,13,41,BEN,too-many-men-on-the-ice,2,,
2025020840,2,743,14:56,5:04,1551,right,509,penalty,29,D,86,-33,MIN,holding-the-stick,2,8484387,8481716
2025020840,3,862,0:42,19:18,1551,left,509,penalty,4,O,-31,-29,MIN,tripping,2,8475745,8477989
2025020840,3,879,1:57,18:03,1451,left,509,penalty,29,O,87,33,MIN,hooking,2,8480015,8478975
2025020840,3,1023,12:04,7:56,1551,left,509,penalty,29,O,85,-32,MIN,high-sticking,2,8477948,8482660
2025020840,3,1141,19:48,0:12,0651,left,509,penalty,29,D,-84,-4,MIN,interference,2,8481553,8475790
2025020841,1,73,1:20,18:40,1551,left,509,penalty,21,D,70,-36,MIN,delaying-game-puck-over-glass,2,,
2025020841,1,291,17:13,2:47,1551,left,509,penalty,21,N,19,37,MIN,hooking,2,8480208,8482953
2025020841,2,501,10:06,9:54,1551,right,509,penalty,21,D,-35,-36,MIN,hooking,2,8478469,8477476
2025020842,1,266,11:33,8:27,1551,left,509,penalty,3,N,11,-30,MIN,slashing,2,8478445,8482109
2025020842,1,274,11:42,8:18,1451,left,509,penalty,2,O,63,39,MIN,interference,2,8476459,8477500
2025020842,1,296,13:02,6:58,1441,left,509,penalty,3,D,49,27,MIN,slashing,2,8481601,8476389
2025020842,1,422,17:33,2:27,1551,left,509,penalty,2,D,-76,28,MIN,high-sticking,2,8476389,8477494
2025020842,2,740,9:41,10:19,1560,right,509,penalty,3,D,-89,-7,MIN,tripping,2,8481237,8475842
2025020842,2,40,9:41,10:19,1560,right,509,penalty,3,D,-35,19,MIN,cross-checking,2,8478445,8475842
2025020842,2,743,9:41,10:19,1560,right,509,penalty,3,D,-39,-39,MIN,boarding,2,8483553,8482460
2025020842,3,946,7:28,12:32,1551,left,509,penalty,2,D,-76,-40,MIN,tripping,2,8482109,8477500
2025020843,1,115,4:54,15:06,1551,left,509,penalty,4,O,-81,-37,MIN,tripping,2,8481219,8484142
2025020843,1,461,18:31,1:29,1551,left,509,penalty,6,D,-81,0,MIN,holding,2,8483733,8476854
2025020843,2,591,4:10,15:50,1551,right,509,penalty,6,D,58,-34,MIN,tripping,2,8480015,8482511
2025020843,3,913,7:17,12:43,1551,left,509,penalty,6,D,-95,-13,MIN,roughing,2,8477903,8480355
2025020843,3,917,7:17,12:43,1551,left,509,penalty,4,O,-95,-11,MIN,roughing,2,8480355,8477903
2025020843,3,1069,17:53,2:07,1551,left,509,penalty,6,D,-80,3,MIN,tripping,2,8477499,8479369
2025020843,3,507,18:58,1:02,1551,left,509,penalty,6,O,35,32,MIN,roughing,2,8484142,8483505
2025020843,3,516,18:58,1:02,1551,left,509,penalty,4,D,44,37,MIN,roughing,2,8483505,8484142
2025020843,3,510,18:58,1:02,1551,left,509,penalty,4,D,38,27,MIN,roughing,2,8479591,8476372
2025020843,3,513,18:58,1:02,1551,left,509,penalty,6,O,45,39,MIN,roughing,2,8476372,8479591
2025020844,1,11,5:23,14:37,1551,left,509,penalty,26,D,80,1,MIN,roughing,2,8480891,8482408
2025020844,1,182,5:23,14:37,1551,left,509,penalty,26,D,79,1,MIN,roughing,2,8480891,8482408
2025020844,1,177,5:23,14:37,1551,left,509,penalty,7,O,80,0,MIN,roughing,2,8482408,8480891
2025020844,1,26,14:04,5:56,1551,left,509,penalty,7,D,-85,-3,MIN,roughing,2,8482124,8481522
2025020844,1,401,14:04,5:56,1551,left,509,penalty,7,D,-79,0,MIN,roughing,2,8482124,8481522
2025020844,1,406,14:04,5:56,1551,left,509,penalty,26,O,-82,2,MIN,roughing,2,8481522,8482124
2025020844,2,681,7:36,12:24,1551,right,509,penalty,7,D,98,-3,MIN,slashing,2,8479675,8480839
2025020844,3,955,7:00,13:00,1551,left,509,penalty,26,N,17,-39,MIN,tripping,2,8481522,8482726
2025020844,3,1095,16:52,3:08,1551,left,509,penalty,26,N,13,38,BEN,too-many-men-on-the-ice,2,,
2025020844,3,479,19:44,0:16,1551,left,509,penalty,7,D,-44,-37,MIS,misconduct,10,,
2025020844,3,495,19:44,0:16,1551,left,509,penalty,26,O,-42,-35,MIS,misconduct,10,,
2025020844,3,482,19:44,0:16,1551,left,509,penalty,7,D,-45,-35,MIS,misconduct,10,,
2025020844,3,486,19:44,0:16,1551,left,509,penalty,26,O,-42,-37,MIS,misconduct,10,,
2025020845,1,135,5:24,14:36,1560,right,509,penalty,21,O,73,41,MIN,cross-checking,2,8481523,8479387
2025020845,1,255,6:14,13:46,1551,right,509,penalty,8,O,-88,-34,MIN,tripping,2,8480039,8476981
2025020845,2,480,0:37,19:23,1551,left,509,penalty,8,O,72,41,MIN,high-sticking,2,8477476,8481540
2025020845,2,516,3:14,16:46,1551,left,509,penalty,21,N,5,-18,MIN,high-sticking,2,8484984,8484258
2025020845,3,411,19:39,0:21,1551,right,509,penalty,8,O,-39,-38,MIN,roughing,2,8479387,8482964
2025020845,3,414,19:39,0:21,1551,right,509,penalty,21,D,-41,-39,MIN,roughing,2,8482964,8479387
2025020846,1,66,1:06,18:54,1551,right,509,penalty,15,N,-17,-40,MIN,delaying-game-puck-over-glass,2,,
2025020846,1,338,17:58,2:02,1551,right,509,penalty,15,O,27,-38,MIN,tripping,2,8482078,8477845
2025020846,2,519,4:45,15:15,1551,left,509,penalty,15,D,92,-28,MIN,tripping,2,8477456,8479292
2025020846,3,841,6:12,13:48,1551,right,509,penalty,17,N,-2,-41,MIN,delaying-game-puck-over-glass,2,,
2025020846,3,892,9:36,10:24,1551,right,509,penalty,17,N,8,42,BEN,delaying-game-unsuccessful-challenge,2,,
2025020846,3,415,11:52,8:08,1551,right,509,penalty,15,N,-18,41,BEN,too-many-men-on-the-ice,2,,
2025020847,1,285,8:27,11:33,1551,left,509,penalty,14,D,-85,-33,MIN,holding,2,8476460,8482655
2025020847,2,575,2:17,17:43,1560,right,509,penalty,52,D,-98,-16,MIN,tripping,2,8479542,8476331
2025020847,3,932,6:41,13:19,1551,left,509,penalty,14,D,-88,32,MIN,delaying-game-puck-over-glass,2,,
2025020847,3,965,9:25,10:35,1551,left,509,penalty,14,D,-61,42,MIN,roughing,2,8482149,8478519
2025020847,3,969,9:25,10:35,1551,left,509,penalty,52,O,-66,41,MIN,roughing,2,8478519,8482149
2025020848,2,38,2:50,17:10,1551,right,509,penalty,18,D,-77,6,MIN,slashing,2,8484177,8482482
2025020848,2,726,12:09,7:51,1551,right,509,penalty,1,D,85,7,MIN,slashing,2,8479370,8476462
2025020848,3,911,6:08,13:52,1560,left,509,penalty,18,D,54,2,MIN,hooking,2,8483495,8482062
2025020848,3,984,12:35,7:25,1551,left,509,penalty,1,O,59,-2,MIN,tripping,2,8482146,8481721
2025020848,3,1018,15:19,4:41,1551,left,509,penalty,18,D,79,-37,MIN,high-sticking,2,8481721,8482062
2025020849,1,31,19:50,0:10,1551,right,509,penalty,3,N,0,24,MIN,tripping,2,8485366,8476468
2025020849,2,432,3:47,16:13,1551,left,509,penalty,2,O,-65,-7,MIN,high-sticking,2,8478882,8478445
2025020849,2,592,8:29,11:31,1551,left,509,penalty,3,O,25,36,MIN,tripping,2,8477407,8482157
2025020849,3,798,1:26,18:34,1551,right,509,penalty,2,D,-49,40,MIN,boarding,2,8484210,8477506
2025020849,3,880,6:59,13:01,1551,right,509,penalty,2,D,-60,41,MIN,abuse-of-officials,2,,
2025020849,3,961,12:08,7:52,1551,right,509,penalty,3,D,83,3,MIN,roughing,2,8483553,8480001
2025020849,3,965,12:08,7:52,1551,right,509,penalty,2,O,83,2,MIN,roughing,2,8480001,8483553
2025020849,3,1062,19:41,0:19,1560,right,509,penalty,3,D,94,16,MIN,holding,2,8475314,8476389
2025020850,1,180,6:11,13:49,1551,left,509,penalty,5,N,-19,6,MIN,hooking,2,8477444,8485414
2025020850,1,258,12:03,7:57,1551,left,509,penalty,5,N,-7,-41,MIN,tripping,2,8476891,8478438
2025020850,1,294,14:17,5:43,1551,left,509,penalty,5,N,-9,41,MIN,roughing,2,8483493,8485414
2025020850,1,297,14:17,5:43,1551,left,509,penalty,16,N,-15,40,MIN,roughing,2,8485414,8483493
2025020850,1,417,16:10,3:50,1441,left,509,penalty,5,O,97,20,MIN,tripping,2,8482176,8471215
2025020850,1,422,16:10,3:50,1441,left,509,penalty,16,D,96,20,MIN,embellishment,2,,
2025020850,2,778,11:02,8:58,1560,right,509,penalty,16,D,-81,0,MIN,holding-the-stick,2,8471215,8484197
2025020851,2,493,0:11,19:49,1551,left,509,penalty,68,D,71,-32,MIN,tripping,2,8478427,8477951
2025020851,2,788,14:36,5:24,1551,left,509,penalty,68,D,98,19,MIN,cross-checking,2,8480829,8479410
2025020851,2,812,16:24,3:36,1451,left,509,penalty,68,N,23,22,MIN,cross-checking,2,8482702,8478831
2025020851,2,866,19:45,0:15,1551,left,509,penalty,12,O,93,24,MIN,high-sticking,2,8478474,8480830
2025020851,3,979,7:45,12:15,1551,right,509,penalty,12,D,64,-39,MIN,holding,2,8482175,8480336
2025020851,3,1077,14:42,5:18,1551,right,509,penalty,68,D,-55,-18,MIN,high-sticking-double-minor,4,8477940,8480849
2025020852,1,230,9:03,10:57,0651,left,509,penalty,19,N,-10,24,MIN,tripping,2,8473419,8477573
2025020852,1,249,9:44,10:16,1551,left,509,penalty,13,D,97,4,MIN,unsportsmanlike-conduct,2,8475760,8478859
2025020852,1,253,9:44,10:16,1551,left,509,penalty,19,O,98,5,MIN,roughing,2,8478859,8475760
2025020852,1,283,11:51,8:09,1551,left,509,penalty,13,N,-15,18,MIN,tripping,2,8481598,8477932
2025020852,1,299,12:53,7:07,1451,left,509,penalty,13,D,84,-36,MIN,tripping,2,8483516,8473507
2025020852,1,310,13:35,6:25,1351,left,509,penalty,19,N,17,-38,MIN,holding-the-stick,2,8480185,8484164
2025020852,2,439,3:34,16:26,1551,right,509,penalty,19,O,-58,-39,MIN,hooking,2,8479314,8481598
2025020852,2,579,6:20,13:40,1551,right,509,penalty,13,N,-8,9,MIN,slashing,2,8482089,8482713
2025020852,2,592,7:09,12:51,1451,right,509,penalty,19,O,-34,41,MIN,tripping,2,8478542,8484164
2025020852,2,599,7:25,12:35,1441,right,509,penalty,19,D,84,-1,MIN,holding,2,8478859,8475170
2025020852,2,659,7:57,12:03,1431,right,509,penalty,13,O,89,13,MIN,interference,2,8476892,8477935
2025020852,2,710,11:12,8:48,1551,right,509,penalty,13,D,-96,-2,MAJ,fighting,5,8481006,8478421
2025020852,2,33,11:12,8:48,1551,right,509,penalty,19,O,-96,2,MAJ,fighting,5,8478421,8481006
2025020852,2,796,17:15,2:45,1551,right,509,penalty,19,D,44,40,MIN,tripping,2,8481655,8476897
2025020852,3,454,11:01,8:59,1551,left,509,penalty,19,O,86,-35,MIN,high-sticking-double-minor,4,8478542,8475760
2025020852,3,1106,16:46,3:14,1551,left,509,penalty,19,D,-98,2,MIN,roughing,2,8479314,8480981
2025020852,3,1103,16:46,3:14,1551,left,509,penalty,13,O,-96,4,MIN,roughing,2,8480981,8479314
2025020852,3,1122,18:06,1:54,1441,left,509,penalty,13,O,-85,0,MIN,interference-goalkeeper,2,8480981,8478859
2025020853,1,100,2:45,17:15,1551,right,509,penalty,20,N,-10,-15,MAJ,fighting,5,8475220,8483609
2025020853,1,97,2:45,17:15,1551,right,509,penalty,30,N,-11,-14,MAJ,fighting,5,8483609,8475220
2025020853,1,194,6:05,13:55,1551,right,509,penalty,30,D,69,-4,MIN,slashing,2,8480028,8482122
2025020853,1,470,18:20,1:40,1551,right,509,penalty,30,D,60,20,MIN,high-sticking,2,8483609,8477451
2025020853,3,867,6:05,13:55,1551,right,509,penalty,30,O,-44,-35,MIN,high-sticking,2,8481028,8480800
2025020853,3,985,14:53,5:07,1551,right,509,penalty,20,O,53,21,MIN,elbowing,2,8474716,8481028
2025020853,3,1001,16:07,3:53,1451,right,509,penalty,20,D,-75,-1,MIN,holding,2,8475765,8477346
2025020854,1,272,12:41,7:19,1551,left,509,penalty,22,O,85,-5,MIN,interference,2,8482859,8477508
2025020854,1,277,12:41,7:19,1551,left,509,penalty,28,D,64,-17,MIN,hooking,2,8479365,8482859
2025020854,2,532,4:39,15:21,1551,right,509,penalty,22,N,-8,11,MIN,tripping,2,8482859,8480803
2025020854,2,696,13:41,6:19,1551,right,509,penalty,22,D,78,4,MIN,high-sticking,2,8484801,8475218
2025020854,3,870,7:01,12:59,1551,left,509,penalty,28,D,53,-40,MIN,delaying-game-puck-over-glass,2,,
2025020855,1,229,8:48,11:12,1551,right,509,penalty,23,O,-98,-2,MIN,tripping,2,8483490,8478498
2025020855,1,355,14:39,5:21,1551,right,509,penalty,24,O,87,-3,MIN,slashing,2,8484268,8479705
2025020855,1,404,17:59,2:01,1551,right,509,penalty,24,O,86,2,MIN,interference-goalkeeper,2,8484268,8480068
2025020855,2,545,4:23,15:37,1551,left,509,penalty,23,D,-35,-3,MIN,holding,2,8483445,8474574
2025020855,3,802,2:53,17:07,1551,right,509,penalty,24,D,-97,1,MIN,cross-checking,2,8480012,8481563
2025020855,3,474,19:11,0:49,0651,right,509,penalty,23,N,11,41,MIN,slashing,2,8482803,8478856
2025020856,1,110,3:35,16:25,1551,right,509,penalty,25,D,-31,-27,MIN,hooking,2,8478468,8480027
2025020856,2,691,10:13,9:47,1551,left,509,penalty,54,D,-65,37,MIN,tripping,2,8478420,8478468
2025020856,3,857,3:15,16:45,1551,right,509,penalty,54,O,-30,-32,MIN,high-sticking,2,8478420,8478403
2025020857,1,200,6:35,13:25,0651,left,509,penalty,55,D,-84,-36,MIN,hooking,2,8482259,8476457
2025020857,1,505,18:57,1:03,1551,left,509,penalty,10,D,78,3,MIN,interference,2,8482751,8479442
2025020857,2,738,17:11,2:49,1551,right,509,penalty,55,D,86,-6,MIN,slashing,2,8481582,8478407
2025020857,3,851,4:57,15:03,1551,left,509,penalty,55,D,-67,-33,MIN,holding,2,8478462,8483524
2025020857,3,921,9:37,10:23,1551,left,509,penalty,10,N,-23,3,MIN,interference,2,8480009,8478443
2025020858,1,455,18:39,1:21,1551,right,509,penalty,16,D,97,15,MIN,holding,2,8480893,8476473
2025020858,2,39,6:47,13:13,1551,left,509,penalty,16,N,13,41,BEN,delaying-game-unsuccessful-challenge,2,,
2025020858,2,691,13:11,6:49,1551,left,509,penalty,29,O,-96,1,MIN,holding,2,8476473,8481716
2025020858,3,905,9:48,10:12,1551,right,509,penalty,16,D,90,-34,MIN,holding,2,8477497,8476891
2025020858,3,964,14:22,5:38,1551,right,509,penalty,29,D,-72,-1,MIN,holding,2,8476882,8482660
2025020859,1,301,12:33,7:27,1551,right,509,penalty,4,N,14,41,BEN,too-many-men-on-the-ice,2,,
2025020859,1,335,14:59,5:01,1551,right,509,penalty,4,D,59,15,MIN,holding,2,8477942,8476461
2025020859,1,444,19:12,0:48,1551,right,509,penalty,26,D,-93,-29,MIN,cross-checking,2,8484387,8474563
2025020859,2,595,6:41,13:19,1551,left,509,penalty,26,D,98,-6,MIN,delaying-game-puck-over-glass,2,,
2025020860,1,257,7:31,12:29,1551,right,509,penalty,21,D,-79,26,MIN,holding,2,8477429,8476312
2025020860,1,378,15:45,4:15,1551,right,509,penalty,21,D,-52,32,MIN,tripping,2,8477456,8480448
2025020860,2,523,2:40,17:20,1551,left,509,penalty,17,N,-17,29,MIN,tripping,2,8480448,8476979
2025020860,2,790,17:13,2:47,1551,left,509,penalty,17,D,-39,-36,MIN,tripping,2,8480448,8477456
2025020860,2,825,19:52,0:08,1551,left,509,penalty,21,D,88,-4,MIN,high-sticking,2,8477456,8475754
2025020860,2,829,19:52,0:08,1551,left,509,penalty,17,O,87,-4,MIN,roughing,2,8475754,8477456
2025020861,1,190,6:10,13:50,1551,left,509,penalty,5,N,-7,21,MIN,tripping,2,8482109,8483487
2025020861,1,393,17:40,2:20,1560,left,509,penalty,3,D,72,28,MIN,hooking,2,8483487,8482666
2025020861,2,473,3:19,16:41,1551,right,509,penalty,3,N,2,-2,MIN,interference,2,8479638,8481525
2025020861,2,710,10:56,9:04,1551,right,509,penalty,3,D,-74,-40,MIN,high-sticking,2,8480980,8477380
2025020861,2,782,17:09,2:51,1551,right,509,penalty,3,O,43,-25,MIN,tripping,2,8477511,8475842
2025020861,2,786,17:09,2:51,1551,right,509,penalty,5,D,42,-23,MIN,slashing,2,8475842,8477511
2025020861,2,800,18:15,1:45,1441,right,509,penalty,5,N,-16,41,BEN,too-many-men-on-the-ice,2,,
2025020861,2,38,20:00,0:00,1551,right,509,penalty,3,D,-40,17,MIN,holding,2,8478450,8482157
2025020861,3,894,4:37,15:23,1551,left,509,penalty,5,O,34,36,MIN,cross-checking,2,8482460,8482470
2025020861,3,941,8:24,11:36,1551,left,509,penalty,3,D,98,-20,MIN,roughing,2,8482475,8478840
2025020862,1,142,6:24,13:36,1551,right,509,penalty,52,O,50,15,MIN,roughing-removing-opponents-helmet,2,8477932,8481043
2025020862,1,265,7:21,12:39,1451,right,509,penalty,13,O,-51,28,MIN,slashing,2,8480289,8477935
2025020862,1,297,9:32,10:28,1551,right,509,penalty,13,N,14,42,BEN,too-many-men-on-the-ice,2,,
2025020862,1,388,12:35,7:25,1560,right,509,penalty,52,D,-86,7,MIN,cross-checking,2,8482713,8479378
2025020862,1,422,15:21,4:39,1551,right,509,penalty,13,D,37,25,MIN,hooking,2,8482149,8483771
2025020862,2,827,18:51,1:09,1551,left,509,penalty,13,N,-15,33,MIN,tripping,2,8475799,8484304
2025020862,3,1064,17:00,3:00,1551,right,509,penalty,13,D,75,10,MIN,slashing,2,8480289,8477932
2025020863,1,142,2:38,17:22,1551,right,509,penalty,20,D,88,5,MIN,interference,2,8482667,8481167
2025020863,1,501,12:55,7:05,1551,right,509,penalty,28,O,41,-5,MIN,high-sticking,2,8482074,8475906
2025020863,1,518,14:18,5:42,1451,right,509,penalty,28,D,-66,24,MIN,tripping,2,8481068,8482859
2025020863,1,79,18:53,1:07,0651,right,509,penalty,20,D,57,41,MIN,boarding,2,8479983,8481028
2025020863,1,569,18:53,1:07,0651,right,509,penalty,20,D,54,41,MIN,tripping,2,8477505,8479066
2025020863,1,573,18:53,1:07,0651,right,509,penalty,28,O,53,42,MIN,roughing,2,8481028,8479576
2025020863,2,765,12:38,7:22,1560,left,509,penalty,28,D,93,-18,MIN,hooking,2,8480028,8475200
2025020863,2,845,19:00,1:00,1551,left,509,penalty,28,D,70,3,MIN,tripping,2,8480028,8479983
2025020863,3,923,4:46,15:14,1551,right,509,penalty,28,O,98,-13,MIN,roughing,2,8480860,8482859
2025020863,3,466,4:46,15:14,1551,right,509,penalty,28,N,-13,41,MIS,misconduct,10,,
2025020863,3,949,6:38,13:22,1451,right,509,penalty,20,O,-70,-40,MIN,slashing,2,8482166,8475172
2025020863,3,1040,12:34,7:26,1551,right,509,penalty,20,D,70,41,MIN,interference,2,8475726,8480727
2025020863,3,1162,17:19,2:41,1551,right,509,penalty,28,N,-13,41,BEN,too-many-men-on-the-ice,2,,
2025020864,1,85,2:21,17:39,1551,right,509,penalty,12,D,-33,38,MIN,hooking,2,8482148,8475791
2025020864,2,676,9:49,10:11,1551,left,509,penalty,12,O,-33,10,MIN,interference,2,8481656,8475791
2025020864,2,689,10:53,9:07,1451,left,509,penalty,15,D,-37,7,MIN,interference,2,8478427,8484186
2025020864,2,702,11:21,8:39,1441,left,509,penalty,15,O,54,-33,MIN,interference,2,8482702,8479345
2025020864,2,782,18:27,1:33,1551,left,509,penalty,12,D,92,-29,MIN,delaying-game-puck-over-glass,2,,
2025020864,3,833,1:59,18:01,1551,right,509,penalty,12,D,-66,-23,MIN,hooking,2,8477947,8480336
2025020865,1,249,10:00,10:00,0651,left,509,penalty,7,D,-60,-17,MIN,interference,2,8476479,8479420
2025020865,1,513,19:06,0:54,1551,left,509,penalty,7,D,-98,12,MIN,tripping,2,8480018,8481524
2025020865,2,603,0:58,19:02,1541,right,509,penalty,8,D,-48,30,MIN,tripping,2,8480802,8483457
2025020865,2,623,2:46,17:14,1451,right,509,penalty,7,O,-81,-36,MIN,hooking,2,8482087,8480802
2025020865,2,764,14:21,5:39,1551,right,509,penalty,8,D,-97,1,MIN,high-sticking,2,8475722,8480865
2025020865,2,796,16:58,3:02,1551,right,509,penalty,8,D,-82,6,MIN,high-sticking,2,8477949,8483457
2025020865,3,1056,16:24,3:36,1551,left,509,penalty,8,D,81,-2,MIN,holding,2,8481524,8481523
2025020866,1,144,6:32,13:28,1551,left,509,penalty,9,D,-74,20,MIN,high-sticking,2,8481032,8482095
2025020866,1,196,10:01,9:59,1551,left,509,penalty,9,D,-27,25,MIN,slashing,2,8479996,8473512
2025020866,1,284,12:24,7:36,1551,left,509,penalty,1,D,87,15,MIN,tripping,2,8473512,8477488
2025020866,2,602,11:30,8:30,1551,right,509,penalty,9,D,65,41,MIN,elbowing,2,8474149,8481528
2025020866,2,639,14:04,5:56,1551,right,509,penalty,1,D,-79,-14,MIN,slashing,2,8482105,8480192
2025020866,3,784,0:18,19:42,1551,left,509,penalty,1,D,70,-16,MIN,hooking,2,8482092,8478399
2025020866,3,824,3:01,16:59,0651,left,509,penalty,9,D,-37,40,MIN,tripping,2,8484958,8478469
2025020866,3,900,8:41,11:19,1551,left,509,penalty,1,D,86,-1,MIN,roughing,2,8481528,8475455
2025020866,3,903,8:41,11:19,1551,left,509,penalty,9,O,86,0,MIN,slashing,2,8475455,8481528
2025020866,3,1007,15:00,5:00,1551,left,509,penalty,9,D,-75,-12,MIN,interference,2,8480002,8482095
2025020867,1,245,9:53,10:07,1551,left,509,penalty,2,O,94,-19,MIN,tripping,2,8477971,8476917
2025020867,1,340,16:11,3:49,1551,left,509,penalty,18,O,-97,8,MIN,hooking,2,8476917,8476539
2025020867,1,15,16:11,3:49,1551,left,509,penalty,18,N,-2,-41,MIS,misconduct,10,,
2025020867,3,797,1:10,18:50,1551,left,509,penalty,2,N,-15,40,BEN,delaying-game-unsuccessful-challenge,2,,
2025020867,3,938,8:10,11:50,1551,left,509,penalty,18,O,-77,1,MIN,roughing,2,8476429,8477446
2025020867,3,941,8:10,11:50,1551,left,509,penalty,2,D,-73,1,MIN,roughing,2,8477446,8476429
2025020867,3,1001,12:19,7:41,1551,left,509,penalty,18,D,57,-3,MIN,tripping,2,8477500,8482482
2025020867,3,1074,17:49,2:11,1551,left,509,penalty,2,D,-82,-1,MIN,interference,2,8482062,8476917
2025020867,3,1077,17:49,2:11,1551,left,509,penalty,18,O,-81,-1,MIN,roughing,2,8476917,8482062
2025020868,1,101,2:41,17:19,1551,left,509,penalty,29,D,94,27,MIN,holding,2,8476897,8482705
2025020868,1,287,13:50,6:10,1551,left,509,penalty,19,D,-76,-40,MIN,delaying-game-puck-over-glass,2,,
2025020868,2,371,1:31,18:29,1551,right,509,penalty,29,D,-73,-25,MIN,slashing,2,8484164,8481716
2025020868,2,549,8:06,11:54,0651,right,509,penalty,19,D,92,28,MIN,holding,2,8480893,8479385
2025020868,3,795,6:41,13:19,1551,left,509,penalty,29,O,-26,-23,MIN,slashing,2,8481598,8478975
2025020868,3,921,12:09,7:51,1551,left,509,penalty,29,D,83,25,MIN,holding,2,8483516,8484166
2025020869,2,46,20:00,0:00,1551,left,509,penalty,23,D,-93,-19,MIN,roughing,2,8476872,8483678
2025020869,2,49,20:00,0:00,1551,left,509,penalty,10,O,-94,-22,MIN,cross-checking,2,8483678,8476872
2025020869,4,479,3:46,1:14,1331,left,509,penalty,23,D,-61,-3,PS,ps-tripping-on-breakaway,0,8479318,8478856
2025020870,1,67,0:48,19:12,1551,left,509,penalty,68,D,-87,-31,MIN,delaying-game-puck-over-glass,2,,
2025020870,1,157,6:38,13:22,1551,left,509,penalty,68,D,-72,35,MIN,delaying-game-puck-over-glass,2,,
2025020870,1,21,10:23,9:37,1551,left,509,penalty,25,N,0,-39,BEN,delaying-game-unsuccessful-challenge,2,,
2025020870,1,300,13:04,6:56,1551,left,509,penalty,25,N,-3,-1,MIN,tripping,2,8479293,8478420
2025020870,2,716,12:37,7:23,1551,right,509,penalty,68,O,-84,1,MIN,roughing,2,8478449,8480855
2025020870,2,720,12:37,7:23,1551,right,509,penalty,25,D,-83,0,MIN,roughing,2,8480855,8478449
2025020870,2,812,19:01,0:59,1551,right,509,penalty,68,D,55,33,MIN,hooking,2,8482740,8477220
2025020870,3,987,12:13,7:47,1551,left,509,penalty,68,D,-69,14,MIN,broken-stick,2,,
2025020871,1,156,5:59,14:01,1551,left,509,penalty,22,O,86,-21,MIN,high-sticking,2,8478136,8477508
2025020871,1,316,10:48,9:12,1551,left,509,penalty,22,O,97,6,MIN,tripping,2,8480800,8478402
2025020871,1,374,15:12,4:48,1551,left,509,penalty,30,O,-63,-38,MIN,hooking,2,8477934,8478508
2025020871,1,426,19:15,0:45,1551,left,509,penalty,22,O,84,0,MIN,interference-goalkeeper,2,8482661,8475786
2025020871,2,770,18:40,1:20,1551,right,509,penalty,30,D,-84,-7,MIN,holding,2,8477508,8482122
2025020872,1,328,11:51,8:09,1551,right,509,penalty,54,N,12,42,BEN,too-many-men-on-the-ice,2,,
2025020872,2,707,12:52,7:08,1551,left,509,penalty,54,O,70,-35,MIN,tripping,2,8479324,8481604
2025020872,2,764,16:37,3:23,1551,left,509,penalty,55,D,70,10,MIN,tripping,2,8477964,8482858
2025020872,2,800,19:27,0:33,1551,left,509,penalty,55,D,48,-36,MIN,hooking,2,8478434,8478407
2025020873,1,121,4:57,15:03,1551,right,509,penalty,14,O,-67,-10,MIN,high-sticking,2,8479325,8483752
2025020873,1,130,5:02,14:58,1541,right,509,penalty,6,O,96,-22,MIN,tripping,2,8474151,8478042
2025020873,1,174,7:48,12:12,1551,right,509,penalty,14,D,39,-25,MIN,tripping,2,8477956,8480995
2025020873,1,21,16:55,3:05,1551,right,509,penalty,14,N,11,22,MIN,tripping,2,8483505,8477404
2025020873,2,845498,9:07,10:53,1551,left,509,penalty,6,N,14,41,MIN,roughing,2,8476878,8479325
2025020873,2,845509,10:28,9:32,1551,left,509,penalty,6,D,97,-12,MIN,roughing,2,8477416,8480355
2025020873,2,43,11:01,8:59,1451,left,509,penalty,6,N,0,-6,MIN,goalie-leave-crease,2,,
2025020873,2,845233,11:01,8:59,1451,left,509,penalty,14,N,-1,-1,MIN,goalie-leave-crease,2,,
2025020873,2,845523,11:01,8:59,1451,left,509,penalty,14,O,83,-5,MIN,slashing,2,8480280,8479542
2025020873,2,845528,11:01,8:59,1451,left,509,penalty,6,D,83,-3,MIN,roughing,2,8479542,8479325
2025020873,2,46,11:01,8:59,1451,left,509,penalty,14,N,-1,-6,MAJ,fighting,5,8480280,8476883
2025020873,2,256,11:01,8:59,1451,left,509,penalty,6,N,0,-18,MAJ,fighting,5,8476883,8480280
2025020873,2,845576,14:03,5:57,1551,left,509,penalty,6,D,78,-38,MIN,delaying-game-puck-over-glass,2,,
2025020873,2,845587,14:16,5:44,1451,left,509,penalty,6,D,83,-19,MIN,interference,2,8477404,8479661
2025020873,2,845612,15:45,4:15,1351,left,509,penalty,6,D,57,7,MIN,closing-hand-on-puck,2,,
2025020873,4,845990,0:18,4:42,1331,left,509,penalty,6,D,69,7,MIN,slashing,2,8482655,8477956
2025020873,4,846052,4:35,0:25,1331,left,509,penalty,6,D,82,2,MIN,hooking,2,8477426,8476854
2025020874,1,59,0:32,19:28,1551,right,509,penalty,12,O,-97,14,MIN,boarding,2,8479998,8476921
2025020874,1,132,6:21,13:39,1551,right,509,penalty,26,N,-20,24,MIN,slashing,2,8482809,8477942
2025020874,2,424,0:01,19:59,1551,left,509,penalty,26,N,-1,-19,MIN,roughing,2,8476921,8470621
2025020874,2,24,0:01,19:59,1551,left,509,penalty,26,N,1,-15,MIN,roughing,2,8476921,8470621
2025020874,2,428,0:01,19:59,1551,left,509,penalty,12,N,2,-17,MIN,roughing,2,8470621,8476921
2025020874,2,510,2:39,17:21,1551,left,509,penalty,26,D,90,-31,MIN,roughing,2,8482809,8476441
2025020874,2,651,9:19,10:41,1551,left,509,penalty,12,O,26,14,MIN,embellishment,2,,
2025020874,2,654,9:19,10:41,1551,left,509,penalty,26,D,25,23,MIN,hooking,2,8475791,8482730
2025020874,2,46,19:20,0:40,1551,left,509,penalty,26,D,88,8,MIN,roughing,2,8476921,8482730
2025020874,2,49,19:20,0:40,1551,left,509,penalty,12,O,88,10,MIN,roughing,2,8482730,8476921
2025020874,3,868,6:18,13:42,1551,right,509,penalty,12,D,61,17,MIN,tripping,2,8482730,8478970
2025020874,3,888,7:46,12:14,1541,right,509,penalty,26,O,84,-34,MIN,slashing,2,8480817,8470621
2025020875,1,93,2:49,17:11,0651,left,509,penalty,24,D,-99,14,MIN,holding,2,8475191,8482803
2025020875,2,543,4:11,15:49,1551,right,509,penalty,54,O,98,-12,MIN,holding-the-stick,2,8483490,8476881
2025020875,2,615,5:20,14:40,1551,right,509,penalty,54,N,-10,33,MIN,high-sticking,2,8478873,8479550
2025020875,2,716,14:22,5:38,1551,right,509,penalty,24,D,66,-12,MIN,roughing,2,8483890,8475462
2025020876,2,586,3:36,16:24,1551,left,509,penalty,7,O,-36,-41,MIN,delaying-game,2,,
2025020876,2,718,12:51,7:09,1551,left,509,penalty,13,D,-53,2,MIN,tripping,2,8484145,8473507
2025020876,2,773,17:11,2:49,1551,left,509,penalty,7,D,26,-37,MIN,slashing,2,8477932,8482097
2025020876,3,817,0:35,19:25,1551,right,509,penalty,13,D,50,25,MIN,holding,2,8477949,8477932
2025020876,3,875,5:19,14:41,0651,right,509,penalty,13,D,57,-6,MIN,hooking,2,8481522,8481655
2025020876,3,978,12:15,7:45,1551,right,509,penalty,7,D,-78,6,MIN,tripping,2,8480185,8480839
2025020876,3,991,13:08,6:52,1451,right,509,penalty,7,D,-77,5,MIN,slashing,2,8478542,8481524
2025020877,1,351,10:47,9:13,1551,left,509,penalty,5,O,85,0,MIN,interference-goalkeeper,2,8476999,8476483
2025020877,1,420,15:44,4:16,1551,left,509,penalty,5,D,-74,4,MIN,high-sticking,2,8482092,8482470
2025020877,2,575,3:25,16:35,1551,right,509,penalty,5,D,70,39,MIN,cross-checking,2,8481528,8478450
2025020877,2,877,19:31,0:29,1551,right,509,penalty,5,D,82,2,MIN,cross-checking,2,8474189,8477365
2025020877,3,1047,10:51,9:09,1551,left,509,penalty,9,O,-69,-29,MIN,cross-checking,2,8474578,8476393
2025020877,3,1111,14:52,5:08,1551,left,509,penalty,5,N,-18,42,BEN,delaying-game-unsuccessful-challenge,2,,
2025020878,1,98,2:26,17:34,1551,right,509,penalty,15,O,-83,1,MIN,slashing,2,8479496,8475343
2025020878,1,311,10:51,9:09,1551,right,509,penalty,2,D,-79,-21,MIN,holding,2,8475343,8485366
2025020878,1,436,19:41,0:19,1551,right,509,penalty,15,D,67,9,MIN,slashing,2,8476292,8476880
2025020878,3,890,1:47,18:13,1551,right,509,penalty,2,O,85,13,MIN,roughing,2,8476880,8476429
2025020878,3,507,1:47,18:13,1551,right,509,penalty,2,O,86,12,MAJ,fighting,5,8476880,8476429
2025020878,3,885,1:47,18:13,1551,right,509,penalty,15,D,85,10,MAJ,fighting,5,8476429,8476880
2025020878,3,912,3:37,16:23,1451,right,509,penalty,2,D,-84,7,MIN,high-sticking,2,8484186,8477369
2025020878,3,1116,18:51,1:09,1551,right,509,penalty,2,N,9,39,MIN,slashing,2,8482088,8477407
2025020879,1,64,0:55,19:05,1551,right,509,penalty,8,N,-19,1,MIN,hooking,2,8475692,8482775
2025020879,2,37,7:53,12:07,1551,left,509,penalty,8,D,92,22,MIN,tripping,2,8480800,8483457
2025020879,2,44,11:14,8:46,0651,left,509,penalty,30,D,-85,-10,MIN,tripping,2,8482775,8474567
2025020879,4,1083,2:34,2:26,1331,left,509,penalty,8,D,84,-9,MIN,hooking,2,8478864,8476479
2025020880,1,148,8:04,11:56,1551,left,509,penalty,19,D,96,-2,MIN,hooking,2,8474564,8481006
2025020880,1,389,14:04,5:56,1551,left,509,penalty,18,O,50,0,MIN,interference,2,8478472,8477971
2025020880,3,935,10:41,9:19,1551,left,509,penalty,18,N,-16,-41,MIN,delaying-game-puck-over-glass,2,,
2025020880,3,513,19:57,0:03,0651,left,509,penalty,19,O,-57,-31,MIN,cross-checking,2,8474564,8475170
2025020881,1,75,1:42,18:18,1551,right,509,penalty,16,D,67,40,MIN,interference,2,8477505,8483506
2025020881,1,10,5:34,14:26,1560,right,509,penalty,28,N,-11,41,BEN,too-many-men-on-the-ice,2,,
2025020881,1,246,11:35,8:25,1551,right,509,penalty,28,O,26,-1,MIN,hooking,2,8481568,8485402
2025020881,1,296,15:56,4:04,1551,right,509,penalty,28,N,4,-39,MIN,tripping,2,8477479,8477505
2025020881,2,482,3:51,16:09,1551,left,509,penalty,28,D,48,11,MIN,tripping,2,8483450,8483630
2025020881,2,725,18:19,1:41,1551,left,509,penalty,16,D,-64,-38,MIN,delaying-game-puck-over-glass,2,,
2025020881,3,793,2:42,17:18,1551,right,509,penalty,16,N,2,-10,MIN,hooking,2,8475200,8484144
2025020881,3,915,11:20,8:40,1551,right,509,penalty,16,D,47,-36,MIN,tripping,2,8478874,8476891
2025020882,1,133,5:22,14:38,1551,right,509,penalty,25,O,-48,38,MIN,tripping,2,8480289,8476889
2025020882,1,254,14:21,5:39,0651,right,509,penalty,25,D,43,30,MIN,hooking,2,8480014,8480036
2025020882,1,334,19:39,0:21,1551,right,509,penalty,52,D,-27,20,MIN,hooking,2,8477454,8473604
2025020882,2,492,3:31,16:29,1551,left,509,penalty,25,N,-13,21,MIN,tripping,2,8474679,8478420
2025020882,2,669,11:34,8:26,1551,left,509,penalty,52,D,84,3,MIN,interference,2,8473994,8474568
2025020882,2,679,12:20,7:40,1451,left,509,penalty,52,D,54,27,MIN,tripping,2,8480027,8480289
2025020882,3,858,2:43,17:17,1551,right,509,penalty,52,D,-42,17,MIN,hooking,2,8479351,8473604
2025020883,1,359,17:38,2:22,1551,right,509,penalty,17,D,-42,-32,MIN,delaying-game-puck-over-glass,2,,
2025020883,2,589,6:54,13:06,1551,left,509,penalty,21,D,-68,-34,MIN,tripping,2,8479992,8484258
2025020883,2,706,15:09,4:51,1551,left,509,penalty,21,D,-68,37,MIN,hooking,2,8484223,8482953
2025020883,3,812,2:22,17:38,1560,right,509,penalty,17,D,-58,-12,MIN,tripping,2,8481641,8481607
2025020883,3,510,19:29,0:31,1560,right,509,penalty,21,D,88,2,MIS,misconduct,10,,
2025020884,1,77,1:24,18:36,1551,left,509,penalty,68,N,-17,41,BEN,too-many-men-on-the-ice,2,,
2025020884,1,19,11:12,8:48,1560,left,509,penalty,23,D,93,-25,MIN,tripping,2,8480849,8480144
2025020884,2,562,4:52,15:08,1551,right,509,penalty,68,D,63,0,MIN,holding,2,8480012,8479410
2025020884,2,604,8:29,11:31,1551,right,509,penalty,23,D,-43,4,MIN,tripping,2,8480855,8475169
2025020884,3,877,9:01,10:59,1551,left,509,penalty,68,N,21,-35,MIN,cross-checking,2,8475169,8480849
2025020884,3,355,15:21,4:39,1551,left,509,penalty,68,O,65,-19,MIN,roughing,2,8475169,8477070
2025020884,3,358,15:21,4:39,1551,left,509,penalty,23,D,66,-17,MIS,misconduct,10,,
2025020884,3,361,15:21,4:39,1551,left,509,penalty,68,O,69,-17,MIS,misconduct,10,,
2025020885,2,552,8:11,11:49,1551,left,509,penalty,10,D,87,2,MIN,holding-the-stick,2,8474150,8479361
2025020885,2,548,8:11,11:49,1551,left,509,penalty,20,O,86,3,MIN,roughing,2,8479361,8474150
2025020885,2,733,17:46,2:14,1551,left,509,penalty,10,O,-55,28,MIN,tripping,2,8477810,8482720
2025020886,1,70,1:10,18:50,1551,left,509,penalty,7,D,71,12,MIN,holding,2,8477404,8483500
2025020886,1,245,10:35,9:25,1551,left,509,penalty,14,D,-63,-38,MIN,holding,2,8482659,8482201
2025020886,1,386,13:55,6:05,1551,left,509,penalty,14,O,67,39,MIN,tripping,2,8482097,8482655
2025020886,3,877,7:33,12:27,1551,left,509,penalty,7,D,74,-22,MIN,hooking,2,8479542,8481524
2025020886,3,955,12:55,7:05,0651,left,509,penalty,14,O,69,8,MIN,hooking,2,8484797,8480876
2025020887,1,491,18:25,1:35,1551,left,509,penalty,29,O,-67,32,MIN,tripping,2,8476462,8478975
2025020887,2,631,9:10,10:50,1551,right,509,penalty,29,O,84,1,MIN,interference-goalkeeper,2,8474593,8477425
2025020887,2,728,17:55,2:05,0651,right,509,penalty,1,D,67,-40,MIN,holding,2,8480806,8481721
2025020887,3,766,1:09,18:51,1560,left,509,penalty,29,D,81,3,MIN,hooking,2,8484177,8478460
2025020887,3,779,2:00,18:00,1451,left,509,penalty,1,D,-75,7,MIN,tripping,2,8475745,8480002
2025020887,3,959,16:19,3:41,1551,left,509,penalty,1,D,-97,-5,MIN,interference,2,8478975,8475455
2025020887,3,963,16:19,3:41,1551,left,509,penalty,29,O,-99,-1,MIN,roughing,2,8475455,8478975
2025020888,1,84,1:54,18:06,1551,left,509,penalty,2,D,-68,3,MIN,hooking,2,8482475,8476429
2025020888,2,585,4:08,15:52,1551,right,509,penalty,5,N,-9,-40,MIN,delaying-game-puck-over-glass,2,,
2025020888,2,806,18:07,1:53,1551,right,509,penalty,2,D,74,3,MIN,holding,2,8482475,8477369
2025020888,3,996,11:52,8:08,1560,left,509,penalty,5,N,-7,-6,MIN,tripping,2,8478445,8471675
2025020889,1,94,2:55,17:05,1551,right,509,penalty,4,D,57,39,MIN,tripping,2,8484186,8475235
2025020889,2,512,2:02,17:58,1551,left,509,penalty,15,D,52,-4,MIN,slashing,2,8483733,8471214
2025020889,2,624,6:59,13:01,1551,left,509,penalty,15,D,60,37,MIN,holding,2,8480015,8479345
2025020889,3,964,14:13,5:47,1551,right,509,penalty,15,D,-72,29,MIN,hooking,2,8478439,8482088
2025020889,3,418,19:43,0:17,0651,right,509,penalty,15,N,-12,40,MIS,misconduct,10,,
2025020890,1,143,4:58,15:02,1551,right,509,penalty,9,D,-62,-40,MIN,high-sticking,2,8480817,8480188
2025020890,2,665,8:41,11:19,1551,left,509,penalty,12,D,-88,-7,MIN,hooking,2,8482116,8480830
2025020890,2,714,12:33,7:27,1551,left,509,penalty,9,D,60,1,MIN,broken-stick,2,,
2025020890,2,761,15:47,4:13,1551,left,509,penalty,12,N,-23,41,MIN,interference,2,8473512,8477478
2025020890,3,887,4:05,15:55,1551,right,509,penalty,12,O,-32,-12,MIN,high-sticking,2,8478020,8476873
2025020891,1,300,11:00,9:00,1551,left,509,penalty,10,D,84,2,MIN,tripping,2,8478402,8475171
2025020891,1,415,16:24,3:36,1551,left,509,penalty,22,O,97,-13,MIN,roughing,2,8475171,8478233
2025020891,1,419,16:24,3:36,1551,left,509,penalty,10,D,96,-13,MIN,roughing,2,8478233,8475171
2025020891,2,546,5:17,14:43,1551,right,509,penalty,10,D,-73,-20,MAJ,fighting,5,8477498,8478443
2025020891,2,542,5:17,14:43,1551,right,509,penalty,22,O,-74,-21,MAJ,fighting,5,8478443,8477498
2025020891,3,843,6:38,13:22,1551,left,509,penalty,22,O,25,24,MIN,interference,2,8479442,8483512
2025020891,3,850,6:44,13:16,1541,left,509,penalty,22,N,-1,27,MIN,high-sticking,2,8479318,8477406
2025020891,3,364,18:56,1:04,1551,left,509,penalty,22,D,-27,-41,MIS,misconduct,10,,
2025020892,2,486,1:56,18:04,1551,right,509,penalty,55,O,63,41,MIN,holding,2,8473986,8482665
2025020892,2,45,20:00,0:00,1551,right,509,penalty,55,O,48,4,MIN,roughing,2,8476885,8482874
2025020892,2,48,20:00,0:00,1551,right,509,penalty,24,D,52,8,MIN,roughing,2,8482874,8476885
2025020892,2,601,20:00,0:00,1551,right,509,penalty,55,O,46,10,MIS,misconduct,10,,
2025020892,3,855,2:47,17:13,1551,left,509,penalty,55,D,65,-38,MIN,tripping,2,8479705,8477986
2025020892,3,877,4:38,15:22,1451,left,509,penalty,55,O,-34,-40,MIN,delaying-game-puck-over-glass,2,,
2025020892,3,893,5:40,14:20,1451,left,509,penalty,55,N,10,25,MIN,holding,2,8475798,8476457
2025020892,3,897,5:40,14:20,1451,left,509,penalty,24,N,16,17,MIN,embellishment,2,,
2025020893,1,280,10:33,9:27,1551,right,509,penalty,6,N,-14,42,BEN,unsportsmanlike-conduct-bench,2,,
2025020893,1,273,10:33,9:27,1551,right,509,penalty,13,N,12,-10,MIN,illegal-check-to-head,2,8479325,8483771
2025020893,1,277,10:33,9:27,1551,right,509,penalty,6,O,42,42,MIN,roughing,2,8483771,8481219
2025020893,1,399,15:06,4:54,1551,right,509,penalty,13,D,68,3,MIN,interference,2,8477956,8477932
2025020893,1,644,19:07,0:53,1551,right,509,penalty,6,D,-53,-1,MIN,tripping,2,8482113,8483505
2025020893,1,648,19:07,0:53,1551,right,509,penalty,13,O,-60,-41,MIN,unsportsmanlike-conduct,2,8483505,8477933
2025020893,1,29,19:07,0:53,1551,right,509,penalty,6,D,-67,-41,MAJ,fighting,5,8478421,8479661
2025020893,1,32,19:07,0:53,1551,right,509,penalty,13,O,-73,-41,MAJ,fighting,5,8479661,8478421
2025020893,1,154,20:00,0:00,1551,right,509,penalty,6,D,-27,34,MIN,slashing,2,8479314,8477507
2025020893,2,689,2:22,17:38,1551,left,509,penalty,6,D,80,-2,MIN,hooking,2,8477935,8478042
2025020893,2,828,12:25,7:35,1551,left,509,penalty,13,O,82,-2,MIN,interference-goalkeeper,2,8476914,8480185
2025020893,2,873,15:06,4:54,1551,left,509,penalty,13,D,-80,4,MIN,cross-checking,2,8479661,8478859
2025020893,2,890,16:59,3:01,1541,left,509,penalty,13,D,-78,-8,MIN,slashing,2,8479591,8480185
2025020893,2,908,18:23,1:37,1541,left,509,penalty,13,D,-80,0,MIN,roughing,2,8479999,8478542
2025020893,2,911,18:23,1:37,1541,left,509,penalty,6,O,-80,-1,MIN,slashing,2,8475683,8479591
2025020893,3,1010,4:50,15:10,1551,right,509,penalty,13,D,45,-41,MIN,tripping,2,8482634,8478055
2025020893,3,1086,10:21,9:39,1551,right,509,penalty,13,D,41,42,MIN,slashing,2,8477507,8477409
2025020893,3,1268,15:43,4:17,1551,right,509,penalty,13,N,5,42,MIN,high-sticking,2,8481219,8480185
2025020894,2,442,2:55,17:05,0651,right,509,penalty,29,D,57,23,MIN,hooking,2,8482703,8478046
2025020894,2,32,8:42,11:18,1551,right,509,penalty,29,O,-88,34,MIN,slashing,2,8477450,8477497
2025020894,2,644,15:09,4:51,1551,right,509,penalty,29,D,89,-20,MIN,tripping,2,8482172,8476923
2025020894,3,769,6:01,13:59,1551,left,509,penalty,29,D,-48,-26,MIN,roughing,2,8476473,8479371
2025020894,3,772,6:01,13:59,1551,left,509,penalty,16,O,-65,-12,MIN,slashing,2,8479371,8483493
2025020894,3,848,11:27,8:33,1551,left,509,penalty,16,D,84,6,MIN,tripping,2,8478460,8481806
2025020895,1,225,4:49,15:11,1551,right,509,penalty,8,D,-73,7,MIN,high-sticking,2,8475799,8476981
2025020895,1,491,17:48,2:12,1551,right,509,penalty,52,O,-78,-2,MIN,slashing,2,8476875,8474679
2025020895,1,517,19:24,0:36,1541,right,509,penalty,8,N,19,27,MIN,interference,2,8476480,8482737
2025020895,3,851,2:01,17:59,1551,right,509,penalty,8,D,-95,-7,MIN,holding,2,8480014,8478851
2025020895,3,936,9:00,11:00,1551,right,509,penalty,52,D,84,-4,MIN,slashing,2,8476875,8477504
2025020895,3,1059,18:12,1:48,1560,right,509,penalty,8,D,-83,-37,MIN,tripping,2,8479378,8475848
2025020896,1,214,3:31,16:29,0651,left,509,penalty,18,O,85,34,MIN,tripping,2,8480800,8474564
2025020896,1,310,9:16,10:44,1551,left,509,penalty,30,O,-53,10,MIN,tripping,2,8475158,8477451
2025020896,1,432,13:35,6:25,1551,left,509,penalty,18,O,30,-40,MAJ,fighting,5,8476994,8482482
2025020896,1,428,13:35,6:25,1551,left,509,penalty,30,D,30,-40,MAJ,fighting,5,8482482,8476994
2025020896,1,572,16:20,3:40,1560,left,509,penalty,30,O,-70,-38,MIN,holding,2,8474600,8478864
2025020896,2,909,18:06,1:54,1560,right,509,penalty,30,D,-52,-7,MIN,hooking,2,8482062,8480800
2025020896,3,957,1:19,18:41,1551,left,509,penalty,18,D,-25,-33,MIN,high-sticking,2,8480800,8475158
2025020897,1,113,3:57,16:03,1551,right,509,penalty,21,D,52,-33,MIN,slashing,2,8475906,8480448
2025020897,1,256,10:09,9:51,1551,right,509,penalty,21,D,74,-6,MIN,hooking,2,8480798,8475754
2025020897,1,273,11:29,8:31,1541,right,509,penalty,28,O,97,-9,MIN,hooking,2,8480069,8477505
2025020897,1,413,17:38,2:22,1551,right,509,penalty,28,D,-78,-38,MIN,holding,2,8470613,8480748
2025020897,2,552,4:08,15:52,1551,left,509,penalty,28,O,-55,36,MIN,high-sticking,2,8480069,8480798
2025020897,2,627,10:41,9:19,1551,left,509,penalty,21,O,32,-38,MIN,hooking,2,8479983,8482947
2025020897,3,986,11:50,8:10,0651,right,509,penalty,21,D,75,29,MIN,tripping,2,8484911,8470613
2025020897,3,983,11:50,8:10,0651,right,509,penalty,28,O,65,39,MIN,slashing,2,8470613,8484801
2025020898,1,150,6:32,13:28,1551,left,509,penalty,17,D,92,-13,MIN,delaying-game-puck-over-glass,2,,
2025020898,1,166,7:50,12:10,1451,left,509,penalty,17,D,66,-14,MIN,slashing,2,8478474,8477946
2025020898,1,281,15:09,4:51,1551,left,509,penalty,68,O,95,-25,MIN,hooking,2,8480879,8480849
2025020898,2,440,2:33,17:27,1551,right,509,penalty,17,D,-92,-23,MIN,tripping,2,8479977,8474612
2025020898,2,586,5:54,14:06,1551,right,509,penalty,68,O,-58,24,MAJ,fighting,5,8474612,8479293
2025020898,2,582,5:54,14:06,1551,right,509,penalty,17,D,-62,30,MAJ,fighting,5,8479293,8474612
2025020898,2,777,14:51,5:09,0651,right,509,penalty,68,D,75,7,MIN,hooking,2,8480879,8482699
2025020898,2,834,19:02,0:58,1551,right,509,penalty,68,D,83,8,MIN,hooking,2,8481725,8477220
2025020898,3,1048,14:21,5:39,1551,left,509,penalty,68,D,-72,40,MIN,delaying-game-puck-over-glass,2,,
2025020899,1,198,6:44,13:16,1551,right,509,penalty,25,D,59,41,MIN,delaying-game-puck-over-glass,2,,
2025020899,1,312,15:03,4:57,1551,right,509,penalty,19,D,-25,-6,MIN,tripping,2,8480027,8482089
2025020899,1,423,19:55,0:05,1551,right,509,penalty,19,O,97,3,MIN,tripping,2,8480036,8477952
2025020899,2,660,9:45,10:15,1551,left,509,penalty,19,D,79,6,MIN,tripping,2,8480840,8476412
2025020899,2,38,12:49,7:11,1551,left,509,penalty,25,D,-72,2,MIN,roughing,2,8481006,8478420
2025020899,2,708,12:49,7:11,1551,left,509,penalty,19,O,-72,2,MIN,roughing,2,8478420,8481006
2025020899,2,711,12:49,7:11,1551,left,509,penalty,25,D,-72,2,MIN,cross-checking,2,8481006,8478420
2025020899,2,782,18:14,1:46,1551,left,509,penalty,25,D,-89,-17,MIN,tripping,2,8476897,8478449
2025020899,3,879,6:24,13:36,1551,right,509,penalty,25,D,81,7,MIN,hooking,2,8480281,8482740
2025020900,1,78,1:54,18:06,1551,right,509,penalty,22,N,23,-37,MIN,tripping,2,8475172,8480803
2025020900,1,204,3:21,16:39,1551,right,509,penalty,20,N,3,14,MIN,illegal-check-to-head,2,8483512,8477810
2025020900,1,238,6:11,13:49,1551,right,509,penalty,20,D,37,28,MIN,slashing,2,8477498,8479066
2025020900,1,343,14:10,5:50,1551,right,509,penalty,22,D,-95,0,MIN,tripping,2,8475172,8481056
2025020900,1,423,15:40,4:20,1560,right,509,penalty,22,D,-67,24,MIN,tripping,2,8483609,8476454
2025020900,2,652,7:30,12:30,1551,left,509,penalty,20,N,-18,4,MAJ,fighting,5,8480834,8477810
2025020900,2,655,7:30,12:30,1551,left,509,penalty,22,N,-8,17,MAJ,fighting,5,8477810,8480834
2025020900,2,720,11:43,8:17,1551,left,509,penalty,22,N,-1,-15,MIN,cross-checking,2,8481028,8477406
2025020900,2,723,11:43,8:17,1551,left,509,penalty,20,N,0,-15,MIN,unsportsmanlike-conduct,2,8477406,8481028
2025020900,2,790,17:06,2:54,1551,left,509,penalty,20,D,-68,10,MIN,slashing,2,8478402,8482679
2025020900,3,982,11:18,8:42,0651,right,509,penalty,20,D,75,34,MIN,hooking,2,8476454,8477346
2025020901,1,102,3:30,16:30,1551,right,509,penalty,54,N,-22,42,MIN,roughing,2,8482691,8478468
2025020901,1,139,6:35,13:25,1551,right,509,penalty,23,N,-21,31,MIN,interference,2,8478403,8482691
2025020902,1,96,3:16,16:44,1551,right,509,penalty,55,N,1,-41,MIN,roughing,2,8482408,8482874
2025020902,1,100,3:16,16:44,1551,right,509,penalty,26,N,-1,-39,MIN,roughing,2,8482874,8482408
2025020902,1,157,7:08,12:52,1551,right,509,penalty,55,D,-28,41,MIN,interference,2,8477942,8474586
2025020902,1,306,14:31,5:29,1551,right,509,penalty,26,D,32,36,MIN,interference,2,8474586,8482730
2025020902,1,348,18:13,1:47,1551,right,509,penalty,26,N,21,-20,MIN,slashing,2,8482751,8477960
2025020902,2,444,1:37,18:23,1551,left,509,penalty,26,D,-67,-2,MIN,hooking,2,8480009,8482124
2025020902,2,589,9:46,10:14,1551,left,509,penalty,55,D,89,6,MIN,closing-hand-on-puck,2,,
2025020902,3,747,0:56,19:04,1551,right,509,penalty,55,O,33,35,MIN,high-sticking,2,8477960,8476467
2025020902,3,786,4:08,15:52,1551,right,509,penalty,26,D,45,21,MIN,hooking,2,8478407,8476469
2025020902,3,847,9:10,10:50,1551,right,509,penalty,26,O,-63,37,MIN,unsportsmanlike-conduct,2,8478407,8482730
2025020902,3,850,9:10,10:50,1551,right,509,penalty,55,D,-63,38,MIN,unsportsmanlike-conduct,2,8482730,8478407
2025020902,3,877,11:46,8:14,1551,right,509,penalty,55,D,-33,-19,MIN,holding,2,8483808,8481554
2025020902,3,928,15:39,4:21,1551,right,509,penalty,26,O,-74,-40,MIN,high-sticking-double-minor,4,8476457,8477960
2025020903,1,419,15:54,4:06,1560,left,509,penalty,5,O,-92,-24,MIN,high-sticking,2,8482671,8471215
2025020903,1,465,18:59,1:01,1551,left,509,penalty,5,D,39,25,MIN,holding,2,8475722,8478854
2025020903,2,662,10:03,9:57,1551,right,509,penalty,5,D,-70,42,MIN,cross-checking,2,8480839,8471675
2025020903,2,761,17:54,2:06,0651,right,509,penalty,7,O,-98,0,MIN,tripping,2,8481668,8477949
2025020903,3,799,1:14,18:46,1551,left,509,penalty,5,O,-91,6,MIN,tripping,2,8482671,8471215
2025020903,3,837,4:13,15:47,1551,left,509,penalty,7,D,-83,-2,MIN,hooking,2,8475810,8480891
2025020903,3,928,10:33,9:27,1551,left,509,penalty,7,O,87,0,MIN,interference-goalkeeper,2,8481668,8481522
2025020903,3,924,10:33,9:27,1551,left,509,penalty,5,D,91,31,MAJ,fighting,5,8481522,8477365
2025020903,3,365,10:33,9:27,1551,left,509,penalty,7,O,93,28,MAJ,fighting,5,8477365,8481522
2025020903,3,1043,18:31,1:29,1560,left,509,penalty,5,D,39,3,MIN,hooking,2,8482671,8477511
2025020904,1,314,15:14,4:46,0651,left,509,penalty,14,D,-83,-7,MIN,cross-checking,2,8482113,8476453
2025020904,1,322,15:50,4:10,1541,left,509,penalty,14,N,-20,-26,MIN,tripping,2,8484304,8476878
2025020904,1,375,18:58,1:02,1551,left,509,penalty,14,D,-96,7,MIN,roughing,2,8480003,8483752
2025020904,1,384,18:58,1:02,1551,left,509,penalty,13,O,-95,5,MIN,roughing,2,8482201,8482713
2025020904,1,381,18:58,1:02,1551,left,509,penalty,14,D,-94,5,MIN,roughing,2,8482713,8482201
2025020904,1,378,18:58,1:02,1551,left,509,penalty,13,O,-93,4,MIN,roughing,2,8483752,8480003
2025020904,1,27,20:00,0:00,1551,left,509,penalty,13,N,14,37,MIN,abuse-of-officials,2,,
2025020904,2,598,10:48,9:12,1551,right,509,penalty,13,O,44,-4,MIN,interference,2,8477416,8482113
2025020904,2,690,14:20,5:40,1551,right,509,penalty,14,O,-58,21,MIN,slashing,2,8484304,8476453
2025020904,2,704,16:06,3:54,1541,right,509,penalty,13,O,83,-2,MIN,roughing,2,8482655,8477935
2025020904,2,708,16:06,3:54,1541,right,509,penalty,14,D,87,-4,MIN,roughing,2,8477935,8482655
2025020904,2,711,16:06,3:54,1541,right,509,penalty,13,O,84,-1,MIN,roughing,2,8475167,8479314
2025020904,2,714,16:06,3:54,1541,right,509,penalty,14,D,85,-3,MIN,roughing,2,8479314,8475167
2025020904,3,476,4:06,15:54,1560,left,509,penalty,13,N,16,-33,MIN,interference,2,8476453,8479314
2025020904,3,851,4:06,15:54,1560,left,509,penalty,13,D,36,-37,MIN,interference,2,8479542,8478859
2025020904,3,486,4:06,15:54,1560,left,509,penalty,13,N,16,-33,MAJ,fighting,5,8479542,8479314
2025020904,3,1401,4:06,15:54,1560,left,509,penalty,13,N,17,-38,MAJ,fighting,5,8482655,8478055
2025020904,3,912,4:06,15:54,1560,left,509,penalty,14,N,14,-37,MAJ,fighting,5,8478055,8482655
2025020904,3,923,4:06,15:54,1560,left,509,penalty,14,N,17,-37,MAJ,fighting,5,8479314,8479542
2025020904,3,1731,4:06,15:54,1560,left,509,penalty,13,N,17,-31,GAM,game-misconduct,10,,
2025020904,3,1404,4:06,15:54,1560,left,509,penalty,14,N,16,-34,GAM,game-misconduct,10,,
2025020904,3,909,4:06,15:54,1560,left,509,penalty,13,N,17,-38,MIS,misconduct,10,,
2025020904,3,491,4:06,15:54,1560,left,509,penalty,13,N,16,-37,GAM,game-misconduct,10,,
2025020904,3,494,4:06,15:54,1560,left,509,penalty,13,N,15,-36,MIS,misconduct,10,,
2025020904,3,871,4:06,15:54,1560,left,509,penalty,14,N,16,-35,MIS,misconduct,10,,
2025020904,3,862,4:06,15:54,1560,left,509,penalty,14,N,17,-39,MIS,misconduct,10,,
2025020904,3,480,4:06,15:54,1560,left,509,penalty,13,N,13,41,GAM,game-misconduct-head-coach,0,,
2025020904,3,499,4:06,15:54,1560,left,509,penalty,14,N,14,-35,MIS,misconduct,10,,
2025020904,3,1733,4:06,15:54,1560,left,509,penalty,14,N,9,-28,MIS,misconduct,10,,
2025020904,3,906,4:06,15:54,1560,left,509,penalty,13,N,16,-38,MIS,misconduct,10,,
2025020904,3,1151,6:33,13:27,1551,left,509,penalty,14,N,5,-8,MAJ,fighting,5,8478859,8480876
2025020904,3,931,6:33,13:27,1551,left,509,penalty,14,N,14,-9,GAM,aggressor,10,,
2025020904,3,1237,16:05,3:55,1551,left,509,penalty,14,N,20,38,MIN,cross-checking,2,8484933,8483398
2025020905,1,248,14:04,5:56,1551,left,509,penalty,1,O,86,-5,MIN,high-sticking,2,8476429,8478414
2025020905,2,518,7:04,12:56,1551,right,509,penalty,2,D,-27,28,MIN,high-sticking,2,8481032,8481237
2025020906,1,261,7:28,12:32,1551,right,509,penalty,12,D,-91,32,MIN,cross-checking,2,8476389,8480817
2025020906,1,329,12:50,7:10,1551,right,509,penalty,12,O,44,40,MIN,tripping,2,8478840,8475791
2025020906,2,630,5:03,14:57,1551,left,509,penalty,3,D,-85,36,MIN,interference,2,8476921,8478882
2025020906,2,818,18:19,1:41,1551,left,509,penalty,3,D,-79,21,MIN,holding,2,8475791,8478882
2025020906,2,839,19:55,0:05,0641,left,509,penalty,3,D,-82,-2,MIN,cross-checking,2,8473533,8476389
2025020907,1,434,19:19,0:41,1560,right,509,penalty,9,D,-48,-22,MIN,hooking,2,8481533,8480208
2025020907,2,626,5:52,14:08,1551,left,509,penalty,4,N,-13,6,MIN,hooking,2,8478020,8476461
2025020908,1,320,10:54,9:06,1560,right,509,penalty,18,O,70,40,MIN,tripping,2,8477845,8482103
2025020908,1,387,15:35,4:25,1551,right,509,penalty,15,D,58,-9,MIN,interference,2,8477446,8471214
2025020908,1,411,17:47,2:13,1551,right,509,penalty,18,D,-78,3,MIN,tripping,2,8471214,8476869
2025020908,2,479,2:52,17:08,1551,left,509,penalty,15,D,-77,-39,MIN,cross-checking,2,8482103,8484186
2025020908,2,487,3:39,16:21,1541,left,509,penalty,18,D,65,-28,MIN,slashing,2,8475343,8476539
2025020908,2,781,15:15,4:45,1551,left,509,penalty,18,O,-92,29,MIN,high-sticking,2,8479345,8475287
2025020908,2,789,15:19,4:41,1451,left,509,penalty,15,O,97,18,MIN,hooking,2,8476869,8482088
2025020908,3,996,10:14,9:46,1551,right,509,penalty,18,N,-23,0,MIN,tripping,2,8484186,8476869
2025020908,3,1032,13:03,6:57,1551,right,509,penalty,18,N,8,7,MIN,slashing,2,8475343,8476539
2025020908,3,1075,15:26,4:34,1551,right,509,penalty,15,N,10,26,MIN,slashing,2,8479370,8480873
2025020909,1,281,8:45,11:15,1551,right,509,penalty,54,N,-15,-28,MIN,tripping,2,8483808,8478434
2025020909,1,345,13:15,6:45,1560,right,509,penalty,26,D,-66,-2,MIN,hooking,2,8478434,8477960
2025020909,1,368,13:51,6:09,1551,right,509,penalty,54,N,0,1,MAJ,fighting,5,8482726,8485251
2025020909,1,365,13:51,6:09,1551,right,509,penalty,26,N,0,0,MAJ,fighting,5,8485251,8482726
2025020909,1,416,16:35,3:25,1551,right,509,penalty,54,N,13,28,MIN,high-sticking,2,8482155,8477447
2025020909,2,672,7:59,12:01,1551,left,509,penalty,54,N,-1,26,MIN,hooking,2,8477942,8477964
2025020909,2,810,18:03,1:57,1551,left,509,penalty,54,N,22,41,MIN,abuse-of-officials,2,,
2025020909,3,918,6:49,13:11,1551,right,509,penalty,54,D,83,-2,MIN,hooking,2,8482155,8481527
2025020909,3,1055,17:06,2:54,1551,right,509,penalty,26,O,66,-35,MIN,holding-the-stick,2,8483890,8482124
2025020910,1,387,12:44,7:16,1551,left,509,penalty,7,N,20,40,BEN,too-many-men-on-the-ice,2,,
2025020910,1,439,16:35,3:25,1551,left,509,penalty,1,O,98,0,MIN,tripping,2,8480839,8480002
2025020910,2,454,14:44,5:16,1551,right,509,penalty,1,D,96,-6,MIN,high-sticking,2,8475722,8478399
2025020910,2,45,14:44,5:16,1551,right,509,penalty,1,D,91,-21,MAJ,fighting,5,8475722,8478399
2025020910,2,49,14:44,5:16,1551,right,509,penalty,7,O,94,-9,MAJ,fighting,5,8478399,8475722
2025020910,2,818,16:53,3:07,1551,right,509,penalty,1,D,64,4,MIN,hooking,2,8482659,8480192
2025020910,3,1021,11:27,8:33,1551,left,509,penalty,7,D,98,0,MIN,holding,2,8475760,8482671
2025020911,1,248,9:43,10:17,1551,right,509,penalty,15,D,62,-7,MIN,hooking,2,8480220,8471214
2025020911,3,866,3:46,16:14,1551,right,509,penalty,4,D,-97,7,MIN,holding,2,8479400,8481546
2025020911,3,1089,19:11,0:49,0651,right,509,penalty,15,D,93,25,MIN,delaying-game-puck-over-glass,2,,
2025020912,1,367,14:06,5:54,1551,left,509,penalty,10,N,-1,29,MIN,slashing,2,8478010,8481122
2025020912,2,610,0:48,19:12,1551,right,509,penalty,14,D,78,39,MIN,interference,2,8479318,8478416
2025020912,2,704,7:58,12:02,1551,right,509,penalty,10,D,-99,0,MIN,roughing,2,8482201,8475171
2025020912,3,931,5:24,14:36,1551,left,509,penalty,10,D,50,-6,MIN,tripping,2,8480995,8479318
2025020912,3,993,9:43,10:17,1551,left,509,penalty,10,D,68,-19,MIN,hooking,2,8479542,8481122
2025020912,3,1059,14:54,5:06,0651,left,509,penalty,14,D,-87,34,MIN,holding,2,8479318,8474151
2025020913,1,156,7:55,12:05,1551,right,509,penalty,25,N,-22,-40,MIN,interference,2,8477919,8481581
2025020913,1,304,15:17,4:43,1551,right,509,penalty,25,N,22,36,MIN,holding-the-stick,2,8484800,8473994
2025020913,2,578,3:28,16:32,1551,left,509,penalty,55,O,-51,39,MIN,high-sticking,2,8476278,8477919
2025020913,2,606,5:35,14:25,1551,left,509,penalty,55,N,0,-40,BEN,delaying-game-unsuccessful-challenge,2,,
2025020913,2,744,16:16,3:44,1551,left,509,penalty,55,N,-23,-4,MIN,slashing,2,8475755,8477955
2025020913,3,858,4:27,15:33,1551,right,509,penalty,25,D,96,-16,MIN,cross-checking,2,8482665,8480027
2025020913,3,462,7:50,12:10,1551,right,509,penalty,25,N,-1,41,MIN,cross-checking,2,8482874,8477454
2025020913,3,898,7:50,12:10,1551,right,509,penalty,25,N,0,40,MIN,roughing,2,8482874,8477454
2025020913,3,901,7:50,12:10,1551,right,509,penalty,55,N,0,41,MIN,roughing,2,8477454,8482874
2025020913,3,904,7:50,12:10,1551,right,509,penalty,55,N,10,29,MAJ,fighting,5,8484829,8483570
2025020913,3,907,7:50,12:10,1551,right,509,penalty,25,N,10,30,MAJ,fighting,5,8483570,8484829
2025020914,1,489,18:54,1:06,1551,left,509,penalty,21,D,89,19,MIN,tripping,2,8479343,8478038
2025020914,2,700,10:23,9:37,1551,right,509,penalty,21,N,-1,1,MIN,holding,2,8478474,8476455
2025020914,2,781,16:14,3:46,1551,right,509,penalty,68,D,55,36,MIN,tripping,2,8477501,8480855
2025020914,2,830,19:24,0:36,1551,right,509,penalty,21,D,-78,6,MIN,hooking,2,8482699,8480039
2025020914,3,845,0:18,19:42,1451,left,509,penalty,21,D,54,39,MIN,tripping,2,8480849,8476312
2025020914,3,890,3:43,16:17,1551,left,509,penalty,68,D,-46,-27,MIN,slashing,2,8479525,8480084
2025020914,3,426,14:20,5:40,1551,left,509,penalty,21,N,12,40,BEN,too-many-men-on-the-ice,2,,
2025020914,3,1043,15:15,4:45,1451,left,509,penalty,68,O,80,-30,MIN,tripping,2,8477476,8477951
2025020915,1,166,7:33,12:27,0651,right,509,penalty,23,N,-10,39,MIN,cross-checking,2,8480049,8475169
2025020915,2,684,10:44,9:16,1551,left,509,penalty,23,O,80,21,MIN,hooking,2,8481572,8481535
2025020915,2,726,14:34,5:26,1551,left,509,penalty,23,N,7,39,BEN,too-many-men-on-the-ice,2,,
2025020915,3,1013,11:35,8:25,1560,right,509,penalty,52,D,-90,33,MIN,high-sticking,2,8482055,8478398
2025020916,1,454,13:51,6:09,1551,right,509,penalty,54,D,-94,-21,MIN,slashing,2,8483808,8478397
2025020916,2,124,11:47,8:13,1551,left,509,penalty,26,O,94,-25,MIN,instigator,2,8478468,8470621
2025020916,2,697,11:47,8:13,1551,left,509,penalty,54,D,92,-27,MAJ,fighting,5,8470621,8478468
2025020916,2,751,11:47,8:13,1551,left,509,penalty,26,O,92,-24,MAJ,fighting,5,8478468,8470621
2025020916,2,126,11:47,8:13,1551,left,509,penalty,26,O,92,-25,MIS,instigator-misconduct,10,,
2025020916,3,1069,15:10,4:50,1551,right,509,penalty,26,O,-95,28,MIN,roughing,2,8478468,8478550
2025020917,1,74,1:14,18:46,1551,left,509,penalty,22,D,66,-4,MIN,tripping,2,8482745,8475218
2025020917,1,243,12:51,7:09,1551,left,509,penalty,22,D,68,-5,MIN,hooking,2,8479705,8474641
2025020917,1,398,19:42,0:18,1551,left,509,penalty,24,O,50,27,MIN,hooking,2,8478013,8483445
2025020917,2,429,1:52,18:08,1551,right,509,penalty,22,O,67,-38,MIN,hooking,2,8483490,8478458
2025020917,2,731,14:32,5:28,1551,right,509,penalty,22,D,-87,-3,MIN,slashing,2,8484762,8480834
2025020917,3,953,3:56,16:04,1551,left,509,penalty,24,D,-88,-1,MIN,tripping,2,8478402,8482178
2025020917,3,1173,19:37,0:23,0651,left,509,penalty,22,O,-43,-37,MIN,tripping,2,8473986,8478402
2025020918,1,291,10:38,9:22,1551,left,509,penalty,29,D,57,-19,MIN,hooking,2,8480035,8480893
2025020918,1,393,17:51,2:09,1551,left,509,penalty,6,D,-69,2,MIN,holding,2,8476432,8479591
2025020918,2,554,6:13,13:47,1551,right,509,penalty,29,O,82,-1,MIN,interference-goalkeeper,2,8476914,8477425
2025020918,3,882,8:31,11:29,1551,left,509,penalty,29,D,76,8,MIN,slashing,2,8483489,8478975
2025020919,2,607,8:19,11:41,1551,left,509,penalty,2,D,64,14,MIN,hooking,2,8476981,8476429
2025020919,2,717,16:30,3:30,1551,left,509,penalty,8,D,-69,-39,MIN,interference,2,8477950,8483515
2025020919,2,728,16:38,3:22,1541,left,509,penalty,8,D,-79,-37,MIN,high-sticking,2,8478445,8476875
2025020919,3,772,0:18,19:42,1551,right,509,penalty,2,N,14,38,MIN,tripping,2,8480865,8481601
2025020919,3,864,7:44,12:16,1560,right,509,penalty,2,O,76,-28,MIN,tripping,2,8482087,8481237
2025020920,1,320,11:42,8:18,1551,left,509,penalty,17,D,68,-31,MIN,delaying-game-puck-over-glass,2,,
2025020920,1,504,17:45,2:15,1551,left,509,penalty,17,D,78,5,MIN,hooking,2,8481528,8480879
2025020920,2,597,5:10,14:50,0651,right,509,penalty,9,D,31,-38,MIN,hooking,2,8482762,8482092
2025020920,2,46,7:40,12:20,1551,right,509,penalty,9,N,-15,34,MIN,roughing,2,8482762,8481528
2025020920,2,637,7:40,12:20,1551,right,509,penalty,17,O,33,33,MIN,interference,2,8480801,8482762
2025020920,2,633,7:40,12:20,1551,right,509,penalty,9,N,-11,36,MAJ,fighting,5,8482762,8481528
2025020920,2,44,7:40,12:20,1551,right,509,penalty,17,N,-15,36,MAJ,fighting,5,8481528,8482762
2025020920,2,49,7:40,12:20,1551,right,509,penalty,9,N,-14,39,MIS,misconduct,10,,
2025020920,2,718,12:35,7:25,1551,right,509,penalty,9,D,76,-37,MIN,cross-checking,2,8479337,8482095
2025020920,3,366,1:35,18:25,1551,left,509,penalty,17,D,81,2,MIN,roughing,2,8482092,8476434
2025020920,3,851,1:35,18:25,1551,left,509,penalty,9,O,86,-1,MIN,interference-goalkeeper,2,8476434,8482092
2025020921,1,114,3:37,16:23,1551,right,509,penalty,10,N,10,-8,MIN,tripping,2,8479314,8478462
2025020921,1,341,15:43,4:17,1551,right,509,penalty,13,D,86,-36,MIN,hooking,2,8481711,8477932
2025020921,2,670,5:30,14:30,1551,left,509,penalty,10,D,86,-35,MIN,slashing,2,8483771,8476931
2025020921,2,758,11:09,8:51,1551,left,509,penalty,13,D,-62,-26,MIN,slashing,2,8482720,8482713
2025020921,2,861,18:49,1:11,1551,left,509,penalty,13,D,-54,-41,MIN,roughing,2,8481122,8477932
2025020921,2,42,18:49,1:11,1551,left,509,penalty,10,O,-55,-40,MIN,roughing,2,8477932,8481122
2025020921,2,856,18:49,1:11,1551,left,509,penalty,13,D,-56,-42,MIN,roughing,2,8481122,8477932
2025020921,3,1061,10:01,9:59,1551,right,509,penalty,10,O,60,37,MIN,tripping,2,8477932,8481711
2025020922,1,506,17:26,2:34,1551,left,509,penalty,1,D,87,33,MIN,slashing,2,8478450,8481721
2025020922,2,551,1:24,18:36,0651,right,509,penalty,5,D,69,40,MIN,high-sticking,2,8477488,8471215
2025020922,2,598,4:56,15:04,0651,right,509,penalty,5,N,-17,42,BEN,delaying-game-unsuccessful-challenge,2,,
2025020922,2,657,9:59,10:01,1551,right,509,penalty,5,N,2,16,MIN,slashing,2,8483495,8482993
2025020922,2,707,13:04,6:56,1551,right,509,penalty,1,N,8,15,MIN,high-sticking,2,8482993,8480192
2025020922,2,738,15:33,4:27,1551,right,509,penalty,5,D,48,-30,MIN,interference,2,8479407,8471724
2025020922,2,770,18:00,2:00,1560,right,509,penalty,1,D,-93,25,MIN,holding-the-stick,2,8481481,8483495
2025020922,3,1024,16:11,3:49,0651,left,509,penalty,5,D,-62,-29,MIN,delaying-game-puck-over-glass,2,,
2025020923,2,659,13:56,6:04,1551,left,509,penalty,12,O,97,-18,MIN,holding-the-stick,2,8476453,8478427
2025020923,2,695,15:33,4:27,1551,left,509,penalty,14,D,59,19,MIN,slashing,2,8480830,8476453
2025020923,3,790,2:34,17:26,1551,right,509,penalty,12,O,-31,38,MIN,holding,2,8483398,8482809
2025020923,3,839,6:43,13:17,1551,right,509,penalty,14,O,98,3,MIN,tripping,2,8480817,8482201
2025020924,1,381,16:11,3:49,1551,right,509,penalty,4,O,91,-31,MIN,boarding,2,8482747,8477903
2025020924,1,386,16:11,3:49,1551,right,509,penalty,3,O,-33,17,MAJ,fighting,5,8477903,8475842
2025020924,1,22,16:11,3:49,1451,right,509,penalty,4,D,-30,20,MAJ,fighting,5,8475842,8477903
2025020924,2,537,3:29,16:31,0651,left,509,penalty,3,D,-82,-4,MIN,cross-checking,2,8481553,8482747
2025020924,2,600,8:27,11:33,0651,left,509,penalty,3,D,-97,-7,MIN,high-sticking,2,8484387,8477839
2025020924,2,644,11:53,8:07,1551,left,509,penalty,4,N,21,-39,MIN,high-sticking,2,8482157,8481533
2025020924,2,664,13:17,6:43,1451,left,509,penalty,3,D,-97,-9,MIN,interference,2,8480220,8476389
2025020924,3,841,7:28,12:32,1551,right,509,penalty,3,O,-92,25,MIN,slashing,2,8477948,8482109
2025020924,3,941,14:40,5:20,1551,right,509,penalty,3,D,81,-26,MIN,high-sticking,2,8477903,8478882
2025020924,3,1073,19:51,0:09,1560,right,509,penalty,4,O,82,2,MIN,interference-goalkeeper,2,8478048,8484387
2025020925,1,294,9:59,10:01,0651,left,509,penalty,19,D,-32,-16,MIN,tripping,2,8484800,8482089
2025020925,2,626,11:48,8:12,1551,right,509,penalty,19,D,74,12,MIN,hooking,2,8480009,8475764
2025020925,3,897,14:32,5:28,1551,left,509,penalty,19,N,-22,41,BEN,too-many-men-on-the-ice,2,,
2025020926,1,100,3:26,16:34,0651,left,509,penalty,18,D,-96,6,MIN,high-sticking,2,8483450,8480246
2025020926,1,143,6:00,14:00,1551,left,509,penalty,18,O,62,-38,MIN,high-sticking-double-minor,4,8477987,8475287
2025020926,3,768,1:25,18:35,1551,left,509,penalty,18,D,-47,37,MIN,delaying-game-puck-over-glass,2,,
2025020926,3,810,5:17,14:43,1551,left,509,penalty,16,N,0,32,MIN,interference,2,8475158,8473422
2025020926,3,912,12:58,7:02,1551,left,509,penalty,18,O,99,-16,MIN,roughing,2,8483506,8477446
2025020926,3,916,12:58,7:02,1551,left,509,penalty,16,D,96,-23,MIN,roughing,2,8477446,8483506
2025020926,3,508,12:58,7:02,1551,left,509,penalty,18,O,94,-20,MIN,tripping,2,8476473,8477446
2025020927,1,227,4:41,15:19,1551,right,509,penalty,30,D,-94,0,MIN,hooking,2,8475754,8482094
2025020927,1,301,9:38,10:22,1551,right,509,penalty,21,D,67,3,MIN,roughing,2,8478493,8476312
2025020927,1,343,12:03,7:57,0651,right,509,penalty,21,D,69,0,MIN,slashing,2,8477451,8476455
2025020927,2,589,6:49,13:11,1551,left,509,penalty,21,D,-67,-23,MIN,slashing,2,8478508,8480069
2025020927,2,745,14:15,5:45,1551,left,509,penalty,21,N,-11,41,MIN,elbowing,2,8478493,8476455
2025020927,2,762,15:04,4:56,1541,left,509,penalty,21,N,0,28,MIN,cross-checking,2,8481557,8477501
2025020927,2,768,15:08,4:52,1531,left,509,penalty,21,D,-84,-20,MIN,delaying-game,2,,
2025020927,3,1069,12:36,7:24,1551,right,509,penalty,30,O,64,42,MIN,tripping,2,8479525,8481477
2025020927,3,1111,16:12,3:48,1551,right,509,penalty,30,O,56,31,MIN,tripping,2,8476967,8483525
2025020928,1,231,8:10,11:50,1551,left,509,penalty,20,O,-65,37,MIN,holding,2,8475200,8476399
2025020928,1,304,10:19,9:41,1551,left,509,penalty,28,D,-85,-18,MIN,holding,2,8480797,8484806
2025020928,2,615,4:38,15:22,1551,right,509,penalty,28,D,74,9,MIN,high-sticking,2,8480028,8479983
2025020928,2,655,7:31,12:29,1551,right,509,penalty,28,O,-35,-32,MIN,hooking,2,8480860,8480748
2025020928,2,674,8:55,11:05,1541,right,509,penalty,20,N,21,-2,MIN,interference,2,8482667,8480028
2025020928,2,798,17:23,2:37,1551,right,509,penalty,20,N,0,-41,BEN,too-many-men-on-the-ice,2,,
2025020929,1,398,15:28,4:32,1551,right,509,penalty,22,D,-79,-4,MIN,high-sticking-double-minor,4,8475208,8477498
2025020929,2,619,8:26,11:34,1551,left,509,penalty,26,D,-85,-32,MIN,delaying-game-puck-over-glass,2,,
2025020929,2,643,10:20,9:40,1551,left,509,penalty,26,N,18,18,MIN,slashing,2,8478402,8482155
2025020929,3,773,0:09,19:51,1551,right,509,penalty,26,N,-1,-16,MIN,cross-checking,2,8479365,8482408
2025020930,1,82,2:00,18:00,1551,right,509,penalty,7,O,76,-37,MIN,tripping,2,8482131,8479359
2025020930,1,388,15:57,4:03,1551,right,509,penalty,13,O,-61,23,MIN,hooking,2,8482623,8478421
2025020930,2,661,9:47,10:13,1551,left,509,penalty,7,N,0,-41,BEN,too-many-men-on-the-ice,2,,
2025020930,2,720,13:45,6:15,1551,left,509,penalty,7,D,78,11,MIN,hooking,2,8477935,8480891
2025020930,2,784,17:55,2:05,1551,left,509,penalty,13,D,-78,3,MIN,holding,2,8482659,8478055
2025020930,3,942,5:20,14:40,1551,right,509,penalty,7,N,2,-15,MIN,hooking,2,8477932,8482623
2025020930,3,1025,11:38,8:22,1551,right,509,penalty,13,N,0,-40,BEN,delaying-game-unsuccessful-challenge,2,,
2025020931,1,284,12:47,7:13,1551,right,509,penalty,54,N,-15,41,BEN,too-many-men-on-the-ice,2,,
2025020931,1,423,15:34,4:26,1551,right,509,penalty,15,D,82,37,MIN,cross-checking,2,8475191,8478911
2025020931,2,587,4:41,15:19,1551,left,509,penalty,54,D,77,26,MIN,hooking,2,8475343,8483890
2025020931,2,609,5:58,14:02,1460,left,509,penalty,54,D,41,-33,MIN,high-sticking,2,8478440,8478396
2025020931,2,740,16:44,3:16,1551,left,509,penalty,15,O,96,13,MIN,slashing,2,8477447,8484186
2025020931,3,856,5:26,14:34,1551,right,509,penalty,54,D,-91,-31,MIN,cross-checking,2,8482088,8481527
2025020931,3,893,8:15,11:45,1551,right,509,penalty,15,N,14,42,BEN,too-many-men-on-the-ice,2,,
2025020931,3,994,15:36,4:24,1551,right,509,penalty,54,D,-52,34,MIN,high-sticking,2,8479400,8475913
2025020932,1,194,6:08,13:52,1551,left,509,penalty,30,O,-91,-30,MIN,cross-checking,2,8477220,8475220
2025020932,1,370,11:38,8:22,1551,left,509,penalty,68,O,39,28,MIN,hooking,2,8477451,8477021
2025020932,2,714,12:53,7:07,1551,right,509,penalty,68,O,-81,38,MIN,tripping,2,8483525,8479977
2025020932,2,779,17:06,2:54,1551,right,509,penalty,68,O,-79,3,MIN,high-sticking,2,8478493,8477951
2025020932,2,810,19:31,0:29,1551,right,509,penalty,30,D,-57,-40,MIN,interference,2,8479619,8474567
2025020932,3,867,3:50,16:10,1551,left,509,penalty,30,O,-85,-2,MIN,interference-goalkeeper,2,8478872,8475220
2025020932,3,465,20:00,0:00,1551,left,509,penalty,30,O,-80,-3,MIN,slashing,2,8478507,8476994
2025020933,1,173,4:51,15:09,1551,left,509,penalty,52,D,79,-19,MIN,holding,2,8483445,8479378
2025020933,1,262,11:19,8:41,1551,left,509,penalty,24,O,80,8,MAJ,fighting,5,8474568,8477527
2025020933,1,258,11:19,8:41,1551,left,509,penalty,52,D,76,7,MAJ,fighting,5,8477527,8474568
2025020933,1,303,14:09,5:51,1551,left,509,penalty,24,D,-85,29,MIN,tripping,2,8480014,8482803
2025020933,2,417,1:38,18:22,0651,right,509,penalty,24,D,68,-3,MIN,holding,2,8476392,8483490
2025020933,2,447,3:30,16:30,1551,right,509,penalty,24,D,63,-39,MIN,delaying-game-puck-over-glass,2,,
2025020933,3,821,5:36,14:24,1551,left,509,penalty,52,N,22,-39,MIN,tripping,2,8484153,8476871
2025020933,3,940,14:38,5:22,1551,left,509,penalty,24,D,-35,36,MIN,hooking,2,8481043,8485512
2025020934,1,73,1:28,18:32,0651,right,509,penalty,3,D,81,-3,MIN,holding,2,8482993,8482073
2025020934,1,89,2:36,17:24,1551,right,509,penalty,3,N,22,42,MIN,abuse-of-officials,2,,
2025020934,1,10,2:36,17:24,1551,right,509,penalty,3,N,18,41,MIS,misconduct,10,,
2025020934,1,326,15:59,4:01,1551,right,509,penalty,5,O,35,37,MIN,slashing,2,8477839,8481481
2025020934,1,405,18:30,1:30,1551,right,509,penalty,3,D,96,11,MIN,holding,2,8475810,8478882
2025020934,2,602,9:09,10:51,1551,left,509,penalty,5,D,84,5,MIN,hooking,2,8482157,8476483
2025020935,1,88,2:08,17:52,1551,right,509,penalty,6,D,-89,28,MIN,tripping,2,8476461,8477507
2025020935,1,19,8:33,11:27,1551,right,509,penalty,6,N,-9,5,MAJ,fighting,5,8475235,8479661
2025020935,1,22,8:33,11:27,1551,right,509,penalty,4,N,-13,0,MAJ,fighting,5,8479661,8475235
2025020935,1,326,11:11,8:49,1560,right,509,penalty,6,D,-74,0,MIN,holding,2,8483733,8482511
2025020935,1,500,19:44,0:16,1551,right,509,penalty,4,D,64,-1,MIN,tripping,2,8482511,8476461
2025020935,2,701,11:30,8:30,1551,left,509,penalty,4,O,32,25,MIN,unsportsmanlike-conduct,2,8479325,8475235
2025020935,2,758,15:36,4:24,1551,left,509,penalty,4,D,-36,-39,MIN,tripping,2,8479591,8481546
2025020936,1,103,3:51,16:09,1551,left,509,penalty,28,O,86,0,MIN,interference-goalkeeper,2,8478971,8480748
2025020936,1,240,9:39,10:21,1551,left,509,penalty,22,D,90,7,MIN,hooking,2,8482667,8481056
2025020936,1,292,13:16,6:44,0651,left,509,penalty,28,O,69,39,MIN,slashing,2,8477498,8480798
2025020936,2,670,10:10,9:50,1560,right,509,penalty,22,D,-50,-22,MIN,hooking,2,8484801,8477953
2025020936,3,1047,18:48,1:12,0651,left,509,penalty,28,D,-82,8,MIN,hooking,2,8475786,8479576
2025020937,2,699,11:59,8:01,1551,right,509,penalty,29,N,0,-41,BEN,delaying-game-unsuccessful-challenge,2,,
2025020937,2,716,13:53,6:07,1541,right,509,penalty,29,D,94,-24,MIN,tripping,2,8482476,8476432
2025020938,1,190,6:10,13:50,0651,right,509,penalty,21,D,78,-12,MIN,hooking,2,8477479,8478038
2025020938,1,343,11:55,8:05,1551,right,509,penalty,21,O,-34,-37,MIN,tripping,2,8473422,8476312
2025020938,1,502,19:12,0:48,1551,right,509,penalty,16,O,98,-17,MIN,holding-the-stick,2,8476967,8482703
2025020938,2,549,1:58,18:02,1551,left,509,penalty,21,N,10,40,BEN,too-many-men-on-the-ice,2,,
2025020938,2,566,3:05,16:55,1541,left,509,penalty,16,N,11,39,MIN,slashing,2,8480835,8484144
2025020938,2,601,5:30,14:30,1551,left,509,penalty,16,O,-97,6,MIN,tripping,2,8470613,8477444
2025020938,2,755,17:46,2:14,1551,left,509,penalty,16,N,11,12,MIN,tripping,2,8480039,8484197
2025020938,3,811,1:37,18:23,0651,right,509,penalty,21,D,39,-35,MIN,hooking,2,8477479,8478038
2025020938,3,929,10:40,9:20,1551,right,509,penalty,21,D,82,-9,MIN,slashing,2,8484144,8476455
2025020939,1,66,0:50,19:10,1560,right,509,penalty,9,N,14,36,MIN,roughing,2,8475166,8481528
2025020939,1,302,13:03,6:57,1551,right,509,penalty,10,D,88,4,MIN,tripping,2,8482092,8481122
2025020939,2,830,15:15,4:45,1551,left,509,penalty,10,N,0,-39,BEN,delaying-game-unsuccessful-challenge,2,,
2025020939,3,975,3:34,16:26,1551,right,509,penalty,10,D,84,-3,MIN,roughing,2,8482092,8476932
2025020939,3,971,3:34,16:26,1551,right,509,penalty,9,O,82,-5,MIN,slashing,2,8476932,8482092
2025020939,3,46,3:34,16:26,1551,right,509,penalty,9,O,80,-2,MIN,roughing,2,8476872,8476393
2025020939,3,968,3:34,16:26,1551,right,509,penalty,10,D,82,-4,MIN,roughing,2,8475324,8477503
2025020939,3,965,3:34,16:26,1551,right,509,penalty,10,D,84,-4,MAJ,fighting,5,8476393,8476872
2025020939,3,962,3:34,16:26,1551,right,509,penalty,9,O,81,-2,MAJ,fighting,5,8476872,8476393
2025020939,3,49,3:34,16:26,1551,right,509,penalty,10,D,82,-1,MIS,misconduct,10,,
2025020939,3,518,8:09,11:51,1551,right,509,penalty,10,D,37,39,MIN,roughing,2,8481596,8475166
2025020939,3,514,8:09,11:51,1551,right,509,penalty,9,O,31,40,MIN,roughing,2,8475166,8481596
2025020939,3,1098,10:27,9:33,1551,right,509,penalty,9,O,97,6,MIN,roughing,2,8481122,8480801
2025020939,3,1194,16:44,3:16,1551,right,509,penalty,10,N,4,41,MIN,slashing,2,8481596,8476853
2025020940,1,186,6:06,13:54,1551,right,509,penalty,15,D,-85,4,MIN,roughing,2,8481523,8479520
2025020940,1,220,8:24,11:36,1551,right,509,penalty,8,D,82,-14,MIN,holding,2,8479520,8476875
2025020940,2,619,10:09,9:51,1551,left,509,penalty,15,O,-53,29,MIN,roughing-removing-opponents-helmet,2,8482087,8484186
2025020940,2,708,17:17,2:43,1551,left,509,penalty,8,O,25,-38,MIN,slashing,2,8480990,8475848
2025020940,3,825,6:00,14:00,1551,right,509,penalty,15,D,-81,-1,MIN,cross-checking,2,8481523,8475343
2025020940,3,829,6:00,14:00,1551,right,509,penalty,8,O,-84,-1,MIN,roughing,2,8475343,8481523
2025020940,3,855,7:51,12:09,1441,right,509,penalty,8,D,59,-39,MIN,tripping,2,8479400,8480865
2025020940,3,926,13:33,6:27,1551,right,509,penalty,15,D,-61,-6,MIN,holding,2,8484984,8481580
2025020940,3,987,17:37,2:23,1551,right,509,penalty,8,D,72,35,MIN,holding-the-stick,2,8479520,8478851
2025020941,1,199,10:44,9:16,1551,left,509,penalty,7,D,58,40,MIN,cross-checking,2,8477416,8484145
2025020941,2,566,5:47,14:13,1551,right,509,penalty,14,O,-68,-13,MIN,slashing,2,8480839,8478010
2025020941,2,571,5:47,14:13,1551,right,509,penalty,7,D,-64,-18,MIN,cross-checking,2,8478010,8480839
2025020941,2,623,10:26,9:34,1551,right,509,penalty,14,D,92,27,MIN,roughing,2,8479420,8482929
2025020941,2,650,12:10,7:50,1541,right,509,penalty,14,N,0,-40,MIN,delaying-game-puck-over-glass,2,,
2025020941,2,703,16:03,3:57,1551,right,509,penalty,14,O,-29,40,MIN,roughing,2,8480807,8475167
2025020941,2,698,16:03,3:57,1551,right,509,penalty,7,D,-27,39,MIN,roughing,2,8475167,8480807
2025020941,3,780,1:28,18:32,1551,left,509,penalty,7,D,89,11,MIN,roughing,2,8476826,8477949
2025020941,3,786,1:28,18:32,1551,left,509,penalty,14,O,91,13,MIN,roughing,2,8477949,8480426
2025020941,3,783,1:28,18:32,1551,left,509,penalty,7,D,69,-1,MIN,cross-checking,2,8476826,8480891
2025020941,3,798,2:02,17:58,1451,left,509,penalty,14,D,-36,0,MIN,abuse-of-officials,2,,
2025020941,3,508,2:02,17:58,1451,left,509,penalty,14,N,-21,-3,GAM,abusive-language,10,,
2025020941,3,863,6:23,13:37,0651,left,509,penalty,14,D,-83,2,MIN,cross-checking,2,8479359,8478178
2025020941,3,947,12:48,7:12,0651,left,509,penalty,14,O,71,-38,MIN,interference,2,8480839,8478519
2025020941,3,1053,17:12,2:48,1551,left,509,penalty,7,D,95,26,MIN,cross-checking,2,8483752,8480891
2025020941,3,531,20:00,0:00,1551,left,509,penalty,14,O,72,13,MIN,roughing,2,8481522,8480426
2025020942,1,505,19:19,0:41,1551,right,509,penalty,17,D,-40,-17,MIN,tripping,2,8476906,8481607
2025020942,2,749,17:07,2:53,1551,left,509,penalty,12,D,-96,8,MIN,roughing,2,8475279,8480830
2025020942,2,752,17:07,2:53,1551,left,509,penalty,17,O,-95,12,MIN,roughing,2,8480830,8475279
2025020942,3,876,6:42,13:18,1551,right,509,penalty,12,O,-39,39,MIN,tripping,2,8484471,8480336
2025020942,3,885,7:07,12:53,1541,right,509,penalty,17,O,55,42,MIN,tripping,2,8476921,8477946
2025020942,3,995,15:09,4:51,1551,right,509,penalty,17,N,-20,23,MIN,high-sticking-double-minor,4,8475791,8482762
2025020943,1,306,13:08,6:52,1551,left,509,penalty,1,D,62,-40,MIN,tripping,2,8482077,8476462
2025020943,2,403,0:16,19:44,1551,right,509,penalty,19,D,74,13,MIN,slashing,2,8479407,8482516
2025020943,2,717,17:00,3:00,1560,right,509,penalty,1,O,95,-19,MIN,high-sticking,2,8482733,8478414
2025020943,2,745,19:13,0:47,1551,right,509,penalty,19,O,-95,19,MIN,hooking,2,8477488,8482090
2025020943,3,792,2:24,17:36,1551,left,509,penalty,1,D,66,-33,MIN,delaying-game-puck-over-glass,2,,
2025020945,1,70,1:07,18:53,1560,right,509,penalty,18,D,-33,-36,MIN,hooking,2,8482740,8474600
2025020945,1,159,7:09,12:51,1551,right,509,penalty,18,D,-76,4,MAJ,fighting,5,8484829,8482742
2025020945,1,155,7:09,12:51,1551,right,509,penalty,25,O,-75,2,MAJ,fighting,5,8482742,8484829
2025020945,1,238,12:33,7:27,0651,right,509,penalty,25,N,1,40,MIN,roughing,2,8476887,8481581
2025020945,2,455,1:16,18:44,1551,left,509,penalty,18,D,86,-36,MIN,interference,2,8479351,8476887
2025020945,2,492,5:02,14:58,1551,left,509,penalty,25,D,-41,25,MIN,tripping,2,8483565,8475168
2025020945,2,734,16:09,3:51,1551,left,509,penalty,18,N,-1,-17,MIN,holding,2,8480840,8475158
2025020945,3,863,1:01,18:59,1551,right,509,penalty,25,D,88,19,MIN,hooking,2,8478047,8481581
2025020946,2,628,9:37,10:23,1551,right,509,penalty,55,D,45,-41,MIN,holding,2,8475169,8482858
2025020946,2,726,17:29,2:31,1551,right,509,penalty,55,O,-94,-4,MIN,cross-checking,2,8479425,8481554
2025020946,2,730,17:29,2:31,1551,right,509,penalty,23,D,-82,6,MIN,cross-checking,2,8481554,8479425
2025020946,2,37,20:00,0:00,1551,right,509,penalty,55,D,77,0,MIN,cross-checking,2,8480144,8477955
2025020946,3,920,11:46,8:14,1551,left,509,penalty,23,O,-26,-40,MIN,interference,2,8482874,8482055
2025020946,3,456,11:46,8:14,1551,left,509,penalty,23,O,-26,-39,MIS,misconduct,10,,
2025020946,3,934,12:22,7:38,1551,left,509,penalty,23,D,98,-7,MIN,cross-checking,2,8483570,8480058
2025020947,2,533,3:41,16:19,1551,right,509,penalty,54,N,24,40,MIN,tripping,2,8474578,8478483
2025020947,2,603,9:02,10:58,1551,right,509,penalty,54,D,-33,-38,MIN,unsportsmanlike-conduct,2,8482993,8481133
2025020947,2,606,9:02,10:58,1551,right,509,penalty,5,O,-32,-39,MAJ,fighting,5,8481133,8482993
2025020947,2,21,9:02,10:58,1551,right,509,penalty,54,D,-29,-38,MAJ,fighting,5,8482993,8481133
2025020947,2,645,11:32,8:28,1551,right,509,penalty,5,D,60,11,MIN,tripping,2,8477964,8471724
2025020947,2,679,14:10,5:50,1551,right,509,penalty,54,N,12,40,BEN,too-many-men-on-the-ice,2,,
2025020947,2,753,15:42,4:18,1551,right,509,penalty,5,N,-15,-39,MIN,tripping,2,8478403,8481481
2025020947,3,924,5:17,14:43,1551,left,509,penalty,54,N,8,41,MIN,tripping,2,8481481,8475191
2025020948,1,247,14:48,5:12,1551,left,509,penalty,2,D,-81,-1,MIN,hooking,2,8479314,8477506
2025020948,2,610,6:04,13:56,1551,right,509,penalty,13,D,-84,37,MIN,holding,2,8484221,8482131
2025020948,2,617,6:28,13:32,1451,right,509,penalty,2,N,-20,-25,MIN,interference,2,8482113,8485366
2025020948,3,811,0:33,19:27,0651,left,509,penalty,2,D,-59,0,MIN,slashing,2,8480185,8484221
2025020949,1,186,5:48,14:12,1551,left,509,penalty,68,N,-6,-35,MIN,kneeing,2,8473422,8474013
2025020949,1,314,11:17,8:43,1551,left,509,penalty,68,O,55,-36,MIN,embellishment,2,,
2025020949,1,16,11:17,8:43,1551,left,509,penalty,16,D,58,-37,MIN,hooking,2,8479343,8477479
2025020949,1,326,11:41,8:19,1441,left,509,penalty,68,D,-34,-15,MIN,tripping,2,8481568,8478474
2025020949,1,424,18:22,1:38,1551,left,509,penalty,68,D,-80,-19,MIN,tripping,2,8483493,8477220
2025020949,1,443,19:52,0:08,1551,left,509,penalty,16,D,82,-37,MIN,delaying-game-puck-over-glass,2,,
2025020949,3,781,1:08,18:52,1551,left,509,penalty,16,D,67,32,MIN,tripping,2,8479343,8481806
2025020949,3,465,19:02,0:58,1551,left,509,penalty,68,O,90,29,MIS,misconduct,10,,
2025020950,1,334,9:23,10:37,1551,left,509,penalty,52,D,33,38,MIN,slashing,2,8484227,8474679
2025020950,1,19,12:47,7:13,1551,left,509,penalty,52,D,82,5,MIN,hooking,2,8484801,8473604
2025020950,1,502,19:08,0:52,1551,left,509,penalty,28,O,87,0,MIN,interference-goalkeeper,2,8476945,8480748
2025020950,2,32,4:58,15:02,0651,right,509,penalty,28,N,10,40,MIN,tripping,2,8480014,8482166
2025020950,3,899,9:45,10:15,1551,left,509,penalty,28,O,90,35,MIN,hooking,2,8476331,8480798
2025020950,3,923,12:07,7:53,1551,left,509,penalty,52,O,-41,-4,MIN,interference,2,8479576,8476392
2025020950,3,463,15:54,4:06,1551,left,509,penalty,52,O,-84,-17,MIN,tripping,2,8475906,8478398
2025020951,1,316,18:51,1:09,1551,right,509,penalty,19,O,97,-9,MIN,cross-checking,2,8474716,8480023
2025020951,2,730,15:22,4:38,1551,left,509,penalty,19,N,-8,40,MIN,high-sticking,2,8478864,8482090
2025020951,3,832,3:12,16:48,1551,right,509,penalty,30,D,50,28,MIN,tripping,2,8481006,8481477
2025020952,1,160,3:10,16:50,1551,left,509,penalty,20,O,-82,0,MIN,interference-goalkeeper,2,8480843,8480797
2025020952,1,264,6:26,13:34,1551,left,509,penalty,24,D,-67,21,MIN,holding,2,8475172,8481605
2025020952,1,507,15:08,4:52,1551,left,509,penalty,24,N,-4,40,MIN,interference,2,8480028,8484762
2025020952,2,782,14:25,5:35,1551,right,509,penalty,24,N,-4,41,MIN,interference,2,8481556,8485512
2025020952,2,828,17:45,2:15,1551,right,509,penalty,20,D,-66,10,MIN,interference,2,8485512,8481167
2025020952,3,1047,9:44,10:16,1551,left,509,penalty,20,N,-8,-40,MIN,holding-the-stick,2,8483445,8474150
2025020952,3,1087,12:32,7:28,1551,left,509,penalty,20,D,70,-29,MIN,tripping,2,8484762,8480860
2025020952,4,1291,4:35,0:25,1331,right,509,penalty,20,D,-87,-3,MIN,interference,2,8476885,8480028
2025020953,1,304,14:34,5:26,1551,right,509,penalty,3,N,16,42,BEN,unsportsmanlike-conduct-bench,2,,
2025020953,2,499,2:14,17:46,1551,left,509,penalty,29,O,-91,31,MIN,tripping,2,8481525,8476432
2025020954,1,107,3:36,16:24,1551,right,509,penalty,10,O,-88,-22,MIN,tripping,2,8477499,8484158
2025020954,1,233,12:01,7:59,1551,right,509,penalty,10,D,65,14,MIN,interference,2,8481553,8478462
2025020954,1,306,13:00,7:00,1541,right,509,penalty,4,N,-19,41,BEN,too-many-men-on-the-ice,2,,
2025020954,1,364,16:47,3:13,1551,right,509,penalty,10,D,36,29,MIN,holding,2,8481533,8478443
2025020954,3,782,0:40,19:20,1551,right,509,penalty,4,D,-76,3,MIN,holding,2,8477939,8477499
2025020954,3,997,15:37,4:23,1551,right,509,penalty,4,D,-53,36,MIN,tripping,2,8478057,8484142
2025020955,1,423,15:13,4:47,1551,left,509,penalty,17,D,81,2,MIN,hooking,2,8475287,8477946
2025020955,2,745,14:58,5:02,1560,right,509,penalty,17,N,-20,-25,MIN,slashing,2,8483565,8481542
2025020955,2,806,19:57,0:03,1551,right,509,penalty,18,D,82,-1,MIN,slashing,2,8482078,8476539
2025020955,3,879,5:03,14:57,1560,left,509,penalty,17,D,83,19,MIN,hooking,2,8479370,8478891
2025020955,3,1073,19:43,0:17,1551,left,509,penalty,18,N,-3,0,MIN,slashing,2,8483464,8475287
2025020956,1,287,9:31,10:29,1551,right,509,penalty,25,O,96,-1,MIN,roughing,2,8484240,8473994
2025020956,2,669,8:48,11:12,1551,left,509,penalty,23,D,-30,18,MIN,delaying-game-puck-over-glass,2,,
2025020956,3,974,12:06,7:54,1551,right,509,penalty,23,D,98,-4,MIN,holding,2,8484938,8484240
2025020956,3,989,12:45,7:15,1541,right,509,penalty,25,D,-72,-28,MIN,tripping,2,8478856,8473994
2025020957,1,266,8:46,11:14,1560,left,509,penalty,12,O,-74,-39,MIN,hooking,2,8478407,8480830
2025020957,2,590,6:11,13:49,1551,right,509,penalty,12,O,89,-34,MIN,tripping,2,8477955,8480762
2025020957,2,636,9:27,10:33,1551,right,509,penalty,12,N,-21,-39,MIN,tripping,2,8482665,8476921
2025020957,3,1074,18:31,1:29,0651,left,509,penalty,55,D,-50,38,MIN,holding,2,8478427,8480009
2025020958,1,402,17:14,2:46,1551,right,509,penalty,21,N,-24,27,MIN,tripping,2,8482726,8476312
2025020958,2,43,20:00,0:00,1551,left,509,penalty,26,O,69,1,MIN,slashing,2,8484258,8482730
2025020958,2,46,20:00,0:00,1551,left,509,penalty,21,D,81,37,MIN,roughing,2,8482730,8480448
2025020958,3,1048,19:25,0:35,1560,right,509,penalty,26,D,44,-31,MIN,tripping,2,8480039,8482730
2025020959,1,68,0:42,19:18,1551,left,509,penalty,6,N,-13,41,BEN,delaying-game-unsuccessful-challenge,2,,
2025020959,1,391,14:06,5:54,1551,left,509,penalty,5,D,63,39,MIN,holding,2,8477956,8477365
2025020959,1,450,18:40,1:20,1551,left,509,penalty,6,D,-84,-21,MIN,tripping,2,8485414,8481219
2025020959,2,662,10:34,9:26,1551,right,509,penalty,5,O,99,2,MIN,high-sticking,2,8482511,8482475
2025020959,2,682,11:55,8:05,1451,right,509,penalty,6,N,-9,41,BEN,too-many-men-on-the-ice,2,,
2025020959,2,772,18:25,1:35,1551,right,509,penalty,5,O,73,-5,MIN,cross-checking,2,8481219,8477511
2025020959,3,812,1:15,18:45,1551,left,509,penalty,6,D,-46,-8,MIN,tripping,2,8474578,8479999
2025020960,1,181,7:39,12:21,1551,left,509,penalty,7,O,95,-25,MIN,tripping,2,8478468,8477949
2025020960,3,980,12:50,7:10,1551,left,509,penalty,54,D,83,37,MIN,delaying-game-puck-over-glass,2,,
2025020961,1,320,12:29,7:31,1551,left,509,penalty,1,D,-98,15,MIN,roughing,2,8480185,8475455
2025020961,1,316,12:29,7:31,1551,left,509,penalty,13,O,-96,17,MIN,roughing,2,8481559,8480185
2025020961,1,23,12:29,7:31,1551,left,509,penalty,1,D,-95,17,MIN,roughing,2,8480185,8475455
2025020961,1,406,15:15,4:45,1551,left,509,penalty,1,D,-83,4,MIN,hooking,2,8478421,8482684
2025020961,1,410,15:15,4:45,1551,left,509,penalty,13,O,-82,4,MIN,roughing,2,8482684,8478421
2025020961,1,31,19:07,0:53,1551,left,509,penalty,1,D,-45,40,MIN,cross-checking,2,8482113,8475455
2025020961,1,34,19:07,0:53,1551,left,509,penalty,1,D,-49,39,MIN,roughing,2,8482113,8475455
2025020961,2,480,0:47,19:13,1541,right,509,penalty,13,D,-71,0,MIN,hooking,2,8480002,8477932
2025020961,2,532,4:26,15:34,1551,right,509,penalty,13,D,-41,40,MIN,holding,2,8481032,8473419
2025020961,2,662,12:48,7:12,1551,right,509,penalty,13,O,58,9,MIN,unsportsmanlike-conduct,2,8483495,8473419
2025020962,1,343,12:29,7:31,0651,right,509,penalty,15,N,-24,27,MIN,hooking,2,8480849,8471214
2025020962,1,413,17:28,2:32,1551,right,509,penalty,68,D,-90,13,MIN,holding-the-stick,2,8484186,8477021
2025020962,2,767,16:44,3:16,1551,left,509,penalty,15,D,-76,30,MIN,tripping,2,8479343,8479345
2025020962,3,890,6:02,13:58,1551,right,509,penalty,68,D,-62,9,MIN,hooking,2,8476880,8480855
2025020963,1,332,16:26,3:34,1551,left,509,penalty,18,O,-80,11,MIN,holding,2,8475790,8474564
2025020963,1,347,17:43,2:17,1451,left,509,penalty,29,O,55,39,MIN,hooking,2,8483565,8478975
2025020963,2,546,5:07,14:53,1551,right,509,penalty,18,D,-88,-17,MIN,high-sticking,2,8484166,8482146
2025020963,3,800,1:33,18:27,1551,left,509,penalty,29,N,13,28,MIN,high-sticking,2,8474600,8480893
2025020963,3,263,6:07,13:53,1551,left,509,penalty,18,N,13,41,BEN,delaying-game-unsuccessful-challenge,2,,
2025020963,3,906,10:03,9:57,1551,left,509,penalty,18,O,-83,9,MIN,slashing,2,8475790,8478047
2025020964,1,91,2:57,17:03,1551,right,509,penalty,52,O,-87,-15,MIN,high-sticking,2,8484783,8480289
2025020964,1,98,3:10,16:50,1541,right,509,penalty,16,D,-80,13,MIN,holding,2,8481043,8483506
2025020964,1,22,17:54,2:06,1551,right,509,penalty,52,O,-92,32,MIN,high-sticking-double-minor,4,8481568,8480014
2025020964,3,750,3:07,16:53,1551,right,509,penalty,16,N,15,27,MIN,hooking,2,8480049,8484144
2025020965,1,105,3:32,16:28,1551,right,509,penalty,20,O,-96,-21,MIN,holding,2,8480036,8476399
2025020965,1,129,4:56,15:04,1541,right,509,penalty,25,O,86,0,MIN,interference-goalkeeper,2,8481692,8482145
2025020965,2,527,5:25,14:35,1551,left,509,penalty,20,O,82,-1,MIN,roughing,2,8483425,8475172
2025020965,2,531,5:25,14:35,1551,left,509,penalty,25,D,83,-1,MIN,roughing,2,8475172,8483425
2025020965,2,590,9:51,10:09,1551,left,509,penalty,20,D,-60,34,MIN,delaying-game-puck-over-glass,2,,
2025020965,2,668,14:56,5:04,1551,left,509,penalty,25,D,92,14,MIN,holding,2,8480797,8480036
2025020965,2,677,15:32,4:28,1451,left,509,penalty,20,O,31,38,MIN,tripping,2,8479351,8477346
2025020965,2,726,19:03,0:57,1551,left,509,penalty,20,O,84,0,MIN,interference,2,8477454,8483609
2025020965,3,765,1:44,18:16,1551,right,509,penalty,20,D,70,27,MIN,delaying-game-puck-over-glass,2,,
2025020965,3,1069,16:58,3:02,1560,right,509,penalty,25,N,-15,39,MIN,interference,2,8483609,8482145
2025020966,1,135,5:39,14:21,1551,left,509,penalty,22,N,21,-37,MIN,high-sticking,2,8483676,8480803
2025020966,1,174,8:00,12:00,1551,left,509,penalty,22,D,-37,-17,MIN,roughing,2,8482092,8481617
2025020966,1,170,8:00,12:00,1551,left,509,penalty,9,O,-33,-14,MAJ,fighting,5,8481617,8482092
2025020966,1,12,8:00,12:00,1551,left,509,penalty,22,D,-37,-17,MAJ,fighting,5,8482092,8481617
2025020966,1,219,10:36,9:24,1551,left,509,penalty,22,D,-71,40,MIN,holding,2,8478020,8477498
2025020966,2,795,12:17,7:43,1560,right,509,penalty,9,D,-73,-38,MIN,hooking,2,8477953,8482095
2025020966,3,909,0:38,19:22,1551,left,509,penalty,9,D,66,26,MIN,delaying-game-puck-over-glass,2,,
2025020966,4,1243,0:55,4:05,1331,right,509,penalty,9,D,-41,30,MIN,holding,2,8478402,8480801
2025020967,1,130,5:10,14:50,1551,right,509,penalty,14,O,79,0,MIN,high-sticking,2,8477451,8479542
2025020967,1,244,13:31,6:29,1551,right,509,penalty,14,D,-88,11,MIS,misconduct,10,,
2025020967,1,272,15:05,4:55,1551,right,509,penalty,30,D,55,42,MIN,high-sticking,2,8479542,8476463
2025020967,2,477,3:10,16:50,1551,left,509,penalty,14,N,-14,42,BEN,too-many-men-on-the-ice,2,,
2025020967,2,485,4:11,15:49,1451,left,509,penalty,30,O,97,1,MIN,tripping,2,8474151,8478864
2025020967,2,494,4:24,15:36,1441,left,509,penalty,14,O,-25,-37,MIN,high-sticking,2,8480800,8478519
2025020967,2,607,5:05,14:55,1441,left,509,penalty,14,N,-22,18,MIN,high-sticking,2,8475149,8478010
2025020967,2,654,9:33,10:27,1551,left,509,penalty,30,D,-71,17,MIN,tripping,2,8478519,8476994
2025020967,3,797,1:35,18:25,1551,right,509,penalty,14,O,40,-24,MIN,interference,2,8475149,8478178
2025020967,3,1011,19:01,0:59,1551,right,509,penalty,30,D,91,6,MIN,holding-the-stick,2,8477149,8474567
2025020968,1,105,3:00,17:00,1551,left,509,penalty,21,D,69,-26,MIN,interference,2,8475184,8479525
2025020968,1,146,5:35,14:25,1551,left,509,penalty,21,N,-22,-28,MIN,interference,2,8482178,8480039
2025020968,1,291,13:10,6:50,1551,left,509,penalty,24,D,-63,-39,MIN,tripping,2,8477492,8476885
2025020968,1,330,16:20,3:40,1551,left,509,penalty,24,D,-60,3,MIN,slashing,2,8476455,8476885
2025020968,2,410,2:30,17:30,1551,right,509,penalty,24,O,-84,0,MIN,interference-goalkeeper,2,8475809,8475184
2025020968,2,514,6:41,13:19,1560,right,509,penalty,21,D,-65,41,MIN,holding,2,8485512,8476312
2025020969,1,321,11:42,8:18,1551,left,509,penalty,8,N,22,0,MIN,interference,2,8479576,8480018
2025020969,2,458,2:13,17:47,1551,right,509,penalty,28,D,69,41,MIN,tripping,2,8483457,8484911
2025020969,2,668,6:55,13:05,1551,right,509,penalty,28,O,-46,40,MIN,hooking,2,8481540,8484801
2025020969,2,738,12:33,7:27,1560,right,509,penalty,8,D,-47,-35,MIN,slashing,2,8475200,8482775
2025020969,2,749,13:32,6:28,1451,right,509,penalty,28,O,-80,-40,MIN,tripping,2,8478133,8477505
2025020969,3,879,2:43,17:17,1551,left,509,penalty,8,D,91,18,MIN,roughing,2,8480748,8476981
2025020969,3,886,2:43,17:17,1551,left,509,penalty,28,O,96,16,MIN,roughing,2,8481593,8479983
2025020969,3,883,2:43,17:17,1551,left,509,penalty,8,D,96,22,MIN,roughing,2,8479983,8481593
2025020969,3,953,3:54,16:06,1551,left,509,penalty,28,D,-43,25,MIN,cross-checking,2,8481523,8479576
2025020969,3,1018,8:58,11:02,1551,left,509,penalty,28,D,-32,36,MIN,tripping,2,8484984,8484806
2025020969,3,510,11:41,8:19,1551,left,509,penalty,28,O,85,-3,MIN,interference-goalkeeper,2,8482487,8478874
2025020969,3,1059,11:41,8:19,1551,left,509,penalty,8,D,82,-2,MIN,roughing,2,8478874,8481523
2025020969,3,514,15:03,4:57,1551,left,509,penalty,8,N,16,40,BEN,too-many-men-on-the-ice,2,,
2025020970,1,461,18:47,1:13,1551,right,509,penalty,54,N,-7,40,MIN,tripping,2,8479942,8478434
2025020970,2,614,2:51,17:09,1551,left,509,penalty,17,N,-7,-7,MIN,high-sticking,2,8478483,8477946
2025020970,2,682,9:14,10:46,1560,left,509,penalty,54,N,18,-19,MIN,tripping,2,8481542,8476881
2025020970,2,737,14:31,5:29,1551,left,509,penalty,54,D,78,2,MIN,hooking,2,8482078,8477447
2025020970,3,1126,17:37,2:23,1551,right,509,penalty,54,O,36,36,MIN,tripping,2,8482078,8476881
2025020970,4,1183,1:52,3:08,1331,left,509,penalty,17,D,-78,0,MIN,slashing,2,8483890,8482762
2025020971,1,385,16:16,3:44,1551,left,509,penalty,1,D,-74,0,MIN,slashing,2,8479318,8479996
2025020971,2,460,1:21,18:39,1551,right,509,penalty,1,D,98,13,MIN,closing-hand-on-puck,2,,
2025020971,2,496,3:50,16:10,1551,right,509,penalty,1,D,58,-35,MIN,cross-checking,2,8481582,8475455
2025020971,2,615,9:11,10:49,1551,right,509,penalty,10,D,-90,-32,MIN,cross-checking,2,8484958,8478443
2025020971,2,642,11:36,8:24,1551,right,509,penalty,10,D,-82,5,MIN,interference,2,8484177,8479026
2025020971,2,726,18:40,1:20,1551,right,509,penalty,10,D,-86,-5,MIN,hooking,2,8484177,8478057
2025020972,1,59,0:27,19:33,1551,right,509,penalty,23,D,96,24,MIN,tripping,2,8477940,8480144
2025020972,1,420,16:03,3:57,1551,right,509,penalty,12,D,-96,16,MIN,interference,2,8481024,8482100
2025020972,2,542,5:14,14:46,1551,left,509,penalty,12,D,85,6,MIN,hooking,2,8482079,8478427
2025020972,2,639,9:03,10:57,1551,left,509,penalty,23,D,-88,30,MIN,hooking,2,8482093,8480012
2025020972,2,768,18:51,1:09,1551,left,509,penalty,12,D,32,37,MIN,roughing,2,8478856,8482809
2025020972,2,44,18:51,1:09,1551,left,509,penalty,12,O,-95,-12,MIN,roughing,2,8483678,8480336
2025020972,2,765,18:51,1:09,1551,left,509,penalty,23,D,-95,-14,MIN,roughing,2,8480336,8483678
2025020972,2,775,18:55,1:05,1451,left,509,penalty,12,D,63,6,MIN,tripping,2,8482079,8478970
2025020972,3,1036,17:47,2:13,1551,right,509,penalty,23,N,8,-40,MIN,boarding,2,8480830,8476927
2025020973,1,77,1:00,19:00,1551,left,509,penalty,2,D,68,-21,MIN,high-sticking,2,8482745,8485366
2025020973,1,109,3:27,16:33,0651,left,509,penalty,24,O,44,40,MIN,tripping,2,8476292,8482745
2025020973,1,301,12:14,7:46,1551,left,509,penalty,2,D,85,-7,MIN,hooking,2,8480068,8477950
2025020973,2,506,0:15,19:45,1551,right,509,penalty,24,O,-30,-39,MIN,delaying-game-puck-over-glass,2,,
2025020973,2,624,8:48,11:12,1560,right,509,penalty,2,D,-97,-1,MIN,tripping,2,8473986,8475231
2025020973,2,679,13:31,6:29,1551,right,509,penalty,24,D,30,19,MIN,tripping,2,8477494,8483445
2025020973,2,737,17:43,2:17,1551,right,509,penalty,24,D,83,1,MIN,slashing,2,8476292,8482745
2025020973,3,876,7:57,12:03,1560,left,509,penalty,2,N,21,40,MIN,interference,2,8482803,8478445
2025020974,1,247,13:41,6:19,1551,left,509,penalty,55,O,97,-7,MIN,tripping,2,8480981,8484800
2025020974,1,287,16:31,3:29,1551,left,509,penalty,19,O,-85,19,MIN,holding,2,8476905,8480459
2025020974,2,564,6:16,13:44,1551,right,509,penalty,55,D,54,1,MIN,hooking,2,8482516,8480009
2025020974,2,574,6:48,13:12,1541,right,509,penalty,19,O,88,19,MIN,tripping,2,8479324,8477402
2025020974,3,931,10:04,9:56,1551,left,509,penalty,19,D,37,8,MIN,holding,2,8477955,8480281
2025020974,3,1031,17:54,2:06,1560,left,509,penalty,19,N,21,-40,MIN,delaying-game-puck-over-glass,2,,
2025020975,1,64,0:38,19:22,1560,right,509,penalty,10,O,81,-34,MIN,slashing,2,8478840,8481711
2025020975,1,275,15:34,4:26,1551,right,509,penalty,3,O,-51,-39,MIN,hooking,2,8477503,8481704
2025020975,2,510,6:06,13:54,1551,left,509,penalty,10,D,81,-3,MIN,hooking,2,8482861,8476853
2025020976,1,325,14:33,5:27,1560,right,509,penalty,68,D,-41,1,MIN,slashing,2,8481553,8478507
2025020976,2,467,1:30,18:30,1551,left,509,penalty,4,D,-56,-38,MIN,holding-the-stick,2,8474013,8480220
2025020976,3,883,4:02,15:58,1560,right,509,penalty,68,D,-90,-32,MIN,holding,2,8481533,8480434
2025020976,3,919,6:38,13:22,1551,right,509,penalty,68,N,-24,37,MIN,high-sticking,2,8477903,8479343
2025020976,3,931,7:25,12:35,1451,right,509,penalty,4,D,38,37,MIN,hooking,2,8477021,8481533
2025020977,1,153,3:22,16:38,1551,left,509,penalty,7,D,71,-3,MIN,hooking,2,8471215,8481522
2025020977,1,214,8:16,11:44,1551,left,509,penalty,5,D,-35,-11,MIN,holding,2,8482097,8474578
2025020977,1,243,10:24,9:36,1551,left,509,penalty,7,N,10,41,BEN,too-many-men-on-the-ice,2,,
2025020977,1,337,14:04,5:56,0651,left,509,penalty,5,D,-31,-5,MIN,holding,2,8479420,8478569
2025020977,2,472,0:38,19:22,1551,right,509,penalty,7,D,-89,-6,MIN,cross-checking,2,8471215,8480839
2025020977,2,468,0:38,19:22,1551,right,509,penalty,5,O,-89,-7,MIN,cross-checking,2,8480839,8471215
2025020977,2,21,0:38,19:22,1551,right,509,penalty,5,O,-90,-6,MAJ,slashing,5,8480839,8471215
2025020977,2,23,0:38,19:22,1551,right,509,penalty,5,O,-82,-5,GAM,game-misconduct,10,,
2025020977,2,510,4:10,15:50,1541,right,509,penalty,5,N,-14,41,BEN,delaying-game-unsuccessful-challenge,2,,
2025020977,2,527,5:25,14:35,1531,right,509,penalty,7,O,79,30,MIN,slashing,2,8478569,8480802
2025020977,2,687,14:44,5:16,1551,right,509,penalty,7,D,-66,-41,MIN,boarding,2,8478450,8479359
2025020977,3,851,7:04,12:56,1551,left,509,penalty,5,D,-98,-17,MIN,holding-the-stick,2,8481522,8485414
2025020977,3,909,11:54,8:06,1551,left,509,penalty,7,D,83,0,MIN,slashing,2,8477511,8480839
2025020978,1,105,3:44,16:16,1551,left,509,penalty,13,D,35,-38,MIN,holding,2,8482705,8482713
2025020978,1,18,13:53,6:07,1551,left,509,penalty,29,D,-79,-1,MIN,holding-the-stick,2,8480185,8476923
2025020978,2,33,5:32,14:28,1551,right,509,penalty,13,D,-70,13,MIN,tripping,2,8484166,8478542
2025020978,2,726,16:10,3:50,1551,right,509,penalty,29,D,78,0,MIN,cross-checking,2,8479314,8481161
2025020978,3,845,5:44,14:16,1551,left,509,penalty,13,D,85,-1,MIN,roughing,2,8475790,8482131
2025020978,3,455,5:44,14:16,1551,left,509,penalty,13,D,99,-16,MIN,hooking,2,8477497,8484304
2025020978,3,842,5:44,14:16,1551,left,509,penalty,29,O,87,-1,MIN,roughing,2,8482131,8475790
2025020978,3,953,14:02,5:58,1551,left,509,penalty,29,D,-50,37,MIN,holding,2,8475179,8480893
2025020979,1,206,10:59,9:01,1551,left,509,penalty,6,N,-12,-33,MIN,high-sticking,2,8474564,8477956
2025020979,1,331,15:58,4:02,1551,left,509,penalty,18,D,-67,-37,MIN,hooking,2,8477956,8475287
2025020979,1,424,19:18,0:42,1551,left,509,penalty,18,N,0,38,MIN,cross-checking,2,8480355,8484241
2025020979,1,428,19:18,0:42,1551,left,509,penalty,6,N,7,39,MIN,roughing,2,8484241,8480355
2025020979,1,435,19:59,0:01,1441,left,509,penalty,18,D,-80,17,MIN,tripping,2,8477956,8475287
2025020979,2,485,3:26,16:34,0651,right,509,penalty,18,D,85,32,MIN,tripping,2,8476374,8479980
2025020979,2,42,10:53,9:07,1551,right,509,penalty,6,O,86,-1,MIN,interference-goalkeeper,2,8477424,8479661
2025020979,2,252,14:44,5:16,1551,right,509,penalty,6,N,10,39,BEN,delaying-game-unsuccessful-challenge,2,,
2025020979,3,802,3:33,16:27,1551,left,509,penalty,6,O,-75,30,MIN,tripping,2,8484241,8480355
2025020979,3,846,6:51,13:09,1551,left,509,penalty,6,D,66,40,MIN,slashing,2,8482742,8482177
2025020979,3,890,9:55,10:05,1551,left,509,penalty,18,D,-68,-24,MIN,cross-checking,2,8477956,8482768
2025020980,1,91,2:14,17:46,1551,right,509,penalty,14,O,76,4,MIN,hooking,2,8483510,8478519
2025020980,2,32,0:40,19:20,1551,left,509,penalty,52,D,-80,-3,MIN,tripping,2,8480995,8476945
2025020980,2,618,12:57,7:03,1560,left,509,penalty,14,O,-36,-13,MIN,tripping,2,8476871,8479542
2025020980,3,792,1:45,18:15,1551,right,509,penalty,52,D,81,-1,MIN,high-sticking,2,8477404,8483510
2025020981,1,243,8:34,11:26,1551,right,509,penalty,9,D,-89,-34,MIN,hooking,2,8484768,8473512
2025020981,2,703,10:51,9:09,1551,left,509,penalty,20,D,-93,-16,MIN,cross-checking,2,8482116,8480727
2025020981,2,787,16:31,3:29,1551,left,509,penalty,9,N,16,-41,MIN,slashing,2,8480797,8478020
2025020981,3,865,1:46,18:14,0651,right,509,penalty,20,O,-89,-31,MIN,holding-the-stick,2,8473512,8476399
2025020981,3,923,5:52,14:08,1551,right,509,penalty,20,D,97,15,MIN,tripping,2,8473512,8483609
2025020981,3,960,7:58,12:02,1551,right,509,penalty,20,D,96,-8,MIN,high-sticking,2,8481596,8484768
2025020981,3,1090,16:23,3:37,1551,right,509,penalty,9,D,-89,-5,MIN,interference,2,8482074,8482245
2025020982,1,111,3:56,16:04,1551,right,509,penalty,2,D,-75,0,MIN,tripping,2,8482155,8477369
2025020982,2,464,1:20,18:40,1551,left,509,penalty,26,N,12,41,BEN,too-many-men-on-the-ice,2,,
2025020982,2,676,8:48,11:12,1551,left,509,penalty,26,N,13,41,BEN,too-many-men-on-the-ice,2,,
2025020982,2,789,17:00,3:00,1551,left,509,penalty,26,D,-85,-11,MIN,tripping,2,8477500,8481532
2025020982,3,853,1:23,18:37,1551,right,509,penalty,2,O,92,29,MIN,slashing,2,8482155,8476292
2025020982,3,874,2:40,17:20,1551,right,509,penalty,2,D,-95,4,MIN,delaying-game-puck-over-glass,2,,
2025020983,1,411,19:10,0:50,1551,right,509,penalty,13,D,-36,-13,MIN,slashing,2,8477946,8477409
2025020983,2,553,2:02,17:58,1551,left,509,penalty,17,O,96,-3,MIN,tripping,2,8478859,8474141
2025020983,2,648,9:58,10:02,1551,left,509,penalty,13,N,21,18,MIN,interference,2,8482762,8482113
2025020983,2,659,10:28,9:32,1451,left,509,penalty,13,D,67,-30,MIN,tripping,2,8477429,8478055
2025020983,2,767,19:01,0:59,1551,left,509,penalty,17,D,-76,1,MIN,hooking,2,8484304,8480879
2025020983,3,798,0:51,19:09,1551,right,509,penalty,17,O,-28,-37,MIN,tripping,2,8480003,8482762
2025020983,3,458,14:39,5:21,1551,right,509,penalty,13,N,-17,41,BEN,too-many-men-on-the-ice,2,,
2025020984,1,91,2:28,17:32,1551,right,509,penalty,25,D,43,40,MIN,holding-the-stick,2,8482947,8480840
2025020984,1,134,5:56,14:04,1551,right,509,penalty,21,D,-91,33,MIN,holding,2,8479414,8480835
2025020984,1,402,16:48,3:12,0651,right,509,penalty,25,O,-85,-33,MIN,high-sticking,2,8480069,8484829
2025020984,1,437,19:46,0:14,1551,right,509,penalty,25,O,-31,38,MIN,interference,2,8478462,8482145
2025020984,2,725,8:11,11:49,1551,left,509,penalty,25,N,2,34,MIN,slashing,2,8470613,8479351
2025020984,2,860,19:43,0:17,1551,left,509,penalty,21,N,17,-9,MIN,cross-checking,2,8480878,8476312
2025020984,3,937,5:20,14:40,1560,right,509,penalty,21,D,-98,2,MIN,high-sticking,2,8484829,8476967
2025020984,3,553,6:56,13:04,1451,right,509,penalty,21,N,-14,40,BEN,too-many-men-on-the-ice,2,,
2025020984,3,1047,14:40,5:20,0651,right,509,penalty,25,D,29,27,MIN,tripping,2,8480069,8479414
2025020985,1,367,14:38,5:22,1551,right,509,penalty,23,D,-77,1,MIN,interference,2,8478233,8482691
2025020985,1,427,18:30,1:30,1551,right,509,penalty,23,D,-80,0,MIN,hooking,2,8482172,8484798
2025020985,1,435,19:00,1:00,1451,right,509,penalty,16,D,92,-28,MIN,tripping,2,8478444,8483506
2025020985,2,529,2:11,17:49,1551,left,509,penalty,23,D,94,12,MIN,roughing,2,8478233,8479425
2025020985,2,532,2:11,17:49,1551,left,509,penalty,16,O,95,13,MIN,roughing,2,8479425,8478233
2025020985,2,584,5:46,14:14,1551,left,509,penalty,16,D,-97,2,MIN,holding,2,8481024,8482807
2025020985,2,41,10:09,9:51,1551,left,509,penalty,23,D,96,7,MIN,high-sticking,2,8477987,8484240
2025020985,2,656,12:05,7:55,1451,left,509,penalty,16,O,79,-3,MIN,high-sticking,2,8483678,8477987
2025020985,3,772,1:36,18:24,1551,right,509,penalty,16,D,70,3,MIN,high-sticking,2,8480012,8481568
2025020986,1,150,7:54,12:06,0651,left,509,penalty,22,O,37,38,MIN,hooking,2,8480817,8475786
2025020986,1,373,17:46,2:14,1551,left,509,penalty,12,D,57,16,MIN,hooking,2,8478402,8475791
2025020986,2,720,19:21,0:39,1551,right,509,penalty,22,D,38,14,MIN,interference,2,8477478,8478402
2025020986,3,850,8:50,11:10,1551,left,509,penalty,22,D,-79,-3,MIN,slashing,2,8482093,8475218
2025020986,3,876,10:40,9:20,1541,left,509,penalty,12,D,52,1,MIN,tripping,2,8478402,8480817
2025020987,1,106,2:53,17:07,1551,left,509,penalty,24,O,60,36,MIN,tripping,2,8482087,8484153
2025020987,1,175,8:37,11:23,1551,left,509,penalty,8,D,76,38,MIN,hooking,2,8478424,8478851
2025020987,2,572,3:43,16:17,1551,right,509,penalty,24,D,80,1,MIN,interference,2,8481523,8475462
2025020987,2,616,6:54,13:06,1551,right,509,penalty,24,O,-32,39,MIN,cross-checking,2,8478133,8476885
2025020987,2,678,12:03,7:57,1551,right,509,penalty,8,O,35,37,MIN,interference,2,8475462,8476981
2025020987,4,1094,2:59,2:01,1331,right,509,penalty,24,O,-52,-1,MIN,tripping,2,8483457,8482803
2025020988,1,361,14:58,5:02,1551,right,509,penalty,54,O,-37,-1,MIN,holding,2,8481557,8483890
2025020988,2,527,3:00,17:00,1551,left,509,penalty,30,D,83,-29,MAJ,fighting,5,8478434,8478136
2025020988,2,523,3:00,17:00,1551,left,509,penalty,54,O,83,-30,MAJ,fighting,5,8478136,8478434
2025020988,2,686,10:15,9:45,1551,left,509,penalty,54,D,-48,40,MIN,boarding,2,8481553,8478468
2025020988,2,682,10:15,9:45,1551,left,509,penalty,30,O,-96,25,MIN,instigator,2,8478468,8482122
2025020988,2,35,10:15,9:45,1551,left,509,penalty,54,D,-97,24,MAJ,fighting,5,8482122,8478468
2025020988,2,38,10:15,9:45,1551,left,509,penalty,30,O,-97,23,MAJ,fighting,5,8478468,8482122
2025020988,2,41,10:15,9:45,1551,left,509,penalty,30,O,-97,25,MIS,instigator-misconduct,10,,
2025020988,3,823,1:22,18:38,1551,right,509,penalty,30,D,-82,2,MIN,slashing,2,8481604,8474567
2025020988,3,939,9:57,10:03,1551,right,509,penalty,54,O,-95,12,MIN,roughing,2,8477446,8478468
2025020988,3,943,9:57,10:03,1551,right,509,penalty,30,D,-95,12,MIN,roughing,2,8478468,8477446
2025020989,1,109,0:29,19:31,1551,left,509,penalty,28,D,-97,2,MIN,roughing,2,8482077,8479983
2025020989,1,113,0:29,19:31,1551,left,509,penalty,19,O,-96,1,MAJ,fighting,5,8479983,8482077
2025020989,1,57,0:29,19:31,1551,left,509,penalty,28,D,-96,1,MAJ,fighting,5,8482077,8479983
2025020989,1,156,4:17,15:43,1551,left,509,penalty,19,D,92,-20,MIN,high-sticking,2,8485402,8482516
2025020989,1,366,11:34,8:26,1551,left,509,penalty,28,O,98,-1,MAJ,fighting,5,8482089,8476624
2025020989,1,363,11:34,8:26,1551,left,509,penalty,19,D,99,3,MAJ,fighting,5,8476624,8482089
2025020989,2,738,11:19,8:41,1551,right,509,penalty,28,N,-12,41,MIN,roughing,2,8481006,8482859
2025020989,2,755,12:27,7:33,1541,right,509,penalty,19,O,96,28,MIN,cross-checking,2,8479576,8481013
2025020990,1,66,0:43,19:17,1551,left,509,penalty,15,O,-90,31,MIN,tripping,2,8476854,8482088
2025020990,1,216,7:49,12:11,1551,left,509,penalty,6,D,-76,10,MIN,interference,2,8479400,8477507
2025020990,1,253,10:33,9:27,1551,left,509,penalty,15,D,78,4,MIN,holding,2,8482177,8481656
2025020990,2,500,1:17,18:43,1551,right,509,penalty,6,D,96,-1,MIN,holding,2,8481656,8476854
2025020990,2,527,3:36,16:24,1551,right,509,penalty,15,O,95,-8,MIN,tripping,2,8479325,8482088
2025020990,2,633,7:43,12:17,1551,right,509,penalty,15,D,-79,-1,MIN,slashing,2,8479325,8479520
2025020990,2,701,13:24,6:36,1551,right,509,penalty,15,N,-16,14,MIN,slashing,2,8482634,8476880
2025020990,2,752,17:54,2:06,1551,right,509,penalty,6,O,-31,4,MIN,interference,2,8479520,8477956
2025020990,2,775,19:41,0:19,1541,right,509,penalty,15,N,23,8,MIN,holding,2,8479661,8483573
2025020991,1,94,3:18,16:42,1551,left,509,penalty,1,N,-2,41,MIN,high-sticking,2,8482877,8475760
2025020991,1,346,18:06,1:54,1551,left,509,penalty,3,D,72,-34,MIN,interference,2,8481032,8478882
2025020991,2,557,9:18,10:42,1551,right,509,penalty,1,N,16,34,MIN,interference,2,8481789,8481559
2025020991,2,612,13:52,6:08,1560,right,509,penalty,3,D,-57,-3,MIN,slashing,2,8475455,8476389
2025020991,3,403,2:21,17:39,1551,left,509,penalty,1,D,-33,-24,MIN,roughing,2,8481704,8481721
2025020991,3,768,2:21,17:39,1551,left,509,penalty,3,N,-21,0,MIN,interference,2,8477015,8481704
2025020991,3,772,2:21,17:39,1551,left,509,penalty,1,D,-32,-23,MIN,roughing,2,8481704,8481721
2025020991,3,838,7:19,12:41,1551,left,509,penalty,3,D,37,-39,MIN,hooking,2,8478414,8482157
2025020991,3,888,10:57,9:03,1551,left,509,penalty,1,D,-61,42,MIN,delaying-game-puck-over-glass,2,,
2025020992,1,199,7:12,12:48,1551,left,509,penalty,18,N,13,40,MIN,roughing,2,8481522,8479370
2025020992,1,253,7:12,12:48,1551,left,509,penalty,7,N,12,38,MIN,roughing,2,8479370,8481522
2025020992,1,271,8:43,11:17,1441,left,509,penalty,18,D,77,-26,MIN,tripping,2,8480064,8474564
2025020992,2,613,6:13,13:47,1551,right,509,penalty,7,D,55,-18,MIN,hooking,2,8482768,8480802
2025020992,3,983,7:09,12:51,1551,left,509,penalty,7,D,-95,26,MIN,boarding,2,8484241,8480807
2025020992,3,1045,11:27,8:33,1551,left,509,penalty,18,D,69,-15,MIN,slashing,2,8479359,8479370
2025020992,3,1099,15:55,4:05,1551,left,509,penalty,7,D,-88,8,MIN,interference,2,8483465,8482097
2025020993,1,80,1:31,18:29,1551,left,509,penalty,4,D,33,4,MIN,holding,2,8482475,8477499
2025020993,1,286,9:12,10:48,1551,left,509,penalty,4,D,62,29,MIN,high-sticking,2,8479638,8476822
2025020993,1,346,13:44,6:16,1551,left,509,penalty,5,O,90,31,MIN,tripping,2,8476822,8479638
2025020993,1,416,18:40,1:20,1551,left,509,penalty,4,D,98,5,MIN,roughing,2,8482993,8482142
2025020993,1,14,18:40,1:20,1551,left,509,penalty,4,D,99,6,MAJ,fighting,5,8482993,8482142
2025020993,1,413,18:40,1:20,1551,left,509,penalty,5,O,98,6,MAJ,fighting,5,8482142,8482993
2025020993,2,768,13:02,6:58,1551,right,509,penalty,5,N,13,41,MIN,slashing,2,8477948,8471724
2025020993,3,907,3:54,16:06,1551,left,509,penalty,4,D,71,-6,MIN,slashing,2,8476483,8477989
2025020993,3,1049,13:19,6:41,1551,left,509,penalty,4,D,63,-40,MIN,high-sticking,2,8476483,8479336
2025020993,4,614,2:51,2:09,1331,right,509,penalty,4,D,-86,-3,MIN,interference,2,8474578,8478435
2025020994,1,150,6:41,13:19,1560,right,509,penalty,14,O,70,-30,MIN,tripping,2,8476931,8483447
2025020994,1,238,12:14,7:46,1551,right,509,penalty,10,O,-29,8,MAJ,fighting,5,8480426,8477503
2025020994,1,234,12:14,7:46,1551,right,509,penalty,14,D,-26,9,MAJ,fighting,5,8477503,8480426
2025020994,1,276,14:31,5:29,1551,right,509,penalty,10,D,82,-9,MIN,hooking,2,8476453,8478443
2025020994,1,26,17:49,2:11,1551,right,509,penalty,14,D,-67,1,MIN,tripping,2,8481582,8478178
2025020994,2,558,7:34,12:26,0651,left,509,penalty,10,D,-51,-16,MIN,high-sticking,2,8480995,8479442
2025020994,2,657,11:33,8:27,1551,left,509,penalty,14,D,58,37,MIN,tripping,2,8478057,8477149
2025020994,2,692,14:22,5:38,1551,left,509,penalty,10,N,17,41,BEN,too-many-men-on-the-ice,2,,
2025020994,3,814,0:16,19:44,1551,right,509,penalty,10,N,0,-33,MIN,holding,2,8476826,8481122
2025020995,2,583,5:57,14:03,1551,right,509,penalty,68,D,-53,-22,MIN,tripping,2,8476432,8482699
2025020995,3,359,14:27,5:33,1551,left,509,penalty,29,O,89,34,MIN,instigator,2,8474013,8479671
2025020995,3,1154,14:27,5:33,1551,left,509,penalty,68,D,90,32,MIN,roughing,2,8475745,8478831
2025020995,3,1158,14:27,5:33,1551,left,509,penalty,29,O,94,27,MIN,hooking,2,8480084,8475745
2025020995,3,361,14:27,5:33,1551,left,509,penalty,29,O,91,27,MAJ,fighting,5,8474013,8479671
2025020995,3,363,14:27,5:33,1551,left,509,penalty,29,O,82,37,MAJ,fighting,5,8477021,8476923
2025020995,3,958,14:27,5:33,1551,left,509,penalty,68,D,78,37,MAJ,fighting,5,8476923,8477021
2025020995,3,968,14:27,5:33,1551,left,509,penalty,68,D,90,20,MAJ,fighting,5,8479671,8474013
2025020995,3,1161,14:27,5:33,1551,left,509,penalty,29,O,90,27,MIS,instigator-misconduct,10,,
2025020995,3,1163,14:27,5:33,1551,left,509,penalty,29,O,90,27,GAM,game-misconduct,10,,
2025020995,3,986,15:23,4:37,1541,left,509,penalty,68,O,-85,-2,MIN,interference-goalkeeper,2,8478007,8480849
2025020996,2,521,3:55,16:05,1560,left,509,penalty,23,D,97,-3,MIN,holding,2,8480196,8484798
2025020996,3,977,13:45,6:15,1551,right,509,penalty,23,D,-49,40,MIN,cross-checking,2,8476331,8484136
2025020997,1,165,8:14,11:46,1551,right,509,penalty,8,D,-75,-13,MIN,high-sticking,2,8482155,8482087
2025020997,1,271,15:59,4:01,1551,right,509,penalty,8,D,-79,-2,MIN,hooking,2,8482408,8482964
2025020997,1,298,18:12,1:48,1551,right,509,penalty,8,O,41,-35,MIN,tripping,2,8482124,8480018
2025020997,3,1049,14:07,5:53,1551,right,509,penalty,26,D,33,-33,MIN,slashing,2,8480865,8479675
2025020998,1,125,4:44,15:16,1560,right,509,penalty,12,D,-65,34,MIN,high-sticking,2,8476874,8480817
2025020998,1,384,17:06,2:54,1551,right,509,penalty,20,O,-45,41,MIN,roughing,2,8477940,8483609
2025020998,2,538,4:30,15:30,1551,left,509,penalty,12,D,74,-13,MIN,hooking,2,8482679,8480817
2025020998,2,622,7:00,13:00,1551,left,509,penalty,12,D,45,-40,MIN,tripping,2,8481556,8476422
2025020998,2,805,19:01,0:59,1551,left,509,penalty,20,D,-78,-8,MIN,roughing,2,8478427,8481167
2025020998,2,809,19:01,0:59,1551,left,509,penalty,12,O,-79,-8,MIN,roughing,2,8481167,8478427
2025020998,3,905,5:15,14:45,1551,right,509,penalty,20,D,97,-8,MIN,interference,2,8477478,8481167
2025020999,1,234,9:16,10:44,1551,left,509,penalty,2,D,77,-13,MIN,hooking,2,8484227,8485366
2025020999,2,547,3:22,16:38,1551,right,509,penalty,28,D,87,24,MIN,roughing,2,8485366,8475200
2025020999,3,908,2:06,17:54,1551,left,509,penalty,28,O,84,-1,MIN,high-sticking,2,8485366,8484911
2025020999,3,615,16:15,3:45,1551,left,509,penalty,28,N,-11,41,MIN,roughing,2,8478445,8480748
2025020999,3,1126,18:32,1:28,1551,left,509,penalty,2,D,92,13,MIN,holding,2,8480748,8476917
2025021000,1,372,14:51,5:09,1551,left,509,penalty,9,D,94,28,MIN,cross-checking,2,8477955,8481596
2025021000,1,378,14:55,5:05,1451,left,509,penalty,55,O,69,13,MIN,high-sticking,2,8482092,8474586
2025021000,2,550,3:33,16:27,0651,right,509,penalty,55,D,57,-15,MIN,hooking,2,8481528,8480009
2025021000,3,932,4:50,15:10,1551,left,509,penalty,9,O,-97,1,MIN,holding-the-stick,2,8482858,8481596
2025021000,3,465,16:35,3:25,1551,left,509,penalty,9,D,31,29,MIN,slashing,2,8477955,8482095
2025021000,3,1121,16:35,3:25,1551,left,509,penalty,55,O,32,29,MIN,roughing,2,8482095,8477955
2025021000,3,1112,16:35,3:25,1551,left,509,penalty,9,D,33,31,MAJ,cross-checking,5,8477955,8482095
2025021000,3,463,16:35,3:25,1551,left,509,penalty,9,D,31,28,GAM,game-misconduct,10,,
2025021000,3,1128,16:58,3:02,1451,left,509,penalty,9,D,48,40,MIN,hooking,2,8484800,8474189
2025021001,1,71,1:20,18:40,1551,right,509,penalty,30,D,-92,31,MIN,cross-checking,2,8477501,8480800
2025021001,1,146,6:57,13:03,1560,right,509,penalty,30,D,-58,-31,MIN,hooking,2,8476312,8474567
2025021001,2,400,0:43,19:17,1551,left,509,penalty,30,D,89,34,MIN,high-sticking,2,8475172,8477451
2025021001,2,442,4:28,15:32,1551,left,509,penalty,21,O,93,25,MIN,high-sticking,2,8474567,8478462
2025021001,3,789,4:13,15:47,0651,right,509,penalty,21,D,82,-1,MIN,slashing,2,8477451,8479525
2025021001,3,816,5:17,14:43,1551,right,509,penalty,30,D,-61,18,MIN,slashing,2,8480069,8478508
2025021001,3,873,9:29,10:31,1560,right,509,penalty,30,N,24,-21,MIN,slashing,2,8480069,8478864
2025021001,3,950,14:58,5:02,1551,right,509,penalty,21,D,55,-12,MIN,slashing,2,8478864,8477501
2025021001,4,1054,3:57,1:03,1331,left,509,penalty,21,O,60,14,MIN,interference,2,8477451,8477492
2025021002,1,204,7:38,12:22,1551,left,509,penalty,5,O,76,-24,MIN,tripping,2,8482177,8482475
2025021002,2,471,6:10,13:50,1551,right,509,penalty,6,O,86,-7,MIN,roughing,2,8471724,8479591
2025021002,2,475,6:10,13:50,1551,right,509,penalty,5,D,89,-6,MIN,roughing,2,8479591,8471724
2025021002,2,635,13:44,6:16,1551,right,509,penalty,6,D,-87,-6,MIN,tripping,2,8485414,8481219
2025021002,2,642,14:06,5:54,1451,right,509,penalty,6,D,-82,0,MIN,slashing,2,8474578,8476854
2025021002,2,823,19:56,0:04,1551,right,509,penalty,5,D,43,-1,MIN,tripping,2,8479325,8482470
2025021002,3,1004,13:28,6:32,1551,left,509,penalty,5,D,-69,37,MIN,high-sticking,2,8477496,8478450
2025021003,1,119,4:36,15:24,1551,left,509,penalty,14,D,70,41,MIN,slashing,2,8477949,8478178
2025021003,1,139,4:36,15:24,1551,left,509,penalty,14,D,61,41,MIN,boarding,2,8479420,8479542
2025021003,1,135,4:36,15:24,1551,left,509,penalty,14,D,72,40,MAJ,fighting,5,8480839,8478178
2025021003,1,123,4:36,15:24,1551,left,509,penalty,7,O,72,40,MAJ,fighting,5,8478178,8480839
2025021003,1,193,8:20,11:40,1560,left,509,penalty,14,D,97,10,MIN,interference,2,8480064,8478416
2025021003,1,311,8:54,11:06,1551,left,509,penalty,7,O,76,-3,MAJ,fighting,5,8477149,8475842
2025021003,1,307,8:54,11:06,1551,left,509,penalty,14,D,75,-3,MAJ,fighting,5,8475842,8477149
2025021003,1,333,9:13,10:47,1551,left,509,penalty,14,D,96,11,MIN,roughing,2,8481524,8480426
2025021003,1,324,9:13,10:47,1551,left,509,penalty,7,O,98,13,MIN,roughing,2,8480426,8481524
2025021003,1,327,9:13,10:47,1551,left,509,penalty,14,D,98,-2,MAJ,fighting,5,8481522,8479542
2025021003,1,330,9:13,10:47,1551,left,509,penalty,7,O,98,-6,MAJ,fighting,5,8479542,8481522
2025021003,1,15,9:13,10:47,1551,left,509,penalty,7,O,99,7,MIS,misconduct,10,,
2025021003,1,19,9:13,10:47,1551,left,509,penalty,14,D,98,10,MIS,misconduct,10,,
2025021003,1,370,10:40,9:20,1441,left,509,penalty,7,D,-85,-35,MIN,slashing,2,8476453,8480807
2025021003,1,373,10:40,9:20,1441,left,509,penalty,14,O,-85,-33,MIN,slashing,2,8480807,8476453
2025021003,1,540,14:59,5:01,1551,left,509,penalty,14,N,13,16,MIN,unsportsmanlike-conduct,2,8480891,8478416
2025021003,1,544,14:59,5:01,1551,left,509,penalty,7,N,12,17,MIN,unsportsmanlike-conduct,2,8478416,8480891
2025021003,1,570,16:41,3:19,1441,left,509,penalty,7,O,63,32,MIN,unsportsmanlike-conduct,2,8477992,8483500
2025021003,2,620,0:02,19:58,1551,right,509,penalty,7,N,19,-5,MAJ,fighting,5,8478416,8480891
2025021003,2,33,0:02,19:58,1551,right,509,penalty,14,N,19,-1,MAJ,fighting,5,8480891,8478416
2025021003,2,631,0:06,19:54,1551,right,509,penalty,14,N,-10,12,MAJ,fighting,5,8479359,8470621
2025021003,2,627,0:06,19:54,1551,right,509,penalty,7,N,-9,12,MAJ,fighting,5,8470621,8479359
2025021003,2,654,1:31,18:29,1560,right,509,penalty,14,N,-2,40,MIN,high-sticking,2,8477949,8474151
2025021003,2,677,3:35,16:25,1551,right,509,penalty,14,O,54,-6,MIN,roughing,2,8480839,8479542
2025021003,2,40,3:35,16:25,1551,right,509,penalty,14,O,55,-5,MIN,roughing,2,8480839,8479542
2025021003,2,774,10:56,9:04,1551,right,509,penalty,7,D,76,2,MIN,high-sticking,2,8477416,8482671
2025021003,3,1230,15:03,4:57,1551,left,509,penalty,14,D,82,-9,MIN,slashing,2,8483500,8476878
2025021003,3,477,20:00,0:00,0651,left,509,penalty,14,O,-67,-40,MIN,charging,2,8477949,8478519
2025021004,1,14,14:01,5:59,1560,right,509,penalty,16,N,-1,-5,MIN,tripping,2,8480027,8484185
2025021004,2,572,8:36,11:24,1551,left,509,penalty,16,O,-43,-40,MIN,interference,2,8484829,8482176
2025021004,3,882,7:49,12:11,1551,right,509,penalty,16,O,63,-30,MIN,tripping,2,8477454,8481806
2025021004,3,980,15:57,4:03,1551,right,509,penalty,25,O,-75,40,MIN,holding,2,8484144,8482740
2025021005,1,176,4:43,15:17,0651,left,509,penalty,1,D,-48,4,MIN,hooking,2,8483464,8482684
2025021005,1,317,11:20,8:40,1551,left,509,penalty,17,O,-66,22,MIN,slashing,2,8480002,8477429
2025021005,1,335,12:39,7:21,1451,left,509,penalty,1,D,-27,42,BEN,too-many-men-on-the-ice,2,,
2025021005,2,486,0:29,19:31,1551,right,509,penalty,17,O,75,13,MIN,high-sticking,2,8482110,8477429
2025021005,2,648,5:43,14:17,1551,right,509,penalty,1,N,-16,32,MIN,interference,2,8477456,8480192
2025021005,2,753,13:35,6:25,1551,right,509,penalty,1,D,51,41,MIN,interference,2,8477429,8475455
2025021005,2,833,19:55,0:05,1551,right,509,penalty,17,D,-97,-5,MIN,roughing,2,8478414,8475279
2025021005,2,36,19:55,0:05,1551,right,509,penalty,1,O,-99,-1,MIN,roughing,2,8475279,8478414
2025021005,3,1055,15:45,4:15,1551,left,509,penalty,1,N,-17,-33,MIN,tripping,2,8484794,8483495
2025021006,1,94,2:33,17:27,1551,left,509,penalty,19,N,-22,-23,MIN,interference,2,8476885,8476897
2025021006,1,266,9:04,10:56,1551,left,509,penalty,24,N,-4,19,MIN,slashing,2,8481598,8477527
2025021006,1,367,13:08,6:52,1551,left,509,penalty,19,O,-30,-26,MIN,interference,2,8484762,8482516
2025021006,1,396,15:30,4:30,1560,left,509,penalty,19,O,-30,-22,MIN,tripping,2,8481605,8476897
2025021006,2,585,6:09,13:51,1551,right,509,penalty,19,N,-16,2,MIN,tripping,2,8479705,8480281
2025021006,2,620,9:02,10:58,1551,right,509,penalty,24,O,-99,-2,MIN,high-sticking,2,8481006,8477527
2025021006,2,730,16:55,3:05,1551,right,509,penalty,19,D,-97,18,MIN,instigator,2,8477527,8481006
2025021006,2,451,16:55,3:05,1551,right,509,penalty,24,O,-67,40,MAJ,boarding,5,8475718,8477527
2025021006,2,45,16:55,3:05,1551,right,509,penalty,19,D,-94,18,MAJ,fighting,5,8477527,8481006
2025021006,2,48,16:55,3:05,1551,right,509,penalty,24,O,-97,16,MAJ,fighting,5,8481006,8477527
2025021006,2,458,16:55,3:05,1551,right,509,penalty,19,N,2,-40,MIS,instigator-misconduct,10,,
2025021006,3,850,6:43,13:17,1551,left,509,penalty,19,D,41,22,MIN,slashing,2,8485512,8484164
2025021007,1,88,1:43,18:17,1551,right,509,penalty,22,O,41,27,MIN,interference,2,8478434,8475218
2025021007,2,626,10:45,9:15,1551,left,509,penalty,22,D,89,-7,MIN,slashing,2,8476438,8478013
2025021007,2,675,14:21,5:39,1551,left,509,penalty,54,D,-53,16,MIN,hooking,2,8478402,8476925
2025021007,3,956,11:05,8:55,1551,right,509,penalty,22,D,-90,6,MIN,roughing,2,8479353,8477498
2025021007,3,960,11:05,8:55,1551,right,509,penalty,54,O,-89,7,MIN,roughing,2,8477498,8479353
2025021007,3,1029,15:13,4:47,1551,right,509,penalty,54,D,83,-4,MIN,high-sticking,2,8477934,8477447
2025021007,3,379,20:00,0:00,1551,right,509,penalty,22,D,-42,40,MIN,tripping,2,8476925,8484509
2025021008,1,375,14:27,5:33,1551,right,509,penalty,4,O,-53,41,MIN,holding,2,8478840,8481533
2025021008,1,409,16:27,3:33,1541,right,509,penalty,3,D,-85,-35,MIN,cross-checking,2,8480015,8478882
2025021008,1,428,18:01,1:59,1451,right,509,penalty,4,N,-20,39,MIN,high-sticking,2,8482157,8483731
2025021008,2,544,3:03,16:57,1551,left,509,penalty,3,D,78,17,MIN,delaying-game-puck-over-glass,2,,
2025021008,2,587,6:10,13:50,0651,left,509,penalty,4,N,-3,7,MIN,holding,2,8481789,8478439
2025021008,2,750,17:39,2:21,1551,left,509,penalty,4,D,-69,39,MIN,tripping,2,8481726,8481546
2025021008,3,796,1:00,19:00,1560,right,509,penalty,3,D,-97,-9,MIN,hooking,2,8480015,8482073
2025021009,1,121,4:53,15:07,1551,right,509,penalty,20,N,-24,-39,MIN,interference,2,8483573,8484768
2025021009,2,713,17:32,2:28,1551,left,509,penalty,20,N,19,-39,MIN,interference,2,8484186,8484768
2025021009,3,930,9:22,10:38,1551,right,509,penalty,20,D,-79,2,MIN,high-sticking,2,8471214,8480860
2025021010,1,129,5:38,14:22,1560,right,509,penalty,68,D,-42,-23,MIN,holding,2,8482176,8480849
2025021010,2,445,1:16,18:44,1551,left,509,penalty,68,O,-48,-36,MIN,holding,2,8484144,8483431
2025021010,2,509,2:03,17:57,1451,left,509,penalty,16,D,-86,6,MIN,hooking,2,8477951,8484144
2025021010,2,542,4:24,15:36,1551,left,509,penalty,68,D,82,3,MIN,cross-checking,2,8481624,8480434
2025021010,3,796,1:02,18:58,1551,right,509,penalty,16,D,27,31,MIN,holding,2,8482175,8483450
2025021010,4,1166,1:56,3:04,1331,left,509,penalty,68,N,18,38,MIN,tripping,2,8477444,8477951
2025021011,1,111,3:58,16:02,1551,right,509,penalty,23,O,-64,14,MIN,cross-checking,2,8484321,8480012
2025021011,2,548,6:58,13:02,1551,left,509,penalty,9,D,76,2,MIN,slashing,2,8480012,8478469
2025021011,2,565,8:01,11:59,1451,left,509,penalty,23,N,23,36,MIN,interference,2,8481596,8481024
2025021011,2,596,10:11,9:49,1551,left,509,penalty,23,N,13,39,BEN,delaying-game-unsuccessful-challenge,2,,
2025021011,3,799,1:21,18:39,1551,right,509,penalty,23,D,90,-29,MIN,holding-the-stick,2,8478020,8477969
2025021011,3,906,8:31,11:29,1551,right,509,penalty,9,N,-21,22,MIN,interference,2,8476927,8478469
2025021011,3,975,13:44,6:16,1560,right,509,penalty,9,O,90,-19,MIN,hooking,2,8484240,8477998
2025021012,1,20,10:19,9:41,1551,left,509,penalty,26,D,72,39,MIN,interference,2,8480355,8476879
2025021012,1,25,11:03,8:57,1451,left,509,penalty,6,N,13,-18,MIN,tripping,2,8476872,8479325
2025021012,2,313,8:08,11:52,1551,right,509,penalty,26,O,80,6,MIN,interference,2,8479325,8477960
2025021012,2,318,9:43,10:17,1451,right,509,penalty,6,D,81,-1,MIN,hooking,2,8482155,8476854
2025021012,2,325,13:25,6:35,1551,right,509,penalty,26,O,63,-17,MAJ,fighting,5,8477507,8482726
2025021012,2,322,13:25,6:35,1551,right,509,penalty,6,D,58,-22,MAJ,fighting,5,8482726,8477507
2025021012,2,333,14:43,5:17,1551,right,509,penalty,26,D,-44,-17,MIN,interference,2,8477956,8482730
2025021012,3,379,15:43,4:17,1560,left,509,penalty,26,D,72,4,MIN,holding-the-stick,2,8477496,8482124
2025021013,1,20,15:34,4:26,1551,left,509,penalty,28,N,-4,4,MAJ,fighting,5,8479378,8482859
2025021013,1,17,15:34,4:26,1551,left,509,penalty,7,N,-1,3,MAJ,fighting,5,8482859,8479378
2025021013,1,27,15:56,4:04,1551,left,509,penalty,28,O,-36,-36,MIN,instigator,2,8479359,8476624
2025021013,1,33,15:56,4:04,1551,left,509,penalty,7,D,-39,-35,MAJ,fighting,5,8476624,8479359
2025021013,1,23,15:56,4:04,1551,left,509,penalty,28,O,-40,-37,MAJ,fighting,5,8479359,8476624
2025021013,1,30,15:56,4:04,1551,left,509,penalty,28,O,-35,-36,MIS,instigator-misconduct,10,,
2025021013,2,733,13:55,6:05,1551,right,509,penalty,7,O,-47,1,MIN,roughing,2,8475200,8484145
2025021013,2,730,13:55,6:05,1551,right,509,penalty,28,D,-46,0,MIN,roughing,2,8484145,8475200
2025021013,2,737,13:55,6:05,1551,right,509,penalty,7,O,-46,4,MIN,roughing,2,8475200,8479420
2025021013,3,917,6:50,13:10,1551,left,509,penalty,7,D,-87,7,MIN,interference,2,8480748,8475722
2025021013,3,974,10:35,9:25,0651,left,509,penalty,7,D,-78,-1,MIN,high-sticking,2,8480748,8479378
2025021014,1,28,19:35,0:25,1551,right,509,penalty,10,D,-37,4,MIN,roughing,2,8475848,8476931
2025021014,1,31,19:35,0:25,1551,right,509,penalty,8,O,-47,19,MIN,interference,2,8484158,8475848
2025021014,1,22,19:35,0:25,1551,right,509,penalty,10,D,-42,5,MAJ,fighting,5,8475848,8476931
2025021014,1,25,19:35,0:25,1551,right,509,penalty,8,O,-43,1,MAJ,fighting,5,8476931,8475848
2025021014,2,478,2:35,17:25,1551,left,509,penalty,8,D,-87,6,MIN,interference,2,8484901,8482964
2025021014,2,650,11:55,8:05,1551,left,509,penalty,8,D,-63,26,MIN,holding,2,8484158,8483457
2025021014,3,960,11:17,8:43,1560,right,509,penalty,10,N,9,-10,MIN,high-sticking,2,8475848,8482720
2025021014,3,986,13:26,6:34,1551,right,509,penalty,10,D,-65,35,MIN,tripping,2,8481618,8475171
2025021015,1,14,7:19,12:41,0651,left,509,penalty,14,D,-95,-4,MIN,hooking,2,8480893,8482655
2025021015,1,195,10:58,9:02,1551,left,509,penalty,14,D,-68,16,MIN,holding,2,8475745,8476878
2025021015,1,247,13:50,6:10,1551,left,509,penalty,29,O,-88,34,MIN,tripping,2,8479542,8480893
2025021015,1,29,19:10,0:50,1551,left,509,penalty,29,O,-54,40,MIN,elbowing,2,8482655,8482705
2025021015,1,24,19:10,0:50,1551,left,509,penalty,14,D,-49,40,MIN,unsportsmanlike-conduct,2,8482705,8482655
2025021015,1,32,19:10,0:50,1551,left,509,penalty,29,O,-38,39,MAJ,fighting,5,8482655,8482705
2025021015,1,27,19:10,0:50,1551,left,509,penalty,14,D,-41,39,MAJ,fighting,5,8482705,8482655
2025021015,2,669,10:05,9:55,1551,right,509,penalty,14,D,59,15,MIN,tripping,2,8478460,8482201
2025021015,2,690,11:59,8:01,1551,right,509,penalty,29,O,94,-15,MIN,hooking,2,8480426,8478046
2025021015,2,714,14:02,5:58,1551,right,509,penalty,29,D,-38,5,MIN,tripping,2,8478519,8476432
2025021015,3,818,2:36,17:24,0651,left,509,penalty,14,D,-83,37,MIN,hooking,2,8482705,8477404
2025021016,1,296,13:30,6:30,1551,right,509,penalty,13,O,-96,29,MIN,slashing,2,8475279,8479314
2025021016,2,498,4:09,15:51,1551,left,509,penalty,17,D,43,39,MIN,tripping,2,8478859,8477429
2025021016,2,610,5:07,14:53,1451,left,509,penalty,13,D,-86,10,MIN,hooking,2,8479992,8477935
2025021016,2,732,10:45,9:15,1551,left,509,penalty,17,D,50,-20,MIN,tripping,2,8482713,8482762
2025021016,2,834,18:18,1:42,1551,left,509,penalty,17,D,50,-39,MIN,slashing,2,8479314,8479337
2025021017,1,187,8:43,11:17,1560,right,509,penalty,20,N,-12,-34,MIN,tripping,2,8476389,8474150
2025021017,1,393,16:12,3:48,1551,right,509,penalty,20,D,-98,9,MIN,delaying-game,2,,
2025021017,1,400,16:28,3:32,1451,right,509,penalty,20,D,-92,-28,MIN,cross-checking,2,8476389,8476874
2025021017,2,688,13:24,6:36,1551,left,509,penalty,3,O,77,40,MIN,holding,2,8481068,8484210
2025021017,3,896,3:38,16:22,1551,right,509,penalty,3,D,57,-39,MIN,hooking,2,8481028,8481704
2025021018,1,70,1:16,18:44,1551,right,509,penalty,5,D,-78,41,MIN,delaying-game-puck-over-glass,2,,
2025021018,1,349,13:53,6:07,0651,right,509,penalty,12,D,71,1,MIN,tripping,2,8481725,8482809
2025021018,2,542,3:29,16:31,1551,left,509,penalty,12,N,-18,39,MIN,high-sticking,2,8482758,8480830
2025021018,2,601,7:33,12:27,1551,left,509,penalty,12,O,76,-9,MIN,high-sticking,2,8478450,8480830
2025021018,2,640,10:23,9:37,1551,left,509,penalty,12,D,-48,40,MIN,closing-hand-on-puck,2,,
2025021018,2,663,11:57,8:03,1551,left,509,penalty,5,D,50,-25,MIN,roughing,2,8482100,8478569
2025021018,2,666,11:57,8:03,1551,left,509,penalty,12,O,50,-17,MIN,roughing,2,8478569,8482100
2025021018,2,682,13:17,6:43,1441,left,509,penalty,5,D,51,-37,MIN,holding,2,8480830,8478450
2025021018,3,947,9:21,10:39,1551,right,509,penalty,5,D,-92,31,MIN,cross-checking,2,8475791,8478854
2025021018,3,964,10:53,9:07,1451,right,509,penalty,5,D,-98,13,MIN,tripping,2,8477940,8478450
2025021018,3,979,11:42,8:18,1451,right,509,penalty,5,D,-62,-31,MIN,tripping,2,8475791,8471724
2025021018,4,1112,2:31,2:29,1331,left,509,penalty,12,D,-86,33,MIN,slashing,2,8477511,8476958
2025021019,1,125,4:16,15:44,1551,left,509,penalty,19,O,49,22,MIN,tripping,2,8485366,8479385
2025021019,1,406,19:33,0:27,0651,left,509,penalty,19,N,-14,-37,MIN,high-sticking,2,8481601,8483516
2025021019,2,476,5:16,14:44,1551,right,509,penalty,2,N,21,41,BEN,too-many-men-on-the-ice,2,,
2025021019,2,795,18:20,1:40,1560,right,509,penalty,2,D,-74,-1,MIN,holding,2,8482077,8476917
2025021019,3,894,5:03,14:57,1551,left,509,penalty,19,D,-62,-39,MIN,high-sticking-double-minor,4,8484221,8477402
2025021020,1,219,11:36,8:24,1551,right,509,penalty,54,D,-76,10,MIN,slashing,2,8476278,8483890
2025021020,2,603,7:59,12:01,1560,left,509,penalty,54,D,77,4,MIN,high-sticking,2,8482740,8478397
2025021020,2,643,11:04,8:56,1551,left,509,penalty,25,D,-49,40,MIN,interference,2,8478403,8483425
2025021020,2,678,13:20,6:40,1551,left,509,penalty,54,O,-84,-37,MIN,high-sticking,2,8483425,8475343
2025021020,2,695,14:39,5:21,1551,left,509,penalty,25,D,-78,28,MIN,tripping,2,8477964,8481581
2025021020,2,753,19:16,0:44,1551,left,509,penalty,54,D,76,1,MIN,slashing,2,8482145,8477964
2025021020,3,785,1:27,18:33,1551,right,509,penalty,25,D,54,27,MIN,tripping,2,8478403,8484829
2025021020,3,859,7:14,12:46,1551,right,509,penalty,54,D,-97,-3,MIN,tripping,2,8482145,8478403
2025021021,1,188,7:57,12:03,1551,right,509,penalty,68,O,33,2,MAJ,fighting,5,8477451,8477346
2025021021,1,184,7:57,12:03,1551,right,509,penalty,30,D,35,4,MAJ,fighting,5,8477346,8477451
2025021021,1,312,9:19,10:41,1551,right,509,penalty,68,O,58,-40,MIN,high-sticking,2,8476463,8478474
2025021021,1,337,10:19,9:41,1451,right,509,penalty,68,N,-1,0,MIN,tripping,2,8481557,8477021
2025021021,1,491,16:55,3:05,0651,right,509,penalty,30,D,34,-21,MIN,slashing,2,8479343,8483525
2025021021,1,526,19:09,0:51,1551,right,509,penalty,68,N,2,38,MIN,slashing,2,8475765,8477346
2025021021,2,659,8:57,11:03,1551,left,509,penalty,30,D,-80,-1,MIN,holding,2,8477951,8482122
2025021021,3,1031,13:41,6:19,1560,right,509,penalty,68,D,-33,38,MIN,tripping,2,8475765,8479343
2025021021,3,1061,16:16,3:44,1551,right,509,penalty,30,D,58,41,MIN,tripping,2,8479343,8478864
2025021022,1,248,11:31,8:29,1551,right,509,penalty,24,O,29,18,MIN,tripping,2,8477504,8484762
2025021022,2,712,15:32,4:28,1551,left,509,penalty,52,D,-64,17,MIN,slashing,2,8484153,8476392
2025021022,3,763,0:40,19:20,1551,right,509,penalty,24,O,92,30,MIN,holding,2,8476331,8479705
2025021022,3,937,14:39,5:21,0651,right,509,penalty,52,O,-89,21,MIN,high-sticking,2,8483490,8482149
2025021022,3,944,15:01,4:59,1541,right,509,penalty,24,O,30,13,MIN,interference,2,8481043,8484762
2025021023,1,169,7:34,12:26,0651,right,509,penalty,21,D,82,-2,MIN,hooking,2,8478402,8476967
2025021023,1,259,14:17,5:43,1551,right,509,penalty,22,D,-73,-7,MIN,hooking,2,8482947,8476473
2025021023,1,18,17:05,2:55,1551,right,509,penalty,22,N,0,30,MAJ,fighting,5,8478462,8479365
2025021023,1,21,17:05,2:55,1551,right,509,penalty,21,N,0,30,MAJ,fighting,5,8479365,8478462
2025021023,2,692,14:34,5:26,1551,left,509,penalty,21,O,98,18,MIN,holding-the-stick,2,8475218,8475754
2025021023,2,753,18:20,1:40,1551,left,509,penalty,22,D,96,0,MIN,tripping,2,8475754,8476473
2025021023,2,44,19:25,0:35,1451,left,509,penalty,21,O,88,-1,MAJ,interference-goalkeeper,5,8478971,8477492
2025021023,2,774,19:25,0:35,1451,left,509,penalty,21,O,87,-1,GAM,game-misconduct,10,,
2025021023,3,950,8:20,11:40,0651,right,509,penalty,21,O,-80,12,MIN,high-sticking,2,8478013,8478462
2025021023,3,971,9:53,10:07,1551,right,509,penalty,22,O,62,31,MIN,hooking,2,8484258,8477953
2025021024,3,412,1:38,18:22,1551,left,509,penalty,18,D,75,41,MIN,cross-checking,2,8477955,8482111
2025021024,3,834,1:38,18:22,1551,left,509,penalty,18,D,78,40,MAJ,fighting,5,8482665,8482111
2025021024,3,837,1:38,18:22,1551,left,509,penalty,55,O,77,40,MAJ,fighting,5,8482111,8482665
2025021024,3,915,7:05,12:55,0651,left,509,penalty,55,D,-78,-10,MIN,slashing,2,8474600,8481554
2025021025,1,64,0:30,19:30,1551,left,509,penalty,9,O,85,4,MIN,interference-goalkeeper,2,8484170,8481528
2025021025,1,150,6:19,13:41,1551,left,509,penalty,8,D,92,29,MIN,tripping,2,8480188,8483457
2025021025,1,285,16:09,3:51,1551,left,509,penalty,8,D,32,-37,MIN,roughing,2,8484321,8476981
2025021025,2,500,5:02,14:58,1560,right,509,penalty,8,D,-61,8,MIN,interference,2,8478020,8483457
2025021025,2,524,6:40,13:20,1451,right,509,penalty,9,O,-69,-18,MIN,tripping,2,8482087,8481596
2025021025,3,948,4:59,15:01,1551,left,509,penalty,9,D,-47,37,MIN,holding,2,8484984,8480208
2025021025,3,951,4:59,15:01,1551,left,509,penalty,8,O,-47,34,MIN,high-sticking,2,8480208,8484984
2025021026,1,122,4:16,15:44,1551,right,509,penalty,15,D,-77,-2,MIN,holding,2,8480015,8480043
2025021026,1,187,9:03,10:57,1551,right,509,penalty,4,D,31,-20,MIN,hooking,2,8482148,8481533
2025021026,1,329,11:57,8:03,1551,right,509,penalty,15,N,11,37,MIN,hooking,2,8481533,8479345
2025021026,1,358,14:03,5:57,1551,right,509,penalty,4,O,-97,13,MIN,roughing,2,8479520,8483733
2025021026,1,361,14:03,5:57,1551,right,509,penalty,15,D,-96,12,MIN,roughing,2,8483733,8479520
2025021026,1,379,15:14,4:46,1441,right,509,penalty,4,D,74,-6,MIN,tripping,2,8480873,8477499
2025021026,3,897,6:09,13:51,1551,right,509,penalty,15,O,89,30,MIN,roughing,2,8478439,8476880
2025021026,3,901,6:09,13:51,1551,right,509,penalty,4,D,87,31,MIN,roughing,2,8476880,8478439
2025021026,3,939,8:46,11:14,0651,right,509,penalty,4,D,80,-4,MIN,slashing,2,8478440,8476461
2025021026,3,479,20:00,0:00,1551,right,509,penalty,15,O,87,-29,MIN,roughing,2,8483733,8479520
2025021026,3,477,20:00,0:00,1551,right,509,penalty,4,D,89,-28,MIN,roughing,2,8479520,8483733
2025021026,3,474,20:00,0:00,1551,right,509,penalty,4,D,85,-35,MIN,roughing,2,8479520,8483733
2025021027,1,146,7:14,12:46,1551,left,509,penalty,28,D,83,-34,MIN,holding,2,8479999,8475906
2025021027,2,661,13:49,6:11,1551,right,509,penalty,6,D,29,35,MIN,high-sticking,2,8484227,8482511
2025021027,3,842,3:00,17:00,1551,left,509,penalty,28,N,6,-12,MIN,hooking,2,8479325,8476624
2025021027,3,1067,19:50,0:10,1560,left,509,penalty,6,O,35,-8,MIN,elbowing,2,8480748,8479325
2025021027,3,380,19:50,0:10,1560,left,509,penalty,6,D,-30,-9,MIS,misconduct,10,,
2025021027,3,377,19:50,0:10,1560,left,509,penalty,28,N,-12,-7,MIS,misconduct,10,,
2025021027,3,374,19:50,0:10,1560,left,509,penalty,28,N,-9,-23,MIS,misconduct,10,,
2025021028,1,445,17:50,2:10,1551,left,509,penalty,15,O,-57,0,MIN,hooking,2,8482671,8481580
2025021028,2,738,12:50,7:10,1551,right,509,penalty,7,O,-31,42,MIN,slashing,2,8482088,8476871
2025021028,2,785,16:41,3:19,1551,right,509,penalty,15,D,-72,1,MIN,holding,2,8480064,8480796
2025021028,3,908,6:08,13:52,1551,left,509,penalty,7,D,-97,0,MIN,holding,2,8484186,8479378
2025021029,1,59,0:01,19:59,1551,right,509,penalty,24,N,1,-21,MAJ,fighting,5,8479543,8479705
2025021029,1,62,0:01,19:59,1551,right,509,penalty,10,N,1,-25,MAJ,fighting,5,8479705,8479543
2025021029,1,317,10:11,9:49,1551,right,509,penalty,10,D,73,-39,MIN,cross-checking,2,8475798,8477503
2025021029,1,19,14:45,5:15,1551,right,509,penalty,10,O,-92,-18,MIN,roughing,2,8476885,8475171
2025021029,1,379,14:45,5:15,1551,right,509,penalty,10,O,-91,-22,MIN,roughing,2,8476885,8475171
2025021029,1,376,14:45,5:15,1551,right,509,penalty,24,D,-94,-22,MIN,roughing,2,8475171,8476885
2025021029,1,480,18:31,1:29,1551,right,509,penalty,24,O,94,26,MIN,cross-checking,2,8481122,8475184
2025021029,2,651,6:57,13:03,0651,left,509,penalty,10,N,-2,-27,MIN,tripping,2,8473986,8479026
2025021029,2,691,9:52,10:08,1560,left,509,penalty,24,D,92,19,MIN,tripping,2,8479318,8476885
2025021029,2,763,15:47,4:13,1551,left,509,penalty,24,D,67,8,MAJ,kneeing,5,8479318,8475462
2025021029,2,44,15:47,4:13,1551,left,509,penalty,24,D,69,5,GAM,game-misconduct,10,,
2025021029,3,830,1:14,18:46,1560,right,509,penalty,24,N,-19,33,MIN,cross-checking,2,8475714,8475184
2025021029,3,511,8:10,11:50,1551,right,509,penalty,10,N,19,-40,MIN,interference,2,8484762,8477503
2025021029,3,514,8:10,11:50,1551,right,509,penalty,10,N,1,-39,MIS,misconduct,10,,
2025021029,3,980,11:19,8:41,1551,right,509,penalty,10,N,-2,-41,MIN,roughing,2,8479705,8476853
2025021029,3,984,11:19,8:41,1551,right,509,penalty,24,N,0,-40,MIN,roughing,2,8476853,8479705
2025021029,3,520,13:36,6:24,1551,right,509,penalty,10,O,-46,40,MIN,instigator,2,8481605,8484158
2025021029,3,1015,13:36,6:24,1551,right,509,penalty,10,O,-45,39,MAJ,fighting,5,8481605,8484158
2025021029,3,1020,13:36,6:24,1551,right,509,penalty,24,D,-50,40,MAJ,fighting,5,8484158,8481605
2025021029,3,523,13:36,6:24,1551,right,509,penalty,10,O,-46,35,MIS,instigator-misconduct,10,,
2025021029,3,1043,15:35,4:25,0641,right,509,penalty,24,N,1,34,MIN,holding,2,8475714,8484762
2025021029,3,535,20:00,0:00,0651,right,509,penalty,10,D,81,-1,MIN,roughing,2,8479705,8476931
2025021029,3,538,20:00,0:00,0651,right,509,penalty,24,O,77,-2,MIN,roughing,2,8476931,8479705
2025021029,3,541,20:00,0:00,0651,right,509,penalty,24,O,80,-1,MIN,slashing,2,8479361,8479705
2025021030,1,267,16:14,3:46,1551,left,509,penalty,14,O,90,22,MIN,hooking,2,8475753,8476453
2025021030,1,305,19:47,0:13,1551,left,509,penalty,17,O,-70,-38,MIN,holding-the-stick,2,8480426,8483464
2025021031,1,393,17:13,2:47,1551,right,509,penalty,13,N,-4,-41,MIN,interference,2,8480806,8480185
2025021031,2,658,10:57,9:03,1551,left,509,penalty,13,D,-87,13,MIN,interference,2,8479671,8482131
2025021031,2,35,20:00,0:00,1551,left,509,penalty,29,D,63,42,MIN,holding,2,8478421,8476923
2025021031,4,1006,0:48,4:12,1331,left,509,penalty,29,D,76,-1,MIN,tripping,2,8479314,8484166
2025021032,1,389,17:37,2:23,1560,left,509,penalty,20,N,-19,-33,MIN,high-sticking-double-minor,4,8481559,8477810
2025021032,3,1027,19:05,0:55,1560,left,509,penalty,20,D,79,1,MIN,cross-checking,2,8478414,8477810
2025021033,2,572,9:13,10:47,1551,left,509,penalty,19,D,76,-4,MIN,holding,2,8482702,8482090
2025021033,2,713,16:35,3:25,1560,left,509,penalty,19,D,98,-5,MIN,holding,2,8477478,8484188
2025021033,3,786,2:39,17:21,0651,right,509,penalty,12,D,85,11,MIN,interference,2,8477573,8476422
2025021034,2,541,5:32,14:28,1551,left,509,penalty,22,N,-19,-28,MIN,interference,2,8480878,8477450
2025021034,2,699,14:07,5:53,1551,left,509,penalty,25,D,-66,9,MIN,interference,2,8474641,8481581
2025021034,2,725,16:13,3:47,1551,left,509,penalty,22,N,3,37,MIN,roughing,2,8474574,8478402
2025021034,2,760,18:34,1:26,1551,left,509,penalty,25,D,-41,8,MIN,interference,2,8475786,8480840
2025021034,2,43,20:00,0:00,1541,left,509,penalty,22,O,-79,-40,MIN,slashing,2,8484938,8477934
2025021034,2,40,20:00,0:00,1541,left,509,penalty,22,O,-73,-31,MIN,roughing,2,8484829,8478402
2025021034,2,46,20:00,0:00,1541,left,509,penalty,25,D,-71,-39,MIN,roughing,2,8478402,8484829
2025021034,3,961,8:16,11:44,1551,right,509,penalty,25,D,88,-30,MIN,roughing,2,8479365,8484829
2025021034,3,951,8:16,11:44,1551,right,509,penalty,22,O,86,-33,MIN,tripping,2,8484829,8484509
2025021034,3,955,8:16,11:44,1551,right,509,penalty,25,D,85,-30,MIN,roughing,2,8484509,8476278
2025021034,3,958,8:16,11:44,1551,right,509,penalty,22,O,86,-30,MIN,roughing,2,8484829,8479365
2025021034,3,1012,11:57,8:03,1551,right,509,penalty,22,D,-95,20,MIN,cross-checking,2,8484829,8477498
2025021034,3,1039,13:43,6:17,1451,right,509,penalty,25,O,-63,-37,MIN,interference,2,8477450,8476902
2025021034,3,443,17:39,2:21,1551,right,509,penalty,25,D,87,-13,MIN,roughing,2,8477450,8482740
2025021034,3,440,17:39,2:21,1551,right,509,penalty,25,D,88,-11,MIN,roughing,2,8477450,8482740
2025021034,3,438,17:39,2:21,1551,right,509,penalty,25,D,88,-9,MIN,roughing,2,8478458,8482145
2025021034,3,435,17:39,2:21,1551,right,509,penalty,25,D,89,-10,MIN,roughing,2,8478458,8482145
2025021034,3,432,17:39,2:21,1551,right,509,penalty,22,O,89,-12,MIN,roughing,2,8474574,8477498
2025021034,3,429,17:39,2:21,1551,right,509,penalty,22,O,93,-10,MIN,roughing,2,8474574,8477498
2025021034,3,416,17:39,2:21,1551,right,509,penalty,22,O,94,-10,MIN,roughing,2,8482740,8477450
2025021034,3,419,17:39,2:21,1551,right,509,penalty,22,O,88,-12,MIN,roughing,2,8482740,8477450
2025021034,3,448,18:22,1:38,1551,right,509,penalty,25,N,23,14,MIN,unsportsmanlike-conduct,2,8479365,8483425
2025021034,3,445,18:22,1:38,1551,right,509,penalty,22,N,22,15,MIN,roughing,2,8483425,8479365
2025021035,1,169,8:00,12:00,1551,right,509,penalty,4,D,-83,33,MIN,slashing,2,8475149,8484387
2025021035,1,209,10:52,9:08,0651,right,509,penalty,30,O,-92,-29,MIN,hooking,2,8476372,8475149
2025021035,2,645,8:14,11:46,1551,left,509,penalty,4,D,98,6,MIN,slashing,2,8477451,8476372
2025021035,3,844,1:54,18:06,1551,right,509,penalty,30,D,41,-32,MIN,tripping,2,8482126,8477952
2025021035,3,897,6:08,13:52,1560,right,509,penalty,4,D,-35,-38,MIN,interference,2,8480800,8478439
2025021035,3,1062,19:08,0:52,1551,right,509,penalty,30,N,13,42,BEN,too-many-men-on-the-ice,2,,
2025021035,4,1087,1:35,3:25,1441,left,509,penalty,30,D,-84,-18,MIN,holding,2,8481533,8480800
2025021036,1,69,0:59,19:01,1551,right,509,penalty,52,O,-61,-37,MIN,hooking,2,8482073,8480014
2025021036,1,268,11:18,8:42,1551,right,509,penalty,3,D,-80,8,MIN,interference,2,8481043,8478882
2025021036,2,716,10:31,9:29,1551,left,509,penalty,52,D,-80,0,MIN,high-sticking,2,8482877,8483510
2025021037,3,778,0:19,19:41,1551,left,509,penalty,68,O,93,19,MIN,roughing,2,8481624,8480855
2025021037,3,781,0:19,19:41,1551,left,509,penalty,16,D,92,19,MIN,roughing,2,8480855,8481624
2025021037,3,796,1:34,18:26,1441,left,509,penalty,68,O,56,-37,MIN,high-sticking,2,8483506,8479343
2025021037,3,993,11:18,8:42,1551,left,509,penalty,16,D,61,40,MIN,high-sticking,2,8478831,8484783
2025021038,2,619,10:14,9:46,1551,left,509,penalty,23,O,52,23,MIN,roughing,2,8479370,8482079
2025021038,2,615,10:14,9:46,1551,left,509,penalty,18,D,70,36,MIN,roughing,2,8482079,8479370
2025021038,2,612,10:14,9:46,1551,left,509,penalty,23,O,72,35,MIN,roughing,2,8479370,8482079
2025021038,2,625,10:28,9:32,1541,left,509,penalty,18,O,-96,-7,MIN,slashing,2,8479425,8475158
2025021038,2,737,15:32,4:28,1551,left,509,penalty,23,D,-53,6,MIN,hooking,2,8474564,8480876
2025021039,1,323,16:11,3:49,1551,right,509,penalty,5,D,-69,-21,MIN,interference,2,8476881,8477365
2025021039,1,365,19:28,0:32,1551,right,509,penalty,5,D,-56,-16,MIN,tripping,2,8475343,8478438
2025021039,2,507,2:15,17:45,1551,left,509,penalty,54,O,36,22,MIN,interference,2,8482758,8478397
2025021039,2,627,11:47,8:13,0651,left,509,penalty,54,D,-41,11,MIN,tripping,2,8478438,8478483
2025021039,2,818,19:09,0:51,1551,left,509,penalty,54,O,93,-8,MIN,slashing,2,8471724,8479353
2025021039,2,821,19:09,0:51,1551,left,509,penalty,5,D,78,-5,MIN,cross-checking,2,8479353,8471724
2025021039,3,1001,12:21,7:39,1551,right,509,penalty,5,D,-43,21,MIN,slashing,2,8481527,8477511
2025021039,3,409,12:21,7:39,1551,right,509,penalty,5,D,-41,21,MIN,roughing,2,8481604,8477511
2025021039,3,994,12:21,7:39,1551,right,509,penalty,54,O,-41,22,MIN,slashing,2,8477511,8481604
2025021039,3,407,12:21,7:39,1551,right,509,penalty,54,O,-42,22,MIN,roughing,2,8477511,8481604
2025021039,3,997,12:21,7:39,1551,right,509,penalty,54,O,-37,24,MIN,unsportsmanlike-conduct,2,8477511,8481527
2025021040,1,418,18:11,1:49,1551,left,509,penalty,55,O,66,-8,MIN,high-sticking-double-minor,4,8480039,8474586
2025021040,2,606,3:37,16:23,1560,right,509,penalty,21,D,-96,-6,MIN,holding,2,8474586,8478038
2025021040,2,631,5:38,14:22,1551,right,509,penalty,21,D,-42,25,MIN,tripping,2,8484800,8470613
2025021040,2,710,12:07,7:53,1551,right,509,penalty,55,D,93,-29,MIN,tripping,2,8480448,8476457
2025021041,1,60,0:15,19:45,0651,left,509,penalty,2,D,-69,40,MIN,tripping,2,8479675,8475170
2025021041,1,222,7:37,12:23,0651,left,509,penalty,2,O,70,22,MIN,tripping,2,8479998,8477500
2025021041,1,256,10:27,9:33,1551,left,509,penalty,26,D,97,-1,MIN,holding,2,8478445,8475208
2025021041,1,380,19:00,1:00,1560,left,509,penalty,26,D,40,-28,MIN,cross-checking,2,8481601,8474563
2025021041,2,704,12:33,7:27,1551,right,509,penalty,2,D,25,26,MIN,tripping,2,8483756,8477369
2025021041,2,754,16:22,3:38,1551,right,509,penalty,26,O,97,-4,MIN,roughing,2,8485366,8483406
2025021041,2,758,16:22,3:38,1551,right,509,penalty,2,D,96,-1,MIN,roughing,2,8483406,8485366
2025021041,3,1060,19:56,0:04,1560,left,509,penalty,26,D,86,-35,MIN,high-sticking,2,8475170,8476872
2025021041,3,464,19:56,0:04,1560,left,509,penalty,26,D,56,22,MIN,tripping,2,8478445,8476872
2025021042,2,429,4:46,15:14,1551,right,509,penalty,19,D,93,24,MIN,delaying-game-puck-over-glass,2,,
2025021042,2,657,17:34,2:26,1551,right,509,penalty,19,D,96,28,MIN,tripping,2,8479365,8482733
2025021042,3,802,4:18,15:42,1551,left,509,penalty,19,D,-49,-6,MIN,tripping,2,8478402,8482733
2025021042,3,835,7:08,12:52,1551,left,509,penalty,22,D,64,-26,MIN,hooking,2,8480023,8475786
2025021043,1,327,11:06,8:54,1551,left,509,penalty,24,D,47,3,MIN,holding,2,8480188,8485512
2025021043,1,453,16:01,3:59,1551,left,509,penalty,9,D,-80,-19,MIN,hooking,2,8484153,8482245
2025021043,1,480,17:48,2:12,1541,left,509,penalty,24,D,76,0,MIN,slashing,2,8478020,8475798
2025021043,2,690,8:22,11:38,1551,right,509,penalty,9,D,73,6,MIN,slashing,2,8478424,8482095
2025021043,2,36,9:21,10:39,1541,right,509,penalty,24,N,9,38,BEN,delaying-game-unsuccessful-challenge,2,,
2025021043,2,49,18:28,1:32,1551,right,509,penalty,9,D,73,7,MIN,roughing,2,8478366,8476393
2025021043,2,552,18:28,1:32,1551,right,509,penalty,24,O,69,14,MIN,roughing,2,8476393,8478366
2025021043,3,889,2:40,17:20,1551,left,509,penalty,9,D,-87,-30,MIN,hooking,2,8481605,8474189
2025021043,3,1042,13:32,6:28,1551,left,509,penalty,24,D,63,0,MIN,hooking,2,8482095,8483445
2025021044,1,121,4:25,15:35,1551,right,509,penalty,15,N,9,39,MIN,roughing,2,8479987,8479400
2025021044,1,124,4:25,15:35,1551,right,509,penalty,6,N,9,38,MIN,roughing,2,8479400,8479987
2025021044,1,326,15:40,4:20,1551,right,509,penalty,6,D,-69,37,MIN,holding,2,8479400,8479325
2025021044,2,408,2:20,17:40,1551,left,509,penalty,15,O,71,-24,MIN,hooking,2,8476854,8478463
2025021044,2,787,16:40,3:20,1551,left,509,penalty,15,O,86,12,MIN,roughing,2,8480355,8482148
2025021044,2,791,16:40,3:20,1551,left,509,penalty,6,D,84,11,MIN,roughing,2,8482148,8480355
2025021044,3,904,3:59,16:01,1551,right,509,penalty,15,D,80,-4,MIN,interference,2,8478401,8476880
2025021044,3,920,5:20,14:40,1541,right,509,penalty,15,D,71,-38,MIN,cross-checking,2,8477956,8478463
2025021044,3,1033,14:06,5:54,1551,right,509,penalty,6,D,-69,41,MIN,boarding,2,8483573,8477507
2025021044,3,1063,16:40,3:20,1551,right,509,penalty,6,D,-68,2,MIN,holding,2,8482088,8476854
2025021044,3,1090,18:45,1:15,1551,right,509,penalty,15,O,-44,38,MIN,interference,2,8482177,8481580
2025021045,1,281,10:12,9:48,1560,right,509,penalty,21,O,66,31,MIN,roughing,2,8476331,8475754
2025021045,1,456,19:39,0:21,1551,right,509,penalty,52,O,-89,-34,MIN,holding,2,8478038,8476460
2025021045,3,747,0:15,19:45,1551,right,509,penalty,52,D,80,-6,MIN,high-sticking,2,8480448,8480196
2025021046,1,69,0:54,19:06,1551,right,509,penalty,30,D,74,-5,MIN,tripping,2,8476468,8482122
2025021046,1,234,9:45,10:15,1551,right,509,penalty,3,D,-97,8,MIN,tripping,2,8478493,8478840
2025021046,1,27,20:00,0:00,1560,right,509,penalty,3,D,-48,-39,MIN,cross-checking,2,8477451,8481789
2025021046,2,775,18:05,1:55,1551,left,509,penalty,3,D,91,-5,MIN,high-sticking-double-minor,4,8477451,8478882
2025021046,3,931,9:38,10:22,1560,right,509,penalty,3,D,-55,-38,MIN,tripping,2,8482122,8476389
2025021046,3,949,11:13,8:47,1451,right,509,penalty,30,O,-36,9,MIN,hooking,2,8483690,8481557
2025021046,3,962,12:19,7:41,1541,right,509,penalty,3,D,-79,2,MIN,hooking,2,8473422,8479323
2025021046,3,994,14:21,5:39,1551,right,509,penalty,30,O,-85,1,MIN,interference-goalkeeper,2,8478048,8478493
2025021046,3,987,14:21,5:39,1551,right,509,penalty,3,D,-53,-38,MIN,roughing,2,8478493,8478840
2025021046,3,991,14:21,5:39,1551,right,509,penalty,30,O,-55,-39,MIN,roughing,2,8478840,8478493
2025021046,3,1044,17:29,2:31,1560,right,509,penalty,3,D,-79,1,MIN,slashing,2,8477451,8478882
2025021046,3,1067,18:54,1:06,1460,right,509,penalty,30,O,-79,1,MIN,roughing,2,8476468,8475692
2025021046,3,1070,18:54,1:06,1450,right,509,penalty,3,D,-80,0,MIN,roughing,2,8475692,8476468
2025021047,1,89,2:34,17:26,1551,left,509,penalty,10,O,-95,-11,MIN,holding,2,8479420,8479543
2025021047,1,173,8:12,11:48,1551,left,509,penalty,7,D,-34,-16,MAJ,fighting,5,8478057,8474568
2025021047,1,169,8:12,11:48,1551,left,509,penalty,10,O,-32,-17,MAJ,fighting,5,8474568,8478057
2025021047,1,318,10:52,9:08,1551,left,509,penalty,10,N,-11,14,MIN,cross-checking,2,8479359,8475171
2025021047,1,383,15:22,4:38,1551,left,509,penalty,7,O,85,1,MIN,interference-goalkeeper,2,8479361,8483500
2025021047,1,394,15:22,4:38,1551,left,509,penalty,7,O,97,15,MIN,roughing,2,8475171,8474568
2025021047,1,388,15:22,4:38,1551,left,509,penalty,10,D,97,13,MIN,roughing,2,8474568,8475171
2025021047,1,391,15:22,4:38,1551,left,509,penalty,7,O,97,15,MIN,roughing,2,8475171,8474568
2025021047,1,16,15:22,4:38,1551,left,509,penalty,10,D,97,15,MIN,roughing,2,8474568,8475171
2025021047,2,713,6:42,13:18,1551,right,509,penalty,7,N,6,-5,MIN,interference,2,8479543,8480839
2025021047,2,750,9:51,10:09,1551,right,509,penalty,10,D,-77,17,MIN,slashing,2,8482659,8479543
2025021047,3,1001,6:31,13:29,1551,left,509,penalty,10,D,36,40,MIN,holding,2,8482659,8482720
2025021047,3,1179,19:11,0:49,1551,left,509,penalty,7,D,-37,41,MIN,holding-the-stick,2,8475166,8481524
2025021047,3,1184,19:11,0:49,1551,left,509,penalty,10,O,-37,39,MIN,roughing,2,8481524,8475166
2025021048,1,231,8:28,11:32,1551,right,509,penalty,28,D,-86,-7,MIN,roughing,2,8481523,8479576
2025021048,1,456,17:57,2:03,1551,right,509,penalty,28,D,-35,41,MIN,cross-checking,2,8483515,8484801
2025021048,2,499,0:38,19:22,1551,left,509,penalty,8,N,5,41,BEN,too-many-men-on-the-ice,2,,
2025021048,3,764,3:07,16:53,1551,right,509,penalty,28,N,-13,28,BEN,too-many-men-on-the-ice,2,,
2025021049,1,147,6:27,13:33,1551,left,509,penalty,12,D,82,-2,MIN,slashing,2,8476878,8480830
2025021049,1,203,10:40,9:20,0651,left,509,penalty,14,O,26,20,MIN,hooking,2,8477478,8476826
2025021049,1,23,14:29,5:31,1551,left,509,penalty,12,N,-14,28,MIN,roughing,2,8476878,8482093
2025021049,1,253,14:29,5:31,1551,left,509,penalty,12,N,-14,32,MAJ,fighting,5,8476878,8482093
2025021049,1,20,14:29,5:31,1551,left,509,penalty,14,N,-14,32,MAJ,fighting,5,8482093,8476878
2025021049,2,638,4:32,15:28,1551,right,509,penalty,14,O,-35,31,MIN,roughing,2,8478427,8480995
2025021049,2,642,4:32,15:28,1551,right,509,penalty,12,D,-34,34,MIN,roughing,2,8480995,8478427
2025021049,2,748,9:05,10:55,1551,right,509,penalty,12,D,-76,1,MIN,hooking,2,8476453,8480336
2025021049,2,756,9:20,10:40,1451,right,509,penalty,14,O,-58,-40,MIN,hooking,2,8478970,8479542
2025021050,1,411,18:29,1:31,1551,left,509,penalty,26,D,78,11,MIN,cross-checking,2,8484177,8474563
2025021050,2,488,3:32,16:28,1551,right,509,penalty,1,O,-35,26,MIN,interference,2,8482408,8476462
2025021050,3,755,0:50,19:10,1551,left,509,penalty,1,O,97,0,MIN,tripping,2,8482730,8479407
2025021050,3,905,11:38,8:22,1551,left,509,penalty,26,D,73,3,MIN,tripping,2,8480002,8482124
2025021050,3,924,13:04,6:56,1551,left,509,penalty,1,O,97,21,MIN,holding,2,8482730,8484177
2025021050,3,988,17:24,2:36,1551,left,509,penalty,26,D,34,20,MIN,holding,2,8481559,8482730
2025021051,1,98,3:19,16:41,1560,left,509,penalty,20,O,-85,2,MIN,interference-goalkeeper,2,8479496,8483609
2025021051,1,301,14:07,5:53,0651,left,509,penalty,2,D,-93,12,MIN,hooking,2,8480028,8477369
2025021051,1,359,18:04,1:56,0651,left,509,penalty,2,N,24,5,MIN,tripping,2,8484860,8484221
2025021052,1,304,14:13,5:47,1551,right,509,penalty,29,D,-93,-26,MIN,boarding,2,8484142,8480893
2025021052,2,50,12:18,7:42,1551,left,509,penalty,29,D,98,13,MIN,roughing,2,8479336,8484166
2025021052,2,47,12:18,7:42,1551,left,509,penalty,4,O,98,17,MIN,boarding,2,8476923,8479336
2025021052,2,722,12:18,7:42,1551,left,509,penalty,29,D,98,19,MAJ,fighting,5,8479336,8484166
2025021052,2,726,12:18,7:42,1551,left,509,penalty,4,O,98,15,MAJ,fighting,5,8484166,8479336
2025021052,2,793,17:38,2:22,1551,left,509,penalty,29,D,84,-35,MIN,cross-checking,2,8483733,8482705
2025021052,2,816,19:35,0:25,1451,left,509,penalty,29,D,97,6,MIN,cross-checking,2,8484142,8476923
2025021052,2,407,19:35,0:25,1451,left,509,penalty,29,D,82,5,MIN,cross-checking,2,8484142,8476923
2025021052,3,930,7:29,12:31,0651,right,509,penalty,4,O,-34,29,MIN,tripping,2,8482705,8477499
2025021053,1,105,3:34,16:26,1551,right,509,penalty,17,O,95,4,MIN,slashing,2,8480036,8474102
2025021053,1,109,3:34,16:26,1551,right,509,penalty,25,D,96,4,MIN,roughing,2,8474102,8480036
2025021053,1,212,10:33,9:27,1560,right,509,penalty,17,D,-30,31,MIN,slashing,2,8480036,8479942
2025021053,2,441,0:25,19:35,1551,left,509,penalty,17,D,60,-25,MIN,hooking,2,8476278,8481542
2025021053,2,469,2:30,17:30,1551,left,509,penalty,25,O,61,-14,MIN,interference,2,8479337,8479414
2025021053,2,617,10:48,9:12,1551,left,509,penalty,17,D,60,3,MIN,slashing,2,8480878,8477456
2025021053,2,641,12:31,7:29,1451,left,509,penalty,17,D,59,40,MIN,hooking,2,8476902,8482078
2025021053,3,793,0:33,19:27,1551,right,509,penalty,25,D,76,7,MIN,interference,2,8477456,8476902
2025021053,3,840,3:35,16:25,1551,right,509,penalty,17,D,-94,21,MIN,holding,2,8480027,8475753
2025021053,3,836,3:35,16:25,1551,right,509,penalty,25,O,-94,20,MIN,cross-checking,2,8475753,8480027
2025021053,3,892,7:44,12:16,1551,right,509,penalty,25,D,91,-22,MIN,cross-checking,2,8483464,8474574
2025021054,1,139,5:54,14:06,1551,left,509,penalty,5,D,76,-2,MIN,cross-checking,2,8479410,8477511
2025021054,1,455,16:44,3:16,1551,left,509,penalty,68,D,-66,-35,MIN,slashing,2,8478450,8479343
2025021054,2,610,4:05,15:55,1560,right,509,penalty,5,D,-66,-36,MIN,slashing,2,8480855,8482470
2025021054,2,620,5:17,14:43,1451,right,509,penalty,68,O,-84,15,MIN,slashing,2,8474578,8480849
2025021054,2,672,9:22,10:38,1551,right,509,penalty,68,O,-83,34,MIN,hooking,2,8478854,8482175
2025021054,2,725,13:39,6:21,1551,right,509,penalty,68,O,-86,-34,MIN,high-sticking,2,8478450,8478474
2025021054,2,734,14:12,5:48,1541,right,509,penalty,68,D,32,-9,MIN,interference,2,8476483,8477021
2025021054,2,800,19:44,0:16,1551,right,509,penalty,68,D,81,-8,MIN,hooking,2,8475810,8474013
2025021054,3,975,11:19,8:41,1551,left,509,penalty,5,D,95,23,MIN,tripping,2,8479343,8480980
2025021055,1,406,18:43,1:17,0651,right,509,penalty,23,D,83,19,MIN,holding,2,8480009,8484240
2025021055,2,450,1:45,18:15,1551,left,509,penalty,55,D,82,-5,MIN,high-sticking,2,8482079,8482858
2025021055,3,880,7:29,12:31,1551,right,509,penalty,55,D,-34,22,MIN,tripping,2,8480012,8479324
2025021055,3,456,12:31,7:29,1551,right,509,penalty,23,D,98,-6,MIN,delaying-game-puck-over-glass,2,,
2025021055,3,987,15:03,4:57,1551,right,509,penalty,23,O,-30,-36,MIN,hooking,2,8482751,8484240
2025021056,1,99,2:31,17:29,1551,right,509,penalty,54,O,-71,13,MIN,high-sticking,2,8484185,8482062
2025021056,1,168,8:22,11:38,1551,right,509,penalty,16,D,-99,-6,MIN,cross-checking,2,8478483,8481806
2025021056,1,339,12:47,7:13,1551,right,509,penalty,16,D,-67,-12,MIN,hooking,2,8475913,8481806
2025021056,1,27,19:22,0:38,1551,right,509,penalty,54,D,97,-8,MIN,roughing,2,8484144,8481527
2025021056,1,30,19:22,0:38,1551,right,509,penalty,16,O,99,-9,MIN,roughing,2,8481527,8484144
2025021056,2,687,12:11,7:49,1551,left,509,penalty,16,D,48,-42,MIN,cross-checking,2,8476881,8478233
2025021056,2,713,13:53,6:07,1551,left,509,penalty,54,D,-49,-23,MIN,delaying-game-puck-over-glass,2,,
2025021056,2,453,16:58,3:02,0651,left,509,penalty,54,D,-70,14,MIN,hooking,2,8478233,8475343
2025021056,2,765,17:25,2:35,1541,left,509,penalty,16,O,-66,40,MIN,tripping,2,8479353,8476882
2025021056,3,470,10:06,9:54,1551,right,509,penalty,54,D,98,-23,MIN,roughing,2,8484144,8478468
2025021056,3,935,10:06,9:54,1551,right,509,penalty,54,D,96,-8,MIN,roughing,2,8482807,8478468
2025021056,3,931,10:06,9:54,1551,right,509,penalty,16,O,96,-8,MIN,roughing,2,8478468,8482807
2025021056,3,472,10:06,9:54,1551,right,509,penalty,16,O,97,-10,MIS,misconduct,10,,
2025021056,3,474,10:06,9:54,1551,right,509,penalty,54,D,96,-7,MIS,misconduct,10,,
2025021056,3,1053,14:42,5:18,1551,right,509,penalty,16,D,-47,-8,MIN,tripping,2,8475913,8476891
2025021057,1,92,3:12,16:48,1551,right,509,penalty,19,D,-70,24,MIN,tripping,2,8478398,8475718
2025021057,1,314,17:20,2:40,1551,right,509,penalty,19,O,68,12,MIN,cross-checking,2,8480196,8476897
2025021057,2,654,13:31,6:29,1551,left,509,penalty,52,D,-97,2,MIN,holding-the-stick,2,8482090,8483510
2025021057,2,711,18:17,1:43,1551,left,509,penalty,19,O,-91,31,MIN,holding,2,8480014,8480459
2025021058,1,66,1:42,18:18,1551,left,509,penalty,9,O,35,32,MIN,high-sticking,2,8485402,8482116
2025021058,1,11,6:17,13:43,1551,left,509,penalty,28,D,58,21,MIN,interference,2,8480208,8475906
2025021058,1,24,19:19,0:41,1551,left,509,penalty,28,D,66,34,MIN,cross-checking,2,8473512,8479576
2025021058,2,662,12:03,7:57,1551,right,509,penalty,28,D,-33,-16,MIN,hooking,2,8480188,8475200
2025021058,2,762,18:58,1:02,1551,right,509,penalty,9,N,12,39,MIN,roughing,2,8475726,8482245
2025021059,1,261,11:00,9:00,1551,right,509,penalty,24,D,-75,1,MIN,hooking,2,8482775,8473986
2025021059,1,287,12:49,7:11,1451,right,509,penalty,24,D,-40,36,MIN,tripping,2,8475848,8482803
2025021059,2,578,6:44,13:16,1551,left,509,penalty,24,D,75,-38,MIN,delaying-game-puck-over-glass,2,,
2025021059,3,781,2:31,17:29,1551,right,509,penalty,8,N,3,-40,MIN,holding,2,8484153,8476479
2025021059,3,806,4:34,15:26,1551,right,509,penalty,24,D,-34,19,MIN,embellishment,2,,
2025021059,3,811,4:34,15:26,1551,right,509,penalty,8,O,-36,23,MIN,holding,2,8484762,8476981
2025021059,3,886,9:51,10:09,1551,right,509,penalty,24,O,97,1,MIN,tripping,2,8480865,8475798
2025021060,2,674,9:29,10:31,1551,left,509,penalty,10,O,-69,21,MIN,holding-the-stick,2,8480800,8475714
2025021060,2,731,14:13,5:47,1551,left,509,penalty,30,O,86,-36,MIN,cross-checking,2,8478443,8475692
2025021060,2,736,14:13,5:47,1551,left,509,penalty,10,D,77,-38,MIN,cross-checking,2,8475692,8478443
2025021060,2,750,15:05,4:55,1441,left,509,penalty,10,N,-17,18,MIN,interference,2,8478864,8476931
2025021060,2,754,15:05,4:55,1441,left,509,penalty,30,N,-16,20,MIN,embellishment,2,,
2025021060,2,785,17:18,2:42,1551,left,509,penalty,30,D,-61,-21,MIN,hooking,2,8482720,8478508
2025021060,3,332,11:22,8:38,1551,right,509,penalty,10,O,63,-20,MIN,slashing,2,8473422,8481582
2025021061,1,81,1:51,18:09,1560,left,509,penalty,18,D,73,-9,MIN,holding,2,8478402,8480246
2025021061,1,136,5:06,14:54,1551,left,509,penalty,22,N,5,41,MIN,slashing,2,8482103,8477953
2025021061,1,133,5:06,14:54,1551,left,509,penalty,18,N,8,16,MAJ,fighting,5,8481617,8479980
2025021061,1,130,5:06,14:54,1551,left,509,penalty,22,N,10,16,MAJ,fighting,5,8479980,8481617
2025021061,1,290,13:06,6:54,1551,left,509,penalty,22,N,22,-17,MIN,roughing,2,8482103,8479365
2025021061,1,327,15:39,4:21,1551,left,509,penalty,22,D,-68,33,MIN,slashing,2,8476887,8476473
2025021061,2,574,6:04,13:56,1551,right,509,penalty,22,N,9,29,MIN,tripping,2,8474600,8484509
2025021061,2,695,10:21,9:39,1551,right,509,penalty,18,D,-55,42,MIN,tripping,2,8475786,8475287
2025021061,2,786,17:28,2:32,1551,right,509,penalty,18,O,93,9,MIN,slashing,2,8475218,8482103
2025021061,3,926,6:39,13:21,1560,left,509,penalty,18,O,-78,-37,MIN,slashing,2,8478013,8474564
2025021062,1,332,13:30,6:30,0651,left,509,penalty,55,D,-95,24,MIN,holding,2,8477409,8479324
2025021062,2,624,7:23,12:37,1551,right,509,penalty,55,D,88,-11,MIN,high-sticking,2,8479314,8476905
2025021062,2,640,8:27,11:33,1541,right,509,penalty,55,D,53,21,MIN,high-sticking,2,8482113,8480009
2025021062,2,685,11:28,8:32,1551,right,509,penalty,13,O,78,1,MIN,roughing,2,8482858,8479316
2025021062,3,801,1:18,18:42,1551,left,509,penalty,13,O,-40,29,MIN,high-sticking,2,8476905,8478542
2025021062,3,894,9:01,10:59,1551,left,509,penalty,13,O,-84,22,MIN,interference,2,8478407,8482113
2025021062,3,914,10:38,9:22,1551,left,509,penalty,13,D,56,13,MIN,holding,2,8482751,8477932
2025021062,3,930,11:44,8:16,1451,left,509,penalty,55,O,26,-17,MIN,interference,2,8482113,8477986
2025021063,1,84,1:50,18:10,1560,right,509,penalty,20,O,36,-37,MIN,high-sticking,2,8481077,8484150
2025021063,1,200,9:28,10:32,1551,right,509,penalty,17,D,42,-17,MAJ,fighting,5,8481028,8479942
2025021063,1,254,9:28,10:32,1551,right,509,penalty,20,O,37,-11,MAJ,fighting,5,8479942,8481028
2025021063,1,323,14:34,5:26,1551,right,509,penalty,20,D,-27,-12,MIN,slashing,2,8478891,8480727
2025021063,2,29,2:52,17:08,1551,left,509,penalty,17,O,44,35,MIN,roughing,2,8482074,8478891
2025021063,2,36,2:52,17:08,1551,left,509,penalty,17,O,48,36,MIN,roughing,2,8482074,8478891
2025021063,2,543,2:52,17:08,1551,left,509,penalty,20,D,50,36,MIN,roughing,2,8478891,8482074
2025021063,2,806,10:41,9:19,1551,left,509,penalty,20,N,-12,-29,MIN,slashing,2,8480879,8484860
2025021063,2,902,18:28,1:32,1551,left,509,penalty,17,D,-76,-6,MIN,interference,2,8481028,8475279
2025021063,2,923,19:58,0:02,1541,left,509,penalty,20,O,-82,37,MIN,cross-checking,2,8481607,8482074
2025021063,3,1029,7:08,12:52,1551,right,509,penalty,17,N,-10,25,MIN,holding,2,8476399,8481542
2025021063,3,1033,7:08,12:52,1551,right,509,penalty,20,N,-13,30,MIN,roughing,2,8481542,8476399
2025021064,1,231,8:30,11:30,1551,left,509,penalty,6,O,-93,-8,MAJ,fighting,5,8475455,8480355
2025021064,1,17,8:30,11:30,1551,left,509,penalty,1,D,-94,-9,MAJ,fighting,5,8480355,8475455
2025021064,2,727,17:30,2:30,1551,right,509,penalty,6,D,-50,38,MIN,tripping,2,8479407,8477956
2025021064,3,419,9:18,10:42,1551,left,509,penalty,6,O,-47,-39,MIN,interference,2,8481032,8480355
2025021064,3,422,9:18,10:42,1551,left,509,penalty,1,O,46,-16,MIN,unsportsmanlike-conduct,2,8480355,8480192
2025021064,3,877,9:18,10:42,1551,left,509,penalty,6,D,40,-17,MAJ,fighting,5,8480192,8480355
2025021064,3,881,9:18,10:42,1551,left,509,penalty,1,O,47,-18,MAJ,fighting,5,8480355,8480192
2025021064,3,904,10:45,9:15,0651,left,509,penalty,1,O,75,-18,MIN,tripping,2,8482177,8480002
2025021064,3,914,11:21,8:39,1541,left,509,penalty,1,N,14,-13,MIN,embellishment,2,,
2025021064,3,910,11:21,8:39,1541,left,509,penalty,6,N,15,-11,MIN,interference,2,8477015,8479325
2025021064,3,925,12:22,7:38,1541,left,509,penalty,1,N,13,24,MIN,tripping,2,8478042,8475760
2025021064,3,1017,15:29,4:31,1551,left,509,penalty,6,D,86,17,MIN,tripping,2,8479407,8481219
2025021064,3,1033,16:42,3:18,1451,left,509,penalty,1,O,39,-39,MIN,interference,2,8483489,8482110
2025021065,1,175,8:42,11:18,1551,right,509,penalty,26,O,49,-23,MIN,tripping,2,8482109,8482124
2025021065,2,555,4:48,15:12,1551,left,509,penalty,3,D,-99,6,MIN,high-sticking,2,8482124,8476389
2025021065,2,670,9:13,10:47,1551,left,509,penalty,3,N,-22,25,MIN,hooking,2,8483756,8481525
2025021065,3,821,1:15,18:45,1560,right,509,penalty,26,D,-39,35,MIN,boarding,2,8481525,8482155
2025021066,1,274,11:26,8:34,1551,right,509,penalty,25,N,23,23,MAJ,fighting,5,8479293,8477454
2025021066,1,14,11:26,8:34,1551,right,509,penalty,68,N,23,23,MAJ,fighting,5,8477454,8479293
2025021066,1,23,15:02,4:58,1551,right,509,penalty,25,D,85,-31,MAJ,fighting,5,8480855,8483425
2025021066,1,20,15:02,4:58,1551,right,509,penalty,68,O,83,-34,MAJ,fighting,5,8483425,8480855
2025021066,1,353,16:27,3:33,1551,right,509,penalty,25,O,-69,-40,MIN,tripping,2,8479343,8479351
2025021066,2,524,1:17,18:43,1551,left,509,penalty,68,D,92,21,MIN,holding-the-stick,2,8482145,8478507
2025021066,2,630,8:57,11:03,1551,left,509,penalty,68,D,62,-30,MIN,tripping,2,8482145,8480434
2025021066,3,841,3:04,16:56,1560,right,509,penalty,68,O,62,-40,MIN,hooking,2,8483425,8480849
2025021066,3,924,9:27,10:33,1551,right,509,penalty,25,O,-99,9,MIN,roughing,2,8474013,8482145
2025021066,3,1032,14:29,5:31,0651,right,509,penalty,25,O,-86,9,MIN,cross-checking,2,8474013,8478047
2025021067,1,62,0:48,19:12,1551,right,509,penalty,5,O,70,8,MIN,tripping,2,8478038,8471215
2025021067,1,131,5:33,14:27,1551,right,509,penalty,5,O,98,-14,MIN,cross-checking,2,8476967,8482758
2025021067,1,175,8:39,11:21,1551,right,509,penalty,21,D,86,-22,MIN,interference,2,8471215,8480835
2025021067,2,532,3:30,16:30,1551,left,509,penalty,5,D,63,5,MIN,holding,2,8476312,8477511
2025021067,2,36,11:11,8:49,1551,left,509,penalty,5,D,87,4,MIN,tripping,2,8478462,8481668
2025021067,2,656,13:30,6:30,1551,left,509,penalty,21,O,39,35,MIN,hooking,2,8478854,8478462
2025021067,2,691,15:40,4:20,1551,left,509,penalty,21,N,14,41,BEN,too-many-men-on-the-ice,2,,
2025021067,3,941,10:59,9:01,1551,right,509,penalty,5,O,38,-40,MIN,roughing,2,8480448,8471215
2025021067,3,945,10:59,9:01,1551,right,509,penalty,21,D,39,-39,MIN,roughing,2,8471215,8480448
2025021067,3,951,10:59,9:01,1551,right,509,penalty,5,O,46,1,MAJ,fighting,5,8480835,8477365
2025021067,3,948,10:59,9:01,1551,right,509,penalty,21,D,51,-1,MAJ,fighting,5,8477365,8480835
2025021068,1,107,3:30,16:30,1551,right,509,penalty,10,O,-26,-40,MIN,slashing,2,8484221,8481582
2025021068,1,153,7:18,12:42,1551,right,509,penalty,2,D,-50,13,MIN,hooking,2,8475166,8476917
2025021068,1,189,9:34,10:26,1551,right,509,penalty,10,D,97,7,MIN,high-sticking,2,8477407,8478443
2025021068,2,471,1:47,18:13,1551,left,509,penalty,2,D,63,-31,MIN,slashing,2,8477939,8476917
2025021068,2,478,2:13,17:47,1451,left,509,penalty,10,N,-18,-21,MIN,holding,2,8481601,8478057
2025021068,2,702,14:39,5:21,1551,left,509,penalty,2,D,79,22,MIN,hooking,2,8482720,8475231
2025021068,2,562,17:12,2:48,1551,left,509,penalty,10,D,-95,-19,MIN,cross-checking,2,8481237,8476853
2025021068,2,565,17:12,2:48,1551,left,509,penalty,2,O,-97,-19,MAJ,fighting,5,8476853,8481237
2025021068,2,568,17:12,2:48,1551,left,509,penalty,10,D,-95,-23,MAJ,fighting,5,8481237,8476853
2025021068,3,1066,14:57,5:03,1551,right,509,penalty,10,O,-99,-8,MIN,high-sticking-double-minor,4,8476917,8475166
2025021069,1,60,0:25,19:35,1551,right,509,penalty,8,N,-14,-32,MIN,high-sticking-double-minor,4,8479661,8478851
2025021069,1,466,18:47,1:13,1560,right,509,penalty,6,D,-79,37,MIN,slashing,2,8482737,8482511
2025021069,2,603,7:42,12:18,1551,left,509,penalty,8,O,26,-30,MIN,high-sticking,2,8477956,8476875
2025021069,2,709,16:21,3:39,1551,left,509,penalty,8,O,90,32,MIN,slashing,2,8477507,8476479
2025021070,1,111,4:23,15:37,1551,left,509,penalty,12,O,-32,-33,MIN,high-sticking-double-minor,4,8478460,8482093
2025021070,1,26,17:45,2:15,1551,left,509,penalty,12,O,-51,40,MIN,tripping,2,8479371,8482809
2025021070,2,644,9:38,10:22,1551,right,509,penalty,29,N,-4,1,MAJ,fighting,5,8475235,8479671
2025021070,2,45,9:38,10:22,1551,right,509,penalty,12,N,-3,1,MAJ,fighting,5,8479671,8475235
2025021070,2,721,13:48,6:12,1551,right,509,penalty,12,O,84,-17,MIN,cross-checking,2,8479371,8478427
2025021070,2,724,13:48,6:12,1551,right,509,penalty,29,D,85,-13,MIN,roughing,2,8478427,8479371
2025021070,3,414,2:02,17:58,1551,left,509,penalty,12,O,-36,16,MIN,high-sticking-double-minor,4,8478856,8482093
2025021070,3,1033,12:50,7:10,0651,left,509,penalty,29,D,-66,-26,MIN,slashing,2,8482809,8478460
2025021071,1,263,11:14,8:46,1551,right,509,penalty,52,D,55,24,MIN,tripping,2,8483513,8476331
2025021071,1,358,15:15,4:45,1560,right,509,penalty,18,D,-94,-5,MIN,holding,2,8480014,8482715
2025021071,2,29,4:59,15:01,1551,left,509,penalty,18,N,23,-17,MIN,tripping,2,8476460,8476887
2025021071,2,784,17:47,2:13,1560,left,509,penalty,18,D,70,41,MIN,tripping,2,8480196,8476539
2025021071,3,835,1:54,18:06,1560,right,509,penalty,18,N,4,-1,MIN,tripping,2,8480014,8476887
2025021072,1,380,13:10,6:50,1551,right,509,penalty,30,D,-87,-35,MIN,high-sticking,2,8483450,8483525
2025021072,1,422,16:41,3:19,0651,right,509,penalty,16,D,66,37,MIN,cross-checking,2,8478864,8478233
2025021072,2,476,0:23,19:37,1551,left,509,penalty,30,D,56,0,MIN,slashing,2,8483450,8473422
2025021073,1,75,1:51,18:09,1551,left,509,penalty,28,D,98,15,MIN,holding,2,8478458,8475906
2025021073,1,90,3:31,16:29,1451,left,509,penalty,22,O,80,2,MIN,high-sticking,2,8479576,8475786
2025021073,1,175,9:10,10:50,1551,left,509,penalty,28,O,-90,-34,MIN,tripping,2,8480803,8479576
2025021073,3,915,0:31,19:29,1551,left,509,penalty,28,N,22,-15,MIN,tripping,2,8478402,8484801
2025021073,3,1194,18:11,1:49,0651,left,509,penalty,28,O,-30,3,MIN,tripping,2,8478402,8480748
2025021074,1,97,3:18,16:42,1551,right,509,penalty,13,O,32,39,MIN,hooking,2,8481024,8475179
2025021074,1,239,12:19,7:41,1551,right,509,penalty,13,O,33,-39,MIN,tripping,2,8484798,8476994
2025021074,1,377,18:48,1:12,1551,right,509,penalty,23,D,77,-18,MIN,hooking,2,8480003,8482055
2025021074,3,778,1:51,18:09,1551,right,509,penalty,13,O,92,-30,MIN,tripping,2,8477969,8482713
2025021074,3,876,9:36,10:24,1551,right,509,penalty,23,D,53,23,MIN,slashing,2,8481133,8475169
2025021074,3,905,12:16,7:44,1551,right,509,penalty,13,O,25,31,MIN,slashing,2,8483678,8479314
2025021074,3,506,19:34,0:26,1551,right,509,penalty,13,O,75,28,MIS,misconduct,10,,
2025021074,3,513,19:34,0:26,1551,right,509,penalty,13,O,73,-3,MIS,misconduct,10,,
2025021074,3,516,19:34,0:26,1551,right,509,penalty,23,D,74,-2,MIS,misconduct,10,,
2025021074,3,519,19:34,0:26,1551,right,509,penalty,23,D,72,27,MIS,misconduct,10,,
2025021075,1,72,1:30,18:30,1551,right,509,penalty,7,D,-29,-41,MIN,hooking,2,8477964,8482671
2025021075,1,333,13:08,6:52,1551,right,509,penalty,54,N,-1,-21,MIN,holding,2,8484145,8483890
2025021075,2,487,1:23,18:37,1551,left,509,penalty,54,D,-40,42,MIN,high-sticking,2,8479420,8475188
2025021075,2,624,8:37,11:23,1551,left,509,penalty,7,D,85,-2,MIN,cross-checking,2,8476881,8481524
2025021075,3,838,3:46,16:14,1551,right,509,penalty,7,O,92,32,MIN,boarding,2,8478397,8475842
2025021075,3,911,9:01,10:59,1551,right,509,penalty,7,O,62,0,MIN,roughing,2,8475188,8483500
2025021075,3,917,9:01,10:59,1551,right,509,penalty,54,D,66,-1,MIN,roughing,2,8483500,8479353
2025021076,1,312,12:42,7:18,0651,left,509,penalty,55,D,-70,-40,MIN,holding,2,8476826,8483524
2025021076,1,334,14:35,5:25,1541,left,509,penalty,55,D,-61,-15,MIN,tripping,2,8479542,8482858
2025021076,1,365,16:35,3:25,1541,left,509,penalty,14,O,-84,34,MIN,high-sticking,2,8479324,8470621
2025021076,2,616,7:42,12:18,1551,right,509,penalty,14,D,-93,-29,MIN,cross-checking,2,8482259,8478178
2025021076,2,647,10:28,9:32,1560,right,509,penalty,14,D,-83,-2,MIN,hooking,2,8482751,8480426
2025021076,3,741,0:41,19:19,1551,left,509,penalty,14,N,19,17,MAJ,fighting,5,8483570,8476826
2025021076,3,738,0:41,19:19,1551,left,509,penalty,55,N,18,16,MAJ,fighting,5,8476826,8483570
2025021076,3,990,15:06,4:54,1551,left,509,penalty,55,N,-2,-40,MIN,boarding,2,8480426,8482259
2025021077,1,369,15:55,4:05,0651,right,509,penalty,3,N,-8,-30,MIN,holding,2,8481559,8484210
2025021077,2,571,5:32,14:28,0651,left,509,penalty,3,D,-94,-8,MIN,holding,2,8480002,8476468
2025021077,2,616,9:12,10:48,1551,left,509,penalty,1,D,93,-13,MIN,hooking,2,8483690,8480192
2025021077,2,641,11:09,8:51,1451,left,509,penalty,3,N,24,2,MIN,hooking,2,8482110,8482109
2025021077,2,662,12:32,7:28,1551,left,509,penalty,1,D,83,-8,MIN,slashing,2,8482109,8483495
2025021077,3,858,4:18,15:42,1551,right,509,penalty,3,D,29,-15,MIN,tripping,2,8481559,8476459
2025021078,1,239,9:24,10:36,1551,right,509,penalty,12,D,76,-38,MIN,holding,2,8481725,8476873
2025021078,2,754,11:55,8:05,1551,left,509,penalty,12,D,-42,10,MIN,hooking,2,8471215,8480817
2025021078,2,784,14:47,5:13,1551,left,509,penalty,5,D,59,41,MIN,tripping,2,8475791,8478450
2025021078,2,39,19:28,0:32,1551,left,509,penalty,12,D,-75,41,MIN,holding-the-stick,2,8471675,8480830
2025021078,2,843,19:28,0:32,1551,left,509,penalty,12,D,-76,40,MIN,unsportsmanlike-conduct,2,8471675,8480830
2025021078,2,840,19:28,0:32,1551,left,509,penalty,5,O,-69,40,MIN,roughing,2,8480830,8471675
2025021078,3,862,0:29,19:31,1541,right,509,penalty,12,D,36,3,MIN,tripping,2,8471215,8473533
2025021078,3,1032,12:17,7:43,1551,right,509,penalty,5,D,-37,18,MIN,tripping,2,8478427,8471675
2025021079,1,370,11:51,8:09,1551,right,509,penalty,15,D,49,28,MIN,holding,2,8476393,8476880
2025021079,2,524,1:30,18:30,1551,left,509,penalty,9,D,68,40,MIN,slashing,2,8480796,8476393
2025021079,3,946,5:35,14:25,0651,right,509,penalty,15,N,6,40,MIN,roughing-removing-opponents-helmet,2,8476393,8476880
2025021079,3,1070,14:13,5:47,1551,right,509,penalty,15,D,50,1,MIN,slashing,2,8478020,8478463
2025021079,3,1133,18:48,1:12,1551,right,509,penalty,9,D,-66,2,MIN,high-sticking,2,8478463,8482095
2025021080,1,84,2:06,17:54,0651,right,509,penalty,21,O,-86,15,MIN,tripping,2,8480878,8482947
2025021080,1,350,17:10,2:50,1551,right,509,penalty,25,D,-80,40,MIN,holding,2,8475754,8473994
2025021080,2,762,19:41,0:19,1551,left,509,penalty,25,O,-36,-35,MIN,embellishment,2,,
2025021080,2,765,19:41,0:19,1551,left,509,penalty,21,D,-37,-34,MIN,interference,2,8478047,8480069
2025021080,3,892,9:00,11:00,1551,right,509,penalty,25,D,-87,-7,MIN,hooking,2,8480448,8474574
2025021080,3,368,12:27,7:33,1551,right,509,penalty,21,N,11,42,BEN,too-many-men-on-the-ice,2,,
2025021081,1,248,10:10,9:50,1551,right,509,penalty,19,D,-69,-7,MIN,hooking,2,8483609,8480459
2025021081,2,552,4:29,15:31,1551,left,509,penalty,19,D,66,-40,MIN,roughing,2,8483609,8482089
2025021081,2,546,4:29,15:31,1551,left,509,penalty,20,O,72,-40,MIN,roughing,2,8482089,8481028
2025021081,2,549,4:29,15:31,1551,left,509,penalty,19,D,70,-41,MIN,roughing,2,8481028,8482089
2025021081,2,38,9:56,10:04,1551,left,509,penalty,19,N,-20,31,MIN,roughing,2,8480797,8481006
2025021081,2,681,9:56,10:04,1551,left,509,penalty,19,O,-65,38,MIN,kneeing,2,8476399,8481006
2025021081,2,685,9:56,10:04,1551,left,509,penalty,20,N,-18,33,MIN,roughing,2,8481006,8480860
2025021081,2,41,9:56,10:04,1551,left,509,penalty,20,N,-15,33,MIN,roughing,2,8481006,8480797
2025021081,2,805,18:40,1:20,1551,left,509,penalty,20,O,88,34,MIN,slashing,2,8476892,8476399
2025021081,3,1034,16:39,3:21,1551,right,509,penalty,19,N,-9,38,MIN,abuse-of-officials,2,,
2025021081,3,373,17:05,2:55,1451,right,509,penalty,20,O,-91,25,MIN,interference,2,8475764,8476399
2025021081,4,384,2:23,2:37,1331,left,509,penalty,19,D,88,33,MIN,high-sticking,2,8482074,8477402
2025021082,1,325,8:58,11:02,1551,left,509,penalty,24,N,-6,41,MIN,elbowing,2,8477903,8485512
2025021082,1,354,10:52,9:08,0641,left,509,penalty,24,N,-18,-26,MIN,tripping,2,8484142,8474590
2025021082,1,467,15:03,4:57,1551,left,509,penalty,4,D,80,0,MIN,interference,2,8473986,8481546
2025021082,1,503,17:59,2:01,1551,left,509,penalty,24,D,-92,10,MIN,unsportsmanlike-conduct,2,8484387,8483490
2025021082,1,507,17:59,2:01,1551,left,509,penalty,4,O,-94,8,MIN,roughing,2,8483490,8484387
2025021082,2,604,1:12,18:48,1551,right,509,penalty,4,O,95,0,MIN,holding,2,8482178,8477989
2025021082,2,635,4:06,15:54,1551,right,509,penalty,4,D,-59,3,MIN,holding,2,8478873,8478439
2025021082,2,812,13:49,6:11,1551,right,509,penalty,24,N,21,38,MIN,high-sticking,2,8477948,8483445
2025021082,2,859,17:21,2:39,1551,right,509,penalty,24,N,-13,1,MIN,cross-checking,2,8482126,8479705
2025021082,2,874,18:06,1:54,1541,right,509,penalty,4,O,75,-23,MIN,holding-the-stick,2,8483490,8484387
2025021082,3,1001,6:16,13:44,1551,left,509,penalty,24,N,-20,-22,MAJ,fighting,5,8476372,8478424
2025021082,3,48,6:16,13:44,1551,left,509,penalty,4,N,-22,-13,MAJ,fighting,5,8478424,8476372
2025021083,1,113,4:19,15:41,1551,left,509,penalty,52,O,-89,27,MIN,tripping,2,8479369,8474679
2025021083,1,161,8:04,11:56,1551,left,509,penalty,6,O,93,27,MIN,high-sticking-double-minor,4,8480196,8477956
2025021083,3,926,5:02,14:58,1551,left,509,penalty,6,D,-81,2,MIN,hooking,2,8476460,8476854
2025021083,3,958,7:31,12:29,1551,left,509,penalty,6,D,-41,-14,MIN,tripping,2,8478398,8478042
2025021084,1,62,0:01,19:59,1551,left,509,penalty,9,N,0,-15,MAJ,fighting,5,8475314,8480801
2025021084,1,59,0:01,19:59,1551,left,509,penalty,2,N,0,-16,MAJ,fighting,5,8480801,8475314
2025021084,1,149,5:54,14:06,1551,left,509,penalty,2,D,70,37,MAJ,fighting,5,8482092,8475170
2025021084,1,145,5:54,14:06,1551,left,509,penalty,9,O,71,36,MAJ,fighting,5,8475170,8482092
2025021084,1,158,6:32,13:28,1551,left,509,penalty,9,O,27,35,MIN,roughing,2,8485366,8481528
2025021084,1,481,18:11,1:49,1551,left,509,penalty,2,D,87,-30,MIN,tripping,2,8480208,8477369
2025021084,2,534,1:55,18:05,1551,right,509,penalty,9,D,55,-31,MIN,delaying-game-puck-over-glass,2,,
2025021084,2,628,8:50,11:10,1551,right,509,penalty,9,D,96,14,MIN,cross-checking,2,8478445,8482245
2025021084,2,657,11:13,8:47,1551,right,509,penalty,2,D,-80,0,MIN,holding,2,8482116,8477500
2025021084,2,725,17:06,2:54,1551,right,509,penalty,9,D,67,-33,MIN,tripping,2,8481601,8474189
2025021085,1,289,9:35,10:25,1551,right,509,penalty,17,O,-36,41,MIN,roughing,2,8482087,8474037
2025021085,1,293,9:35,10:25,1551,right,509,penalty,8,D,-36,41,MIN,interference,2,8474037,8482087
2025021085,1,451,17:39,2:21,1551,right,509,penalty,17,D,86,-1,MIN,roughing,2,8480074,8475279
2025021085,2,538,4:13,15:47,1551,left,509,penalty,8,D,52,17,MIN,holding,2,8477429,8478851
2025021085,2,585,7:54,12:06,1551,left,509,penalty,8,N,-19,19,MIN,interference,2,8479337,8483457
2025021085,2,719,17:32,2:28,1551,left,509,penalty,17,D,-81,-3,MIN,holding-the-stick,2,8478133,8481542
2025021085,3,855,3:44,16:16,1551,right,509,penalty,17,O,-95,-5,MIN,roughing,2,8481593,8481542
2025021085,3,859,3:44,16:16,1551,right,509,penalty,8,D,-95,-6,MIN,roughing,2,8481542,8481593
2025021086,1,60,0:45,19:15,1551,left,509,penalty,3,D,83,-4,MIN,hooking,2,8482705,8478882
2025021086,1,123,4:53,15:07,1551,left,509,penalty,3,D,81,-20,MIN,high-sticking,2,8478975,8481789
2025021086,1,378,15:58,4:02,1551,left,509,penalty,29,D,-85,-4,MIN,roughing,2,8481726,8475790
2025021086,2,41,11:31,8:29,1551,right,509,penalty,29,D,41,23,MIN,delaying-game-puck-over-glass,2,,
2025021086,2,44,14:29,5:31,1551,right,509,penalty,3,N,13,41,BEN,too-many-men-on-the-ice,2,,
2025021086,2,665,15:51,4:09,1551,right,509,penalty,3,D,-72,3,MIN,high-sticking,2,8475745,8482067
2025021086,2,452,20:00,0:00,1551,right,509,penalty,29,O,-94,-25,MIN,roughing,2,8482157,8475745
2025021086,3,811,3:03,16:57,1551,left,509,penalty,29,O,93,19,MIN,hooking,2,8478840,8482705
2025021086,3,833,4:53,15:07,1550,left,509,penalty,3,D,69,-1,MIN,slashing,2,8476432,8479323
2025021086,3,843,5:14,14:46,0551,left,509,penalty,29,O,95,5,MIN,tripping,2,8482073,8484166
2025021086,3,878,8:04,11:56,1551,left,509,penalty,29,O,39,36,MIN,tripping,2,8482877,8476432
2025021087,1,108,3:34,16:26,1551,left,509,penalty,18,D,-96,14,MIN,holding,2,8474586,8479980
2025021087,2,563,2:12,17:48,1551,right,509,penalty,55,N,14,39,BEN,too-many-men-on-the-ice,2,,
2025021087,2,622,6:57,13:03,1551,right,509,penalty,55,D,-67,-20,MIN,interference,2,8474564,8476467
2025021087,2,779,19:26,0:34,1551,right,509,penalty,18,D,77,0,MIN,slashing,2,8483524,8475287
2025021087,3,815,2:59,17:01,1551,left,509,penalty,55,D,97,15,MIN,cross-checking,2,8482146,8476467
2025021087,3,873,7:09,12:51,1551,left,509,penalty,55,D,87,34,MIN,boarding,2,8484241,8482858
2025021087,3,877,7:09,12:51,1551,left,509,penalty,18,O,81,33,MIN,roughing,2,8482858,8476539
2025021088,1,188,9:51,10:09,1551,right,509,penalty,30,D,97,-10,MIN,slashing,2,8477987,8477451
2025021088,1,293,18:16,1:44,1551,right,509,penalty,30,O,-97,4,MIN,roughing,2,8481624,8477446
2025021088,1,298,18:16,1:44,1551,right,509,penalty,16,D,-98,5,MIN,roughing,2,8477446,8481624
2025021088,1,351,18:16,1:44,1551,right,509,penalty,16,D,-99,5,MIN,roughing,2,8474567,8481806
2025021088,1,355,18:16,1:44,1551,right,509,penalty,30,O,-96,5,MIN,roughing,2,8481806,8474567
2025021088,2,420,2:34,17:26,1551,left,509,penalty,30,N,-14,10,MIN,hooking,2,8481806,8478508
2025021088,2,586,13:04,6:56,1551,left,509,penalty,16,D,79,3,MIN,holding,2,8483452,8476891
2025021088,2,46,17:45,2:15,1551,left,509,penalty,16,O,-41,-40,MIN,roughing,2,8477451,8482176
2025021088,2,49,17:45,2:15,1551,left,509,penalty,16,O,-42,-39,MIN,roughing,2,8477451,8482176
2025021088,2,651,17:45,2:15,1551,left,509,penalty,30,D,-41,-40,MIN,interference,2,8484144,8477451
2025021088,2,43,17:45,2:15,1551,left,509,penalty,30,D,-41,-38,MIN,roughing,2,8482176,8477451
2025021088,3,856,5:22,14:38,1551,right,509,penalty,16,O,89,-20,MIN,high-sticking,2,8478136,8477444
2025021088,3,868,5:47,14:13,1451,right,509,penalty,16,D,-46,-19,MIN,tripping,2,8475692,8483450
2025021088,3,973,13:52,6:08,0651,right,509,penalty,30,O,-97,20,MIN,slashing,2,8477987,8478508
2025021088,3,1052,15:49,4:11,1541,right,509,penalty,30,D,83,-5,MIN,cross-checking,2,8477987,8477446
2025021088,3,1056,15:49,4:11,1541,right,509,penalty,16,O,81,-2,MIN,slashing,2,8482661,8477987
2025021088,3,1059,15:49,4:11,1541,right,509,penalty,16,O,92,-8,MIN,roughing,2,8478136,8483506
2025021088,3,1062,15:49,4:11,1541,right,509,penalty,30,D,96,-9,MIN,roughing,2,8483506,8478136
2025021089,1,285,12:36,7:24,1551,left,509,penalty,22,D,-84,-6,MIN,interference,2,8478421,8481056
2025021089,2,440,0:29,19:31,1551,right,509,penalty,13,O,73,41,MIN,hooking,2,8480803,8477935
2025021089,2,641,8:18,11:42,1551,right,509,penalty,13,D,-62,-1,MIN,slashing,2,8478402,8479314
2025021089,2,712,13:49,6:11,1551,right,509,penalty,22,D,75,4,MIN,delaying-game-puck-over-glass,2,,
2025021090,1,234,14:37,5:23,1551,right,509,penalty,14,D,-39,20,MIN,tripping,2,8481024,8482655
2025021090,2,640,18:49,1:11,1551,left,509,penalty,14,D,50,-29,MIN,tripping,2,8482055,8477404
2025021090,3,951,16:28,3:32,1551,right,509,penalty,23,O,-48,38,MIN,slashing,2,8482655,8476927
2025021091,1,454,15:46,4:14,1551,right,509,penalty,54,D,74,0,MIN,holding,2,8483431,8478397
2025021091,2,503,15:17,4:43,1551,left,509,penalty,68,O,-50,32,MAJ,fighting,5,8478468,8478474
2025021091,2,50,15:17,4:43,1551,left,509,penalty,54,D,-50,32,MAJ,fighting,5,8478474,8478468
2025021091,3,938,5:25,14:35,0651,right,509,penalty,54,O,-26,-23,MIN,tripping,2,8479977,8475343
2025021091,3,1032,8:17,11:43,1551,right,509,penalty,68,D,-32,39,MIN,interference,2,8477964,8478831
2025021091,3,1122,15:54,4:06,1560,right,509,penalty,68,D,-31,13,MIN,roughing,2,8478483,8477021
2025021092,1,304,10:56,9:04,1551,left,509,penalty,28,O,70,23,MIN,high-sticking,2,8479420,8477505
2025021092,1,365,16:09,3:51,1551,left,509,penalty,7,D,62,-20,MIN,high-sticking,2,8480748,8475722
2025021092,2,518,4:38,15:22,1551,right,509,penalty,7,D,-94,-23,MIN,holding,2,8483630,8482671
2025021092,3,886,13:40,6:20,1551,left,509,penalty,28,O,50,-38,MIN,slashing,2,8481522,8476624
2025021093,1,77,1:32,18:28,1560,right,509,penalty,4,O,77,0,MIN,high-sticking,2,8482730,8480015
2025021093,2,651,13:03,6:57,1551,left,509,penalty,4,D,39,30,MIN,high-sticking,2,8477960,8478439
2025021093,2,684,15:03,4:57,1551,left,509,penalty,26,D,-57,-21,MIN,tripping,2,8480015,8474563
2025021093,2,748,19:44,0:16,1560,left,509,penalty,4,D,95,-5,MIN,hooking,2,8471685,8480220
2025021093,3,858,3:52,16:08,1551,right,509,penalty,26,O,-95,-2,MIN,holding,2,8476372,8478550
2025021093,3,931,8:49,11:11,1551,right,509,penalty,4,D,-36,6,MIN,hooking,2,8479675,8484387
2025021094,1,97,3:07,16:53,1551,right,509,penalty,10,N,20,41,MIN,tripping,2,8477940,8475171
2025021094,1,353,14:16,5:44,1551,right,509,penalty,10,D,34,-14,MIN,tripping,2,8477940,8481582
2025021094,1,364,14:39,5:21,1541,right,509,penalty,12,N,24,-1,MIN,slashing,2,8478904,8482100
2025021094,2,516,1:57,18:03,1551,left,509,penalty,10,D,-97,-13,MIN,high-sticking-double-minor,4,8480762,8478443
2025021094,2,44,12:35,7:25,1551,left,509,penalty,10,D,-72,0,PS,ps-hooking-on-breakaway,0,8480762,8479442
2025021094,2,747,16:14,3:46,1551,left,509,penalty,12,D,59,-9,MIN,tripping,2,8482720,8480336
2025021094,3,942,10:10,9:50,1551,right,509,penalty,10,O,-48,4,MIN,tripping,2,8480336,8484158
2025021095,2,435,4:30,15:30,1551,left,509,penalty,15,N,12,38,MIN,high-sticking,2,8484177,8483573
2025021095,2,841,18:17,1:43,1551,left,509,penalty,15,D,-63,-1,MIN,hooking,2,8481721,8476880
2025021095,3,1034,8:38,11:22,1560,right,509,penalty,1,D,-78,0,MIN,hooking,2,8478463,8480192
2025021096,1,350,14:20,5:40,0651,right,509,penalty,16,O,-92,27,MIN,slashing,2,8478038,8476952
2025021096,1,370,16:05,3:55,1551,right,509,penalty,21,D,-53,2,MIN,hooking,2,8484144,8480835
2025021096,2,720,14:51,5:09,1551,left,509,penalty,21,D,74,-4,MIN,hooking,2,8484144,8475754
2025021096,3,791,0:13,19:47,1551,right,509,penalty,16,D,69,19,MIN,tripping,2,8480835,8477987
2025021096,3,850,4:00,16:00,1551,right,509,penalty,16,D,53,-37,MIN,delaying-game-puck-over-glass,2,,
2025021096,3,918,10:05,9:55,1551,right,509,penalty,21,D,-74,-27,MIN,interference,2,8477987,8478038
2025021096,3,929,10:19,9:41,1451,right,509,penalty,16,O,-28,22,MIN,high-sticking-double-minor,4,8475754,8484783
2025021097,1,125,4:45,15:15,1560,right,509,penalty,13,D,-42,25,MIN,tripping,2,8484768,8481518
2025021097,2,778,14:36,5:24,1551,left,509,penalty,13,O,-82,-21,MIN,slashing,2,8480028,8475179
2025021097,2,820,17:22,2:38,1551,left,509,penalty,20,O,99,-3,MIN,roughing,2,8482131,8481028
2025021097,3,917,4:41,15:19,1551,right,509,penalty,13,N,-24,20,MIN,high-sticking,2,8476458,8478859
2025021097,3,937,6:20,13:40,1451,right,509,penalty,20,O,-51,-41,MIN,holding,2,8477931,8482679
2025021097,3,1004,11:14,8:46,1551,right,509,penalty,13,D,-70,25,MIN,hooking,2,8482074,8478421
2025021097,3,517,11:14,8:46,1551,right,509,penalty,13,D,-70,29,MAJ,interference,5,8482074,8478421
2025021097,3,505,11:14,8:46,1551,right,509,penalty,13,D,-69,30,GAM,game-misconduct,10,,
2025021097,3,1050,14:04,5:56,1451,right,509,penalty,20,O,-96,-11,MIN,tripping,2,8475179,8480797
2025021097,3,1084,16:39,3:21,1460,right,509,penalty,13,D,-41,14,MIN,tripping,2,8482679,8477931
2025021098,1,163,6:40,13:20,1551,left,509,penalty,24,D,68,1,MIN,slashing,2,8479343,8482178
2025021098,1,358,13:20,6:40,1551,left,509,penalty,24,N,17,41,BEN,too-many-men-on-the-ice,2,,
2025021098,1,495,19:26,0:34,1551,left,509,penalty,68,D,-86,18,MIN,slashing,2,8484153,8479410
2025021098,2,557,3:15,16:45,1551,right,509,penalty,68,N,-22,0,MAJ,fighting,5,8479705,8480855
2025021098,2,553,3:15,16:45,1551,right,509,penalty,24,N,-22,-1,MAJ,fighting,5,8480855,8479705
2025021098,2,619,7:00,13:00,1551,right,509,penalty,68,O,-38,40,MIN,tripping,2,8480068,8478507
2025021098,2,778,15:40,4:20,1551,right,509,penalty,68,D,88,-7,MIN,hooking,2,8479705,8474013
2025021098,3,918,4:48,15:12,1551,left,509,penalty,68,O,96,-17,MIN,slashing,2,8482803,8479343
2025021098,3,1057,14:32,5:28,1551,left,509,penalty,24,D,90,31,MIN,tripping,2,8482175,8476885
2025021098,3,418,19:12,0:48,1551,left,509,penalty,68,N,7,8,MIN,high-sticking,2,8485512,8480849
2025021098,3,1130,19:12,0:48,1551,left,509,penalty,68,O,58,38,MIN,roughing,2,8485512,8477220
2025021098,3,423,19:12,0:48,1551,left,509,penalty,24,D,56,33,MIN,roughing,2,8477220,8485512
2025021098,3,431,19:12,0:48,1551,left,509,penalty,24,D,52,37,MIS,misconduct,10,,
2025021099,1,114,3:50,16:10,1551,left,509,penalty,5,N,-18,41,BEN,delaying-game-unsuccessful-challenge,2,,
2025021099,2,519,5:44,14:16,1551,right,509,penalty,52,D,-74,6,MIN,high-sticking,2,8478438,8483510
2025021099,4,1120,1:40,3:20,1331,right,509,penalty,52,D,-81,4,MIN,slashing,2,8471675,8477504
2025021100,1,372,15:42,4:18,1551,left,509,penalty,18,D,-34,22,MIN,hooking,2,8478403,8474564
2025021100,2,457,0:54,19:06,1551,right,509,penalty,54,D,-96,-16,MIN,high-sticking-double-minor,4,8475158,8477447
2025021100,2,501,4:31,15:29,1551,right,509,penalty,18,D,30,-3,MIN,interference,2,8477964,8475287
2025021100,2,536,8:05,11:55,1551,right,509,penalty,54,N,13,42,MIN,roughing,2,8482103,8477018
2025021100,2,539,8:05,11:55,1551,right,509,penalty,54,O,53,41,MIN,roughing,2,8482103,8475343
2025021100,2,543,8:05,11:55,1551,right,509,penalty,18,D,84,0,MIN,roughing,2,8475343,8480246
2025021100,2,43,8:05,11:55,1551,right,509,penalty,18,D,52,40,MIN,roughing,2,8479353,8482103
2025021100,2,546,8:05,11:55,1551,right,509,penalty,54,O,62,40,MIN,slashing,2,8480246,8479353
2025021100,2,649,11:39,8:21,1551,right,509,penalty,18,O,-72,28,MIN,high-sticking,2,8475188,8475158
2025021100,2,678,13:27,6:33,1551,right,509,penalty,54,N,-20,19,MIN,slashing,2,8482768,8475343
2025021100,3,851,2:45,17:15,1551,left,509,penalty,18,O,68,1,MIN,slashing,2,8478468,8484241
2025021101,1,66,0:56,19:04,1551,right,509,penalty,25,O,74,-40,MIN,boarding,2,8480800,8480027
2025021101,1,309,14:10,5:50,1551,right,509,penalty,30,D,35,16,MIN,roughing,2,8479414,8475692
2025021101,1,313,14:10,5:50,1551,right,509,penalty,25,O,34,18,MIN,roughing,2,8475692,8479414
2025021101,1,23,14:10,5:50,1551,right,509,penalty,30,D,33,15,MIN,roughing,2,8479414,8475692
2025021101,2,733,13:14,6:46,1551,left,509,penalty,25,D,95,18,MIN,holding,2,8481557,8483425
2025021101,2,774,16:59,3:01,1551,left,509,penalty,30,D,-93,19,MIN,tripping,2,8482145,8481477
2025021101,3,917,8:27,11:33,1551,right,509,penalty,30,D,69,-2,MIN,high-sticking,2,8482145,8476463
2025021101,3,970,12:16,7:44,1551,right,509,penalty,30,N,-2,36,MIN,high-sticking-double-minor,4,8479351,8481553
2025021102,1,262,9:53,10:07,1560,right,509,penalty,7,O,65,13,MIN,hooking,2,8477960,8482097
2025021102,2,614,11:15,8:45,1560,left,509,penalty,7,D,92,8,MIN,tripping,2,8476469,8480807
2025021102,2,703,18:05,1:55,1551,left,509,penalty,7,D,35,38,MIN,tripping,2,8476872,8484305
2025021102,3,859,11:12,8:48,1551,right,509,penalty,26,N,8,40,BEN,delaying-game-unsuccessful-challenge,2,,
2025021103,1,134,1:48,18:12,1551,left,509,penalty,28,D,-38,-2,MAJ,fighting,5,8475253,8471817
2025021103,1,130,1:48,18:12,1551,left,509,penalty,4,O,-39,-8,MAJ,fighting,5,8471817,8475253
2025021103,1,241,5:09,14:51,1551,left,509,penalty,28,N,-19,-7,MIN,holding,2,8483731,8484911
2025021103,1,308,10:18,9:42,1551,left,509,penalty,4,D,41,15,MIN,kneeing,2,8477505,8481533
2025021103,1,379,15:40,4:20,1551,left,509,penalty,4,N,12,41,BEN,too-many-men-on-the-ice,2,,
2025021103,2,593,5:02,14:58,0651,right,509,penalty,28,O,-98,7,MIN,hooking,2,8477499,8480798
2025021103,2,728,12:19,7:41,1551,right,509,penalty,4,D,-89,35,MIN,delaying-game-puck-over-glass,2,,
2025021103,2,782,16:17,3:43,0651,right,509,penalty,28,D,99,20,MIN,holding,2,8480015,8482667
2025021103,2,798,17:12,2:48,1541,right,509,penalty,28,D,38,-27,MAJ,fighting,5,8480220,8476624
2025021103,2,96,17:12,2:48,1541,right,509,penalty,4,O,38,-25,MAJ,fighting,5,8476624,8480220
2025021103,3,872,1:14,18:46,1551,left,509,penalty,28,D,-94,23,MIN,roughing,2,8477903,8479983
2025021103,3,517,4:56,15:04,1551,left,509,penalty,4,O,-93,27,MIN,tripping,2,8484801,8481533
2025021103,3,938,7:40,12:20,0651,left,509,penalty,28,D,-84,-35,MIN,slashing,2,8478439,8484801
2025021104,1,383,18:09,1:51,1551,left,509,penalty,55,D,88,-5,MIN,hooking,2,8478975,8477986
2025021104,2,509,4:13,15:47,1551,right,509,penalty,55,O,64,18,MIN,slashing,2,8480893,8481554
2025021104,2,25,7:00,13:00,0651,right,509,penalty,29,O,-30,-3,MIN,high-sticking,2,8482858,8482660
2025021104,2,32,10:58,9:02,1551,right,509,penalty,55,N,23,31,MIN,tripping,2,8482660,8476467
2025021105,1,154,3:31,16:29,1551,right,509,penalty,2,D,-65,-9,MIN,slashing,2,8475848,8475231
2025021105,1,182,5:05,14:55,0651,right,509,penalty,8,D,93,-28,MIN,roughing,2,8485366,8482087
2025021105,1,376,15:13,4:47,1551,right,509,penalty,2,D,-73,-8,MIN,slashing,2,8481540,8477950
2025021105,2,551,4:02,15:58,1551,left,509,penalty,8,D,-79,-13,MIN,hooking,2,8475314,8480865
2025021105,2,784,18:23,1:37,1551,left,509,penalty,2,O,-35,38,MIN,interference,2,8483515,8477950
2025021105,2,802,19:53,0:07,1551,left,509,penalty,8,O,39,-40,MIN,tripping,2,8482476,8475848
2025021105,3,460,14:28,5:32,0651,right,509,penalty,2,O,77,39,MIN,roughing,2,8482087,8478445
2025021105,3,1024,14:28,5:32,0651,right,509,penalty,8,D,71,34,MIN,roughing,2,8478445,8482087
2025021105,3,1027,14:28,5:32,0651,right,509,penalty,2,O,75,37,MIN,roughing,2,8482087,8478445
2025021105,3,473,14:28,5:32,0651,right,509,penalty,2,O,75,33,MIS,misconduct,10,,
2025021105,3,462,14:28,5:32,0651,right,509,penalty,8,D,74,37,MIS,misconduct,10,,
2025021105,3,467,14:59,5:01,1551,right,509,penalty,2,N,-15,40,MIS,misconduct,10,,
2025021105,3,470,14:59,5:01,1551,right,509,penalty,8,N,17,39,MIS,misconduct,10,,
2025021106,1,80,1:30,18:30,1551,left,509,penalty,9,O,78,-17,MIN,roughing,2,8477503,8481596
2025021106,1,83,1:30,18:30,1551,left,509,penalty,10,D,78,-17,MIN,roughing,2,8481596,8477503
2025021106,1,14,8:27,11:33,1551,left,509,penalty,9,D,-85,15,MIN,delaying-game-smothering-puck,2,,
2025021106,1,187,9:00,11:00,1541,left,509,penalty,10,D,96,21,MIN,boarding,2,8473512,8475171
2025021106,1,311,14:12,5:48,1551,left,509,penalty,10,O,-76,-36,MIN,tripping,2,8474189,8481711
2025021106,2,35,6:07,13:53,1551,right,509,penalty,9,O,-86,1,MIN,interference-goalkeeper,2,8479361,8482116
2025021106,2,687,9:43,10:17,1551,right,509,penalty,10,D,-65,-9,MIN,interference,2,8480188,8484901
2025021106,2,865,19:37,0:23,1551,right,509,penalty,9,D,78,4,MIN,hooking,2,8475166,8478020
2025021106,3,1101,16:07,3:53,0651,left,509,penalty,10,O,-30,37,MIN,tripping,2,8478020,8475171
2025021107,1,167,4:55,15:05,1560,right,509,penalty,19,O,98,5,MIN,tripping,2,8484240,8482089
2025021107,1,15,10:02,9:58,0651,right,509,penalty,23,D,85,-4,MIN,tripping,2,8483516,8480947
2025021107,2,867,19:59,0:01,1551,left,509,penalty,23,N,-11,29,MIN,slashing,2,8480459,8478444
2025021107,3,969,7:30,12:30,1551,right,509,penalty,19,D,-58,-12,MIN,interference,2,8480012,8482089
2025021107,3,1099,17:44,2:16,1551,right,509,penalty,23,D,90,14,MIN,cross-checking,2,8482077,8479425
2025021108,1,94,3:05,16:55,1551,right,509,penalty,17,D,36,40,MIN,high-sticking,2,8477507,8478891
2025021108,1,264,15:41,4:19,1551,right,509,penalty,6,O,82,15,MIN,tripping,2,8480326,8480355
2025021108,1,361,18:57,1:03,1551,right,509,penalty,6,D,-95,13,MIN,hooking,2,8482762,8479999
2025021108,2,421,3:04,16:56,1551,left,509,penalty,6,D,74,0,MIN,high-sticking,2,8484471,8476854
2025021108,2,444,4:35,15:25,1551,left,509,penalty,17,N,-12,32,MIN,interference,2,8477956,8474102
2025021108,2,551,4:43,15:17,1541,left,509,penalty,17,D,-57,40,MIN,delaying-game-puck-over-glass,2,,
2025021108,3,883,7:11,12:49,1551,right,509,penalty,6,D,-78,-38,MIN,tripping,2,8483464,8481219
2025021108,3,455,13:52,6:08,1551,right,509,penalty,17,D,75,4,PS,ps-hooking-on-breakaway,0,8482117,8474141
2025021109,2,612,6:03,13:57,1551,right,509,penalty,14,D,-28,-22,MIN,roughing,2,8478402,8480995
2025021109,2,616,6:03,13:57,1551,right,509,penalty,22,O,-29,-19,MIN,roughing,2,8480995,8478402
2025021109,2,778,10:29,9:31,1551,right,509,penalty,14,O,84,-14,MAJ,fighting,5,8476473,8480995
2025021109,2,31,10:29,9:31,1551,right,509,penalty,22,D,87,-12,MAJ,fighting,5,8480995,8476473
2025021109,2,800,11:03,8:57,1551,right,509,penalty,22,D,44,42,MIN,illegal-check-to-head,2,8479542,8477498
2025021109,2,35,11:03,8:57,1551,right,509,penalty,14,O,44,37,MAJ,fighting,5,8481617,8478519
2025021109,2,38,11:03,8:57,1551,right,509,penalty,22,D,46,35,MAJ,fighting,5,8478519,8481617
2025021109,2,833,13:06,6:54,1551,right,509,penalty,22,D,55,-37,MIN,holding,2,8470621,8478402
2025021109,2,847,14:47,5:13,1541,right,509,penalty,14,O,45,-5,MIN,tripping,2,8477450,8476453
2025021109,2,857,15:34,4:26,1451,right,509,penalty,14,D,-35,0,MIN,slashing,2,8478402,8476826
2025021109,3,1130,15:50,4:10,1551,left,509,penalty,22,N,0,-34,MIN,hooking,2,8476878,8479368
2025021109,3,1171,19:09,0:51,1560,left,509,penalty,14,D,57,40,MIN,cross-checking,2,8481617,8478416
2025021110,1,159,6:26,13:34,1551,right,509,penalty,3,O,-37,40,MIN,roughing,2,8482149,8481789
2025021110,2,569,5:22,14:38,1551,left,509,penalty,3,D,-81,-21,MIN,slashing,2,8478398,8479390
2025021110,2,639,9:40,10:20,1551,left,509,penalty,52,D,81,-4,MIN,interference,2,8482109,8477938
2025021110,2,684,12:56,7:04,1551,left,509,penalty,52,O,-62,-31,MIN,tripping,2,8482877,8482149
2025021110,3,957,12:54,7:06,1551,right,509,penalty,3,D,82,1,MIN,high-sticking,2,8478398,8481525
2025021110,4,1114,1:39,3:21,1331,left,509,penalty,52,O,-34,11,MIN,interference,2,8478882,8476460
2025021110,4,1141,4:48,0:12,0541,left,509,penalty,3,D,-42,38,MIN,hooking,2,8476460,8482109
2025021111,1,93,3:14,16:46,1551,right,509,penalty,15,N,14,-35,MIN,holding,2,8477492,8484873
2025021111,1,119,5:23,14:37,1560,right,509,penalty,21,O,77,8,MIN,high-sticking,2,8477845,8478462
2025021111,1,342,14:50,5:10,1551,right,509,penalty,21,O,70,27,MIN,slashing,2,8478911,8480448
2025021111,2,625,4:29,15:31,0651,left,509,penalty,15,D,-82,22,MIN,hooking,2,8480069,8471214
2025021111,2,826,16:17,3:43,1551,left,509,penalty,21,D,69,37,MIN,high-sticking,2,8478463,8470613
2025021111,3,990,7:34,12:26,1551,right,509,penalty,21,D,-55,15,MIN,tripping,2,8481656,8476312
2025021111,3,1067,13:57,6:03,1551,right,509,penalty,21,D,-68,-37,MIN,holding,2,8481656,8476455
2025021112,1,59,0:25,19:35,1551,left,509,penalty,5,D,-80,0,MIN,tripping,2,8477940,8477435
2025021112,2,562,5:24,14:36,1551,right,509,penalty,5,D,99,-20,MIN,cross-checking,2,8480830,8479398
2025021112,2,638,10:40,9:20,1551,right,509,penalty,12,N,-21,-2,MIN,tripping,2,8479638,8476422
2025021112,2,723,16:39,3:21,1551,right,509,penalty,5,D,90,-10,MIN,roughing,2,8475791,8477511
2025021112,2,727,16:39,3:21,1551,right,509,penalty,5,D,90,-9,MIN,tripping,2,8475791,8471215
2025021112,2,719,16:39,3:21,1551,right,509,penalty,12,O,93,-24,MIN,unsportsmanlike-conduct,2,8477511,8475791
2025021112,3,970,7:28,12:32,0651,left,509,penalty,5,D,-35,-30,MIN,slashing,2,8476921,8474578
2025021112,3,995,9:24,10:36,1541,left,509,penalty,12,O,-69,26,MIN,holding-the-stick,2,8478450,8476921
2025021112,3,999,9:24,10:36,1541,left,509,penalty,5,D,-70,25,MIN,roughing,2,8476921,8478450
2025021112,3,1048,12:40,7:20,1551,left,509,penalty,5,O,76,30,MIN,high-sticking,2,8480817,8481725
2025021112,3,1188,19:22,0:38,1551,left,509,penalty,12,D,45,21,MIN,tripping,2,8478569,8476422
2025021113,1,312,15:14,4:46,1551,right,509,penalty,18,O,96,-22,MIN,hooking,2,8482176,8482742
2025021113,2,552,10:03,9:57,1560,left,509,penalty,18,D,83,4,MIN,hooking,2,8484144,8474600
2025021113,2,631,15:12,4:48,1551,left,509,penalty,16,D,-56,28,MIN,holding,2,8475158,8481806
2025021113,3,721,1:31,18:29,0651,right,509,penalty,16,D,25,-8,MIN,roughing,2,8482742,8482176
2025021113,3,796,7:32,12:28,1551,right,509,penalty,16,O,-76,-9,MIN,high-sticking,2,8474564,8484144
2025021113,3,874,13:58,6:02,1551,right,509,penalty,18,D,-29,-35,MIN,tripping,2,8484144,8479980
2025021114,1,399,13:50,6:10,1551,left,509,penalty,29,D,37,-39,MIN,delaying-game-puck-over-glass,2,,
2025021114,2,735,16:44,3:16,1551,right,509,penalty,29,N,14,-34,MIN,tripping,2,8478445,8482705
2025021114,3,789,0:37,19:23,1551,left,509,penalty,29,D,82,2,MIN,hooking,2,8481601,8480893
2025021115,1,486,9:48,10:12,1560,right,509,penalty,54,D,-93,28,MIN,tripping,2,8480027,8478468
2025021115,2,666,2:19,17:41,1551,left,509,penalty,25,D,-37,-41,MIN,delaying-game-puck-over-glass,2,,
2025021115,2,843,7:40,12:20,1551,left,509,penalty,25,D,-77,-17,MIN,slashing,2,8478483,8480878
2025021115,2,947,11:41,8:19,1551,left,509,penalty,54,D,52,-2,MIN,high-sticking-double-minor,4,8482145,8478403
2025021115,2,38,15:52,4:08,1551,left,509,penalty,25,N,13,41,BEN,too-many-men-on-the-ice,2,,
2025021115,2,1030,19:46,0:14,1551,left,509,penalty,25,D,-39,15,MIN,high-sticking,2,8478483,8473994
2025021116,1,270,12:01,7:59,0651,right,509,penalty,20,O,-95,24,MIN,tripping,2,8478519,8486056
2025021117,1,249,9:01,10:59,1551,left,509,penalty,7,N,11,40,BEN,too-many-men-on-the-ice,2,,
2025021117,1,280,11:09,8:51,1551,left,509,penalty,7,D,87,0,MIN,holding,2,8473986,8479312
2025021117,1,306,13:27,6:33,1551,left,509,penalty,24,N,-2,-37,MIN,tripping,2,8479420,8485512
2025021117,2,692,10:06,9:54,0651,right,509,penalty,24,D,39,-39,MIN,roughing,2,8484305,8479705
2025021117,2,727,13:14,6:46,1551,right,509,penalty,24,N,-17,40,MIN,tripping,2,8484145,8484762
2025021117,3,832,1:03,18:57,1551,left,509,penalty,7,D,64,0,MIN,slashing,2,8484153,8481524
2025021117,3,1056,17:26,2:34,1551,left,509,penalty,7,N,-10,34,MIN,tripping,2,8484762,8477949
2025021118,3,832,0:16,19:44,1551,left,509,penalty,26,D,50,39,MIN,cross-checking,2,8479343,8479998
2025021118,3,1052,14:22,5:38,1551,left,509,penalty,68,D,-80,2,MIN,tripping,2,8482124,8474013
2025021119,1,123,4:59,15:01,0651,right,509,penalty,3,D,80,2,MIN,hooking,2,8480208,8479390
2025021119,1,273,15:29,4:31,1560,right,509,penalty,9,D,-82,40,MIN,high-sticking,2,8478840,8476393
2025021119,1,307,18:03,1:57,1551,right,509,penalty,3,D,67,-37,MIN,delaying-game-puck-over-glass,2,,
2025021119,2,542,7:02,12:58,1551,left,509,penalty,3,O,97,19,MIN,high-sticking-double-minor,4,8482245,8476468
2025021119,2,632,13:41,6:19,1551,left,509,penalty,9,D,35,42,BEN,too-many-men-on-the-ice,2,,
2025021119,2,681,17:21,2:39,1551,left,509,penalty,3,N,-9,-40,MIN,delaying-game-puck-over-glass,2,,
2025021119,2,702,19:16,0:44,1541,left,509,penalty,3,D,-49,32,MIN,tripping,2,8481596,8476389
2025021119,3,762,3:27,16:33,1551,right,509,penalty,9,O,38,-37,MIN,slashing,2,8476468,8482245
2025021119,3,952,15:54,4:06,1551,right,509,penalty,9,D,-81,4,MIN,unsportsmanlike-conduct,2,8476389,8484321
2025021119,3,949,15:54,4:06,1551,right,509,penalty,3,O,-82,5,MIN,high-sticking-double-minor,4,8484321,8476389
2025021120,1,125,5:35,14:25,1551,left,509,penalty,10,D,34,-20,MIN,high-sticking,2,8480355,8479543
2025021120,1,361,15:26,4:34,1551,left,509,penalty,6,O,72,39,MIN,hooking,2,8477939,8479999
2025021120,2,514,3:15,16:45,1551,right,509,penalty,10,D,-51,6,MIN,hooking,2,8477956,8478057
2025021120,2,550,5:37,14:23,1551,right,509,penalty,10,D,-85,36,MIN,interference,2,8479661,8478443
2025021120,2,636,7:51,12:09,1551,right,509,penalty,10,N,6,21,MIN,interference,2,8480355,8476931
2025021120,2,776,16:42,3:18,0651,right,509,penalty,6,D,80,2,MIN,slashing,2,8475166,8480035
2025021120,2,798,17:53,2:07,1541,right,509,penalty,10,O,89,14,MIN,roughing,2,8477507,8484158
2025021120,2,795,17:53,2:07,1541,right,509,penalty,6,D,95,-25,MAJ,boarding,5,8475166,8477507
2025021120,3,854,3:03,16:57,1551,left,509,penalty,10,N,-11,21,MAJ,fighting,5,8477507,8478057
2025021120,3,851,3:03,16:57,1551,left,509,penalty,6,N,-12,23,MAJ,fighting,5,8478057,8477507
2025021120,3,865,4:08,15:52,1551,left,509,penalty,10,D,54,-30,MIN,tripping,2,8479325,8482720
2025021120,3,1194,18:56,1:04,1560,left,509,penalty,6,O,69,-27,MIN,tripping,2,8482720,8479999
2025021121,1,79,1:37,18:23,1551,right,509,penalty,8,D,75,-13,MIN,interference,2,8477478,8476981
2025021121,1,476,19:59,0:01,1551,right,509,penalty,12,D,-54,4,MIN,interference,2,8481540,8478427
2025021121,2,500,1:21,18:39,1460,left,509,penalty,12,D,57,-22,MIN,tripping,2,8480018,8480817
2025021121,2,693,17:56,2:04,1551,left,509,penalty,8,D,-35,-28,MIN,holding,2,8476921,8482087
2025021121,2,690,17:56,2:04,1551,left,509,penalty,12,O,-37,-21,MIN,interference,2,8475848,8476921
2025021121,2,711,19:02,0:58,1441,left,509,penalty,12,O,-90,-28,MIN,tripping,2,8480865,8480336
2025021121,3,828,8:17,11:43,1551,right,509,penalty,8,D,76,39,MIN,delaying-game-puck-over-glass,2,,
2025021122,1,110,3:32,16:28,1551,right,509,penalty,9,D,-82,-3,MIN,roughing,2,8482078,8476393
2025021122,1,188,8:38,11:22,1551,right,509,penalty,17,N,-17,-39,MIN,hooking,2,8476393,8478891
2025021122,1,322,14:26,5:34,1551,right,509,penalty,9,D,-59,2,MIN,tripping,2,8477429,8481606
2025021122,1,363,16:36,3:24,1551,right,509,penalty,17,N,23,38,MIN,tripping,2,8482092,8482762
2025021122,3,881,2:39,17:21,1551,right,509,penalty,9,N,-12,35,MIN,tripping,2,8479942,8484321
2025021122,3,1031,13:54,6:06,1551,right,509,penalty,9,D,-54,-38,MIN,interference,2,8484471,8482092
2025021122,3,421,19:51,0:09,1560,right,509,penalty,9,D,-78,5,MIN,roughing,2,8477946,8480801
2025021122,3,1119,19:51,0:09,1560,right,509,penalty,17,O,-77,4,MIN,roughing,2,8480801,8477946
2025021122,3,415,19:51,0:09,1560,right,509,penalty,9,D,-91,19,MAJ,fighting,5,8479337,8482245
2025021122,3,418,19:51,0:09,1560,right,509,penalty,17,O,-90,19,MAJ,fighting,5,8482245,8479337
2025021123,1,122,4:40,15:20,1551,right,509,penalty,55,D,-99,-16,MIN,tripping,2,8480185,8482858
2025021123,2,526,6:52,13:08,0651,left,509,penalty,13,D,-76,41,MIN,holding,2,8474586,8477932
2025021124,1,348,14:55,5:05,1551,left,509,penalty,2,O,65,-7,MIN,tripping,2,8483450,8476917
2025021124,2,630,9:00,11:00,1551,right,509,penalty,2,D,95,10,MIN,hooking,2,8481624,8476917
2025021124,2,761,17:54,2:06,1551,right,509,penalty,16,D,-95,21,MIN,roughing,2,8482476,8477479
2025021124,3,1068,19:33,0:27,1560,left,509,penalty,16,D,83,-6,MIN,tripping,2,8475314,8477987
2025021125,1,269,12:23,7:37,1551,right,509,penalty,4,O,-61,39,MIN,high-sticking,2,8479371,8481533
2025021125,1,17,13:28,6:32,1550,right,509,penalty,29,D,-77,-7,PS,ps-hooking-on-breakaway,0,8480220,8480893
2025021125,2,704,12:51,7:09,1551,left,509,penalty,29,O,-79,-8,MIN,interference,2,8478454,8479671
2025021125,2,759,17:24,2:36,1551,left,509,penalty,4,O,47,32,MIN,embellishment,2,,
2025021125,2,39,17:24,2:36,1551,left,509,penalty,29,D,57,25,MIN,cross-checking,2,8484387,8479371
2025021125,2,42,17:24,2:36,1551,left,509,penalty,29,D,52,36,MAJ,fighting,5,8477989,8479371
2025021125,2,44,17:24,2:36,1551,left,509,penalty,4,O,52,36,MAJ,fighting,5,8479371,8477989
2025021125,3,966,13:02,6:58,1551,right,509,penalty,4,D,29,33,MIN,high-sticking,2,8484166,8480015
2025021126,1,485,16:39,3:21,1551,left,509,penalty,5,O,91,-14,MIN,tripping,2,8476312,8478569
2025021126,2,657,8:25,11:35,1551,right,509,penalty,21,D,-52,24,MIN,high-sticking-double-minor,4,8478438,8475172
2025021126,3,919,1:57,18:03,1551,left,509,penalty,21,D,79,1,MIN,high-sticking,2,8477511,8470613
2025021126,3,931,2:54,17:06,1451,left,509,penalty,21,D,87,22,MIN,tripping,2,8475810,8476312
2025021126,3,949,4:01,15:59,1451,left,509,penalty,21,D,92,6,MIN,roughing,2,8477511,8481186
2025021126,3,953,4:01,15:59,1451,left,509,penalty,5,O,89,6,MIN,roughing,2,8481186,8477511
2025021126,3,975,5:28,14:32,1551,left,509,penalty,5,D,-67,-23,MIN,tripping,2,8476455,8471724
2025021126,3,997,6:49,13:11,1541,left,509,penalty,5,D,-67,3,MIN,hooking,2,8475754,8475810
2025021127,1,83,2:00,18:00,1551,left,509,penalty,14,D,-82,10,MIN,hooking,2,8483525,8478519
2025021127,1,16,2:50,17:10,1551,left,509,penalty,14,D,-97,8,MIN,roughing,2,8477446,8470621
2025021127,1,18,2:50,17:10,1551,left,509,penalty,30,O,-96,11,MIN,roughing,2,8470621,8477446
2025021127,1,10,2:50,17:10,1551,left,509,penalty,30,O,-97,12,MAJ,fighting,5,8470621,8477446
2025021127,1,13,2:50,17:10,1551,left,509,penalty,14,D,-96,12,MAJ,fighting,5,8477446,8470621
2025021127,1,191,5:08,14:52,1551,left,509,penalty,30,D,85,-28,MIN,holding,2,8478519,8482122
2025021127,1,577,18:35,1:25,1551,left,509,penalty,14,O,82,10,MIN,abuse-of-officials,2,,
2025021127,1,39,18:55,1:05,1551,left,509,penalty,30,N,-1,3,MAJ,fighting,5,8477149,8473422
2025021127,1,36,18:55,1:05,1551,left,509,penalty,14,N,-2,5,MAJ,fighting,5,8473422,8477149
2025021127,2,731,5:10,14:50,1551,right,509,penalty,30,D,-69,21,MIN,slashing,2,8478519,8476463
2025021127,2,755,6:49,13:11,0651,right,509,penalty,14,O,-89,-19,MIN,cross-checking,2,8480800,8482201
2025021127,2,766,7:10,12:50,0641,right,509,penalty,14,D,78,-1,MIN,tripping,2,8478493,8478416
2025021127,2,857,15:04,4:56,1560,right,509,penalty,30,O,32,-12,MIN,holding,2,8482655,8475149
2025021127,3,1214,17:38,2:22,1551,left,509,penalty,30,O,-80,3,MIN,cross-checking,2,8480995,8477451
2025021128,1,156,7:46,12:14,1551,left,509,penalty,19,D,-97,7,MIN,hooking,2,8479400,8484188
2025021128,1,324,13:45,6:15,1551,left,509,penalty,15,D,86,-27,MIN,tripping,2,8475718,8479345
2025021128,1,395,19:12,0:48,1551,left,509,penalty,19,O,43,33,MIN,slashing,2,8476880,8482089
2025021128,2,616,7:38,12:22,1551,right,509,penalty,19,D,62,-19,MAJ,fighting,5,8484186,8484230
2025021128,2,612,7:38,12:22,1551,right,509,penalty,15,O,65,-22,MAJ,fighting,5,8484230,8484186
2025021128,2,34,12:04,7:56,1551,right,509,penalty,15,D,-78,-11,MIN,roughing,2,8483516,8476880
2025021128,2,681,12:04,7:56,1551,right,509,penalty,15,D,-79,-9,MIN,roughing,2,8483516,8476880
2025021128,2,678,12:04,7:56,1551,right,509,penalty,19,O,-78,-17,MIN,roughing,2,8476880,8483516
2025021128,2,685,12:04,7:56,1551,right,509,penalty,19,N,-9,-25,MIN,roughing,2,8484873,8480023
2025021128,2,718,14:34,5:26,1560,right,509,penalty,15,O,40,41,MIN,slashing,2,8475718,8481580
2025021128,3,893,8:25,11:35,1551,left,509,penalty,15,D,66,27,MAT,match-penalty,15,8480023,8479400
2025021128,3,50,8:25,11:35,1551,left,509,penalty,19,O,69,27,MIN,interference,2,8479400,8480023
2025021128,3,918,10:38,9:22,1451,left,509,penalty,19,N,-21,41,BEN,too-many-men-on-the-ice,2,,
2025021129,1,393,17:44,2:16,1551,left,509,penalty,28,O,-97,6,MIN,tripping,2,8479980,8480748
2025021129,2,623,11:24,8:36,1551,right,509,penalty,28,O,71,0,MIN,tripping,2,8474600,8484994
2025021129,2,657,14:14,5:46,1551,right,509,penalty,18,O,-85,-4,MIN,high-sticking,2,8479576,8482768
2025021129,2,681,16:14,3:46,1541,right,509,penalty,18,D,41,-35,MIN,hooking,2,8480748,8475287
2025021129,2,689,16:49,3:11,1541,right,509,penalty,18,D,70,11,MIN,delaying-game-puck-over-glass,2,,
2025021129,3,934,11:16,8:44,1551,left,509,penalty,18,O,57,-24,MIN,tripping,2,8482166,8482742
2025021130,1,177,7:46,12:14,1551,right,509,penalty,1,N,3,4,MIN,hooking,2,8477454,8478414
2025021130,1,185,8:01,11:59,1451,right,509,penalty,25,D,41,28,MIN,hooking,2,8482110,8480036
2025021130,2,449,1:00,19:00,1551,left,509,penalty,1,O,-60,-32,MIN,tripping,2,8482145,8484177
2025021130,2,531,3:13,16:47,1551,left,509,penalty,1,D,73,1,MIN,cross-checking,2,8478047,8475455
2025021130,2,599,9:19,10:41,1551,left,509,penalty,25,D,-80,3,MIN,hooking,2,8482110,8480036
2025021130,2,677,16:48,3:12,1551,left,509,penalty,25,O,92,-26,MIN,slashing,2,8477015,8480027
2025021130,3,888,11:06,8:54,1551,right,509,penalty,1,D,-53,23,MIN,slashing,2,8479351,8476462
2025021131,1,228,8:46,11:14,1551,right,509,penalty,54,D,-66,-4,MIN,interference,2,8483471,8475343
2025021131,2,678,8:54,11:06,1551,left,509,penalty,52,O,88,-31,MIN,roughing-removing-opponents-helmet,2,8478468,8480113
2025021131,2,712,11:49,8:11,1551,left,509,penalty,52,D,-99,18,MIN,tripping,2,8475191,8480145
2025021131,2,731,13:07,6:53,1541,left,509,penalty,54,O,-98,21,MIN,hooking,2,8480049,8476925
2025021131,2,763,15:28,4:32,1551,left,509,penalty,54,D,33,-17,MIN,tripping,2,8478398,8478396
2025021131,2,40,19:01,0:59,1551,left,509,penalty,52,O,96,20,MAJ,fighting,5,8479353,8476460
2025021131,2,43,19:01,0:59,1551,left,509,penalty,54,D,95,19,MAJ,fighting,5,8476460,8479353
2025021131,3,960,10:45,9:15,1551,right,509,penalty,54,O,97,23,MIN,holding,2,8480145,8482062
2025021131,3,982,12:56,7:04,1551,right,509,penalty,52,D,95,27,MIN,cross-checking,2,8482062,8483510
2025021131,3,1025,15:42,4:18,1551,right,509,penalty,52,D,70,-41,MIN,high-sticking,2,8475191,8480049
2025021132,2,709,11:00,9:00,1551,right,509,penalty,22,D,-72,-26,MIN,high-sticking,2,8479343,8475786
2025021132,3,914,1:12,18:48,1551,left,509,penalty,22,D,44,-22,MIN,holding-the-stick,2,8479343,8477450
2025021133,1,135,4:36,15:24,1560,right,509,penalty,26,D,-54,39,MIN,tripping,2,8484768,8476879
2025021133,1,406,16:50,3:10,1551,right,509,penalty,20,D,30,-39,MIN,tripping,2,8478550,8480860
2025021133,2,623,5:30,14:30,1551,left,509,penalty,20,N,9,25,MIN,high-sticking,2,8478472,8482679
2025021133,3,985,11:07,8:53,1560,right,509,penalty,26,D,-78,-3,MIN,slashing,2,8484860,8476872
2025021133,3,1010,12:42,7:18,1451,right,509,penalty,26,D,-88,24,MIN,tripping,2,8476399,8476879
2025021134,1,111,0:23,19:37,1551,right,509,penalty,23,D,77,3,MIN,holding,2,8480068,8480012
2025021134,1,172,4:57,15:03,1560,right,509,penalty,24,D,-99,2,MIN,holding,2,8484136,8484762
2025021134,2,674,8:57,11:03,1551,left,509,penalty,24,D,40,-40,MIN,tripping,2,8480012,8481605
2025021134,2,767,12:10,7:50,1551,left,509,penalty,24,D,85,-39,MIN,delaying-game-puck-over-glass,2,,
2025021134,2,856,18:52,1:08,1551,left,509,penalty,23,O,68,-27,MIN,tripping,2,8483490,8480876
2025021134,2,865,19:16,0:44,1541,left,509,penalty,23,D,-79,1,MIN,delaying-game-puck-over-glass,2,,
2025021135,1,59,0:21,19:39,1551,left,509,penalty,7,D,-89,-33,MIN,cross-checking,2,8478042,8480839
2025021135,1,395,13:46,6:14,1560,left,509,penalty,6,O,-92,-13,MIN,tripping,2,8480802,8477496
2025021135,2,691,7:18,12:42,1551,right,509,penalty,6,D,-84,-1,MIN,roughing,2,8479359,8476914
2025021135,2,688,7:18,12:42,1551,right,509,penalty,7,O,-84,-2,MIN,slashing,2,8476914,8479359
2025021135,2,714,8:58,11:02,1441,right,509,penalty,7,N,-13,18,MIN,interference,2,8479325,8480064
2025021135,2,718,8:58,11:02,1441,right,509,penalty,6,N,-12,13,MIN,holding,2,8480064,8479325
2025021135,2,745,10:51,9:09,1551,right,509,penalty,6,O,82,35,MIN,tripping,2,8479378,8483489
2025021135,3,907,3:19,16:41,1551,left,509,penalty,7,D,-95,7,MIN,tripping,2,8479661,8479378
2025021135,3,937,5:21,14:39,1551,left,509,penalty,6,D,85,4,MIN,cross-checking,2,8484145,8482511
2025021136,1,451,16:55,3:05,1551,right,509,penalty,3,D,-90,33,MIN,holding,2,8484158,8481525
2025021136,2,520,1:22,18:38,1551,left,509,penalty,10,D,-52,40,MIN,cross-checking,2,8481789,8478057
2025021136,2,675,9:55,10:05,1551,left,509,penalty,10,D,-91,9,MIN,roughing,2,8476389,8481122
2025021136,2,783,17:02,2:58,0651,left,509,penalty,10,D,-95,-27,MIN,slashing,2,8482157,8475171
2025021136,3,937,8:20,11:40,1551,right,509,penalty,3,D,-43,-38,MIN,holding,2,8477939,8482073
2025021136,3,1094,19:40,0:20,0651,right,509,penalty,10,D,74,-39,MIN,cross-checking,2,8484210,8476931
2025021137,1,105,4:18,15:42,1551,right,509,penalty,8,D,70,25,MIN,holding,2,8480893,8483515
2025021137,2,37,7:41,12:19,1551,left,509,penalty,8,N,-17,41,MIN,roughing,2,8477425,8478133
2025021137,2,548,7:41,12:19,1551,left,509,penalty,29,N,-19,41,MIN,roughing,2,8483457,8477425
2025021137,2,629,14:36,5:24,1551,left,509,penalty,29,O,-57,-38,MIN,interference,2,8476981,8478460
2025021137,3,874,14:44,5:16,1551,right,509,penalty,29,O,85,3,MIN,interference-goalkeeper,2,8482487,8476432
2025021138,1,108,3:29,16:31,1551,left,509,penalty,5,D,55,15,MIN,tripping,2,8482095,8474578
2025021138,2,876,19:49,0:11,1551,right,509,penalty,9,O,-84,8,MIN,tripping,2,8478450,8481528
2025021138,3,892,0:22,19:38,1541,left,509,penalty,9,D,-45,-23,MIN,delaying-game-puck-over-glass,2,,
2025021138,3,50,3:58,16:02,1551,left,509,penalty,5,N,10,39,BEN,delaying-game-unsuccessful-challenge,2,,
2025021139,1,301,13:08,6:52,1551,left,509,penalty,14,D,-90,-32,MIN,holding,2,8484168,8482929
2025021139,2,29,2:16,17:44,1551,right,509,penalty,55,O,47,-20,MAJ,fighting,5,8482655,8484800
2025021139,2,33,2:16,17:44,1551,right,509,penalty,14,D,48,-1,MAJ,fighting,5,8484800,8482655
2025021139,2,656,6:59,13:01,1551,right,509,penalty,14,O,-54,40,MIN,roughing,2,8477986,8480995
2025021139,2,46,6:59,13:01,1551,right,509,penalty,14,O,-54,40,MIN,roughing,2,8477986,8480995
2025021139,2,454,6:59,13:01,1551,right,509,penalty,55,D,-55,38,MIN,roughing,2,8480995,8477986
2025021139,2,451,6:59,13:01,1551,right,509,penalty,55,D,-67,40,MIN,roughing,2,8480995,8477986
2025021139,2,677,8:20,11:40,1551,right,509,penalty,55,D,-87,-35,MIN,cross-checking,2,8470621,8482858
2025021139,2,747,14:32,5:28,1551,right,509,penalty,14,D,66,15,MIN,roughing,2,8478407,8470621
2025021139,2,751,14:32,5:28,1551,right,509,penalty,55,O,65,11,MIN,roughing,2,8470621,8478407
2025021140,1,218,7:38,12:22,1551,right,509,penalty,13,D,37,42,MIN,tripping,2,8475692,8477495
2025021140,2,533,3:19,16:41,1551,left,509,penalty,30,N,-18,18,MIN,tripping,2,8479316,8473422
2025021141,1,218,8:36,11:24,1551,left,509,penalty,25,N,-7,0,MIN,slashing,2,8485366,8477454
2025021141,2,526,8:37,11:23,1551,right,509,penalty,2,O,-83,32,MIN,slashing,2,8476902,8475231
2025021141,2,637,13:27,6:33,1551,right,509,penalty,25,D,-81,31,MIN,holding,2,8481601,8482740
2025021141,3,755,3:03,16:57,1551,left,509,penalty,25,D,97,-6,MIN,holding,2,8478445,8481581
2025021141,3,851,9:17,10:43,0651,left,509,penalty,2,D,-78,-8,MIN,holding,2,8476278,8480871
2025021142,1,271,11:40,8:20,1551,right,509,penalty,16,D,-80,-3,MIN,interference,2,8484142,8481806
2025021142,1,390,17:42,2:18,1551,right,509,penalty,16,O,97,7,MIN,hooking,2,8477499,8484793
2025021142,1,402,18:49,1:11,1451,right,509,penalty,4,O,-72,-37,MIN,hooking,2,8482172,8484387
2025021142,1,412,19:42,0:18,1441,right,509,penalty,16,D,-76,-6,MIN,high-sticking,2,8477989,8484783
2025021142,2,425,0:38,19:22,1441,left,509,penalty,4,N,-5,40,MIN,boarding,2,8484144,8477499
2025021142,2,661,6:36,13:24,1551,left,509,penalty,4,D,-84,16,MIN,slashing,2,8477444,8481533
2025021142,3,1005,10:49,9:11,1560,right,509,penalty,16,D,-80,-1,MIN,hooking,2,8479336,8485391
2025021143,1,102,3:40,16:20,0651,left,509,penalty,19,D,-54,39,MIN,holding-the-stick,2,8484994,8481598
2025021143,1,142,6:09,13:51,1551,left,509,penalty,28,N,20,0,MIN,hooking,2,8482516,8478874
2025021143,2,508,3:03,16:57,1551,right,509,penalty,28,O,62,24,MIN,instigator,2,8482733,8482859
2025021143,2,501,3:03,16:57,1551,right,509,penalty,19,D,62,22,MAJ,fighting,5,8482859,8482733
2025021143,2,447,3:03,16:57,1551,right,509,penalty,28,O,62,25,MAJ,fighting,5,8482733,8482859
2025021143,2,34,3:03,16:57,1551,right,509,penalty,28,O,63,25,MIS,instigator-misconduct,10,,
2025021143,2,586,9:06,10:54,1551,right,509,penalty,19,O,-81,7,MIN,roughing,2,8475200,8477573
2025021143,2,591,9:06,10:54,1551,right,509,penalty,28,D,-80,8,MIN,roughing,2,8477573,8475200
2025021144,2,450,3:50,16:10,1551,right,509,penalty,18,N,-14,39,BEN,too-many-men-on-the-ice,2,,
2025021144,3,809,3:27,16:33,1551,left,509,penalty,1,N,21,2,MIN,tripping,2,8479370,8478399
2025021144,3,911,10:56,9:04,1551,left,509,penalty,18,D,-37,26,MIN,tripping,2,8481559,8482768
2025021144,3,954,13:46,6:14,1551,left,509,penalty,18,N,-17,-36,MIN,slashing,2,8474149,8484241
2025021144,3,464,19:27,0:33,1560,left,509,penalty,18,N,-18,39,MIS,misconduct,10,,
2025021144,3,472,20:00,0:00,1551,left,509,penalty,18,N,-16,40,MIS,misconduct,10,,
2025021145,2,492,3:20,16:40,1560,left,509,penalty,21,D,96,-26,MIN,holding,2,8473604,8476967
2025021145,2,630,6:42,13:18,1551,left,509,penalty,52,D,-44,-14,MIN,hooking,2,8480835,8480014
2025021145,2,775,18:07,1:53,1551,left,509,penalty,52,D,-62,-2,MIN,hooking,2,8477492,8473604
2025021145,2,793,19:28,0:32,1541,left,509,penalty,52,D,-65,-36,MIN,delaying-game-puck-over-glass,2,,
2025021145,3,832,1:28,18:32,1551,right,509,penalty,21,O,98,-9,MIN,tripping,2,8480049,8475754
2025021145,3,506,3:55,16:05,1551,right,509,penalty,52,N,0,-40,BEN,delaying-game-unsuccessful-challenge,2,,
2025021145,3,907,7:16,12:44,1551,right,509,penalty,21,O,43,33,MIN,tripping,2,8476460,8477501
2025021145,3,519,13:47,6:13,1551,right,509,penalty,21,D,-89,-30,MIN,interference,2,8480289,8476312
2025021145,3,988,13:47,6:13,1551,right,509,penalty,21,D,-94,-19,MAJ,fighting,5,8480289,8476312
2025021145,3,516,13:47,6:13,1551,right,509,penalty,52,O,-93,-22,MAJ,fighting,5,8476312,8480289
2025021145,3,1012,16:00,4:00,1551,right,509,penalty,21,N,19,18,MIN,slashing,2,8480145,8478038
2025021145,3,1017,16:00,4:00,1551,right,509,penalty,52,N,14,28,MIN,unsportsmanlike-conduct,2,8478038,8480145
2025021146,1,323,10:59,9:01,1551,left,509,penalty,15,O,-86,7,MIN,roughing,2,8477346,8478463
2025021146,1,326,10:59,9:01,1551,left,509,penalty,68,D,-88,8,MIN,roughing,2,8478463,8477346
2025021146,1,341,12:25,7:35,1441,left,509,penalty,15,O,-72,-5,MIN,tripping,2,8479410,8478440
2025021146,1,380,14:36,5:24,1551,left,509,penalty,68,D,-67,-15,MIN,slashing,2,8480796,8480434
2025021146,1,448,18:38,1:22,1551,left,509,penalty,15,D,98,-14,MIN,roughing,2,8479293,8476880
2025021146,1,502,18:38,1:22,1551,left,509,penalty,68,O,80,-37,MIN,boarding,2,8478911,8479293
2025021146,1,19,18:38,1:22,1551,left,509,penalty,15,D,96,-19,MIN,roughing,2,8479293,8476880
2025021146,1,23,18:38,1:22,1551,left,509,penalty,15,D,96,-14,MIS,misconduct,10,,
2025021146,1,25,18:38,1:22,1551,left,509,penalty,68,O,98,-16,MIS,misconduct,10,,
2025021146,2,656,5:40,14:20,1551,right,509,penalty,15,D,-76,-10,MIN,roughing,2,8483431,8482088
2025021146,2,729,11:30,8:30,1551,right,509,penalty,15,N,-9,29,MAJ,fighting,5,8479293,8479520
2025021146,2,733,11:30,8:30,1551,right,509,penalty,68,N,-5,30,MAJ,fighting,5,8479520,8479293
2025021146,2,49,15:14,4:46,1551,right,509,penalty,68,D,35,40,MIN,hooking,2,8484873,8479343
2025021146,2,799,18:46,1:14,1551,right,509,penalty,15,D,-94,28,MIN,interference,2,8480855,8476880
2025021146,3,561,0:49,19:11,1551,left,509,penalty,68,O,25,-34,MIN,instigator,2,8476880,8478474
2025021146,3,829,0:49,19:11,1551,left,509,penalty,68,N,21,-36,MAJ,fighting,5,8476880,8478474
2025021146,3,832,0:49,19:11,1551,left,509,penalty,15,N,20,-34,MAJ,fighting,5,8478474,8476880
2025021146,3,566,0:49,19:11,1551,left,509,penalty,68,N,14,-37,MIS,instigator-misconduct,10,,
2025021146,3,563,0:49,19:11,1551,left,509,penalty,68,N,9,-39,MIS,misconduct,10,,
2025021147,1,67,1:03,18:57,1551,right,509,penalty,20,N,15,41,BEN,too-many-men-on-the-ice,2,,
2025021147,2,515,4:40,15:20,1551,left,509,penalty,20,N,-4,-14,MIN,cross-checking,2,8482745,8483609
2025021147,2,731,15:55,4:05,1551,left,509,penalty,20,D,-97,-16,MIN,cross-checking,2,8484762,8484150
2025021147,3,892,4:57,15:03,1551,right,509,penalty,24,D,-69,3,MIN,slashing,2,8481068,8475184
2025021147,3,1042,15:18,4:42,1551,right,509,penalty,20,D,70,-28,MIN,hooking,2,8483445,8476399
2025021147,4,1148,4:03,0:57,1331,left,509,penalty,20,N,5,41,BEN,too-many-men-on-the-ice,2,,
2025021148,1,151,3:07,16:53,1551,right,509,penalty,54,D,77,20,MIN,holding,2,8475786,8478397
2025021148,1,263,7:59,12:01,1551,right,509,penalty,54,O,-61,-38,MAJ,fighting,5,8476473,8482062
2025021148,1,68,7:59,12:01,1551,right,509,penalty,22,D,-59,-41,MAJ,fighting,5,8482062,8476473
2025021148,1,385,12:56,7:04,1551,right,509,penalty,54,D,64,11,MIN,hooking,2,8478458,8477447
2025021148,1,458,14:13,5:47,1541,right,509,penalty,22,O,37,25,MIN,interference,2,8475343,8480803
2025021148,1,90,20:00,0:00,1551,right,509,penalty,22,O,98,11,MIN,boarding,2,8477447,8477450
2025021148,1,93,20:00,0:00,1551,right,509,penalty,54,D,98,11,MIN,roughing,2,8477450,8478468
2025021148,1,87,20:00,0:00,1551,right,509,penalty,54,D,98,13,MIN,roughing,2,8477498,8479353
2025021148,1,84,20:00,0:00,1551,right,509,penalty,22,O,99,16,MIN,roughing,2,8479353,8477498
2025021148,2,659,8:55,11:05,1560,left,509,penalty,22,O,-92,-29,MIN,tripping,2,8478483,8475786
2025021148,4,1152,1:02,3:58,1331,left,509,penalty,22,D,63,7,MIN,holding,2,8475913,8475786
2025021149,1,372,16:37,3:23,1551,right,509,penalty,23,D,73,22,MIN,holding-the-stick,2,8478550,8484798
2025021149,1,393,18:23,1:37,1551,right,509,penalty,23,O,-31,11,MIN,tripping,2,8478550,8482055
2025021149,2,663,11:24,8:36,1551,left,509,penalty,26,D,82,2,MIN,hooking,2,8475169,8482124
2025021149,3,892,8:49,11:11,1551,right,509,penalty,26,O,48,-23,MIN,hooking,2,8483678,8476469
2025021149,3,463,18:47,1:13,1551,right,509,penalty,26,D,-96,24,MAJ,fighting,5,8484798,8482730
2025021149,3,455,18:47,1:13,1551,right,509,penalty,23,O,-95,25,MAJ,fighting,5,8482730,8484798
2025021149,3,471,18:47,1:13,1551,right,509,penalty,23,O,-95,28,MIS,misconduct,10,,
2025021149,3,468,18:47,1:13,1551,right,509,penalty,26,D,-97,24,MIS,misconduct,10,,
2025021149,3,474,18:47,1:13,1551,right,509,penalty,23,O,-95,25,MIS,misconduct,10,,
2025021149,3,1008,18:47,1:13,1551,right,509,penalty,23,O,-94,27,MIS,misconduct,10,,
2025021149,3,466,18:47,1:13,1551,right,509,penalty,26,D,-96,24,MIS,misconduct,10,,
2025021150,1,108,3:57,16:03,1551,left,509,penalty,7,O,98,1,MIN,high-sticking,2,8477456,8480064
2025021150,1,233,8:25,11:35,1551,left,509,penalty,7,D,-78,29,MIN,interference,2,8482078,8479378
2025021150,1,466,17:51,2:09,1551,left,509,penalty,17,D,99,6,MIN,tripping,2,8479359,8480879
2025021150,2,737,11:09,8:51,1551,right,509,penalty,17,D,-83,0,MIN,roughing,2,8480839,8482078
2025021150,2,743,11:09,8:51,1551,right,509,penalty,7,O,-83,0,MIN,roughing,2,8482078,8480839
2025021150,2,794,14:31,5:29,1551,right,509,penalty,7,D,99,0,MIN,slashing,2,8481542,8479378
2025021150,2,832,17:30,2:30,1560,right,509,penalty,17,D,-57,-39,MIN,holding,2,8479420,8478891
2025021150,3,941,5:53,14:07,1551,left,509,penalty,7,D,-88,32,MIN,high-sticking,2,8474141,8480839
2025021150,3,965,7:48,12:12,1541,left,509,penalty,17,O,-33,-21,MIN,tripping,2,8484145,8475753
2025021150,3,984,9:44,10:16,1451,left,509,penalty,7,O,64,40,MIN,high-sticking-double-minor,4,8482762,8479420
2025021151,1,423,19:43,0:17,1551,right,509,penalty,3,D,78,-7,MIN,hooking,2,8477987,8478882
2025021151,3,737,0:18,19:42,1551,right,509,penalty,3,O,-35,30,MIN,slashing,2,8485391,8476459
2025021151,3,859,5:36,14:24,1551,right,509,penalty,3,O,-92,-20,MIN,cross-checking,2,8484783,8477839
2025021151,3,906,9:42,10:18,1551,right,509,penalty,16,D,-97,-14,MIN,roughing,2,8483669,8484793
2025021151,3,909,9:42,10:18,1551,right,509,penalty,16,D,-96,-8,MIN,roughing,2,8482157,8482807
2025021151,3,914,9:42,10:18,1551,right,509,penalty,3,O,-96,2,MIN,roughing,2,8482807,8482157
2025021151,3,964,12:50,7:10,1551,right,509,penalty,16,N,-11,-34,MIN,interference,2,8482877,8481568
2025021151,3,1022,16:23,3:37,1551,right,509,penalty,16,D,-85,-14,MIN,roughing,2,8482157,8481568
2025021151,3,468,16:23,3:37,1551,right,509,penalty,3,O,-94,-5,MAJ,fighting,5,8484793,8478840
2025021151,3,1019,16:23,3:37,1551,right,509,penalty,16,D,-93,-17,MAJ,fighting,5,8478840,8484793
2025021152,1,197,9:09,10:51,1551,left,509,penalty,9,N,-20,33,MIN,holding,2,8482655,8480208
2025021152,1,386,18:14,1:46,1551,left,509,penalty,9,D,69,-39,MIN,holding,2,8482201,8477998
2025021152,2,610,7:40,12:20,1551,right,509,penalty,14,D,40,41,MIN,interference,2,8480208,8482929
2025021152,2,623,8:09,11:51,1541,right,509,penalty,14,O,-49,40,MIN,roughing,2,8480208,8478519
2025021152,2,626,8:09,11:51,1541,right,509,penalty,9,D,-48,41,MIN,roughing,2,8478416,8484759
2025021152,2,629,8:09,11:51,1541,right,509,penalty,9,D,-48,41,MIN,roughing,2,8479542,8481528
2025021152,2,814,17:52,2:08,1551,right,509,penalty,14,O,-53,41,MIN,interference,2,8476393,8478416
2025021152,2,827,19:23,0:37,1541,right,509,penalty,9,O,92,17,MIN,cross-checking,2,8476878,8480801
2025021153,1,387,17:04,2:56,1551,left,509,penalty,13,N,-4,-9,MIN,high-sticking,2,8481237,8481518
2025021153,2,514,2:21,17:39,1551,right,509,penalty,13,D,-86,-6,MIN,interference,2,8476292,8482131
2025021153,2,665,13:40,6:20,1551,right,509,penalty,13,D,-93,9,MIN,tripping,2,8478445,8478055
2025021153,3,948,15:04,4:56,0651,left,509,penalty,2,D,-88,-4,MIN,interference,2,8480185,8477369
2025021154,1,17,3:35,16:25,1551,left,509,penalty,24,N,4,3,MIN,slashing,2,8480803,8479705
2025021154,1,278,11:49,8:11,1551,left,509,penalty,22,N,24,-40,MIN,tripping,2,8484153,8477953
2025021154,2,489,0:16,19:44,1551,right,509,penalty,24,O,98,6,MIN,hooking,2,8476473,8480068
2025021154,2,526,3:54,16:06,1551,right,509,penalty,22,D,74,11,MIN,tripping,2,8475798,8476473
2025021154,2,713,14:55,5:05,1551,right,509,penalty,22,O,-81,-14,MIN,hooking,2,8484153,8477953
2025021154,3,1074,12:20,7:40,1551,left,509,penalty,24,D,32,16,MIN,tripping,2,8475786,8482803
2025021155,1,142,6:22,13:38,1551,left,509,penalty,30,N,6,38,MIN,roughing,2,8479661,8473422
2025021155,1,145,6:22,13:38,1551,left,509,penalty,6,N,9,41,MIN,roughing,2,8473422,8479661
2025021155,1,238,13:50,6:10,1551,left,509,penalty,6,D,-68,2,MAJ,fighting,5,8477446,8480355
2025021155,1,234,13:50,6:10,1551,left,509,penalty,30,O,-70,2,MAJ,fighting,5,8480355,8477446
2025021155,1,290,17:04,2:56,1551,left,509,penalty,30,N,-5,-19,MIN,interference,2,8483489,8475692
2025021155,2,689,15:09,4:51,1551,right,509,penalty,6,O,-84,-31,MIN,hooking,2,8478136,8483489
2025021155,3,941,6:09,13:51,1551,left,509,penalty,6,N,-14,25,MIN,holding,2,8475765,8477507
2025021155,3,937,6:09,13:51,1551,left,509,penalty,6,N,-20,-28,MIN,tripping,2,8480800,8482177
2025021155,3,997,10:00,10:00,1551,left,509,penalty,30,D,44,-22,MIN,tripping,2,8477956,8476463
2025021156,1,78,1:54,18:06,1560,left,509,penalty,25,O,-83,-37,MIN,tripping,2,8471724,8476278
2025021156,1,244,10:53,9:07,1551,left,509,penalty,5,D,-71,41,MIN,high-sticking,2,8478047,8477511
2025021156,1,263,12:16,7:44,1541,left,509,penalty,5,N,-17,42,BEN,too-many-men-on-the-ice,2,,
2025021156,1,424,16:38,3:22,0651,left,509,penalty,5,O,95,-3,MIN,tripping,2,8474574,8483487
2025021156,2,603,5:45,14:15,1551,right,509,penalty,5,N,-9,31,MIN,tripping,2,8476278,8478450
2025021156,2,643,9:45,10:15,0651,right,509,penalty,5,D,26,-11,MIN,high-sticking,2,8478420,8481725
2025021156,2,727,16:17,3:43,1551,right,509,penalty,25,D,-72,-40,MIN,tripping,2,8481725,8480878
2025021156,3,845,6:20,13:40,1551,left,509,penalty,25,O,-96,-8,MIN,holding,2,8478854,8473994
2025021156,3,951,10:53,9:07,1551,left,509,penalty,25,N,7,41,BEN,too-many-men-on-the-ice,2,,
2025021157,1,237,9:50,10:10,1551,right,509,penalty,12,D,81,3,MIN,hooking,2,8480002,8473533
2025021157,1,268,12:16,7:44,1551,right,509,penalty,12,N,7,21,MIN,tripping,2,8484958,8475791
2025021157,2,575,8:27,11:33,1551,left,509,penalty,1,D,70,3,MIN,tripping,2,8475791,8484177
2025021157,3,976,15:52,4:08,0651,right,509,penalty,12,D,75,3,MIN,charging,2,8474149,8476906
2025021158,2,557,3:05,16:55,0651,right,509,penalty,29,D,96,-1,MIN,hooking,2,8484911,8476432
2025021158,2,696,14:45,5:15,1551,right,509,penalty,28,O,97,-1,MIN,holding,2,8478500,8482859
2025021158,3,413,0:54,19:06,0651,left,509,penalty,29,O,86,-24,MIN,tripping,2,8482667,8475745
2025021159,1,92,2:34,17:26,1551,left,509,penalty,55,D,81,-1,MIN,hooking,2,8477949,8476457
2025021159,1,242,5:43,14:17,1551,left,509,penalty,7,N,-3,38,MIN,tripping,2,8477955,8477949
2025021159,1,284,9:14,10:46,1551,left,509,penalty,7,O,35,-22,MIN,interference,2,8481554,8480839
2025021159,2,564,2:29,17:31,1551,right,509,penalty,7,N,-11,-13,MAJ,fighting,5,8476467,8479378
2025021159,2,558,2:29,17:31,1551,right,509,penalty,55,N,-10,-15,MAJ,fighting,5,8479378,8476467
2025021159,2,660,5:40,14:20,1551,right,509,penalty,7,D,40,-23,MIN,hooking,2,8474586,8480839
2025021159,2,797,15:44,4:16,1551,right,509,penalty,55,D,-84,-1,MIN,slashing,2,8479359,8476457
2025021159,3,969,8:00,12:00,1551,left,509,penalty,7,O,88,1,MIN,interference-goalkeeper,2,8475831,8479378
2025021159,3,1037,13:20,6:40,1551,left,509,penalty,55,D,53,-37,MIN,delaying-game-puck-over-glass,2,,
2025021160,1,265,12:41,7:19,0651,left,509,penalty,19,D,-70,-40,MIN,high-sticking-double-minor,4,8484901,8482090
2025021160,2,715,16:37,3:23,1551,right,509,penalty,10,O,31,35,MIN,high-sticking,2,8476892,8484158
2025021160,3,849,6:28,13:32,1551,left,509,penalty,19,D,-95,-17,MIN,holding,2,8484158,8484188
2025021160,3,1003,17:28,2:32,1551,left,509,penalty,10,O,-59,-36,MIN,holding,2,8476892,8481711
2025021161,1,458,19:44,0:16,1551,left,509,penalty,18,O,84,-2,MIN,interference-goalkeeper,2,8484170,8482146
2025021161,2,563,3:59,16:01,1551,right,509,penalty,8,D,-60,-24,MIN,roughing,2,8482146,8478133
2025021161,2,621,7:46,12:14,1551,right,509,penalty,8,D,-74,-10,MIN,roughing,2,8482146,8481593
2025021161,2,779,19:35,0:25,1551,right,509,penalty,8,D,-77,-1,MIN,roughing,2,8483513,8482087
2025021161,2,783,19:35,0:25,1551,right,509,penalty,18,O,-80,0,MIN,roughing,2,8482087,8479980
2025021161,3,993,14:24,5:36,1551,left,509,penalty,8,D,94,-11,MIN,slashing,2,8482742,8478133
2025021161,3,529,18:05,1:55,1551,left,509,penalty,18,N,-14,35,MIN,roughing,2,8480865,8482742
2025021161,3,532,18:05,1:55,1551,left,509,penalty,18,N,-16,38,MIS,misconduct,10,,
2025021162,1,168,8:18,11:42,1551,right,509,penalty,52,D,-67,-35,MIN,hooking,2,8481186,8480049
2025021162,3,784,1:07,18:53,1551,right,509,penalty,21,D,65,-31,MIN,tripping,2,8476460,8477476
2025021162,3,788,1:07,18:53,1551,right,509,penalty,52,O,66,-33,MIN,embellishment,2,,
2025021162,3,890,8:43,11:17,1551,right,509,penalty,21,O,-87,-5,MIN,roughing,2,8482149,8480448
2025021162,3,894,8:43,11:17,1551,right,509,penalty,52,D,-88,-5,MIN,roughing,2,8480448,8482149
2025021162,3,928,10:44,9:16,1551,right,509,penalty,21,D,63,-5,MIN,high-sticking,2,8473604,8476312
2025021162,3,985,14:49,5:11,1551,right,509,penalty,21,N,13,42,BEN,delaying-game-unsuccessful-challenge,2,,
2025021162,3,1052,19:26,0:34,1560,right,509,penalty,52,D,-32,36,MIN,hooking,2,8480069,8476460
2025021163,2,571,7:12,12:48,1551,left,509,penalty,4,D,56,35,MIN,interference,2,8482078,8482142
2025021163,2,654,15:48,4:12,0651,left,509,penalty,17,O,58,40,MIN,high-sticking,2,8481533,8477946
2025021163,2,698,18:19,1:41,1551,left,509,penalty,4,D,75,36,MIN,tripping,2,8484471,8482126
2025021163,3,848,6:05,13:55,1551,right,509,penalty,17,N,19,-4,MIN,roughing,2,8476461,8478891
2025021163,3,876,8:21,11:39,1551,right,509,penalty,4,N,4,42,MIN,roughing,2,8483464,8484387
2025021163,3,880,8:21,11:39,1551,right,509,penalty,17,N,4,40,MIN,roughing,2,8484387,8483464
2025021163,3,466,11:49,8:11,1551,right,509,penalty,17,N,9,41,MIS,misconduct,10,,
2025021164,1,454,18:50,1:10,1551,right,509,penalty,26,D,77,1,MIN,tripping,2,8482699,8471685
2025021164,2,702,7:40,12:20,1551,left,509,penalty,68,D,73,-1,MIN,hooking,2,8482124,8480855
2025021164,2,736,10:21,9:39,1551,left,509,penalty,68,D,41,32,MIN,tripping,2,8476469,8482699
2025021164,2,813,16:04,3:56,1551,left,509,penalty,26,O,95,6,MIN,slashing,2,8478507,8476872
2025021164,3,1004,8:27,11:33,1551,right,509,penalty,26,O,-74,1,MIN,broken-stick,2,,
2025021165,1,66,0:59,19:01,1551,right,509,penalty,23,D,-87,34,MIN,delaying-game-puck-over-glass,2,,
2025021165,1,111,4:17,15:43,1551,right,509,penalty,20,O,-63,11,MAJ,fighting,5,8480876,8483609
2025021165,1,108,4:17,15:43,1551,right,509,penalty,23,D,-61,12,MAJ,fighting,5,8483609,8480876
2025021165,1,206,7:15,12:45,1551,right,509,penalty,20,O,-39,39,MIN,hooking,2,8483499,8481068
2025021165,2,699,12:25,7:35,1551,left,509,penalty,20,D,-33,-39,MIN,tripping,2,8480012,8480860
2025021165,2,781,18:24,1:36,1551,left,509,penalty,23,D,79,37,MIN,tripping,2,8480797,8477969
2025021165,3,958,10:37,9:23,1551,right,509,penalty,20,D,54,24,MIN,hooking,2,8481024,8484768
2025021165,3,1052,17:07,2:53,0651,right,509,penalty,20,D,34,-40,MIN,delaying-game-puck-over-glass,2,,
2025021165,3,1068,18:23,1:37,0641,right,509,penalty,23,D,-33,3,MIN,hooking,2,8481068,8482079
2025021166,2,460,1:31,18:29,1551,left,509,penalty,54,D,-46,-40,MIN,holding,2,8479345,8479353
2025021166,2,491,3:29,16:31,1551,left,509,penalty,15,D,95,-4,MIN,interference,2,8475913,8480873
2025021166,2,671,9:46,10:14,1551,left,509,penalty,54,D,-66,38,MIN,high-sticking,2,8482088,8475188
2025021166,2,743,14:49,5:11,1551,left,509,penalty,54,O,78,9,MIN,tripping,2,8478440,8478434
2025021166,2,813,19:53,0:07,1551,left,509,penalty,15,D,54,24,MIN,slashing,2,8482062,8476880
2025021166,3,891,4:36,15:24,1560,right,509,penalty,15,D,-96,-21,MIN,high-sticking-double-minor,4,8477964,8478440
2025021166,3,918,6:31,13:29,1451,right,509,penalty,54,O,-89,-10,MIN,slashing,2,8478463,8478397
2025021166,3,927,6:58,13:02,1441,right,509,penalty,54,D,83,-12,MIN,tripping,2,8481580,8478483
2025021166,4,1163,4:35,0:25,1331,left,509,penalty,54,D,-85,-5,MIN,slashing,2,8482088,8478396
2025021167,1,214,7:53,12:07,1551,right,509,penalty,3,N,17,-38,MIN,delaying-game,2,,
2025021167,1,32,19:35,0:25,1551,right,509,penalty,13,N,7,-39,MAJ,fighting,5,8483669,8479316
2025021167,1,29,19:35,0:25,1551,right,509,penalty,3,N,14,-40,MAJ,fighting,5,8479316,8483669
2025021167,2,814,18:14,1:46,1551,left,509,penalty,13,D,64,37,MIN,hooking,2,8477839,8475179
2025021167,3,979,9:17,10:43,1551,right,509,penalty,3,D,56,-34,MIN,slashing,2,8479393,8477380
2025021167,3,1016,12:14,7:46,1551,right,509,penalty,3,D,85,-35,MIN,tripping,2,8482713,8482073
2025021168,1,71,1:28,18:32,1551,left,509,penalty,18,D,35,-40,MIN,holding,2,8482929,8475287
2025021168,1,159,7:59,12:01,1551,left,509,penalty,14,O,53,-16,MIN,tripping,2,8476887,8477404
2025021168,1,373,17:23,2:37,1551,left,509,penalty,14,N,-7,40,MIN,slashing,2,8476539,8477149
2025021168,2,578,5:47,14:13,1551,right,509,penalty,18,N,23,-38,MIN,hooking,2,8474151,8482146
2025021168,2,648,11:17,8:43,1551,right,509,penalty,18,O,97,22,MIN,high-sticking,2,8477404,8474564
2025021168,2,785,19:01,0:59,1551,right,509,penalty,14,D,62,40,MIN,interference,2,8482742,8478178
2025021168,3,837,2:02,17:58,1551,left,509,penalty,18,O,-25,-23,MIN,holding,2,8480995,8484241
2025021168,3,505,11:15,8:45,1551,left,509,penalty,14,D,-68,-39,MIN,boarding,2,8475158,8478416
2025021168,3,965,11:15,8:45,1551,left,509,penalty,14,D,-72,-39,GAM,abuse-of-officials,10,,
2025021169,1,202,7:52,12:08,1560,right,509,penalty,8,D,-67,0,MIN,hooking,2,8476921,8482087
2025021169,1,300,14:43,5:17,1551,right,509,penalty,12,O,-82,7,MIN,roughing,2,8482087,8477940
2025021169,2,622,12:34,7:26,1551,left,509,penalty,12,N,15,40,BEN,too-many-men-on-the-ice,2,,
2025021169,2,764,19:45,0:15,1551,left,509,penalty,12,O,75,40,MIN,tripping,2,8480865,8480762
2025021169,3,791,0:29,19:31,1551,right,509,penalty,8,D,-56,38,MIN,tripping,2,8480830,8480018
2025021169,3,854,5:16,14:44,1551,right,509,penalty,12,D,72,-11,MIN,hooking,2,8481540,8480830
2025021169,3,957,13:43,6:17,1551,right,509,penalty,8,N,-14,41,BEN,too-many-men-on-the-ice,2,,
2025021170,1,190,10:39,9:21,1551,left,509,penalty,29,D,-76,-39,MIN,roughing,2,8477956,8479371
2025021170,1,194,10:39,9:21,1551,left,509,penalty,6,O,-72,-37,MIN,unsportsmanlike-conduct,2,8479371,8477956
2025021170,1,19,17:35,2:25,1551,left,509,penalty,6,O,-67,31,MAJ,fighting,5,8475790,8479661
2025021170,1,16,17:35,2:25,1551,left,509,penalty,29,D,-67,30,MAJ,fighting,5,8479661,8475790
2025021170,1,25,17:41,2:19,1551,left,509,penalty,6,N,-18,-27,MAJ,fighting,5,8479671,8480355
2025021170,1,22,17:41,2:19,1551,left,509,penalty,29,N,-16,-25,MAJ,fighting,5,8480355,8479671
2025021170,1,356,18:45,1:15,1551,left,509,penalty,6,N,-13,17,MIN,tripping,2,8478460,8477956
2025021170,2,385,0:22,19:38,1551,right,509,penalty,29,D,66,-40,MIN,tripping,2,8479999,8478500
2025021170,3,930,8:37,11:23,1551,left,509,penalty,29,O,33,2,MIN,slashing,2,8483489,8482705
2025021170,3,960,10:34,9:26,1551,left,509,penalty,29,N,-10,30,MIN,tripping,2,8479325,8476432
2025021170,3,1001,13:29,6:31,1551,left,509,penalty,6,O,-56,24,MIN,tripping,2,8476432,8479325
2025021170,3,1069,19:18,0:42,0651,left,509,penalty,29,N,-23,-1,MIN,tripping,2,8479325,8476432
2025021171,1,303,10:55,9:05,1551,left,509,penalty,16,D,99,-5,MIN,tripping,2,8481032,8482176
2025021171,2,507,1:35,18:25,1551,right,509,penalty,16,D,-77,0,MIN,interference,2,8479996,8483466
2025021171,2,772,19:57,0:03,1551,right,509,penalty,1,D,64,0,MIN,hooking,2,8484144,8484177
2025021171,3,882,8:54,11:06,1551,left,509,penalty,1,D,-74,37,MIN,high-sticking,2,8484793,8475760
2025021171,3,951,9:58,10:02,1541,left,509,penalty,1,O,39,21,MIN,tripping,2,8484144,8479996
2025021172,1,100,3:34,16:26,1551,right,509,penalty,25,O,96,18,MIN,tripping,2,8481546,8482740
2025021172,1,248,10:41,9:19,1551,right,509,penalty,4,D,60,-39,MIN,holding-the-stick,2,8478047,8476461
2025021172,2,587,8:00,12:00,1551,left,509,penalty,25,D,66,-1,MIN,high-sticking,2,8477499,8478420
2025021172,2,686,16:27,3:33,1551,left,509,penalty,25,N,-19,-28,MIN,hooking,2,8478439,8482740
2025021172,3,1007,17:12,2:48,1551,right,509,penalty,4,N,-2,-15,MIN,tripping,2,8477454,8481533
2025021173,1,332,16:45,3:15,1551,left,509,penalty,5,D,48,-24,MIN,holding,2,8478445,8479398
2025021173,1,337,16:45,3:15,1551,left,509,penalty,2,O,47,-21,MIN,embellishment,2,,
2025021173,1,467,19:03,0:57,1551,left,509,penalty,2,O,42,-33,MIN,high-sticking,2,8482475,8476419
2025021173,2,495,0:45,19:15,1541,right,509,penalty,5,D,-75,-3,MIN,hooking,2,8477500,8476483
2025021173,2,609,9:41,10:19,1551,right,509,penalty,5,N,20,8,MIN,tripping,2,8481237,8478569
2025021173,3,799,4:35,15:25,1551,left,509,penalty,5,O,-69,37,MAJ,fighting,5,8476429,8481725
2025021173,3,793,4:35,15:25,1551,left,509,penalty,2,D,-69,39,MAJ,fighting,5,8481725,8476429
2025021174,1,138,5:28,14:32,1551,right,509,penalty,20,D,-54,-38,MIN,unsportsmanlike-conduct,2,8480835,8481167
2025021174,1,148,6:08,13:52,1451,right,509,penalty,20,D,-46,-38,MIN,slashing,2,8480039,8476399
2025021174,2,601,8:09,11:51,1551,left,509,penalty,21,O,52,39,MIN,high-sticking,2,8481068,8476967
2025021174,2,806,18:32,1:28,1551,left,509,penalty,20,D,75,2,MIN,tripping,2,8476455,8480727
2025021174,3,859,2:03,17:57,1551,right,509,penalty,20,D,-42,-40,MIN,delaying-game-puck-over-glass,2,,
2025021175,1,182,8:18,11:42,1560,right,509,penalty,23,D,-75,0,MIN,slashing,2,8475191,8483499
2025021175,2,586,1:59,18:01,1551,left,509,penalty,23,N,12,-22,MIN,tripping,2,8476881,8483768
2025021175,2,723,11:54,8:06,0651,left,509,penalty,54,O,65,19,MIN,holding,2,8484798,8478434
2025021175,2,740,12:43,7:17,1551,left,509,penalty,23,N,-19,40,MIN,roughing,2,8478468,8483678
2025021175,2,750,12:43,7:17,1551,left,509,penalty,54,N,-20,40,MIN,roughing,2,8483678,8478468
2025021175,2,743,12:43,7:17,1551,left,509,penalty,23,N,-18,41,MAJ,fighting,5,8476925,8476927
2025021175,2,747,12:43,7:17,1551,left,509,penalty,54,N,-18,40,MAJ,fighting,5,8476927,8476925
2025021176,1,62,0:03,19:57,1551,left,509,penalty,24,N,-1,-15,MAJ,fighting,5,8477503,8475462
2025021176,1,59,0:03,19:57,1551,left,509,penalty,10,N,0,-11,MAJ,fighting,5,8475462,8477503
2025021176,1,91,1:16,18:44,1551,left,509,penalty,10,D,94,29,MIN,tripping,2,8473986,8476931
2025021176,1,94,1:16,18:44,1551,left,509,penalty,10,D,66,23,MIN,roughing,2,8484762,8482720
2025021176,1,257,8:56,11:04,1551,left,509,penalty,24,D,-96,12,MIN,roughing,2,8484158,8483490
2025021176,1,261,8:56,11:04,1551,left,509,penalty,10,O,-97,10,MIN,roughing,2,8483490,8484158
2025021176,1,264,8:56,11:04,1551,left,509,penalty,10,O,-86,-2,MIN,interference-goalkeeper,2,8478024,8477939
2025021176,1,337,13:31,6:29,1551,left,509,penalty,24,O,64,42,MIN,cross-checking,2,8475714,8479705
2025021176,2,475,2:49,17:11,1551,right,509,penalty,10,O,70,24,MIN,roughing,2,8475462,8479543
2025021176,2,32,2:49,17:11,1551,right,509,penalty,10,O,70,22,MIS,misconduct,10,,
2025021176,2,35,2:49,17:11,1551,right,509,penalty,10,O,70,22,GAM,game-misconduct,10,,
2025021176,2,1391,9:04,10:56,1551,right,509,penalty,10,O,69,22,MAJ,fighting,5,8483490,8477503
2025021176,2,754,9:04,10:56,1551,right,509,penalty,24,D,72,28,MAJ,fighting,5,8477503,8483490
2025021176,2,39,9:04,10:56,1551,right,509,penalty,10,O,70,23,GAM,aggressor,10,,
2025021176,2,506,10:30,9:30,1551,right,509,penalty,10,O,69,23,MIN,roughing,2,8475462,8476931
2025021176,2,775,10:30,9:30,1551,right,509,penalty,24,D,55,25,MIN,roughing,2,8476931,8475462
2025021176,2,779,10:30,9:30,1551,right,509,penalty,10,O,72,22,MIN,roughing,2,8475462,8476931
2025021176,2,45,10:30,9:30,1551,right,509,penalty,24,D,69,23,MIS,misconduct,10,,
2025021176,2,509,10:30,9:30,1551,right,509,penalty,10,N,-1,-39,MIS,misconduct,10,,
2025021176,2,795,11:07,8:53,1451,right,509,penalty,24,O,-66,42,MIN,tripping,2,8481122,8484153
2025021176,2,840,14:13,5:47,0651,right,509,penalty,24,D,63,-13,MIN,hooking,2,8480870,8475184
2025021176,3,1061,6:20,13:40,1551,left,509,penalty,24,D,-86,0,MIN,high-sticking,2,8476853,8480068
2025021176,3,1187,14:46,5:14,1551,left,509,penalty,10,N,15,40,BEN,too-many-men-on-the-ice,2,,
2025021177,1,10,7:11,12:49,1551,left,509,penalty,19,D,80,12,MIN,delaying-game-puck-over-glass,2,,
2025021177,1,17,12:39,7:21,1551,left,509,penalty,19,N,-11,-41,MIN,interference,2,8476624,8484164
2025021177,2,31,1:14,18:46,1551,right,509,penalty,28,D,98,-4,MIN,delaying-game-puck-over-glass,2,,
2025021177,2,397,1:52,18:08,1541,right,509,penalty,19,O,85,0,MIN,high-sticking,2,8482137,8480459
2025021177,2,41,9:08,10:52,1551,right,509,penalty,19,D,-47,-1,MIN,hooking,2,8476624,8481598
2025021177,2,404,19:06,0:54,0651,right,509,penalty,28,D,91,-32,MIN,hooking,2,8481013,8482166
2025021177,3,418,11:08,8:52,1551,left,509,penalty,28,D,-88,5,MIN,tripping,2,8482077,8482137
2025021178,1,153,7:28,12:32,1551,left,509,penalty,6,D,-85,19,MIN,interference,2,8473994,8477507
2025021178,1,379,16:49,3:11,1551,left,509,penalty,25,N,-15,39,MIN,tripping,2,8478042,8480027
2025021178,2,752,18:17,1:43,1551,right,509,penalty,25,D,-69,-39,MIN,delaying-game-puck-over-glass,2,,
2025021178,3,797,1:00,19:00,1551,left,509,penalty,6,O,62,39,MIN,interference,2,8478420,8478042
2025021178,3,1011,17:41,2:19,1551,left,509,penalty,6,O,60,37,MIN,tripping,2,8478888,8476854
2025021179,1,62,0:41,19:19,1551,left,509,penalty,2,D,31,36,MIN,high-sticking,2,8484145,8477369
2025021179,1,81,1:31,18:29,1451,left,509,penalty,7,O,41,-38,MIN,interference,2,8485366,8480064
2025021179,1,367,13:58,6:02,1551,left,509,penalty,2,D,83,4,MIN,high-sticking,2,8482659,8476917
2025021179,2,535,2:18,17:42,1551,right,509,penalty,2,O,87,-35,MIN,high-sticking,2,8481524,8475231
2025021179,2,40,6:34,13:26,1551,right,509,penalty,7,D,78,5,PS,ps-slash-on-breakaway,0,8475314,8482671
2025021179,2,777,17:41,2:19,1551,right,509,penalty,7,D,91,31,MIN,delaying-game-puck-over-glass,2,,
2025021179,3,824,0:01,19:59,1551,left,509,penalty,2,N,2,-15,MAJ,fighting,5,8475842,8475314
2025021179,3,456,0:01,19:59,1551,left,509,penalty,7,N,1,-16,MAJ,fighting,5,8475314,8475842
2025021179,3,843,1:28,18:32,1560,left,509,penalty,2,D,50,7,MIN,hooking,2,8479420,8477369
2025021179,3,952,8:45,11:15,1551,left,509,penalty,7,N,-20,-26,MIN,roughing,2,8476429,8480064
2025021179,3,947,8:45,11:15,1551,left,509,penalty,2,N,-17,-28,MIN,roughing,2,8480064,8476429
2025021179,3,465,8:45,11:15,1551,left,509,penalty,7,N,-18,-30,MIN,roughing,2,8476429,8480064
2025021180,1,15,3:06,16:54,1551,left,509,penalty,8,D,97,7,MIN,holding,2,8480995,8481593
2025021180,1,276,9:24,10:36,1551,left,509,penalty,8,D,71,2,MIN,cross-checking,2,8480995,8482087
2025021180,1,286,9:55,10:05,1451,left,509,penalty,8,D,82,-1,MIN,roughing,2,8476453,8480865
2025021180,1,290,9:55,10:05,1451,left,509,penalty,14,O,82,-4,MIN,interference-goalkeeper,2,8482487,8476453
2025021180,1,296,10:25,9:35,1451,left,509,penalty,14,O,78,27,MIN,hooking,2,8483457,8477404
2025021180,1,405,11:03,8:57,1441,left,509,penalty,14,D,-62,-1,MIN,tripping,2,8483457,8480426
2025021180,2,700,15:35,4:25,1551,right,509,penalty,8,D,-82,-14,MIN,hooking,2,8477404,8481618
2025021180,2,741,19:09,0:51,1551,right,509,penalty,14,N,13,29,MIN,slashing,2,8481540,8476453
2025021180,3,359,4:45,15:15,1551,left,509,penalty,14,O,98,5,MIN,roughing,2,8482737,8482929
2025021180,3,361,4:45,15:15,1551,left,509,penalty,8,D,96,15,MIN,roughing,2,8482929,8482737
2025021180,3,369,4:45,15:15,1551,left,509,penalty,14,O,97,8,MIN,roughing,2,8476981,8477404
2025021180,3,363,4:45,15:15,1551,left,509,penalty,8,D,97,6,MIN,roughing,2,8477404,8476981
2025021180,3,813,4:45,15:15,1551,left,509,penalty,14,O,98,6,MIN,roughing,2,8482737,8482929
2025021180,3,817,4:45,15:15,1551,left,509,penalty,8,D,98,5,MIN,roughing,2,8482929,8482737
2025021180,3,821,4:45,15:15,1551,left,509,penalty,8,D,96,13,MIN,roughing,2,8477404,8476981
2025021180,3,824,4:45,15:15,1551,left,509,penalty,14,O,98,15,MIN,roughing,2,8476981,8477404
2025021180,3,1094,15:54,4:06,1551,left,509,penalty,8,O,-79,28,MIN,cross-checking,2,8476826,8480018
2025021180,3,1112,17:27,2:33,1451,left,509,penalty,8,D,59,-40,MIN,boarding,2,8476453,8478133
2025021180,3,1116,17:27,2:33,1451,left,509,penalty,14,O,57,-39,MIN,roughing,2,8478133,8478178
2025021180,3,382,19:23,0:37,1551,left,509,penalty,14,O,67,-14,MIN,roughing,2,8482964,8477149
2025021180,3,388,19:23,0:37,1551,left,509,penalty,8,D,70,-26,MIN,roughing,2,8477149,8482964
2025021180,3,1010,19:23,0:37,1551,left,509,penalty,14,O,69,-25,MIN,roughing,2,8476479,8482201
2025021180,3,1013,19:23,0:37,1551,left,509,penalty,8,D,68,-22,MIN,roughing,2,8482201,8476479
2025021180,3,1016,19:23,0:37,1551,left,509,penalty,14,O,71,-23,MIN,roughing,2,8475848,8482929
2025021180,3,1019,19:23,0:37,1551,left,509,penalty,8,D,71,-22,MIN,roughing,2,8482929,8475848
2025021180,3,1022,19:23,0:37,1551,left,509,penalty,14,O,75,-33,MIN,roughing,2,8481593,8477426
2025021180,3,1025,19:23,0:37,1551,left,509,penalty,8,D,87,-30,MIN,roughing,2,8477426,8481593
2025021180,3,1004,19:23,0:37,1551,left,509,penalty,14,O,70,-37,MIN,roughing,2,8480813,8478416
2025021180,3,1007,19:23,0:37,1551,left,509,penalty,8,D,70,-22,MIN,roughing,2,8478416,8480813
2025021180,3,1001,20:00,0:00,1551,left,509,penalty,8,O,-89,-33,MIN,roughing,2,8474151,8476981
2025021180,3,398,20:00,0:00,1551,left,509,penalty,14,D,-86,-35,MIN,roughing,2,8476981,8474151
2025021181,1,62,0:15,19:45,1551,right,509,penalty,9,N,7,-17,MIN,high-sticking,2,8477931,8481596
2025021181,1,146,6:05,13:55,1551,right,509,penalty,9,D,-87,11,MIN,high-sticking,2,8479314,8482245
2025021181,1,216,7:13,12:47,1451,right,509,penalty,9,D,-82,8,MIN,high-sticking,2,8482713,8482095
2025021181,2,669,6:04,13:56,1551,left,509,penalty,13,D,-35,-4,MIN,hooking,2,8482116,8477935
2025021181,2,699,8:55,11:05,1551,left,509,penalty,13,D,-79,1,MIN,hooking,2,8482092,8475179
2025021181,2,838,19:55,0:05,1551,left,509,penalty,13,D,-80,-39,MIN,slashing,2,8473512,8476994
2025021181,3,982,11:26,8:34,1551,right,509,penalty,13,D,75,-40,MAT,match-penalty,15,8484759,8479393
2025021181,3,1034,15:22,4:38,1541,right,509,penalty,13,D,26,-41,MIN,tripping,2,8482116,8478055
2025021182,1,228,12:25,7:35,1551,right,509,penalty,1,D,-82,-39,MIN,high-sticking,2,8477839,8476462
2025021182,2,429,0:45,19:15,1551,left,509,penalty,3,O,94,26,MIN,tripping,2,8476462,8484210
2025021182,2,562,6:58,13:02,1551,left,509,penalty,1,D,79,1,MIN,hooking,2,8477380,8475455
2025021182,3,847,5:13,14:47,1551,right,509,penalty,3,N,15,-29,MIN,tripping,2,8480192,8482157
2025021182,3,875,6:56,13:04,1541,right,509,penalty,3,D,65,40,MIN,cross-checking,2,8476462,8476468
2025021182,3,1010,9:05,10:55,1551,right,509,penalty,1,O,81,3,MIN,interference-goalkeeper,2,8478048,8481032
2025021182,3,902,9:05,10:55,1551,right,509,penalty,1,O,82,-2,MIN,goalie-leave-crease,2,,
2025021182,3,1007,9:05,10:55,1551,right,509,penalty,3,D,82,-4,MIN,goalie-leave-crease,2,,
2025021182,3,1001,9:05,10:55,1551,right,509,penalty,1,O,80,-3,MAJ,fighting,5,8478048,8474593
2025021182,3,1004,9:05,10:55,1551,right,509,penalty,3,D,78,-1,MAJ,fighting,5,8474593,8478048
2025021183,1,313,12:04,7:56,1551,left,509,penalty,5,O,46,9,MAJ,fighting,5,8480879,8480980
2025021183,1,309,12:04,7:56,1551,left,509,penalty,17,D,44,13,MAJ,fighting,5,8480980,8480879
2025021183,1,362,15:37,4:23,1551,left,509,penalty,17,D,70,-40,MIN,high-sticking,2,8481725,8475279
2025021183,2,512,3:12,16:48,1551,right,509,penalty,5,O,-36,33,MIN,hooking,2,8482762,8477511
2025021183,2,31,19:58,0:02,1551,right,509,penalty,5,D,77,0,MIN,roughing,2,8482078,8479398
2025021183,2,35,19:58,0:02,1551,right,509,penalty,17,O,79,1,MIN,roughing,2,8479398,8482078
2025021183,3,801,1:23,18:37,1441,left,509,penalty,17,N,5,-13,MIN,tripping,2,8480980,8477946
2025021183,3,1012,13:31,6:29,1551,left,509,penalty,17,N,0,-40,BEN,too-many-men-on-the-ice,2,,
2025021184,1,106,3:29,16:31,1551,right,509,penalty,4,D,-73,-36,MIN,delaying-game-puck-over-glass,2,,
2025021184,1,228,11:07,8:53,1551,right,509,penalty,15,D,45,-39,MIN,tripping,2,8477948,8484873
2025021184,1,24,19:47,0:13,1551,right,509,penalty,4,N,-5,39,MIN,slashing,2,8481580,8481533
2025021184,1,27,19:47,0:13,1551,right,509,penalty,15,N,0,40,MIN,slashing,2,8481533,8481580
2025021184,2,547,5:29,14:31,1560,left,509,penalty,4,O,-72,-37,MIN,tripping,2,8478463,8478439
2025021184,2,709,9:51,10:09,0651,left,509,penalty,15,O,32,36,MIN,hooking,2,8479336,8484873
2025021184,2,793,15:59,4:01,1551,left,509,penalty,4,O,-73,28,MIN,tripping,2,8479400,8481533
2025021184,3,983,9:38,10:22,1551,right,509,penalty,15,O,-88,13,MIN,roughing,2,8482126,8482088
2025021184,3,558,9:38,10:22,1551,right,509,penalty,4,D,-86,9,MIN,roughing,2,8482088,8482126
2025021184,3,1072,16:13,3:47,1551,right,509,penalty,15,D,54,-39,MIN,tripping,2,8477499,8478440
2025021184,3,567,20:00,0:00,0651,right,509,penalty,15,D,63,3,MIN,tripping,2,8478439,8482088
2025021185,1,171,8:48,11:12,1551,left,509,penalty,12,O,-56,39,MIN,roughing,2,8476432,8480830
2025021185,1,212,12:19,7:41,0651,left,509,penalty,29,D,-67,12,MIN,slashing,2,8482100,8479371
2025021185,1,242,14:29,5:31,1551,left,509,penalty,29,D,-76,33,MIN,high-sticking,2,8475791,8482660
2025021185,2,373,0:07,19:53,1551,right,509,penalty,29,N,0,12,MIN,high-sticking,2,8476921,8478975
2025021185,2,657,10:48,9:12,1551,right,509,penalty,12,D,-68,40,MIN,hooking,2,8477425,8482702
2025021185,3,877,3:31,16:29,1551,left,509,penalty,29,O,98,-14,MIN,high-sticking,2,8476906,8477425
2025021185,3,994,12:42,7:18,1551,left,509,penalty,29,N,-15,39,BEN,delaying-game-unsuccessful-challenge,2,,
2025021185,3,1072,19:01,0:59,1560,left,509,penalty,12,N,-23,30,MIN,tripping,2,8475745,8482809
2025021186,2,545,9:32,10:28,1551,left,509,penalty,16,D,-96,7,MIN,tripping,2,8476392,8482807
2025021186,3,829,4:20,15:40,1551,right,509,penalty,52,O,92,30,MIN,holding,2,8481624,8482149
2025021186,3,842,5:17,14:43,1451,right,509,penalty,52,D,-82,-5,MIN,tripping,2,8483493,8481043
2025021187,1,398,18:02,1:58,1551,left,509,penalty,55,D,84,-5,MIN,holding,2,8478402,8480009
2025021187,2,540,5:43,14:17,1551,right,509,penalty,22,N,20,-22,MIN,interference,2,8484800,8475218
2025021187,2,683,17:55,2:05,1551,right,509,penalty,22,O,-81,-6,MIN,interference,2,8483570,8478402
2025021187,3,845,12:24,7:36,1551,left,509,penalty,22,O,65,28,MIN,hooking,2,8482665,8475786
2025021188,1,121,4:41,15:19,1551,right,509,penalty,23,O,80,28,MIN,slashing,2,8480039,8478498
2025021188,1,209,11:24,8:36,1551,right,509,penalty,21,N,-16,27,MIN,tripping,2,8484136,8476455
2025021188,1,330,19:33,0:27,1551,right,509,penalty,21,O,-30,40,MIN,holding,2,8482055,8477476
2025021188,2,584,10:33,9:27,1551,left,509,penalty,23,D,80,3,MIN,slashing,2,8477492,8481024
2025021188,2,643,15:43,4:17,1551,left,509,penalty,23,N,0,-40,BEN,delaying-game-unsuccessful-challenge,2,,
2025021188,3,970,14:57,5:03,1551,right,509,penalty,21,N,7,8,MIN,high-sticking,2,8480012,8476455
2025021189,1,74,1:25,18:35,1551,right,509,penalty,26,D,81,-12,MIN,hooking,2,8483516,8475208
2025021189,1,84,2:12,17:48,1541,right,509,penalty,19,N,-21,0,MIN,holding,2,8482124,8484164
2025021189,1,422,15:19,4:41,1551,right,509,penalty,26,O,-70,38,MIN,tripping,2,8481598,8476469
2025021189,2,536,3:33,16:27,1551,left,509,penalty,26,O,43,40,MIN,slashing,2,8482733,8482124
2025021189,2,754,16:46,3:14,1551,left,509,penalty,19,D,94,4,MIN,holding,2,8482124,8475718
2025021189,3,831,2:52,17:08,1551,right,509,penalty,19,D,-70,-5,MAJ,fighting,5,8483406,8482090
2025021189,3,835,2:52,17:08,1551,right,509,penalty,26,O,-70,-4,MAJ,fighting,5,8482090,8483406
2025021189,3,1062,17:54,2:06,1551,right,509,penalty,19,D,-89,-10,MIN,tripping,2,8478550,8482733
2025021190,1,132,2:17,17:43,1551,left,509,penalty,28,D,-30,-41,MIN,high-sticking,2,8482803,8480848
2025021190,1,151,3:57,16:03,1541,left,509,penalty,24,O,-80,37,MIN,hooking,2,8476624,8473986
2025021190,1,262,7:29,12:31,1551,left,509,penalty,28,D,-34,-30,MIN,hooking,2,8480068,8485402
2025021190,1,291,9:43,10:17,1551,left,509,penalty,28,D,-36,-35,MIN,slashing,2,8479705,8475200
2025021190,1,397,14:04,5:56,1551,left,509,penalty,24,O,-93,29,MIN,tripping,2,8479983,8485512
2025021190,2,776,16:13,3:47,1551,right,509,penalty,28,D,84,-5,MIN,cross-checking,2,8483444,8479576
2025021190,2,779,16:13,3:47,1551,right,509,penalty,24,O,86,-3,MIN,roughing,2,8479576,8478366
2025021190,3,892,4:47,15:13,1551,left,509,penalty,24,N,7,39,MAJ,fighting,5,8482859,8479705
2025021190,3,888,4:47,15:13,1551,left,509,penalty,28,N,-13,40,MAJ,fighting,5,8479705,8482859
2025021191,1,162,3:39,16:21,1551,left,509,penalty,7,D,64,33,MIN,holding,2,8480801,8484145
2025021191,1,242,9:59,10:01,1551,left,509,penalty,9,N,-13,42,MIN,slashing,2,8479359,8480801
2025021191,1,266,12:36,7:24,0651,left,509,penalty,9,D,-75,9,MIN,interference,2,8484145,8481606
2025021191,1,26,17:09,2:51,1551,left,509,penalty,7,D,84,-23,MAJ,fighting,5,8480801,8479378
2025021191,1,23,17:09,2:51,1551,left,509,penalty,9,O,86,-23,MAJ,fighting,5,8479378,8480801
2025021191,2,632,11:01,8:59,1551,right,509,penalty,7,D,-30,-23,MIN,cross-checking,2,8482116,8480802
2025021191,3,378,18:42,1:18,0651,left,509,penalty,7,N,5,42,GAM,abuse-of-officials,10,,
2025021192,1,436,17:52,2:08,1560,left,509,penalty,5,D,82,2,MIN,interference,2,8477416,8477365
2025021192,1,444,18:24,1:36,1451,left,509,penalty,14,D,-76,2,MIN,holding,2,8478569,8478178
2025021192,3,850,1:04,18:56,1551,left,509,penalty,5,N,-8,40,MIN,roughing,2,8477416,8471215
2025021192,3,844,1:04,18:56,1551,left,509,penalty,14,N,-19,40,MIN,roughing,2,8471215,8477416
2025021192,3,847,1:04,18:56,1551,left,509,penalty,5,N,-9,39,MIN,cross-checking,2,8477416,8471215
2025021192,3,928,7:35,12:25,1551,left,509,penalty,14,D,-76,-32,MIN,holding,2,8471724,8482929
2025021192,3,1013,10:15,9:45,1551,left,509,penalty,5,N,3,40,MIN,holding-the-stick,2,8482655,8480980
2025021192,3,1021,10:37,9:23,1451,left,509,penalty,14,D,-62,29,MIN,tripping,2,8475810,8478178
2025021192,3,1119,18:10,1:50,1551,left,509,penalty,14,D,-86,-6,MIN,cross-checking,2,8476483,8480426
2025021193,1,301,14:52,5:08,0651,right,509,penalty,13,D,86,7,MIN,slashing,2,8477956,8482713
2025021193,3,838,3:37,16:23,1551,right,509,penalty,6,N,-4,40,MIN,high-sticking,2,8481518,8477956
2025021193,3,1017,16:39,3:21,1551,right,509,penalty,13,D,25,-15,MIN,tripping,2,8477496,8478421
2025021194,1,220,9:21,10:39,1551,left,509,penalty,1,N,-9,-39,MIN,tripping,2,8480796,8475455
2025021194,2,467,5:06,14:54,1551,right,509,penalty,1,D,45,0,MIN,slashing,2,8476880,8478414
2025021194,3,730,2:16,17:44,1551,left,509,penalty,15,D,82,11,MIN,tripping,2,8481559,8484186
2025021194,3,765,4:45,15:15,1551,left,509,penalty,1,O,27,39,MIN,tripping,2,8482088,8480002
2025021194,3,903,11:22,8:38,1551,left,509,penalty,15,D,70,8,MIN,hooking,2,8484177,8480144
2025021194,3,363,20:00,0:00,1551,left,509,penalty,1,D,-96,-3,MIN,roughing,2,8482148,8479996
2025021194,3,370,20:00,0:00,1551,left,509,penalty,15,O,-99,0,MIN,roughing,2,8479996,8482148
2025021194,3,373,20:00,0:00,1551,left,509,penalty,15,O,-98,2,MIS,misconduct,10,,
2025021194,3,368,20:00,0:00,1551,left,509,penalty,1,D,-97,2,MIS,misconduct,10,,
2025021195,1,146,7:21,12:39,1551,right,509,penalty,8,O,95,-27,MIN,high-sticking-double-minor,4,8478882,8483515
2025021195,1,197,11:49,8:11,1551,right,509,penalty,3,D,62,0,MIN,hooking,2,8482775,8483690
2025021195,2,576,9:12,10:48,1551,left,509,penalty,3,D,-89,28,MIN,high-sticking,2,8482737,8478840
2025021195,2,629,13:41,6:19,1551,left,509,penalty,8,N,-21,42,BEN,too-many-men-on-the-ice,2,,
2025021196,1,144,6:23,13:37,1551,right,509,penalty,4,D,79,2,MIN,cross-checking,2,8482078,8485406
2025021196,1,369,18:32,1:28,1551,right,509,penalty,4,O,-76,-33,MIN,tripping,2,8477946,8476461
2025021196,3,827,1:48,18:12,1560,right,509,penalty,17,O,97,8,MIN,hooking,2,8481546,8482078
2025021197,1,252,11:31,8:29,0651,right,509,penalty,12,D,34,-22,MIN,holding,2,8478046,8480817
2025021197,2,456,3:14,16:46,1551,left,509,penalty,29,D,29,-27,MIN,interference,2,8475791,8483485
2025021197,3,763,4:34,15:26,1551,right,509,penalty,12,D,86,-38,MIN,delaying-game-puck-over-glass,2,,
2025021197,3,774,5:35,14:25,1541,right,509,penalty,29,O,71,1,MIN,slashing,2,8473533,8478500
2025021197,3,797,7:34,12:26,1551,right,509,penalty,12,N,-22,-8,MIN,slashing,2,8477425,8476906
2025021197,3,156,11:22,8:38,1551,right,509,penalty,29,O,77,4,MIN,roughing,2,8480817,8478046
2025021197,3,850,11:22,8:38,1551,right,509,penalty,12,D,79,6,MIN,roughing,2,8478046,8480817
2025021198,1,74,1:41,18:19,1551,right,509,penalty,25,D,70,11,MIN,tripping,2,8476460,8480036
2025021198,1,159,8:36,11:24,1551,right,509,penalty,52,D,-90,-6,MIN,cross-checking,2,8482145,8477938
2025021198,2,602,6:56,13:04,1551,left,509,penalty,25,O,88,-10,MIN,tripping,2,8480049,8480027
2025021198,3,895,9:24,10:36,1551,right,509,penalty,25,N,-12,39,MIN,unsportsmanlike-conduct,2,8480145,8476278
2025021198,3,889,9:24,10:36,1551,right,509,penalty,25,O,-36,40,MIN,roughing,2,8480145,8476278
2025021198,3,46,9:24,10:36,1551,right,509,penalty,52,N,-14,41,MIN,unsportsmanlike-conduct,2,8476278,8480145
2025021198,3,881,9:24,10:36,1551,right,509,penalty,52,N,0,24,MAJ,fighting,5,8473994,8476392
2025021198,3,886,9:24,10:36,1551,right,509,penalty,25,N,0,21,MAJ,fighting,5,8476392,8473994
2025021198,3,413,9:24,10:36,1551,right,509,penalty,25,N,-14,40,MIS,misconduct,10,,
2025021198,3,50,9:24,10:36,1551,right,509,penalty,52,N,-13,40,MIS,misconduct,10,,
2025021199,1,308,14:07,5:53,1551,right,509,penalty,23,O,74,-37,MIN,interference,2,8480800,8482055
2025021199,1,326,15:24,4:36,1451,right,509,penalty,30,D,96,0,MIN,tripping,2,8483499,8478493
2025021199,2,512,1:20,18:40,1551,left,509,penalty,23,D,78,-1,MIN,tripping,2,8478864,8480058
2025021199,2,579,7:25,12:35,1551,left,509,penalty,30,D,-94,29,MIN,cross-checking,2,8480876,8480800
2025021200,1,129,5:10,14:50,1560,left,509,penalty,16,D,68,36,MIN,tripping,2,8479365,8484185
2025021200,1,466,19:23,0:37,1551,left,509,penalty,22,D,-66,38,MIN,slashing,2,8483493,8478402
2025021200,2,658,11:00,9:00,1551,right,509,penalty,16,D,-90,-15,MIN,holding,2,8479368,8481806
2025021200,2,684,12:50,7:10,1551,right,509,penalty,16,D,-79,3,MIN,holding,2,8479365,8483506
2025021201,1,61,0:12,19:48,1551,right,509,penalty,20,D,-75,1,MIN,hooking,2,8479353,8480860
2025021201,1,130,4:48,15:12,1560,right,509,penalty,20,D,-78,-2,MIN,hooking,2,8478483,8481167
2025021201,1,451,17:12,2:48,1551,right,509,penalty,54,O,-71,-40,MIN,holding-the-stick,2,8481028,8479353
2025021201,1,461,17:43,2:17,1541,right,509,penalty,54,O,-30,-1,MIN,tripping,2,8480028,8475343
2025021201,2,661,8:37,11:23,1551,left,509,penalty,20,O,-91,31,MIN,tripping,2,8476881,8480028
2025021201,2,743,15:29,4:31,1551,left,509,penalty,20,O,-29,-42,MIN,boarding,2,8478434,8483609
2025021201,3,889,8:16,11:44,1551,right,509,penalty,20,D,-42,4,MIN,slashing,2,8475188,8476458
2025021201,3,1082,19:22,0:38,1551,right,509,penalty,20,N,1,0,MIN,interference,2,8475343,8483609
2025021202,2,613,5:35,14:25,1551,right,509,penalty,28,D,27,-15,MIN,interference,2,8478904,8485402
2025021202,2,635,7:23,12:37,1551,right,509,penalty,10,O,37,-2,MIN,tripping,2,8484806,8478057
2025021202,3,822,2:03,17:57,1551,left,509,penalty,10,N,20,-30,MIN,tripping,2,8484911,8478057
2025021203,1,92,2:47,17:13,1551,left,509,penalty,68,O,-36,-35,MIN,hooking,2,8482874,8477220
2025021203,1,100,2:59,17:01,1451,left,509,penalty,55,N,-21,39,MIN,tripping,2,8478831,8478407
2025021203,1,428,15:40,4:20,0651,left,509,penalty,55,D,-60,-24,MIN,slashing,2,8480855,8482874
2025021203,2,674,13:55,6:05,1551,right,509,penalty,55,O,-50,23,MIN,high-sticking-double-minor,4,8477021,8484800
2025021203,2,720,17:36,2:24,1560,right,509,penalty,68,D,-42,-2,MIN,hooking,2,8474586,8483431
2025021203,3,973,12:25,7:35,1551,left,509,penalty,68,N,-4,24,MIN,tripping,2,8482858,8479977
2025021203,3,1001,14:35,5:25,1551,left,509,penalty,55,D,-45,-38,MIN,high-sticking-double-minor,4,8478831,8474586
2025021204,1,430,14:25,5:35,1551,right,509,penalty,26,D,49,-9,MIN,interference,2,8482768,8476441
2025021204,1,488,18:40,1:20,1551,right,509,penalty,18,D,-87,-30,MIN,holding,2,8482726,8476869
2025021204,1,25,19:51,0:09,1451,right,509,penalty,26,D,58,-8,PS,ps-throwing-object-at-puck,0,,
2025021204,3,842,1:25,18:35,1551,right,509,penalty,26,O,-70,-39,MIN,hooking,2,8474600,8478550
2025021204,3,859,3:01,16:59,1541,right,509,penalty,18,O,76,-1,MIN,interference,2,8474563,8476539
2025021204,3,912,6:53,13:07,0651,right,509,penalty,26,O,-75,37,MIN,slashing,2,8480246,8483756
2025021204,3,1010,13:05,6:55,1551,right,509,penalty,18,D,-77,2,MIN,hooking,2,8471685,8476869
2025021205,1,144,7:43,12:17,1551,left,509,penalty,2,D,-44,21,MIN,hooking,2,8482159,8476917
2025021205,1,296,15:09,4:51,1551,left,509,penalty,2,N,13,-17,MIN,high-sticking,2,8476461,8483553
2025021205,2,432,3:54,16:06,1551,right,509,penalty,4,D,-46,17,MIN,hooking,2,8485366,8476822
2025021205,2,663,12:50,7:10,1551,right,509,penalty,4,D,-62,29,MIN,tripping,2,8476292,8478439
2025021205,3,837,2:00,18:00,1551,left,509,penalty,4,D,50,41,MIN,interference,2,8478445,8484387
2025021206,1,194,10:18,9:42,0651,left,509,penalty,24,D,-34,14,MIN,slashing,2,8484230,8473986
2025021206,2,520,3:46,16:14,1551,right,509,penalty,19,O,80,1,MIN,roughing,2,8474590,8482733
2025021206,2,524,3:46,16:14,1551,right,509,penalty,24,D,73,2,MIN,cross-checking,2,8482733,8474590
2025021206,2,548,5:51,14:09,0651,right,509,penalty,24,D,73,-5,MIN,slashing,2,8476892,8478873
2025021206,2,589,8:50,11:10,1551,right,509,penalty,19,D,-68,-20,MIN,slashing,2,8478873,8476897
2025021206,3,771,0:18,19:42,1551,left,509,penalty,24,O,80,39,MIN,hooking,2,8482733,8484762
2025021206,3,800,2:15,17:45,1551,left,509,penalty,19,D,43,-40,MIN,hooking,2,8478366,8484164
2025021206,3,945,13:47,6:13,1560,left,509,penalty,19,D,59,-7,MIN,hooking,2,8484153,8483516
2025021206,3,977,16:14,3:46,1551,left,509,penalty,24,O,43,-15,MIN,hooking,2,8484188,8482745
2025021207,1,159,3:54,16:06,1560,right,509,penalty,17,D,-96,-6,MIN,tripping,2,8482109,8477429
2025021207,1,369,15:13,4:47,1551,right,509,penalty,3,D,51,5,MIN,interference,2,8477456,8476468
2025021207,2,704,13:04,6:56,1551,left,509,penalty,3,D,-84,28,MIN,slashing,2,8482078,8484169
2025021207,3,885,5:44,14:16,1551,right,509,penalty,17,D,-88,-25,MIN,high-sticking,2,8482157,8475279
2025021207,3,882,5:44,14:16,1551,right,509,penalty,3,O,-63,-1,MAJ,fighting,5,8474102,8482157
2025021207,3,308,5:44,14:16,1551,right,509,penalty,17,D,-67,-1,MAJ,fighting,5,8482157,8475279
2025021207,3,931,8:19,11:41,1551,right,509,penalty,3,N,-2,36,MIN,high-sticking,2,8481607,8477839
2025021207,3,1006,14:15,5:45,0651,right,509,penalty,3,D,69,22,MIN,high-sticking,2,8474037,8483690
2025021208,1,289,12:29,7:31,1551,left,509,penalty,30,O,-65,-38,MIN,holding,2,8473512,8478493
2025021208,1,446,19:47,0:13,1551,left,509,penalty,30,D,92,-24,MIN,high-sticking,2,8480801,8474567
2025021208,2,725,18:30,1:30,1551,right,509,penalty,30,D,-63,11,MIN,roughing,2,8482092,8477451
2025021208,2,729,18:30,1:30,1551,right,509,penalty,9,O,-66,5,MIN,holding,2,8477451,8482092
2025021208,2,739,19:27,0:33,1441,right,509,penalty,9,O,-36,0,MIN,interference,2,8480800,8482245
2025021208,3,474,20:00,0:00,1551,left,509,penalty,30,N,-8,-36,MIS,misconduct,10,,
2025021208,3,471,20:00,0:00,1551,left,509,penalty,9,N,-9,-34,MIS,misconduct,10,,
2025021209,1,199,10:17,9:43,1551,right,509,penalty,25,O,-93,26,MIN,tripping,2,8477501,8473994
2025021209,2,445,1:57,18:03,1551,left,509,penalty,21,D,86,7,MIN,tripping,2,8476278,8476967
2025021209,2,520,3:55,16:05,1451,left,509,penalty,21,D,93,7,MIN,roughing,2,8482145,8480835
2025021209,2,524,3:55,16:05,1451,left,509,penalty,25,O,94,6,MIN,roughing,2,8480835,8482145
2025021209,3,879,6:12,13:48,1551,right,509,penalty,21,D,-41,-14,MIN,hooking,2,8480027,8475754
2025021210,1,239,9:47,10:13,1551,left,509,penalty,14,D,-82,0,MIN,hooking,2,8479325,8478178
2025021210,1,386,17:47,2:13,1551,left,509,penalty,14,O,95,10,MIN,holding,2,8476854,8480995
2025021210,2,618,8:43,11:17,1551,right,509,penalty,14,D,86,-33,MIN,closing-hand-on-puck,2,,
2025021210,2,662,12:16,7:44,1551,right,509,penalty,6,O,32,-19,MIN,interference,2,8480995,8483489
2025021210,3,818,4:31,15:29,1551,left,509,penalty,14,D,-66,1,MIN,cross-checking,2,8479999,8480426
2025021211,1,261,4:12,15:48,1551,left,509,penalty,13,D,71,41,MIN,boarding,2,8475810,8482107
2025021211,2,614,4:26,15:34,1551,right,509,penalty,13,D,-60,41,MIN,interference,2,8480980,8482131
2025021211,2,30,15:05,4:55,1551,right,509,penalty,13,O,71,21,MAJ,fighting,5,8477365,8479316
2025021211,2,33,15:05,4:55,1551,right,509,penalty,5,D,71,22,MAJ,fighting,5,8479316,8477365
2025021211,2,775,15:54,4:06,1551,right,509,penalty,13,D,-72,-3,MIN,hooking,2,8482475,8480185
2025021212,1,212,13:03,6:57,1551,left,509,penalty,8,N,21,-8,MIN,interference,2,8481032,8484984
2025021212,1,344,19:52,0:08,1551,left,509,penalty,1,O,42,11,MIN,slashing,2,8484984,8475760
2025021212,2,586,7:40,12:20,1551,right,509,penalty,1,D,32,-41,MIN,delaying-game-puck-over-glass,2,,
2025021212,2,730,15:38,4:22,1551,right,509,penalty,1,N,-1,-6,MIN,high-sticking-double-minor,4,8482737,8475455
2025021212,3,1022,18:06,1:54,1551,left,509,penalty,1,D,-58,41,MIN,delaying-game-puck-over-glass,2,,
2025021213,2,495,4:21,15:39,1551,left,509,penalty,7,D,30,-7,MIN,interference,2,8476880,8484145
2025021213,2,605,5:08,14:52,1451,left,509,penalty,15,O,87,-33,MIN,tripping,2,8484305,8484186
2025021213,2,693,10:58,9:02,1551,left,509,penalty,15,O,30,-11,MIN,tripping,2,8484145,8478440
2025021213,2,715,12:22,7:38,1541,left,509,penalty,15,D,-35,-40,MIN,tripping,2,8482659,8481580
2025021213,2,852,19:42,0:18,1551,left,509,penalty,7,D,97,-22,MIN,hooking,2,8479400,8480807
2025021213,3,895,3:13,16:47,1551,right,509,penalty,15,D,93,-20,MIN,holding,2,8484145,8477845
2025021213,3,964,8:32,11:28,1551,right,509,penalty,15,D,72,-17,MIN,hooking,2,8482097,8484873
2025021213,3,515,17:15,2:45,1551,right,509,penalty,15,D,98,-3,MIS,misconduct,10,,
2025021213,3,512,17:15,2:45,1551,right,509,penalty,7,O,97,-3,MIS,misconduct,10,,
2025021214,1,98,3:04,16:56,1551,right,509,penalty,2,O,89,-31,MIN,holding,2,8477478,8483553
2025021214,2,581,4:58,15:02,1560,left,509,penalty,2,D,98,-11,MIN,hooking,2,8473533,8476917
2025021214,2,594,6:19,13:41,1451,left,509,penalty,2,D,98,-1,MIN,cross-checking,2,8478427,8476429
2025021214,2,597,6:19,13:41,1451,left,509,penalty,12,O,99,-3,MIN,roughing,2,8476429,8482093
2025021214,2,673,12:44,7:16,1551,left,509,penalty,2,D,84,8,MIN,hooking,2,8482093,8477506
2025021214,2,701,15:03,4:57,1551,left,509,penalty,12,O,62,-19,MIN,slashing,2,8476429,8482100
2025021215,2,666,10:53,9:07,0651,right,509,penalty,29,O,-35,40,MIN,tripping,2,8480014,8478046
2025021215,3,1015,19:51,0:09,1560,left,509,penalty,52,D,54,-6,MIN,tripping,2,8480893,8476460
2025021216,1,257,10:34,9:26,1551,right,509,penalty,23,D,77,22,MIN,tripping,2,8479293,8480058
2025021216,1,449,19:45,0:15,1551,right,509,penalty,23,O,-67,-1,MIN,embellishment,2,,
2025021216,1,504,19:45,0:15,1551,right,509,penalty,68,D,-70,0,MIN,interference,2,8481024,8479410
2025021216,2,628,5:30,14:30,1551,left,509,penalty,23,D,-57,-29,MIN,holding,2,8477951,8479425
2025021216,2,677,9:22,10:38,1551,left,509,penalty,68,D,97,12,MIN,holding,2,8482691,8474013
2025021216,2,813,15:38,4:22,1551,left,509,penalty,23,O,97,6,MIN,roughing,2,8480434,8484136
2025021216,2,816,15:38,4:22,1551,left,509,penalty,68,D,96,13,MIN,roughing,2,8484136,8480434
2025021216,2,44,15:38,4:22,1551,left,509,penalty,23,O,97,13,MIN,cross-checking,2,8480434,8484136
2025021216,2,42,15:38,4:22,1551,left,509,penalty,68,D,96,12,MIN,cross-checking,2,8484136,8480434
2025021216,2,859,18:45,1:15,1551,left,509,penalty,68,D,79,1,MIN,tripping,2,8481024,8474013
2025021216,3,460,3:49,16:11,1551,right,509,penalty,68,N,-12,40,BEN,too-many-men-on-the-ice,2,,
2025021216,3,1080,14:59,5:01,1551,right,509,penalty,23,D,49,-35,MIN,slashing,2,8479619,8476927
2025021216,3,1099,15:52,4:08,1541,right,509,penalty,68,D,-71,-6,MIN,hooking,2,8480012,8482175
2025021217,1,109,3:21,16:39,1551,right,509,penalty,10,N,6,-40,MIN,roughing,2,8479998,8484158
2025021217,1,113,3:21,16:39,1551,right,509,penalty,26,N,10,-40,MIN,roughing,2,8484158,8479998
2025021217,1,346,13:04,6:56,1551,right,509,penalty,10,D,-84,6,MIN,slashing,2,8482155,8479026
2025021217,1,458,17:01,2:59,1551,right,509,penalty,10,O,75,-19,MIN,roughing,2,8479998,8477503
2025021217,1,17,17:01,2:59,1551,right,509,penalty,10,O,72,-19,MIN,unsportsmanlike-conduct,2,8479998,8477503
2025021217,2,518,1:48,18:12,1551,left,509,penalty,26,D,-96,-10,MIN,high-sticking,2,8484158,8479998
2025021217,2,620,5:31,14:29,1551,left,509,penalty,10,N,-17,41,BEN,too-many-men-on-the-ice,2,,
2025021217,2,667,8:42,11:18,0651,left,509,penalty,26,D,-79,-13,MIN,hooking,2,8478057,8475208
2025021217,2,686,9:47,10:13,1551,left,509,penalty,26,O,96,-19,MIN,roughing,2,8478057,8482408
2025021217,2,694,9:47,10:13,1551,left,509,penalty,10,D,98,-18,MIN,roughing,2,8482408,8478057
2025021217,2,772,15:36,4:24,1551,left,509,penalty,10,D,60,-19,MIN,tripping,2,8482726,8477503
2025021217,2,818,19:31,0:29,1551,left,509,penalty,26,N,-16,-40,MIN,holding,2,8481711,8476469
2025021217,2,831,19:47,0:13,1551,left,509,penalty,26,D,-65,7,MIN,cross-checking,2,8482720,8476872
2025021218,1,72,1:09,18:51,1551,left,509,penalty,22,D,-38,-39,MIN,holding,2,8478483,8476473
2025021218,1,172,8:09,11:51,1551,left,509,penalty,54,D,53,18,MIN,slashing,2,8479368,8481604
2025021218,1,356,14:06,5:54,1551,left,509,penalty,54,D,96,-15,MIN,tripping,2,8481617,8478396
2025021218,3,878,1:51,18:09,1560,left,509,penalty,54,D,81,11,MIN,tripping,2,8477953,8481527
2025021218,3,1086,14:25,5:35,1551,left,509,penalty,22,N,-24,40,MIN,tripping,2,8478397,8479368
2025021219,2,740,11:40,8:20,1551,right,509,penalty,24,O,-89,34,MIN,hooking,2,8476874,8484762
2025021219,2,799,16:27,3:33,1551,right,509,penalty,20,D,-58,-38,MIN,slashing,2,8484153,8480727
2025021219,3,1009,8:54,11:06,1551,left,509,penalty,20,D,59,19,MIN,holding,2,8481605,8480028
2025021219,3,1089,14:54,5:06,1551,left,509,penalty,20,N,13,16,MIN,hooking,2,8482731,8476399
2025021220,1,15,6:50,13:10,0651,left,509,penalty,28,D,-96,-3,MIN,hooking,2,8483465,8478874
2025021220,1,353,11:49,8:11,1560,left,509,penalty,18,D,76,1,MIN,hooking,2,8484227,8474600
2025021220,1,26,14:18,5:42,1551,left,509,penalty,18,D,91,13,MIN,holding,2,8478874,8476869
2025021220,1,400,15:07,4:53,1451,left,509,penalty,28,N,13,-13,MIN,interference,2,8482742,8475200
2025021220,2,403,14:06,5:54,1551,right,509,penalty,18,D,-77,23,MIN,interference,2,8484801,8476869
2025021220,2,407,14:35,5:25,1451,right,509,penalty,28,O,-94,-1,MIN,slashing,2,8474600,8484227
2025021220,2,764,19:00,1:00,1551,right,509,penalty,28,O,-89,4,MIN,roughing,2,8474564,8482667
2025021220,2,414,19:00,1:00,1551,right,509,penalty,18,D,-88,4,MIN,roughing,2,8482667,8474564
2025021220,3,932,5:15,14:45,1551,left,509,penalty,28,D,-78,1,MIN,roughing,2,8484241,8482859
2025021220,3,928,5:15,14:45,1551,left,509,penalty,18,O,-80,-1,MIN,roughing,2,8482859,8484241
2025021220,3,428,5:15,14:45,1551,left,509,penalty,18,O,-79,-1,MIN,roughing,2,8482859,8484241
2025021220,3,430,5:15,14:45,1551,left,509,penalty,28,D,-78,0,MIN,roughing,2,8484241,8482859
2025021220,3,440,16:39,3:21,1551,left,509,penalty,18,D,87,11,MIN,delaying-game-puck-over-glass,2,,
2025021220,3,1128,19:49,0:11,1551,left,509,penalty,28,O,75,39,MIN,interference,2,8479370,8480748
2025021221,1,72,1:33,18:27,1551,left,509,penalty,16,D,31,-20,MIN,tripping,2,8484800,8483493
2025021221,1,112,4:41,15:19,1551,left,509,penalty,55,D,-85,33,MIN,holding,2,8482172,8479324
2025021221,2,551,7:52,12:08,1551,right,509,penalty,55,O,-39,-26,MIN,tripping,2,8484144,8478407
2025021221,2,589,11:08,8:52,1551,right,509,penalty,55,D,74,-2,MIN,interference,2,8484144,8476457
2025021221,3,769,1:35,18:25,1551,left,509,penalty,16,D,50,34,MIN,tripping,2,8478407,8485391
2025021222,2,508,2:17,17:43,1551,left,509,penalty,30,D,89,10,MIN,roughing,2,8483464,8483525
2025021222,2,545,4:57,15:03,1551,left,509,penalty,17,D,-76,-6,MIN,slashing,2,8480800,8484223
2025021222,3,1014,16:23,3:37,1551,right,509,penalty,17,N,18,31,MIN,tripping,2,8480800,8474141
2025021223,1,157,3:52,16:08,1551,left,509,penalty,13,O,-87,-36,MIN,holding,2,8480980,8477935
2025021223,1,222,8:44,11:16,1551,left,509,penalty,13,D,78,-39,MIN,delaying-game-puck-over-glass,2,,
2025021223,1,327,13:29,6:31,1551,left,509,penalty,5,N,18,21,MIN,tripping,2,8482713,8475810
2025021223,1,22,18:20,1:40,1551,left,509,penalty,13,N,-6,40,MIN,cross-checking,2,8480980,8479314
2025021223,1,25,18:20,1:40,1551,left,509,penalty,13,N,-6,38,MAJ,fighting,5,8478450,8479314
2025021223,1,19,18:20,1:40,1551,left,509,penalty,5,N,-4,40,MAJ,fighting,5,8479314,8478450
2025021223,2,469,1:00,19:00,1551,right,509,penalty,13,O,86,32,MIN,slashing,2,8471724,8482713
2025021223,2,473,1:00,19:00,1551,right,509,penalty,5,D,86,31,MIN,slashing,2,8482713,8471724
2025021223,2,499,2:38,17:22,1441,right,509,penalty,13,D,-89,-8,MIN,high-sticking-double-minor,4,8476483,8480185
2025021223,2,612,8:11,11:49,1551,right,509,penalty,5,D,50,34,MIN,holding,2,8482713,8479398
2025021223,3,749,0:19,19:41,1551,left,509,penalty,5,D,-26,-41,MIN,interference,2,8482713,8475810
2025021223,3,815,6:24,13:36,1551,left,509,penalty,5,D,-69,-19,MIN,high-sticking,2,8479393,8477365
2025021223,3,839,7:48,12:12,1541,left,509,penalty,13,O,-75,41,MIN,roughing,2,8478450,8477935
2025021223,3,835,7:48,12:12,1541,left,509,penalty,5,D,-74,41,MIN,roughing,2,8479314,8478450
2025021223,3,842,7:48,12:12,1541,left,509,penalty,13,O,-75,41,MIN,slashing,2,8478450,8479314
2025021223,3,857,9:17,10:43,1451,left,509,penalty,13,O,-42,29,MIN,holding,2,8476483,8478421
2025021223,3,905,12:45,7:15,1551,left,509,penalty,5,D,-59,-33,MIN,tripping,2,8477935,8477365
2025021223,3,1021,18:05,1:55,1551,left,509,penalty,5,D,-44,-40,MIN,delaying-game-puck-over-glass,2,,
2025021224,1,25,20:00,0:00,1551,right,509,penalty,6,O,52,-11,MIN,roughing,2,8476461,8479325
2025021224,2,627,6:23,13:37,1551,left,509,penalty,6,N,-1,-17,MIN,tripping,2,8481533,8479987
2025021224,2,692,11:20,8:40,1551,left,509,penalty,6,N,-10,7,MIN,throwing-equipment,2,,
2025021224,2,727,13:27,6:33,1551,left,509,penalty,4,O,25,39,MIN,unsportsmanlike-conduct,2,,
2025021224,2,731,13:27,6:33,1551,left,509,penalty,6,D,26,40,MIN,roughing,2,8484387,8477956
2025021224,2,811,19:25,0:35,1551,left,509,penalty,4,D,-58,40,MIN,interference,2,8479325,8479336
2025021224,4,1167,2:09,2:51,1331,left,509,penalty,6,N,-19,-5,MIN,hooking,2,8477989,8477956
2025021224,4,1175,2:16,2:44,1341,left,509,penalty,6,D,56,39,MIN,high-sticking,2,8481533,8479325
2025021225,1,14,4:03,15:57,1551,left,509,penalty,9,D,-80,-8,MIN,holding,2,8482093,8481606
2025021225,1,19,6:22,13:38,1551,left,509,penalty,12,D,76,-6,MIN,slashing,2,8482092,8480830
2025021225,2,777,18:24,1:36,1551,right,509,penalty,9,D,34,-4,MIN,high-sticking,2,8475791,8476393
2025021225,3,811,0:59,19:01,1551,left,509,penalty,12,O,-73,33,MIN,slashing,2,8473512,8480830
2025021226,1,156,8:37,11:23,1551,right,509,penalty,8,D,36,-36,MIN,tripping,2,8481559,8482087
2025021226,2,538,6:18,13:42,1551,left,509,penalty,1,N,5,24,MIN,holding,2,8476875,8483531
2025021226,2,561,8:27,11:33,1551,left,509,penalty,8,D,-78,-12,MIN,high-sticking,2,8477015,8483457
2025021226,3,49,0:50,19:10,1551,right,509,penalty,1,O,36,-3,MIN,cross-checking,2,8482737,8482684
2025021226,3,704,0:50,19:10,1551,right,509,penalty,1,O,36,-5,MIN,roughing,2,8482737,8482684
2025021226,3,708,0:50,19:10,1551,right,509,penalty,8,D,32,2,MIN,roughing,2,8477015,8476981
2025021226,3,711,0:50,19:10,1551,right,509,penalty,1,O,33,-5,MIS,misconduct,10,,
2025021226,3,782,6:11,13:49,1560,right,509,penalty,1,D,-86,-6,MIN,tripping,2,8476981,8476462
2025021226,3,465,13:00,7:00,1551,right,509,penalty,1,O,32,13,MIN,instigator,2,8476981,8475455
2025021226,3,864,13:00,7:00,1551,right,509,penalty,1,O,31,12,MAJ,fighting,5,8476981,8475455
2025021226,3,871,13:00,7:00,1551,right,509,penalty,8,D,31,15,MAJ,fighting,5,8475455,8476981
2025021226,3,470,13:00,7:00,1551,right,509,penalty,1,O,33,13,MIS,instigator-misconduct,10,,
2025021226,3,477,19:06,0:54,1560,right,509,penalty,1,N,-17,42,MIS,misconduct,10,,
2025021227,1,78,1:31,18:29,1551,right,509,penalty,3,D,72,-38,MIN,holding,2,8481656,8482157
2025021227,1,410,19:02,0:58,1551,right,509,penalty,15,D,-57,-34,MIN,delaying-game-puck-over-glass,2,,
2025021227,2,438,1:09,18:51,1551,left,509,penalty,15,D,95,23,MIN,delaying-game-puck-over-glass,2,,
2025021227,2,604,6:28,13:32,1551,left,509,penalty,3,D,-75,-37,MIN,holding,2,8479520,8482157
2025021227,2,35,17:12,2:48,1551,left,509,penalty,15,N,-13,-33,MAJ,fighting,5,8482157,8479345
2025021227,2,38,17:12,2:48,1551,left,509,penalty,3,N,-17,-32,MAJ,fighting,5,8479345,8482157
2025021227,2,792,17:55,2:05,1551,left,509,penalty,15,N,-19,13,MIN,roughing,2,8481789,8479520
2025021227,2,851,17:55,2:05,1551,left,509,penalty,3,N,-13,17,MAJ,fighting,5,8479520,8481789
2025021227,2,854,17:55,2:05,1551,left,509,penalty,15,O,-31,18,MAJ,fighting,5,8481789,8479520
2025021227,3,904,3:03,16:57,1551,right,509,penalty,3,D,73,2,MIN,slashing,2,8483573,8482073
2025021227,3,993,10:23,9:37,1551,right,509,penalty,15,D,-49,38,MIN,tripping,2,8479323,8481580
2025021227,3,460,15:36,4:24,1551,right,509,penalty,3,O,-43,34,MAJ,fighting,5,8482148,8483690
2025021227,3,463,15:36,4:24,1551,right,509,penalty,15,D,-44,39,MAJ,fighting,5,8483690,8482148
2025021228,1,365,19:48,0:12,1551,right,509,penalty,19,D,-37,-21,MIN,hooking,2,8477492,8481013
2025021228,2,633,12:37,7:23,1551,left,509,penalty,21,O,62,37,MIN,tripping,2,8480281,8475172
2025021228,2,705,18:16,1:44,1551,left,509,penalty,19,D,53,40,MIN,holding,2,8480039,8481013
2025021228,3,816,2:26,17:34,1551,right,509,penalty,19,N,15,36,MIN,holding-the-stick,2,8481186,8482090
2025021228,3,834,4:20,15:40,1451,right,509,penalty,21,O,-46,-6,MIN,slashing,2,8480459,8477492
2025021228,3,942,11:41,8:19,1551,right,509,penalty,21,D,70,-9,MIN,hooking,2,8477494,8476312
2025021228,3,1037,18:06,1:54,1560,right,509,penalty,21,O,-92,-31,MIN,slashing,2,8482733,8476455
2025021229,1,79,1:56,18:04,1551,left,509,penalty,14,N,0,37,MIN,holding-the-stick,2,8479420,8480995
2025021229,1,101,3:33,16:27,1451,left,509,penalty,7,O,78,2,MIN,holding-the-stick,2,8482655,8477949
2025021229,1,206,7:19,12:41,1551,left,509,penalty,14,D,96,-24,MIN,tripping,2,8479359,8480426
2025021229,1,247,10:03,9:57,1551,left,509,penalty,7,O,91,-31,MIN,cross-checking,2,8478178,8478413
2025021229,1,252,10:03,9:57,1551,left,509,penalty,7,O,94,-30,MIN,roughing,2,8470621,8482623
2025021229,1,256,10:03,9:57,1551,left,509,penalty,14,D,92,-31,MIN,roughing,2,8482623,8470621
2025021229,1,350,16:37,3:23,1551,left,509,penalty,7,D,-65,-34,MIN,tripping,2,8477404,8482659
2025021229,1,389,19:25,0:35,1551,left,509,penalty,14,D,55,20,MIN,slashing,2,8482659,8476878
2025021229,2,562,4:06,15:54,1551,right,509,penalty,7,N,-7,7,MIN,high-sticking,2,8476878,8482097
2025021229,2,648,10:05,9:55,1551,right,509,penalty,14,N,3,-29,MIN,interference,2,8480839,8478416
2025021229,2,774,16:32,3:28,1551,right,509,penalty,7,D,80,-8,MIN,tripping,2,8476453,8477949
2025021229,3,974,10:40,9:20,1551,left,509,penalty,7,D,-79,-39,MIN,roughing,2,8477404,8484145
2025021229,3,978,10:40,9:20,1551,left,509,penalty,14,O,-82,-39,MIN,roughing,2,8484145,8477404
2025021230,1,259,11:52,8:08,1551,right,509,penalty,55,O,89,-23,MIN,holding-the-stick,2,8475799,8484800
2025021230,2,579,9:17,10:43,1551,left,509,penalty,55,D,95,24,MIN,high-sticking,2,8475799,8476457
2025021230,2,607,11:12,8:48,1551,left,509,penalty,55,D,80,2,MIN,roughing,2,8482765,8479985
2025021231,1,142,7:00,13:00,1551,left,509,penalty,28,O,70,35,MIN,holding,2,8483506,8484801
2025021231,1,394,18:08,1:52,1551,left,509,penalty,16,D,47,38,MIN,hooking,2,8482667,8484144
2025021231,2,501,2:15,17:45,1551,right,509,penalty,16,N,8,-20,MIN,high-sticking,2,8482166,8482172
2025021231,2,729,17:34,2:26,1551,right,509,penalty,28,D,57,1,MIN,cross-checking,2,8484185,8475200
2025021231,3,823,4:21,15:39,1551,left,509,penalty,28,O,95,24,MIN,tripping,2,8477987,8476624
2025021232,2,497,3:09,16:51,1551,left,509,penalty,26,D,-52,-41,MIN,hooking,2,8480246,8476872
2025021232,2,504,3:13,16:47,1541,left,509,penalty,26,D,-69,-1,MIN,high-sticking,2,8476539,8479998
2025021233,1,72,1:31,18:29,1551,right,509,penalty,8,D,76,5,MIN,holding,2,8478421,8483686
2025021233,1,189,10:47,9:13,1551,right,509,penalty,13,D,-84,-37,MIN,high-sticking,2,8484984,8475179
2025021233,1,282,17:58,2:02,1551,right,509,penalty,13,D,-58,13,MIN,tripping,2,8484984,8482131
2025021233,2,374,0:31,19:29,1551,left,509,penalty,13,D,78,-12,MIN,slashing,2,8484984,8481600
2025021233,2,654,14:25,5:35,1551,left,509,penalty,8,O,94,-25,MIN,interference,2,8477495,8484984
2025021233,3,1032,19:48,0:12,1551,right,509,penalty,13,O,82,35,MIN,high-sticking,2,8483457,8477931
2025021234,1,155,3:49,16:11,1551,left,509,penalty,9,N,-7,36,MIN,slashing,2,8480426,8482116
2025021234,1,159,3:49,16:11,1551,left,509,penalty,14,N,-11,36,MIN,cross-checking,2,8482116,8480426
2025021234,1,251,6:33,13:27,1551,left,509,penalty,14,N,18,-25,MIN,cross-checking,2,8482116,8483447
2025021234,2,551,5:15,14:45,1551,right,509,penalty,9,D,57,36,MIN,tripping,2,8477426,8482116
2025021234,3,946,12:32,7:28,1551,left,509,penalty,14,D,30,9,MIN,holding-the-stick,2,8481575,8476826
2025021234,3,468,12:51,7:09,1551,left,509,penalty,14,N,10,38,BEN,delaying-game-unsuccessful-challenge,2,,
2025021234,3,471,15:40,4:20,0651,left,509,penalty,9,N,-19,38,BEN,too-many-men-on-the-ice,2,,
2025021235,1,299,9:36,10:24,1551,right,509,penalty,29,N,-18,-37,MIN,interference,2,8477456,8478856
2025021235,2,679,9:21,10:39,1551,left,509,penalty,17,D,-54,-36,MIN,hooking,2,8484166,8474102
2025021235,2,776,16:29,3:31,1551,left,509,penalty,17,O,93,22,MIN,cross-checking,2,8478500,8474102
2025021235,3,458,10:22,9:38,1551,right,509,penalty,17,D,82,5,MIN,high-sticking,2,8477497,8475279
2025021235,3,961,10:22,9:38,1551,right,509,penalty,17,D,81,6,MIN,high-sticking,2,8477497,8475279
2025021235,3,977,12:00,8:00,1541,right,509,penalty,29,O,96,-7,MIN,interference,2,8481542,8478500
2025021236,1,84,2:21,17:39,1551,left,509,penalty,1,D,-36,-26,MIN,tripping,2,8480015,8481559
2025021236,2,461,0:31,19:29,1551,right,509,penalty,4,N,17,41,BEN,too-many-men-on-the-ice,2,,
2025021236,2,651,12:38,7:22,1551,right,509,penalty,4,D,-48,-33,MIN,delaying-game-puck-over-glass,2,,
2025021236,3,848,8:20,11:40,1551,left,509,penalty,4,D,35,-33,MIN,delaying-game-puck-over-glass,2,,
2025021236,3,882,10:47,9:13,1551,left,509,penalty,1,O,83,7,MIN,high-sticking,2,8477499,8483531
2025021237,1,379,17:25,2:35,1551,right,509,penalty,12,N,14,40,BEN,delaying-game-unsuccessful-challenge,2,,
2025021237,1,31,20:00,0:00,1551,right,509,penalty,6,O,87,-1,MIN,interference-goalkeeper,2,8483548,8480355
2025021237,2,510,4:23,15:37,1551,left,509,penalty,6,D,82,-33,MIN,slashing,2,8475791,8477507
2025021237,2,755,19:22,0:38,1551,left,509,penalty,6,D,37,-40,MIN,cross-checking,2,8480830,8479325
2025021237,3,842,4:57,15:03,1551,right,509,penalty,6,N,12,-17,MIN,high-sticking,2,8477940,8477956
2025021237,3,1057,16:44,3:16,1551,right,509,penalty,12,O,-28,29,MIN,interference,2,8481219,8476921
2025021238,1,490,19:57,0:03,1551,left,509,penalty,21,D,76,-16,MIN,tripping,2,8482077,8478038
2025021238,2,789,18:57,1:03,1551,right,509,penalty,19,D,73,0,MIN,tripping,2,8477501,8482733
2025021238,2,801,19:50,0:10,1541,right,509,penalty,21,D,-56,13,MIN,tripping,2,8477402,8476455
2025021238,3,938,10:25,9:35,1551,left,509,penalty,21,D,79,0,MIN,tripping,2,8481598,8484258
2025021239,1,138,6:40,13:20,1560,right,509,penalty,20,O,57,-2,MIN,tripping,2,8482740,8482679
2025021239,1,195,10:12,9:48,1551,right,509,penalty,20,N,9,-42,MIN,high-sticking,2,8483425,8481028
2025021239,1,333,17:48,2:12,1551,right,509,penalty,25,D,60,-40,MIN,hooking,2,8484234,8480950
2025021239,2,690,19:20,0:40,1551,left,509,penalty,25,D,-41,-31,MIN,tripping,2,8476399,8474574
2025021239,3,853,7:54,12:06,1551,right,509,penalty,20,D,-67,-40,MIN,holding,2,8480027,8482074
2025021239,3,49,12:40,7:20,1551,right,509,penalty,25,N,10,41,BEN,too-many-men-on-the-ice,2,,
2025021239,4,1026,0:48,4:12,1331,left,509,penalty,20,D,73,40,MIN,high-sticking-double-minor,4,8480027,8476458
2025021240,1,257,8:22,11:38,1551,right,509,penalty,30,D,59,29,MIN,slashing,2,8476905,8475765
2025021240,1,452,14:24,5:36,1551,right,509,penalty,30,N,0,1,MAJ,fighting,5,8476467,8475220
2025021240,1,349,14:24,5:36,1551,right,509,penalty,55,N,0,3,MAJ,fighting,5,8475220,8476467
2025021240,2,654,6:29,13:31,1551,left,509,penalty,30,D,-69,40,MIN,delaying-game-puck-over-glass,2,,
2025021240,2,699,10:34,9:26,1551,left,509,penalty,55,D,71,39,MIN,hooking,2,8481553,8482858
2025021240,2,99,16:52,3:08,0651,left,509,penalty,30,D,-86,-3,MIN,interference,2,8484800,8482122
2025021240,3,1015,14:50,5:10,1551,right,509,penalty,30,O,-96,17,MIN,roughing,2,8477986,8478493
2025021240,3,1019,14:50,5:10,1551,right,509,penalty,55,D,-97,17,MIN,cross-checking,2,8478493,8477986
2025021241,1,270,8:36,11:24,1551,left,509,penalty,68,O,79,10,MIN,high-sticking,2,8477508,8479343
2025021241,1,370,16:12,3:48,1551,left,509,penalty,22,D,35,36,MIN,interference,2,8479977,8480803
2025021241,2,684,7:23,12:37,1560,right,509,penalty,22,D,-86,-11,MIN,hooking,2,8479619,8480834
2025021241,2,733,10:46,9:14,1551,right,509,penalty,68,D,75,39,MIN,high-sticking,2,8481617,8477346
2025021241,2,829,18:11,1:49,1551,right,509,penalty,68,D,36,-14,MIN,hooking,2,8478402,8477346
2025021241,4,1170,0:25,4:35,1331,right,509,penalty,22,O,97,-19,MIN,tripping,2,8483431,8483512
2025021242,1,245,9:27,10:33,0651,right,509,penalty,23,N,1,40,MIN,cross-checking,2,8482062,8480876
2025021242,2,521,5:49,14:11,1551,left,509,penalty,54,O,-68,39,MIN,high-sticking,2,8484798,8476925
2025021242,3,995,18:19,1:41,1551,right,509,penalty,54,D,-30,-25,MIN,interference,2,8482079,8478397
2025021243,1,333,12:48,7:12,1551,left,509,penalty,18,D,86,-36,MIN,holding,2,8480068,8482715
2025021243,1,370,15:41,4:19,1551,left,509,penalty,18,N,-19,0,MIN,high-sticking,2,8484762,8476887
2025021243,2,587,10:01,9:59,0651,right,509,penalty,24,D,53,-6,MIN,tripping,2,8476539,8475184
2025021243,2,661,15:44,4:16,1551,right,509,penalty,18,D,-64,6,MIN,tripping,2,8478873,8483513
2025021243,2,675,17:22,2:38,1451,right,509,penalty,18,D,-34,36,MIN,tripping,2,8484762,8479370
2025021243,2,508,19:44,0:16,1551,right,509,penalty,24,O,-87,3,MIN,elbowing,2,8481020,8479705
2025021243,2,710,19:44,0:16,1551,right,509,penalty,24,O,-99,15,MIN,roughing,2,8475287,8479705
2025021243,3,890,12:59,7:01,1551,left,509,penalty,24,O,83,-1,MIN,cross-checking,2,8476869,8484762
2025021243,3,927,15:24,4:36,1551,left,509,penalty,18,D,83,3,MIN,tripping,2,8484153,8481020
2025021243,3,937,15:59,4:01,1451,left,509,penalty,18,D,59,-20,MIN,tripping,2,8478873,8476869
2025021244,1,396,18:24,1:36,1551,right,509,penalty,7,O,39,40,MIN,tripping,2,8483669,8480802
2025021244,2,426,0:23,19:37,1551,left,509,penalty,3,D,-80,3,MIN,tripping,2,8479420,8479323
2025021244,2,652,14:14,5:46,1560,left,509,penalty,7,O,-61,2,MIN,hooking,2,8481789,8481522
2025021244,2,679,16:31,3:29,1551,left,509,penalty,3,O,95,24,MIN,slashing,2,8481524,8476389
2025021244,2,693,17:35,2:25,1541,left,509,penalty,3,D,-83,2,MIN,cross-checking,2,8475722,8478882
2025021244,3,860,10:00,10:00,1551,right,509,penalty,3,D,84,33,MIN,holding-the-stick,2,8479359,8478840
2025021244,3,869,10:44,9:16,1541,right,509,penalty,7,O,47,2,MIN,hooking,2,8481789,8480064
2025021245,1,163,7:53,12:07,1551,right,509,penalty,10,O,-90,33,MIN,roughing,2,8484186,8477503
2025021245,1,455,18:32,1:28,1551,right,509,penalty,15,D,-45,4,MIN,holding,2,8482720,8484186
2025021245,2,614,5:56,14:04,1551,left,509,penalty,15,D,97,12,MIN,hooking,2,8484158,8484999
2025021245,2,727,15:02,4:58,0651,left,509,penalty,10,N,13,34,MIN,hooking,2,8481656,8477503
2025021245,3,1031,18:17,1:43,1551,right,509,penalty,15,D,-45,-1,MIN,holding,2,8484901,8484186
2025021246,1,153,3:38,16:22,1551,left,509,penalty,22,N,1,-40,BEN,too-many-men-on-the-ice,2,,
2025021246,1,171,5:15,14:45,1551,left,509,penalty,28,O,93,-21,MIN,holding,2,8478013,8485402
2025021246,1,283,13:43,6:17,1560,left,509,penalty,22,O,-90,-28,MIN,hooking,2,8479576,8483512
2025021246,1,371,17:18,2:42,1551,left,509,penalty,28,D,-51,-42,MIN,delaying-game-puck-over-glass,2,,
2025021246,2,436,2:31,17:29,1551,right,509,penalty,28,D,93,-28,MIN,tripping,2,8480803,8484801
2025021246,2,623,9:28,10:32,1551,right,509,penalty,22,N,20,40,BEN,too-many-men-on-the-ice,2,,
2025021247,1,127,4:47,15:13,1551,left,509,penalty,29,D,71,19,MIN,slashing,2,8482097,8484166
2025021247,1,382,15:42,4:18,1551,left,509,penalty,7,D,-57,-11,MIN,tripping,2,8484166,8482671
2025021247,2,632,12:45,7:15,1551,right,509,penalty,29,D,-68,-12,MIN,tripping,2,8482097,8478856
2025021247,2,38,15:23,4:37,1551,right,509,penalty,7,O,-93,17,MIN,roughing,2,8478856,8484145
2025021247,3,801,2:31,17:29,1551,left,509,penalty,7,N,-5,39,MIN,delaying-game-puck-over-glass,2,,
2025021247,3,963,14:47,5:13,1551,left,509,penalty,7,D,-83,-6,MIN,hooking,2,8482660,8479420
2025021248,1,106,3:48,16:12,1551,right,509,penalty,14,D,-44,-12,MIN,high-sticking-double-minor,4,8481593,8476826
2025021248,1,288,13:11,6:49,0651,right,509,penalty,8,D,92,-30,MIN,roughing,2,8470621,8482964
2025021248,1,325,16:03,3:57,0651,right,509,penalty,8,N,-21,-14,MIN,high-sticking,2,8483398,8484984
2025021248,1,345,17:40,2:20,1541,right,509,penalty,8,N,11,28,MIN,roughing,2,8476453,8476981
2025021248,1,349,17:40,2:20,1541,right,509,penalty,14,N,4,33,MIN,slashing,2,8476981,8476453
2025021248,2,529,3:33,16:27,1551,left,509,penalty,8,O,48,-39,MIN,roughing,2,8480426,8480813
2025021248,2,526,3:33,16:27,1551,left,509,penalty,8,O,45,-38,MIN,roughing,2,8482929,8481593
2025021248,2,535,3:33,16:27,1551,left,509,penalty,14,D,55,-40,MIN,roughing,2,8480813,8480426
2025021248,2,532,3:33,16:27,1551,left,509,penalty,14,D,55,-38,MIN,roughing,2,8476981,8477426
2025021248,2,522,3:33,16:27,1551,left,509,penalty,14,D,60,-39,MIN,roughing,2,8483457,8470621
2025021248,2,538,3:33,16:27,1551,left,509,penalty,8,O,70,-39,MIN,roughing,2,8477426,8476981
2025021248,2,30,3:33,16:27,1551,left,509,penalty,8,O,52,-38,MIN,cross-checking,2,8480426,8476981
2025021248,2,583,7:04,12:56,1551,left,509,penalty,14,O,-75,-1,MIN,roughing,2,8476875,8478519
2025021248,2,655,12:20,7:40,1551,left,509,penalty,14,D,62,-6,MIN,slashing,2,8480018,8477416
2025021248,2,652,12:20,7:40,1551,left,509,penalty,8,O,96,-26,MIS,misconduct,10,,
2025021248,2,649,12:20,7:40,1551,left,509,penalty,14,D,93,-28,MIS,misconduct,10,,
2025021248,2,47,15:00,5:00,1551,left,509,penalty,14,N,20,-13,MIN,instigator,2,8476981,8483398
2025021248,2,44,15:00,5:00,1551,left,509,penalty,8,N,22,-12,MAJ,fighting,5,8483398,8476981
2025021248,2,50,15:00,5:00,1551,left,509,penalty,14,N,18,-13,MAJ,fighting,5,8476981,8483398
2025021248,2,452,15:00,5:00,1551,left,509,penalty,14,N,19,-10,MIS,instigator-misconduct,10,,
2025021248,2,722,17:34,2:26,1551,left,509,penalty,14,O,-85,2,MIN,interference-goalkeeper,2,8482487,8478010
2025021248,2,456,17:34,2:26,1551,left,509,penalty,14,O,-83,3,MIN,roughing,2,8478133,8478178
2025021248,2,469,17:34,2:26,1551,left,509,penalty,8,D,-71,0,MIN,roughing,2,8480426,8480074
2025021248,2,459,17:34,2:26,1551,left,509,penalty,14,O,-94,-1,MIN,roughing,2,8478133,8478178
2025021248,2,461,17:34,2:26,1551,left,509,penalty,8,D,-86,5,MIN,roughing,2,8478178,8478133
2025021248,2,464,17:34,2:26,1551,left,509,penalty,8,D,-80,-3,MIS,misconduct,10,,
2025021248,2,480,17:34,2:26,1551,left,509,penalty,14,O,-76,0,MIS,misconduct,10,,
2025021248,2,472,17:34,2:26,1551,left,509,penalty,8,D,-81,-3,MIS,misconduct,10,,
2025021248,2,726,17:34,2:26,1551,left,509,penalty,14,O,-81,-1,MIS,misconduct,10,,
2025021248,3,483,11:02,8:58,1551,right,509,penalty,14,D,-91,26,MIN,roughing,2,8481618,8482655
2025021248,3,1007,14:22,5:38,1551,right,509,penalty,8,O,-46,10,MIN,kneeing,2,8470621,8484984
2025021249,1,134,5:53,14:07,1551,left,509,penalty,13,D,85,5,MIN,tripping,2,8480188,8478055
2025021249,1,432,19:18,0:42,1551,left,509,penalty,9,O,71,-30,MIN,tripping,2,8480185,8480801
2025021250,1,1251,2:07,17:53,1551,right,509,penalty,4,N,14,-34,MIN,roughing,2,8474102,8484387
2025021250,1,493,2:45,17:15,1551,right,509,penalty,17,O,-97,-12,MIN,interference,2,8481546,8475753
2025021250,1,1255,9:57,10:03,1551,right,509,penalty,4,O,97,8,MIN,holding-the-stick,2,8477946,8482159
2025021250,1,498,18:26,1:34,1551,right,509,penalty,17,D,92,30,MIN,holding,2,8480015,8475279
2025021250,1,480,20:00,0:00,1541,right,509,penalty,4,O,95,12,MIN,roughing,2,8477946,8477499
2025021250,1,483,20:00,0:00,1541,right,509,penalty,17,D,78,7,MIN,roughing,2,8485406,8482078
2025021250,1,486,20:00,0:00,1541,right,509,penalty,4,O,79,4,MIN,cross-checking,2,8480879,8485406
2025021250,2,1259,0:15,19:45,1441,left,509,penalty,4,O,-83,1,MIN,interference-goalkeeper,2,8476434,8480015
2025021250,2,502,2:43,17:17,1551,left,509,penalty,17,D,-91,29,MIN,holding,2,8485406,8481542
2025021250,2,507,4:15,15:45,1541,left,509,penalty,17,D,-94,25,MIN,tripping,2,8480015,8475753
2025021250,2,511,8:58,11:02,1551,left,509,penalty,17,O,32,16,MIN,hooking,2,8480220,8475753
2025021250,3,515,10:20,9:40,1551,right,509,penalty,17,N,-11,39,MIN,roughing,2,8481533,8481607
2025021250,3,1264,10:20,9:40,1551,right,509,penalty,4,N,-15,41,MIN,elbowing,2,8481607,8481533
2025021250,3,519,13:15,6:45,1551,right,509,penalty,17,O,-95,20,MIN,high-sticking,2,8482126,8482762
2025021251,1,184,5:55,14:05,1551,left,509,penalty,5,D,69,-40,MIN,delaying-game-puck-over-glass,2,,
2025021251,3,841,9:02,10:58,1551,left,509,penalty,1,D,-64,1,MIN,tripping,2,8481725,8483495
2025021252,1,440,18:50,1:10,1551,left,509,penalty,10,D,47,-36,MIN,delaying-game-puck-over-glass,2,,
2025021252,2,468,0:36,19:24,1451,right,509,penalty,2,O,-85,-18,MIN,high-sticking,2,8479442,8484221
2025021252,2,711,15:17,4:43,1551,right,509,penalty,10,N,-18,-39,MIN,holding,2,8478445,8479026
2025021252,2,732,17:01,2:59,1551,right,509,penalty,10,O,89,-27,MIN,hooking,2,8476917,8481582
2025021252,3,908,9:03,10:57,1551,left,509,penalty,10,D,84,-17,MIN,hooking,2,8483553,8476853
2025021252,3,916,9:39,10:21,1451,left,509,penalty,10,N,9,35,MIN,slashing,2,8485366,8478904
2025021252,3,361,9:39,10:21,1351,left,509,penalty,10,N,12,42,MIS,misconduct,10,,
2025021253,1,118,4:27,15:33,1551,left,509,penalty,52,D,75,3,MIN,high-sticking,2,8481006,8477938
2025021253,1,370,14:29,5:31,1551,left,509,penalty,19,D,-77,4,MIN,hooking,2,8483471,8479385
2025021253,2,474,1:55,18:05,1551,right,509,penalty,52,N,20,41,BEN,too-many-men-on-the-ice,2,,
2025021253,2,639,11:01,8:59,1551,right,509,penalty,52,D,-58,15,MIN,high-sticking,2,8480023,8476331
2025021253,3,753,1:33,18:27,1551,left,509,penalty,52,D,41,8,MIN,tripping,2,8482077,8480145
2025021253,3,999,17:26,2:34,1551,left,509,penalty,52,D,93,-27,MIN,high-sticking,2,8483516,8477504
2025021254,1,380,19:30,0:30,0651,right,509,penalty,25,O,-98,-7,MIN,tripping,2,8481557,8482740
2025021254,2,535,3:14,16:46,1551,left,509,penalty,30,O,-87,0,MIN,roughing,2,8483425,8473422
2025021254,2,539,3:14,16:46,1551,left,509,penalty,25,D,-88,-1,MIN,roughing,2,8473422,8483425
2025021254,2,582,6:23,13:37,1551,left,509,penalty,25,D,-80,0,MIN,roughing,2,8477451,8476902
2025021254,2,39,8:03,11:57,1551,left,509,penalty,30,D,91,-32,MIN,roughing,2,8474574,8473422
2025021254,2,614,8:03,11:57,1551,left,509,penalty,30,D,91,-32,MIN,roughing,2,8474574,8473422
2025021254,2,619,8:03,11:57,1451,left,509,penalty,25,O,88,-32,MIN,roughing,2,8473422,8474574
2025021254,2,633,8:57,11:03,1451,left,509,penalty,25,O,92,-32,MIN,interference,2,8474716,8482740
2025021254,2,751,18:05,1:55,1551,left,509,penalty,25,D,-72,-2,MIN,holding,2,8477451,8474574
2025021254,3,943,12:08,7:52,1551,right,509,penalty,30,D,-45,40,MIN,roughing,2,8477454,8477451
2025021254,3,947,12:08,7:52,1551,right,509,penalty,25,O,-48,41,MIN,roughing,2,8477451,8477454
2025021254,3,1000,17:30,2:30,1551,right,509,penalty,25,D,49,-39,MIN,slashing,2,8476463,8478420
2025021254,3,424,19:45,0:15,0651,right,509,penalty,30,D,-52,30,MIN,roughing,2,8481581,8480800
2025021254,3,427,19:45,0:15,0651,right,509,penalty,25,O,-51,31,MIN,roughing,2,8481557,8478420
2025021254,3,430,19:45,0:15,0651,right,509,penalty,25,O,-50,29,MIN,roughing,2,8480800,8481581
2025021254,3,416,19:45,0:15,0651,right,509,penalty,30,D,-52,35,MIN,roughing,2,8478420,8481557
2025021255,2,649,9:50,10:10,1560,left,509,penalty,12,D,61,-37,MIN,slashing,2,8481806,8481004
2025021255,2,734,17:07,2:53,1551,left,509,penalty,16,D,-85,6,MIN,slashing,2,8482809,8477479
2025021255,2,748,18:03,1:57,1541,left,509,penalty,12,O,-92,31,MIN,hooking,2,8481568,8484203
2025021255,3,860,3:42,16:18,1551,right,509,penalty,12,D,-50,-20,MIN,tripping,2,8484144,8480817
2025021255,3,1032,16:31,3:29,1551,right,509,penalty,12,N,0,33,MIN,slashing,2,8484185,8482100
2025021255,3,513,18:47,1:13,1551,right,509,penalty,12,D,-74,7,MIN,roughing,2,8477987,8476422
2025021255,3,516,18:47,1:13,1551,right,509,penalty,16,O,-76,4,MIN,roughing,2,8476422,8477987
2025021256,1,476,18:37,1:23,1551,right,509,penalty,20,O,33,18,MIN,hooking,2,8478038,8481556
2025021256,2,576,4:33,15:27,0651,left,509,penalty,21,N,24,41,MIN,slashing,2,8480727,8477492
2025021256,2,587,4:47,15:13,1541,left,509,penalty,20,D,69,0,MIN,slashing,2,8480835,8482679
2025021256,3,920,5:56,14:04,1551,right,509,penalty,20,O,90,26,MIN,hooking,2,8470613,8482679
2025021256,3,1035,14:13,5:47,1551,right,509,penalty,21,O,-74,41,MIN,high-sticking,2,8484768,8481641
2025021257,1,108,3:58,16:02,1551,left,509,penalty,18,D,82,-2,MIN,slashing,2,8479619,8476869
2025021257,1,209,8:37,11:23,1551,left,509,penalty,68,O,97,-15,MIN,tripping,2,8482482,8479343
2025021257,2,580,5:16,14:44,1551,right,509,penalty,18,D,-77,14,MIN,tripping,2,8479619,8482111
2025021257,3,920,8:29,11:31,0651,left,509,penalty,68,N,-20,7,MIN,hooking,2,8484241,8479410
2025021257,3,966,11:21,8:39,1551,left,509,penalty,18,O,-84,-30,MIN,holding,2,8474013,8479370
2025021257,3,506,18:24,1:36,1551,left,509,penalty,18,N,19,40,MIS,misconduct,10,,
2025021258,3,923,9:40,10:20,1551,left,509,penalty,28,D,81,-27,MIN,hooking,2,8480068,8484911
2025021258,3,977,13:42,6:18,1551,left,509,penalty,28,D,84,30,MIN,holding,2,8485512,8484806
2025021258,3,985,13:48,6:12,1451,left,509,penalty,28,D,68,37,MIN,high-sticking,2,8484762,8479576
2025021258,3,999,14:59,5:01,1451,left,509,penalty,28,D,84,2,MIN,roughing,2,8484762,8480748
2025021258,3,1003,14:59,5:01,1451,left,509,penalty,24,O,82,2,MIN,roughing,2,8480748,8484762
2025021259,1,27,20:00,0:00,1551,left,509,penalty,55,D,-64,0,MIN,hooking,2,8478403,8477986
2025021259,2,760,16:55,3:05,1551,right,509,penalty,54,D,-78,3,MIN,hooking,2,8474586,8478403
2025021260,1,433,17:09,2:51,1551,right,509,penalty,26,O,-39,18,MIN,roughing,2,8483678,8482408
2025021260,1,437,17:09,2:51,1551,right,509,penalty,23,D,-35,20,MIN,interference,2,8482408,8483678
2025021261,2,728,19:01,0:59,1551,right,509,penalty,14,O,86,-23,MIN,roughing,2,8481219,8480426
2025021261,2,732,19:01,0:59,1551,right,509,penalty,6,D,52,-2,MIN,tripping,2,8476453,8481219
2025021261,3,790,3:46,16:14,0651,left,509,penalty,6,D,-94,23,MIN,holding,2,8477404,8477496
2025021261,3,1007,19:23,0:37,1560,left,509,penalty,14,D,27,14,MIN,interference,2,8479999,8479542
2025021262,1,62,0:01,19:59,1551,left,509,penalty,9,N,5,-17,MAJ,fighting,5,8475314,8480801
2025021262,1,59,0:01,19:59,1551,left,509,penalty,2,N,3,-17,MAJ,fighting,5,8480801,8475314
2025021262,1,100,2:05,17:55,1551,left,509,penalty,2,O,96,18,MIN,roughing,2,8484321,8481237
2025021262,1,334,11:37,8:23,1551,left,509,penalty,9,D,95,-19,MIN,holding,2,8478445,8480208
2025021262,1,424,17:02,2:58,1560,left,509,penalty,9,D,67,10,MIN,slashing,2,8477500,8480208
2025021262,2,639,8:47,11:13,1551,right,509,penalty,2,D,83,3,MIN,interference,2,8482092,8477950
2025021262,2,715,14:37,5:23,1551,right,509,penalty,9,D,-93,28,MIN,holding,2,8475314,8481606
2025021262,2,782,19:40,0:20,1551,right,509,penalty,9,D,-49,-3,MIN,tripping,2,8475170,8481606
2025021262,3,880,3:16,16:44,1551,left,509,penalty,2,O,70,1,MIN,high-sticking,2,8481575,8482476
2025021262,3,941,7:17,12:43,1551,left,509,penalty,9,O,-41,-40,MIN,high-sticking,2,8481601,8481528
2025021262,3,998,11:04,8:56,1551,left,509,penalty,2,O,35,22,MIN,tripping,2,8478020,8477369
2025021262,3,1011,11:38,8:22,1541,left,509,penalty,2,D,-52,-36,MIN,tripping,2,8482116,8477506
2025021263,2,673,14:43,5:17,1551,right,509,penalty,5,D,58,29,MIN,holding,2,8483491,8475763
2025021263,3,845,5:16,14:44,1551,left,509,penalty,5,O,52,-21,MIN,hooking,2,8480796,8479638
2025021263,3,25,8:10,11:50,1551,left,509,penalty,15,D,81,-2,PS,ps-hooking-on-breakaway,0,8477511,8478440
2025021264,1,246,13:15,6:45,1551,right,509,penalty,26,D,85,1,MIN,roughing,2,8478402,8474563
2025021264,1,250,13:15,6:45,1551,right,509,penalty,22,O,85,0,MIN,roughing,2,8474563,8478402
2025021264,2,545,2:59,17:01,1551,left,509,penalty,26,D,-69,-5,MIN,interference,2,8474641,8482730
2025021264,3,965,14:27,5:33,1551,right,509,penalty,22,O,91,26,MIN,holding,2,8479998,8478402
2025021265,1,97,3:09,16:51,1551,right,509,penalty,1,D,-82,-8,MIN,tripping,2,8483464,8476462
2025021266,1,61,0:37,19:23,1560,right,509,penalty,19,N,16,-2,MIN,tripping,2,8484793,8476897
2025021266,1,456,19:46,0:14,1551,right,509,penalty,19,D,-41,-33,MIN,holding,2,8484144,8480023
2025021266,2,637,10:30,9:30,1551,left,509,penalty,16,D,-37,18,MIN,tripping,2,8481013,8477479
2025021267,1,143,6:25,13:35,1551,left,509,penalty,30,O,-40,38,MIN,high-sticking-double-minor,4,8482482,8475220
2025021267,1,174,9:13,10:47,1451,left,509,penalty,18,O,68,40,MIN,slashing,2,8473507,8474564
2025021267,1,11,10:16,9:44,1441,left,509,penalty,30,N,14,41,BEN,too-many-men-on-the-ice,2,,
2025021267,3,880,8:45,11:15,0651,left,509,penalty,18,D,-78,-6,MIN,slashing,2,8482122,8475158
2025021267,3,359,18:22,1:38,0651,left,509,penalty,30,N,13,39,BEN,too-many-men-on-the-ice,2,,
2025021268,1,154,6:52,13:08,1551,right,509,penalty,25,O,-65,-14,MIN,high-sticking,2,8479323,8481581
2025021268,1,405,15:21,4:39,1551,right,509,penalty,25,D,96,0,MIN,roughing,2,8481789,8474574
2025021268,1,402,15:21,4:39,1551,right,509,penalty,3,O,96,0,MIN,roughing,2,8474574,8481789
2025021268,1,408,15:21,4:39,1551,right,509,penalty,25,D,98,0,MIN,roughing,2,8481789,8473994
2025021268,2,664,7:48,12:12,1551,left,509,penalty,25,O,89,-29,MIN,holding,2,8476459,8482145
2025021268,2,733,13:48,6:12,1551,left,509,penalty,3,D,93,-7,MIN,tripping,2,8484829,8476389
2025021268,2,45,18:17,1:43,1551,left,509,penalty,25,O,98,-18,MIN,boarding,2,8478882,8473994
2025021268,2,42,18:17,1:43,1551,left,509,penalty,25,O,69,-40,MAJ,fighting,5,8476468,8473994
2025021268,2,39,18:17,1:43,1551,left,509,penalty,3,D,72,-41,MAJ,fighting,5,8473994,8476468
2025021268,2,785,18:53,1:07,1541,left,509,penalty,25,D,-78,-1,MIN,high-sticking,2,8476389,8476278
2025021268,2,800,19:51,0:09,1531,left,509,penalty,3,O,-75,-13,MIN,high-sticking-double-minor,4,8474574,8476389
2025021268,3,958,11:38,8:22,1551,right,509,penalty,3,O,26,37,MIN,holding,2,8476278,8481525
2025021269,1,107,3:27,16:33,1551,left,509,penalty,68,D,-72,-26,MIN,holding,2,8482093,8479410
2025021269,1,411,16:34,3:26,1560,left,509,penalty,12,D,71,-3,MIN,hooking,2,8477951,8478427
2025021269,1,435,18:41,1:19,1560,left,509,penalty,12,D,34,-15,MIN,high-sticking,2,8482175,8480291
2025021269,2,576,5:32,14:28,1551,right,509,penalty,12,N,-15,-37,MIN,slashing,2,8477070,8476906
2025021269,2,735,13:41,6:19,1551,right,509,penalty,68,O,-93,21,MIN,roughing,2,8476921,8477951
2025021269,3,847,2:01,17:59,1551,left,509,penalty,12,O,-98,-3,MIN,high-sticking,2,8477220,8478427
2025021269,3,872,3:41,16:19,1551,left,509,penalty,12,D,75,14,MIN,high-sticking,2,8477951,8480830
2025021269,3,896,5:47,14:13,1551,left,509,penalty,68,N,-1,21,MIN,hooking,2,8482093,8477346
2025021269,3,1019,14:48,5:12,1551,left,509,penalty,68,O,90,23,MAJ,fighting,5,8484428,8484386
2025021269,3,1016,14:48,5:12,1551,left,509,penalty,12,D,96,20,MAJ,fighting,5,8484386,8484428
2025021270,1,30,5:32,14:28,1551,right,509,penalty,10,N,0,-40,BEN,delaying-game-unsuccessful-challenge,2,,
2025021270,2,589,10:34,9:26,1551,left,509,penalty,13,O,-91,14,MIN,high-sticking,2,8482174,8481518
2025021271,1,77,1:54,18:06,1551,right,509,penalty,8,D,82,-20,MIN,holding,2,8480893,8476875
2025021271,1,301,15:07,4:53,1551,right,509,penalty,29,D,-49,30,MIN,cross-checking,2,8483457,8475790
2025021271,1,28,20:00,0:00,1551,right,509,penalty,8,O,-96,-5,MIN,roughing,2,8479371,8481523
2025021271,1,25,20:00,0:00,1551,right,509,penalty,29,D,-95,-6,MIN,roughing,2,8481523,8479371
2025021271,2,608,8:18,11:42,1551,left,509,penalty,8,D,-66,10,MIN,hooking,2,8478500,8482775
2025021271,2,724,18:57,1:03,1551,left,509,penalty,29,N,-20,-25,MIN,tripping,2,8483457,8476432
2025021271,3,765,2:13,17:47,1551,right,509,penalty,29,D,-97,18,MIN,cross-checking,2,8476981,8481161
2025021271,3,452,4:42,15:18,1551,right,509,penalty,8,D,78,8,MIN,roughing,2,8484166,8476875
2025021271,3,789,4:42,15:18,1551,right,509,penalty,8,D,76,8,MIN,roughing,2,8484166,8476875
2025021271,3,794,4:42,15:18,1551,right,509,penalty,29,O,79,8,MIN,roughing,2,8476875,8484166
2025021271,3,829,7:09,12:51,1551,right,509,penalty,29,O,35,39,MIN,interference,2,8484984,8478460
2025021271,3,843,8:27,11:33,1451,right,509,penalty,8,D,72,20,MIN,holding,2,8475745,8480074
2025021272,1,373,14:08,5:52,1551,right,509,penalty,4,D,-95,-13,MIN,cross-checking,2,8476331,8481533
2025021272,1,409,16:56,3:04,0651,right,509,penalty,52,D,96,12,MIN,holding,2,8478439,8476460
2025021272,2,800,18:16,1:44,1551,left,509,penalty,4,D,61,25,MIN,tripping,2,8478398,8476372
2025021272,3,854,2:45,17:15,1551,right,509,penalty,4,O,40,-5,MIN,hooking,2,8480014,8481533
2025021272,3,1025,15:22,4:38,1551,right,509,penalty,52,O,-36,-41,MIN,tripping,2,8478439,8483471
2025021273,2,584,5:16,14:44,1551,right,509,penalty,55,D,80,0,MIN,slashing,2,8482679,8478407
2025021273,2,632,9:26,10:34,1551,right,509,penalty,20,D,-51,10,MIN,holding,2,8477955,8483709
2025021273,3,800,2:47,17:13,1551,left,509,penalty,20,N,16,42,BEN,too-many-men-on-the-ice,2,,
2025021273,3,846,6:47,13:13,1551,left,509,penalty,20,O,-51,-34,MIN,hooking,2,8482665,8476458
2025021274,1,130,5:25,14:35,1551,right,509,penalty,21,N,15,41,BEN,too-many-men-on-the-ice,2,,
2025021274,1,160,7:48,12:12,1551,right,509,penalty,54,N,-14,-41,MIN,boarding,2,8483565,8475343
2025021274,1,252,11:12,8:48,1551,right,509,penalty,54,D,-77,-8,MIN,slashing,2,8477501,8477447
2025021274,1,289,13:35,6:25,1551,right,509,penalty,21,O,-74,39,MIN,tripping,2,8481527,8475754
2025021274,1,374,18:43,1:17,1551,right,509,penalty,54,O,81,6,MIN,cross-checking,2,8483565,8476925
2025021274,2,613,12:36,7:24,1551,left,509,penalty,21,D,-68,-8,MIN,hooking,2,8479353,8476455
2025021274,3,1007,13:53,6:07,1551,right,509,penalty,21,D,38,-14,MIN,slashing,2,8476438,8470613
2025021275,2,515,3:28,16:32,1551,right,509,penalty,23,D,-78,-35,MIN,hooking,2,8482859,8484798
2025021275,2,717,15:44,4:16,1551,right,509,penalty,28,D,30,-20,MIN,tripping,2,8482055,8475200
2025021275,2,42,17:37,2:23,1551,right,509,penalty,28,N,2,-40,BEN,delaying-game-unsuccessful-challenge,2,,
2025021275,3,955,15:01,4:59,0651,left,509,penalty,28,D,-91,17,MIN,hooking,2,8481535,8479576
2025021275,4,1050,2:43,2:17,1331,right,509,penalty,23,D,-65,-36,MIN,tripping,2,8477505,8478498
2025021275,4,1071,4:32,0:28,1341,right,509,penalty,28,O,-84,22,MIN,interference,2,8479425,8482667
2025021276,1,254,10:48,9:12,1551,right,509,penalty,15,D,63,-35,MIN,high-sticking,2,8474578,8480796
2025021276,1,465,18:51,1:09,1551,right,509,penalty,5,O,67,37,MIN,tripping,2,8480796,8471675
2025021276,2,743,15:37,4:23,1551,left,509,penalty,15,D,-66,-38,MIN,tripping,2,8482475,8480796
2025021277,1,110,4:07,15:53,1551,left,509,penalty,8,O,-80,-36,MIN,high-sticking,2,8477369,8476981
2025021277,1,232,13:01,6:59,0651,left,509,penalty,2,O,86,23,MIN,tripping,2,8484984,8482476
2025021277,2,504,3:10,16:50,1551,right,509,penalty,8,N,7,41,MIN,roughing,2,8475170,8482964
2025021277,2,507,3:10,16:50,1551,right,509,penalty,2,N,12,40,MIN,roughing,2,8482964,8475170
2025021277,2,673,15:56,4:04,1551,right,509,penalty,2,D,80,1,MIN,high-sticking,2,8481540,8485366
2025021277,2,709,18:44,1:16,1551,right,509,penalty,8,O,73,40,MIN,roughing,2,8475314,8482964
2025021278,1,421,19:01,0:59,1551,left,509,penalty,6,N,-11,21,MIN,hooking,2,8475745,8485395
2025021278,2,598,8:10,11:50,1551,right,509,penalty,6,D,-83,-17,MIN,roughing,2,8477425,8479369
2025021278,2,672,13:43,6:17,1551,right,509,penalty,6,D,-68,40,MIN,high-sticking,2,8477425,8482634
2025021279,1,324,13:11,6:49,1551,left,509,penalty,1,N,6,42,MIN,high-sticking-double-minor,4,8481596,8484177
2025021279,2,550,3:20,16:40,1551,right,509,penalty,9,D,-48,41,MIN,tripping,2,8480192,8481606
2025021279,2,614,9:02,10:58,1551,right,509,penalty,1,D,63,6,MIN,hooking,2,8481528,8484177
2025021279,3,810,4:30,15:30,1551,left,509,penalty,9,O,-75,-19,MIN,tripping,2,8483495,8476393
2025021279,3,887,9:51,10:09,1560,left,509,penalty,9,D,81,5,MIN,cross-checking,2,8480002,8484321
2025021279,3,899,10:59,9:01,1451,left,509,penalty,1,D,-75,24,MIN,interference,2,8478020,8481559
2025021279,4,1029,1:48,3:12,1331,right,509,penalty,9,D,-30,-29,MIN,slashing,2,8479407,8480208
2025021280,1,75,1:36,18:24,1551,left,509,penalty,23,N,-21,-38,MIN,cross-checking,2,8475462,8476927
2025021280,1,307,11:53,8:07,1551,left,509,penalty,23,O,-43,-32,MAJ,fighting,5,8475462,8476927
2025021280,1,16,11:53,8:07,1551,left,509,penalty,24,D,-41,-28,MAJ,fighting,5,8476927,8475462
2025021280,1,337,13:34,6:26,1551,left,509,penalty,24,D,-30,-40,MIN,delaying-game-puck-over-glass,2,,
2025021280,1,357,14:44,5:16,1551,left,509,penalty,23,O,-38,-7,MAJ,fighting,5,8479705,8480876
2025021280,1,353,14:44,5:16,1551,left,509,penalty,24,D,-33,5,MAJ,fighting,5,8480876,8479705
2025021280,1,478,19:18,0:42,1551,left,509,penalty,24,D,-69,-10,MIN,tripping,2,8480012,8482731
2025021280,3,845,3:45,16:15,1551,left,509,penalty,23,D,45,-39,MIN,delaying-game-puck-over-glass,2,,
2025021280,4,1140,2:53,2:07,1331,right,509,penalty,24,D,68,5,MIN,slashing,2,8482055,8475184
2025021281,1,72,1:25,18:35,1551,right,509,penalty,20,N,15,40,BEN,too-many-men-on-the-ice,2,,
2025021281,1,16,12:53,7:07,1551,right,509,penalty,68,D,-78,4,MIN,slashing,2,8476874,8479343
2025021281,1,408,18:08,1:52,1560,right,509,penalty,68,N,-22,-14,MIN,hooking,2,8481068,8479343
2025021281,2,552,1:10,18:50,1551,left,509,penalty,20,N,-4,21,MIN,tripping,2,8483431,8482679
2025021281,2,747,15:41,4:19,0651,left,509,penalty,20,D,-71,36,MIN,holding,2,8478831,8483609
2025021281,3,504,6:01,13:59,1551,right,509,penalty,68,N,-12,40,BEN,delaying-game-unsuccessful-challenge,2,,
2025021281,3,988,13:10,6:50,1551,right,509,penalty,68,N,-9,40,BEN,too-many-men-on-the-ice,2,,
2025021282,1,162,8:22,11:38,1551,left,509,penalty,14,D,-70,-22,MIN,slashing,2,8482802,8480426
2025021282,2,517,4:36,15:24,1551,right,509,penalty,14,N,-11,-26,MIN,tripping,2,8481542,8482655
2025021282,2,570,9:19,10:41,1551,right,509,penalty,17,O,92,27,MIN,tripping,2,8482655,8479337
2025021282,3,933,10:28,9:32,1551,left,509,penalty,14,D,-76,4,MIN,illegal-stick,2,,
2025021283,1,68,0:58,19:02,1551,right,509,penalty,13,N,14,42,BEN,too-many-men-on-the-ice,2,,
2025021283,1,108,4:02,15:58,1551,right,509,penalty,3,O,36,-1,MIN,tripping,2,8484380,8482157
2025021283,2,497,2:01,17:59,1551,left,509,penalty,13,O,70,-40,MIN,tripping,2,8482157,8484380
2025021283,2,695,14:48,5:12,1551,left,509,penalty,13,N,-16,42,MIN,roughing,2,8481789,8479316
2025021283,2,692,14:48,5:12,1551,left,509,penalty,3,N,-16,42,MIN,roughing,2,8479316,8481789
2025021283,3,994,13:49,6:11,1551,right,509,penalty,13,O,-99,-12,MIN,closing-hand-on-puck,2,,
2025021284,1,353,15:05,4:55,0651,right,509,penalty,4,O,-27,38,MIN,holding,2,8482809,8477989
2025021284,2,639,8:43,11:17,1551,left,509,penalty,12,D,98,-16,MIN,roughing,2,8481533,8480336
2025021284,3,962,11:38,8:22,1551,right,509,penalty,12,D,-74,15,MIN,slashing,2,8480015,8477940
2025021285,1,70,1:09,18:51,1551,right,509,penalty,25,O,98,-14,MIN,high-sticking,2,8479442,8484938
2025021285,1,161,8:45,11:15,1551,right,509,penalty,10,D,69,-39,MIN,interference,2,8476278,8476853
2025021285,2,490,5:39,14:21,1551,left,509,penalty,25,O,-81,-39,MIN,tripping,2,8479442,8473994
2025021285,2,745,18:01,1:59,1551,left,509,penalty,10,D,-80,0,MIN,tripping,2,8478420,8482525
2025021285,3,851,6:37,13:23,1551,right,509,penalty,10,N,7,40,MIN,holding,2,8480840,8478904
2025021286,1,127,5:51,14:09,1560,left,509,penalty,30,D,44,40,MIN,hooking,2,8481598,8477952
2025021286,1,279,12:37,7:23,1551,left,509,penalty,19,N,-19,41,BEN,too-many-men-on-the-ice,2,,
2025021286,1,16,18:00,2:00,1551,left,509,penalty,19,N,10,-39,MIN,boarding,2,8483525,8476892
2025021286,1,20,18:00,2:00,1551,left,509,penalty,19,N,14,-40,MAJ,fighting,5,8478508,8476892
2025021286,1,23,18:00,2:00,1551,left,509,penalty,30,N,15,-40,MAJ,fighting,5,8476892,8478508
2025021286,2,447,1:30,18:30,1551,right,509,penalty,30,N,21,-33,MIN,tripping,2,8484164,8483452
2025021286,2,617,5:45,14:15,1551,right,509,penalty,30,D,-60,11,MIN,hooking,2,8481598,8481477
2025021286,2,700,12:54,7:06,1551,right,509,penalty,19,D,41,35,MIN,delaying-game-puck-over-glass,2,,
2025021286,3,793,0:54,19:06,1551,left,509,penalty,19,N,-12,40,MIN,tripping,2,8473507,8482089
2025021286,3,834,4:17,15:43,1551,left,509,penalty,30,D,68,4,MIN,hooking,2,8482077,8483525
2025021286,3,462,11:06,8:54,0651,left,509,penalty,19,O,68,23,MIN,tripping,2,8478136,8482077
2025021287,2,615,7:54,12:06,0651,right,509,penalty,18,O,-93,25,MIN,boarding,2,8482166,8474564
2025021287,3,809,3:51,16:09,1551,left,509,penalty,28,D,70,-39,MIN,holding,2,8474564,8479983
2025021288,1,107,3:44,16:16,1551,right,509,penalty,16,D,70,40,MIN,high-sticking,2,8475722,8483506
2025021288,1,164,7:49,12:11,1551,right,509,penalty,7,O,39,24,MIN,tripping,2,8477479,8480839
2025021288,2,743,17:48,2:12,1551,left,509,penalty,7,D,40,-19,MIN,holding,2,8483450,8479359
2025021288,3,805,2:02,17:58,1560,right,509,penalty,7,D,-73,40,MIN,cross-checking,2,8482807,8475722
2025021288,3,820,2:49,17:11,1451,right,509,penalty,7,N,-12,39,BEN,too-many-men-on-the-ice,2,,
2025021288,3,852,6:21,13:39,1551,right,509,penalty,7,D,-59,12,MIN,holding,2,8484144,8479378
2025021288,3,883,9:04,10:56,1551,right,509,penalty,16,D,48,32,MIN,holding,2,8481522,8481806
2025021289,1,478,19:20,0:40,0651,left,509,penalty,22,D,-61,34,MIN,holding,2,8480039,8474641
2025021289,2,606,6:14,13:46,1551,right,509,penalty,22,N,-16,40,BEN,too-many-men-on-the-ice,2,,
2025021289,2,681,11:45,8:15,1551,right,509,penalty,21,D,-68,9,MIN,hooking,2,8478402,8475754
2025021289,3,878,7:16,12:44,1551,left,509,penalty,22,D,-84,-21,MIN,slashing,2,8477501,8476454
2025021289,3,913,9:54,10:06,1560,left,509,penalty,21,O,-60,2,MIN,slashing,2,8476473,8477501
2025021289,3,921,10:30,9:30,1451,left,509,penalty,21,D,43,-34,MIN,closing-hand-on-puck,2,,
2025021289,4,1061,2:06,2:54,1331,right,509,penalty,22,O,-85,1,MIN,interference-goalkeeper,2,8475809,8477953
2025021290,1,137,5:37,14:23,1551,right,509,penalty,52,D,-88,-6,MIN,holding,2,8476925,8476392
2025021290,1,418,18:55,1:05,1551,right,509,penalty,52,D,-83,4,MIN,slashing,2,8478397,8480014
2025021290,2,616,6:21,13:39,1551,left,509,penalty,54,O,98,2,MIN,tripping,2,8476331,8475343
2025021290,2,649,9:06,10:54,1551,left,509,penalty,54,D,-79,-4,MIN,interference,2,8476392,8477447
2025021290,2,684,11:43,8:17,1551,left,509,penalty,54,D,-43,-19,MIN,roughing,2,8482787,8477964
2025021290,2,687,11:43,8:17,1551,left,509,penalty,54,D,-68,6,MIN,cross-checking,2,8482787,8475188
2025021290,2,678,11:43,8:17,1551,left,509,penalty,52,O,-43,-21,MIN,roughing,2,8477964,8482787
2025021290,2,711,13:27,6:33,1541,left,509,penalty,52,O,-83,-1,MIN,high-sticking,2,8478396,8475799
2025021290,2,728,14:36,5:24,1451,left,509,penalty,54,D,-69,0,MIN,hooking,2,8478398,8478483
2025021290,2,760,16:45,3:15,1560,left,509,penalty,52,N,-2,-41,MIN,hooking,2,8475913,8473604
2025021290,3,822,0:44,19:16,1551,right,509,penalty,54,O,-35,-38,MIN,roughing,2,8483471,8479353
2025021290,3,825,0:44,19:16,1551,right,509,penalty,54,O,-29,10,MIN,tripping,2,8482149,8475188
2025021290,3,818,0:44,19:16,1551,right,509,penalty,52,D,-35,-38,MIN,roughing,2,8479353,8476392
2025021290,3,559,5:05,14:55,1551,right,509,penalty,52,O,60,40,MIN,high-sticking-double-minor,4,8478397,8476460
2025021290,3,942,10:10,9:50,1551,right,509,penalty,52,D,-75,5,MIN,tripping,2,8478483,8480049
2025021291,1,295,9:58,10:02,1551,left,509,penalty,55,N,12,-37,MIN,roughing,2,8482726,8482874
2025021291,1,298,9:58,10:02,1551,left,509,penalty,26,N,12,-37,MIN,roughing,2,8482874,8482726
2025021291,1,322,12:03,7:57,1551,left,509,penalty,26,N,0,-27,MAJ,fighting,5,8482874,8482726
2025021291,1,21,12:03,7:57,1551,left,509,penalty,55,N,0,-27,MAJ,fighting,5,8482726,8482874
2025021291,1,465,18:52,1:08,1551,left,509,penalty,55,D,-51,-21,MIN,tripping,2,8471685,8480009
2025021291,3,1085,18:23,1:37,1560,left,509,penalty,55,O,31,37,MIN,tripping,2,8482124,8478407
2025021292,3,930,13:16,6:44,1551,left,509,penalty,6,D,-68,-17,MIN,tripping,2,8478414,8477507
2025021293,1,322,11:41,8:19,1551,left,509,penalty,12,D,47,40,MIN,delaying-game-puck-over-glass,2,,
2025021293,3,752,3:50,16:10,1551,left,509,penalty,2,D,-73,41,MIN,cross-checking,2,8482702,8476917
2025021293,3,786,6:19,13:41,1551,left,509,penalty,12,D,82,6,MIN,hooking,2,8482476,8476422
2025021294,1,60,0:21,19:39,1551,right,509,penalty,4,D,81,2,MIN,high-sticking,2,8481540,8476372
2025021294,2,698,16:43,3:17,1551,left,509,penalty,4,N,-11,29,MIN,holding,2,8483457,8482159
2025021294,3,806,4:48,15:12,1551,right,509,penalty,4,N,-17,7,MIN,interference,2,8475848,8483760
2025021294,3,879,10:19,9:41,1551,right,509,penalty,4,D,75,5,MIN,roughing,2,8481523,8483760
2025021294,3,883,10:19,9:41,1551,right,509,penalty,8,O,76,5,MIN,roughing,2,8483760,8481523
2025021294,3,955,16:12,3:48,1551,right,509,penalty,8,O,98,-8,MIN,roughing,2,8483460,8480074
2025021294,3,959,16:12,3:48,1551,right,509,penalty,4,D,97,-9,MIN,roughing,2,8480074,8483460
2025021295,2,533,6:50,13:10,1551,right,509,penalty,15,N,11,40,BEN,too-many-men-on-the-ice,2,,
2025021295,2,724,19:26,0:34,0651,right,509,penalty,29,O,-95,-9,MIN,slashing,2,8477845,8482660
2025021295,3,46,2:43,17:17,1551,left,509,penalty,29,D,-61,-6,MIN,hooking,2,8480796,8478975
2025021295,3,458,14:06,5:54,1551,left,509,penalty,29,O,72,21,MIN,high-sticking,2,8480796,8477425
2025021296,1,286,9:32,10:28,1551,right,509,penalty,30,O,-40,23,MIN,slashing,2,8484762,8483452
2025021296,1,399,18:20,1:40,1551,right,509,penalty,24,O,76,7,MIN,cross-checking,2,8473507,8484762
2025021296,1,452,18:20,1:40,1551,right,509,penalty,30,D,80,8,MIN,roughing,2,8484762,8473507
2025021296,1,471,19:55,0:05,1441,right,509,penalty,30,D,76,-2,MIN,tripping,2,8484153,8478136
2025021296,2,714,13:39,6:21,1551,left,509,penalty,24,D,85,8,MIN,delaying-game-puck-over-glass,2,,
2025021296,3,929,7:50,12:10,1551,right,509,penalty,30,N,11,4,MIN,interference,2,8482745,8477446
2025021297,1,261,10:43,9:17,1551,left,509,penalty,68,O,54,-26,MIN,tripping,2,8481043,8477346
2025021297,1,335,16:03,3:57,1551,left,509,penalty,52,D,60,-2,MIN,high-sticking,2,8477021,8476392
2025021297,2,500,4:13,15:47,1551,right,509,penalty,52,D,-75,19,MIN,high-sticking,2,8482175,8476331
2025021297,2,647,12:15,7:45,1560,right,509,penalty,52,D,-82,10,MIN,hooking,2,8482175,8484242
2025021297,2,744,16:11,3:49,1551,right,509,penalty,68,D,34,38,MIN,holding,2,8477504,8478474
2025021297,2,771,18:06,1:54,1551,right,509,penalty,52,D,-90,-30,MIN,high-sticking,2,8479293,8483471
2025021297,3,885,6:00,14:00,1551,left,509,penalty,52,D,56,-38,MIN,slashing,2,8479293,8473604
2025021297,3,971,12:49,7:11,1551,left,509,penalty,68,O,66,40,MIN,high-sticking,2,8476331,8479619
2025021298,1,208,6:32,13:28,0651,right,509,penalty,20,D,52,0,MIN,tripping,2,8480039,8481068
2025021298,1,234,8:49,11:11,1551,right,509,penalty,21,N,-8,4,MIN,tripping,2,8484860,8480448
2025021298,2,445,1:10,18:50,0651,left,509,penalty,20,D,-76,-9,MIN,hooking,2,8480039,8482074
2025021298,2,655,12:31,7:29,0651,left,509,penalty,20,O,98,-3,MIN,tripping,2,8483565,8482209
2025021298,2,666,13:15,6:45,1541,left,509,penalty,20,N,-11,41,BEN,too-many-men-on-the-ice,2,,
2025021298,2,726,17:14,2:46,1551,left,509,penalty,21,D,76,0,MIN,hooking,2,8481068,8482072
2025021299,1,277,14:38,5:22,1551,left,509,penalty,5,N,22,-40,MIN,interference,2,8482089,8481725
2025021299,2,629,10:51,9:09,1551,right,509,penalty,19,D,88,6,MIN,roughing,2,8481093,8477573
2025021299,2,681,15:34,4:26,1551,right,509,penalty,5,D,-86,1,MIN,roughing,2,8480459,8477511
2025021299,3,929,10:15,9:45,1551,left,509,penalty,19,D,-77,-6,MIN,holding,2,8482758,8482077
2025021299,3,1044,19:46,0:14,0651,left,509,penalty,5,D,69,-22,MIN,holding,2,8480281,8482470
2025021300,1,403,19:25,0:35,1551,right,509,penalty,26,O,92,-20,MIN,holding,2,8484798,8477960
2025021300,2,666,6:53,13:07,0651,left,509,penalty,23,D,-80,-32,MIN,holding,2,8476469,8484406
2025021300,2,803,18:02,1:58,1551,left,509,penalty,26,O,-97,3,MIN,roughing,2,8482691,8482124
2025021300,2,807,18:02,1:58,1551,left,509,penalty,23,D,-98,9,MIN,roughing,2,8482155,8479425
2025021300,3,866,2:59,17:01,1551,right,509,penalty,26,O,84,0,MIN,interference-goalkeeper,2,8480947,8483756
2025021300,3,502,7:31,12:29,1551,right,509,penalty,23,O,-73,30,MIN,unsportsmanlike-conduct,2,8478472,8479425
2025021300,3,916,7:31,12:29,1551,right,509,penalty,23,O,-68,33,MAJ,fighting,5,8478472,8479425
2025021300,3,921,7:31,12:29,1551,right,509,penalty,26,D,-68,31,MAJ,fighting,5,8479425,8478472
2025021301,1,186,9:08,10:52,1551,left,509,penalty,25,D,81,-1,MIN,high-sticking,2,8480064,8476889
2025021301,1,240,13:33,6:27,1551,left,509,penalty,25,D,39,24,MIN,holding,2,8482097,8480950
2025021301,2,447,2:24,17:36,1551,right,509,penalty,7,N,1,-33,MIN,interference,2,8480950,8478413
2025021301,2,720,16:32,3:28,1551,right,509,penalty,7,D,90,33,MIN,holding,2,8476889,8474568
2025021301,3,930,13:09,6:51,1551,left,509,penalty,7,D,-73,-37,MIN,delaying-game-puck-over-glass,2,,
2025021301,4,1044,2:36,2:24,1331,right,509,penalty,25,D,-30,-33,MIN,hooking,2,8477949,8482145
2025021302,2,511,2:33,17:27,1551,right,509,penalty,14,D,53,-36,MIN,hooking,2,8483690,8480426
2025021302,2,573,7:53,12:07,1551,right,509,penalty,3,O,80,9,MIN,tripping,2,8483398,8482157
2025021302,2,581,8:55,11:05,1451,right,509,penalty,14,O,-62,-2,MIN,hooking,2,8482073,8477416
2025021302,2,801,12:23,7:37,1551,right,509,penalty,14,D,98,-6,MIN,roughing,2,8482877,8482929
2025021302,2,632,12:23,7:37,1551,right,509,penalty,3,O,98,-10,MIN,roughing,2,8482929,8482877
2025021302,2,639,12:23,7:37,1551,right,509,penalty,3,O,96,-21,MIN,roughing,2,8470621,8482157
2025021302,2,642,12:23,7:37,1551,right,509,penalty,14,D,97,-19,MIN,roughing,2,8482157,8470621
2025021302,2,636,12:23,7:37,1551,right,509,penalty,14,D,96,-17,MIN,roughing,2,8482877,8482929
2025021302,3,899,1:29,18:31,1551,left,509,penalty,3,O,-89,23,MIN,tripping,2,8482929,8482877
2025021302,3,1088,16:47,3:13,1551,left,509,penalty,3,O,-51,-19,MIN,slashing,2,8478178,8481789
2025021303,1,326,14:11,5:49,1551,right,509,penalty,13,D,41,-41,MIN,hooking,2,8481542,8481133
2025021303,2,552,8:33,11:27,1551,left,509,penalty,17,O,-98,3,MIN,hooking,2,8483687,8477456
2025021303,3,773,1:19,18:41,1551,right,509,penalty,13,D,95,0,MIN,tripping,2,8474102,8479314
2025021303,3,895,11:45,8:15,1551,right,509,penalty,13,D,38,-38,MIN,slashing,2,8481607,8476994
2025021304,1,137,5:44,14:16,1551,left,509,penalty,10,D,33,29,MIN,tripping,2,8481528,8485467
2025021304,1,385,18:53,1:07,1551,left,509,penalty,9,D,-78,0,MIN,holding,2,8481711,8482245
2025021304,2,655,10:51,9:09,1551,right,509,penalty,9,D,92,-25,MIN,hooking,2,8482525,8482092
2025021304,2,739,16:38,3:22,1551,right,509,penalty,10,O,94,17,MIN,holding,2,8480188,8484158
2025021304,2,777,19:37,0:23,1551,right,509,penalty,10,D,-85,3,MIN,cross-checking,2,8476393,8475171
2025021305,1,223,9:31,10:29,1551,right,509,penalty,28,D,-77,39,MIN,hooking,2,8481806,8484994
2025021305,1,806,16:22,3:38,1551,right,509,penalty,28,D,-81,2,PS,ps-hooking-on-breakaway,0,8481624,8475200
2025021305,1,439,18:49,1:11,0651,right,509,penalty,16,O,-93,26,MIN,cross-checking,2,8482859,8484144
2025021305,2,555,3:46,16:14,1551,left,509,penalty,16,D,-75,13,MIN,delaying-game-puck-over-glass,2,,
2025021305,2,600,8:00,12:00,0651,left,509,penalty,16,D,-84,-35,MIN,kneeing,2,8482667,8477987
2025021305,2,625,10:14,9:46,1551,left,509,penalty,28,D,79,-3,MIN,holding,2,8477987,8484152
2025021305,2,710,17:16,2:44,1551,left,509,penalty,28,D,62,-23,MIN,tripping,2,8484144,8482166
2025021305,3,1009,11:59,8:01,1551,right,509,penalty,16,N,-17,15,MIN,slashing,2,8484152,8484144
2025021306,1,241,13:23,6:37,1551,right,509,penalty,55,D,-26,16,MIN,holding,2,8477964,8483570
2025021306,2,646,14:53,5:07,1551,left,509,penalty,55,D,44,-18,MIN,tripping,2,8477964,8476467
2025021307,1,373,14:47,5:13,1551,left,509,penalty,24,N,-23,-40,MIN,holding,2,8482146,8483445
2025021307,2,457,0:32,19:28,1551,right,509,penalty,18,O,-43,-38,MIN,hooking,2,8478873,8476869
2025021307,2,634,6:15,13:45,1551,right,509,penalty,18,O,-26,18,MIN,tripping,2,8481605,8483513
2025021307,2,793,14:53,5:07,1551,right,509,penalty,24,D,-79,-17,MIN,slashing,2,8482768,8474590
2025021307,2,865,19:38,0:22,1551,right,509,penalty,24,D,-43,32,MIN,hooking,2,8484241,8479705
2025021307,3,950,6:09,13:51,1551,left,509,penalty,18,D,-87,6,MIN,slashing,2,8480068,8482715
2025021307,3,1012,10:58,9:02,0651,left,509,penalty,18,O,44,-40,MIN,tripping,2,8481605,8482768
2025021307,3,1084,16:03,3:57,1551,left,509,penalty,18,D,-54,-13,MIN,high-sticking-double-minor,4,8478873,8479370
2025021308,1,174,5:27,14:33,1551,right,509,penalty,52,O,-57,40,MIN,high-sticking,2,8484806,8475799
2025021308,1,334,13:40,6:20,1551,right,509,penalty,28,N,-22,-40,MIN,tripping,2,8476460,8484806
2025021308,2,643,10:23,9:37,1551,left,509,penalty,28,N,-13,41,BEN,too-many-men-on-the-ice,2,,
2025021308,3,823,5:08,14:52,1551,right,509,penalty,28,D,-93,2,MIN,holding,2,8480014,8482166
2025021308,3,941,14:53,5:07,1551,right,509,penalty,52,D,81,2,MIN,roughing,2,8480848,8477504
2025021308,3,947,14:53,5:07,1551,right,509,penalty,28,O,81,2,MIN,roughing,2,8477504,8480848
2025021308,3,510,14:53,5:07,1441,right,509,penalty,28,O,78,4,MIS,misconduct,10,,
2025021308,3,988,18:04,1:56,1551,right,509,penalty,52,D,49,-27,MIN,high-sticking-double-minor,4,8482667,8481572
2025021309,1,59,0:13,19:47,1551,left,509,penalty,68,D,-74,-1,MIN,slashing,2,8482077,8477346
2025021309,2,464,20:00,0:00,1551,right,509,penalty,19,D,-33,25,MIN,roughing,2,8483431,8481598
2025021309,2,461,20:00,0:00,1551,right,509,penalty,68,O,-31,28,MIN,roughing,2,8481598,8483431
2025021310,1,61,0:28,19:32,1551,right,509,penalty,26,D,-36,-1,MIN,high-sticking,2,8476399,8474563
2025021310,1,171,5:26,14:34,1551,right,509,penalty,20,N,-24,0,MIN,interference,2,8478472,8484234
2025021310,2,504,3:37,16:23,1551,left,509,penalty,26,O,-93,-15,MIN,illegal-check-to-head,2,8481167,8482726
2025021310,2,741,17:12,2:48,1551,left,509,penalty,20,D,-36,-19,MIN,tripping,2,8478550,8480797
2025021310,2,749,17:38,2:22,1541,left,509,penalty,20,N,24,38,MIN,roughing,2,8482155,8476399
2025021310,2,752,17:38,2:22,1541,left,509,penalty,26,N,20,38,MIN,interference,2,8476399,8482155
2025021310,3,812,2:43,17:17,1551,right,509,penalty,26,D,-82,35,MIN,tripping,2,8483609,8475208
2025021311,1,266,7:46,12:14,1551,left,509,penalty,22,N,-13,39,MAJ,fighting,5,8483678,8482703
2025021311,1,262,7:46,12:14,1551,left,509,penalty,23,N,-12,41,MAJ,fighting,5,8482703,8483678
2025021311,1,330,12:48,7:12,1551,left,509,penalty,23,D,87,-18,MIN,tripping,2,8478402,8476927
2025021311,2,26,3:20,16:40,1551,right,509,penalty,22,O,-52,9,MIN,tripping,2,8484798,8478402
2025021311,2,471,3:20,16:40,1551,right,509,penalty,23,D,-50,11,MIN,high-sticking-double-minor,4,8478402,8484798
2025021311,2,625,7:21,12:39,1551,right,509,penalty,23,O,55,22,MAJ,fighting,5,8476473,8482055
2025021311,2,629,7:21,12:39,1551,right,509,penalty,22,D,56,27,MAJ,fighting,5,8482055,8476473
2025021311,2,679,10:17,9:43,1551,right,509,penalty,22,D,70,-14,MIN,tripping,2,8482079,8474641
2025021311,2,854,16:37,3:23,1551,right,509,penalty,23,D,-99,-1,MIN,tripping,2,8478402,8483678
2025021312,1,371,15:41,4:19,1551,right,509,penalty,55,D,-79,7,MIN,high-sticking,2,8481186,8482858
2025021312,2,495,0:28,19:32,1551,left,509,penalty,55,D,42,-38,MIN,tripping,2,8482947,8478407
2025021312,2,771,17:38,2:22,1551,left,509,penalty,55,D,75,0,MIN,roughing,2,8480448,8478407
2025021312,3,814,1:09,18:51,1551,right,509,penalty,21,D,80,36,MIN,hooking,2,8483497,8470613
2025021312,3,868,5:36,14:24,1551,right,509,penalty,55,D,-54,36,MIN,hooking,2,8480069,8484800
2025021312,3,888,7:14,12:46,1451,right,509,penalty,21,O,-26,0,MIN,interference,2,8482665,8484258
2025021312,3,981,13:55,6:05,1551,right,509,penalty,21,O,-70,12,MIN,roughing,2,8478407,8481186
2025021312,3,984,13:55,6:05,1551,right,509,penalty,55,D,-71,12,MIN,roughing,2,8481186,8478407
