game_id,period,event_id,time_in_period,time_remaining,situation_code,home_def_code,type_code,event_name,event_owner_team_id,zone_code,x_coord,y_coord,take_player_id
2025020001,1,168,03:11,16:49,1551,right,525,takeaway,13,O,-33,18,8477935
2025020001,2,765,08:10,11:50,1551,left,525,takeaway,16,O,-84,34,8477479
2025020001,3,911,00:49,19:11,1551,right,525,takeaway,16,D,-87,33,8476882
2025020001,3,945,02:39,17:21,1551,right,525,takeaway,13,D,94,1,8479981
2025020001,3,986,04:42,15:18,1551,right,525,takeaway,13,N,-2,-38,8478859
2025020001,3,1029,07:34,12:26,1541,right,525,takeaway,16,O,58,34,8477444
2025020001,3,1157,13:53,06:07,1551,right,525,takeaway,16,N,-10,-26,8483506
2025020002,1,422,13:28,06:32,1551,right,525,takeaway,3,D,46,41,8479323
2025020002,1,429,13:47,06:13,1551,right,525,takeaway,3,N,20,31,8479323
2025020002,1,493,19:50,00:10,1551,right,525,takeaway,3,O,-99,9,8479323
2025020002,2,571,01:03,18:57,1551,left,525,takeaway,5,D,45,-40,8482758
2025020002,2,809,18:56,01:04,1451,left,525,takeaway,3,O,81,-29,8479323
2025020003,1,209,05:29,14:31,1551,right,525,takeaway,26,O,-55,40,8482408
2025020003,1,422,13:38,06:22,1551,right,525,takeaway,21,N,-11,-36,8484149
2025020003,1,445,15:40,04:20,1551,right,525,takeaway,26,N,-2,41,8482124
2025020003,2,708,09:06,10:54,1551,left,525,takeaway,26,O,41,-38,8479675
2025020003,3,868,01:31,18:29,1551,right,525,takeaway,26,D,77,20,8482124
2025020003,3,885,03:44,16:16,1451,right,525,takeaway,26,O,-94,-30,8474563
2025020003,3,952,08:54,11:06,1541,right,525,takeaway,21,O,99,-4,8470613
2025020003,3,1023,12:40,07:20,1551,right,525,takeaway,26,O,-99,-9,8477960
2025020003,3,1096,19:07,00:53,1541,right,525,takeaway,26,D,37,5,8479998
2025020004,1,306,11:40,08:20,1551,right,525,takeaway,8,O,99,9,8482737
2025020004,1,448,19:33,00:27,1551,right,525,takeaway,10,D,50,10,8477939
2025020004,2,564,03:52,16:08,1551,left,525,takeaway,8,D,47,-30,8481540
2025020004,2,807,18:42,01:18,1551,left,525,takeaway,8,O,-46,39,8481540
2025020004,3,1062,16:45,03:15,1551,right,525,takeaway,10,N,-1,-15,8482720
2025020005,1,211,07:46,12:14,1541,right,525,takeaway,6,O,67,20,8479325
2025020005,1,358,14:57,05:03,1451,right,525,takeaway,15,O,-73,-5,8480873
2025020005,2,675,09:40,10:20,1551,left,525,takeaway,15,O,78,25,8479345
2025020005,3,827,00:04,19:56,1551,right,525,takeaway,15,N,3,-38,8479345
2025020005,3,868,02:48,17:12,1551,right,525,takeaway,6,O,68,35,8480355
2025020005,3,1028,13:05,06:55,1551,right,525,takeaway,6,D,-32,42,8482177
2025020006,1,224,07:55,12:05,1551,left,525,takeaway,22,O,51,0,8481491
2025020006,1,303,14:07,05:53,1551,left,525,takeaway,22,D,-36,-18,8480834
2025020006,2,563,00:53,19:07,1551,right,525,takeaway,20,O,62,25,8480797
2025020006,2,745,12:31,07:29,1551,right,525,takeaway,20,D,-36,-26,8482679
2025020006,2,867,19:23,00:37,1551,right,525,takeaway,22,D,33,-8,8478402
2025020006,2,868,19:35,00:25,1551,right,525,takeaway,20,D,-33,40,8477810
2025020006,3,938,03:02,16:58,1551,left,525,takeaway,20,D,54,-41,8475172
2025020007,1,150,04:58,15:02,1551,right,525,takeaway,54,O,-98,3,8476438
2025020007,1,250,12:09,07:51,1551,right,525,takeaway,54,O,-97,-2,8478434
2025020007,1,438,19:28,00:32,1551,right,525,takeaway,54,D,41,17,8475188
2025020007,2,556,04:05,15:55,1551,left,525,takeaway,54,D,-40,-3,8478483
2025020007,2,631,10:19,09:41,1551,left,525,takeaway,26,D,99,4,8475208
2025020007,3,826,03:33,16:27,1551,right,525,takeaway,26,D,-84,25,8475208
2025020007,3,874,06:29,13:31,1551,right,525,takeaway,54,D,41,31,8476438
2025020007,4,1064,00:58,04:02,1331,left,525,takeaway,26,N,10,38,8474563
2025020007,4,1080,02:29,02:31,1331,left,525,takeaway,54,D,-66,-17,8478396
2025020007,4,1087,03:12,01:48,1331,left,525,takeaway,54,D,-55,15,8476448
2025020007,4,1100,04:11,00:49,1331,left,525,takeaway,54,O,63,-39,8478403
2025020008,1,274,09:02,10:58,1551,left,525,takeaway,16,D,85,-29,8482176
2025020008,1,464,17:46,02:14,1551,left,525,takeaway,6,N,4,39,8478042
2025020008,2,521,01:19,18:41,1551,right,525,takeaway,16,D,-89,34,8481568
2025020008,2,583,03:46,16:14,1551,right,525,takeaway,16,O,64,15,8482703
2025020008,2,591,04:04,15:56,1551,right,525,takeaway,16,N,0,-30,8476473
2025020008,2,674,10:02,09:58,1551,right,525,takeaway,16,N,22,15,8483493
2025020008,2,742,18:46,01:14,1551,right,525,takeaway,6,O,-92,19,8482177
2025020008,3,874,04:25,15:35,1451,left,525,takeaway,16,D,35,-17,8481568
2025020008,3,877,05:56,14:04,1451,left,525,takeaway,16,D,26,-27,8482176
2025020008,3,884,06:21,13:39,1551,left,525,takeaway,6,D,-80,22,8479369
2025020008,3,1035,17:52,02:08,1451,left,525,takeaway,6,O,98,-3,8479325
2025020008,3,1056,19:46,00:14,1551,left,525,takeaway,6,D,-55,40,8482177
2025020009,1,268,05:41,14:19,1551,left,525,takeaway,7,D,-60,-40,8482659
2025020009,1,288,08:42,11:18,1541,left,525,takeaway,3,O,-98,-5,8482109
2025020009,1,564,18:54,01:06,1551,left,525,takeaway,3,D,91,-20,8476389
2025020009,2,599,00:53,19:07,1451,right,525,takeaway,7,O,-76,-38,8479420
2025020009,2,605,01:10,18:50,1451,right,525,takeaway,3,O,66,-22,8476468
2025020009,2,629,03:11,16:49,1551,right,525,takeaway,3,D,-86,-37,8476459
2025020009,2,841,17:44,02:16,1551,right,525,takeaway,7,D,62,-40,8481564
2025020009,3,959,05:52,14:08,1551,left,525,takeaway,3,D,35,40,8482073
2025020010,1,434,16:55,03:05,1551,right,525,takeaway,8,D,-88,26,8481523
2025020010,2,467,01:18,18:42,1551,left,525,takeaway,17,O,97,23,8482762
2025020010,2,491,02:20,17:40,1551,left,525,takeaway,8,N,16,-31,8478851
2025020010,2,660,03:59,16:01,1551,left,525,takeaway,17,O,81,-32,8483464
2025020010,2,691,05:52,14:08,1551,left,525,takeaway,17,O,34,7,8481542
2025020010,2,809,16:55,03:05,1551,left,525,takeaway,8,D,98,19,8482775
2025020010,3,1016,11:35,08:25,1551,right,525,takeaway,17,N,-16,12,8484471
2025020011,1,318,08:54,11:06,1551,left,525,takeaway,9,O,-55,-6,8482116
2025020011,1,465,14:02,05:58,1341,left,525,takeaway,14,D,-78,-15,8475167
2025020011,1,494,16:16,03:44,1541,left,525,takeaway,14,D,-60,-14,8474151
2025020011,2,717,07:50,12:10,1551,right,525,takeaway,9,O,84,-37,8478020
2025020011,2,891,18:59,01:01,1541,right,525,takeaway,14,D,29,-14,8479542
2025020011,3,1145,16:53,03:07,1551,left,525,takeaway,14,D,-35,37,8478519
2025020012,1,434,13:12,06:48,1551,right,525,takeaway,4,O,86,37,8480220
2025020012,1,452,15:08,04:52,1551,right,525,takeaway,4,D,-65,39,8478439
2025020012,2,519,00:37,19:23,1551,left,525,takeaway,4,D,35,-26,8476461
2025020012,2,740,14:42,05:18,1551,left,525,takeaway,13,D,-73,41,8477495
2025020012,2,815,16:07,03:53,1551,left,525,takeaway,4,O,-90,26,8480015
2025020012,3,1243,18:37,01:23,0651,right,525,takeaway,13,D,65,41,8477409
2025020013,1,147,01:33,18:27,1551,left,525,takeaway,2,O,-27,27,8476419
2025020013,1,337,09:10,10:50,1541,left,525,takeaway,5,N,0,23,8476483
2025020013,1,343,09:16,10:44,1541,left,525,takeaway,2,D,30,32,8485702
2025020013,2,630,01:19,18:41,1551,right,525,takeaway,5,O,-86,5,8474578
2025020013,2,635,01:39,18:21,1551,right,525,takeaway,5,O,-95,-29,8478450
2025020013,2,797,10:33,09:27,1551,right,525,takeaway,2,D,-72,-30,8481014
2025020013,3,984,00:59,19:01,1551,left,525,takeaway,5,D,-85,37,8477511
2025020013,3,1064,07:29,12:31,1551,left,525,takeaway,2,N,15,-38,8485366
2025020013,3,1088,09:19,10:41,1551,left,525,takeaway,5,D,-53,-28,8471724
2025020013,3,1153,13:53,06:07,1551,left,525,takeaway,5,D,-27,-41,8471724
2025020014,1,247,04:25,15:35,1551,right,525,takeaway,12,D,98,-17,8476906
2025020014,1,393,11:42,08:18,1551,right,525,takeaway,1,D,-89,-33,8477488
2025020014,1,417,13:43,06:17,1551,right,525,takeaway,12,D,99,13,8476958
2025020014,1,485,19:07,00:53,1551,right,525,takeaway,1,N,-11,31,8476292
2025020014,1,486,19:48,00:12,1551,right,525,takeaway,12,D,74,40,8482809
2025020014,2,626,06:43,13:17,1451,left,525,takeaway,1,D,99,16,8475455
2025020014,2,778,17:23,02:37,1551,left,525,takeaway,12,D,-43,-34,8482100
2025020014,2,790,18:26,01:34,1551,left,525,takeaway,12,O,76,-33,8478427
2025020014,3,910,03:15,16:45,1551,right,525,takeaway,1,D,-43,-40,8476462
2025020014,3,1125,15:05,04:55,1551,right,525,takeaway,12,D,63,-37,8480829
2025020015,1,91,00:56,19:04,1541,left,525,takeaway,19,N,-12,36,8480023
2025020015,1,281,08:35,11:25,1551,left,525,takeaway,19,O,50,42,8478472
2025020015,1,426,17:54,02:06,1551,left,525,takeaway,30,D,91,31,8482122
2025020015,2,483,01:58,18:02,1551,right,525,takeaway,30,N,-3,-36,8482122
2025020015,2,732,14:50,05:10,1551,right,525,takeaway,19,D,99,-21,8476892
2025020015,3,928,07:51,12:09,1551,left,525,takeaway,19,O,87,36,8480459
2025020015,3,962,13:28,06:32,1551,left,525,takeaway,19,O,41,36,8483516
2025020015,3,980,14:41,05:19,1551,left,525,takeaway,30,O,-77,3,8475765
2025020016,1,218,03:21,16:39,1551,left,525,takeaway,29,D,92,16,8484166
2025020016,1,387,12:51,07:09,1451,left,525,takeaway,29,D,39,-25,8475745
2025020016,2,634,05:19,14:41,1551,right,525,takeaway,18,D,90,27,8475287
2025020016,2,697,09:14,10:46,1451,right,525,takeaway,18,O,-99,15,8476539
2025020016,2,742,13:41,06:19,1551,right,525,takeaway,29,D,-47,-18,8475790
2025020016,3,858,01:33,18:27,1551,left,525,takeaway,18,D,-89,-18,8475287
2025020016,3,880,02:09,17:51,1451,left,525,takeaway,18,O,85,32,8474600
2025020016,3,903,02:49,17:11,1551,left,525,takeaway,18,O,78,-26,8477446
2025020016,3,1025,08:21,11:39,1551,left,525,takeaway,29,D,52,-8,8483485
2025020016,3,1032,08:24,11:36,1551,left,525,takeaway,18,D,-27,-40,8481056
2025020016,3,1036,08:46,11:14,1551,left,525,takeaway,29,N,-13,-6,8482705
2025020016,3,1068,10:15,09:45,1551,left,525,takeaway,18,N,23,-27,8482482
2025020016,3,1149,14:49,05:11,1551,left,525,takeaway,18,N,4,-29,8482768
2025020017,1,70,01:15,18:45,1551,right,525,takeaway,52,O,-96,5,8474679
2025020017,1,240,07:31,12:29,1551,right,525,takeaway,52,D,52,37,8476480
2025020017,2,487,03:48,16:12,1551,left,525,takeaway,52,O,84,39,8475799
2025020017,2,676,14:23,05:37,1551,left,525,takeaway,25,D,36,-20,8480027
2025020017,2,697,15:03,04:57,1441,left,525,takeaway,25,D,43,28,8480036
2025020017,3,921,07:03,12:57,1551,right,525,takeaway,52,N,9,36,8480289
2025020017,3,929,08:07,11:53,1441,right,525,takeaway,52,D,69,-32,8473604
2025020017,3,953,09:48,10:12,1541,right,525,takeaway,52,D,84,-14,8480289
2025020017,3,996,13:40,06:20,1551,right,525,takeaway,52,O,-66,1,8477504
2025020017,3,1000,13:52,06:08,1551,right,525,takeaway,52,O,-70,8,8478398
2025020017,3,1029,15:54,04:06,1551,right,525,takeaway,52,N,-20,42,8482787
2025020018,1,210,05:33,14:27,1551,right,525,takeaway,21,D,33,-38,8484258
2025020018,1,213,06:38,13:22,1551,right,525,takeaway,21,O,-71,-23,8479525
2025020018,1,490,15:32,04:28,1551,right,525,takeaway,21,D,99,-9,8479398
2025020018,3,891,01:17,18:43,1551,right,525,takeaway,21,O,-88,-14,8476455
2025020019,1,74,01:01,18:59,1551,right,525,takeaway,23,D,30,21,8480078
2025020019,1,237,12:05,07:55,1551,right,525,takeaway,23,O,-79,21,8483395
2025020019,2,500,01:41,18:19,1451,left,525,takeaway,20,D,34,-34,8480860
2025020019,2,638,06:44,13:16,1551,left,525,takeaway,20,O,-90,-31,8480860
2025020019,3,976,08:17,11:43,1551,right,525,takeaway,20,N,19,-38,8475172
2025020019,3,1079,13:23,06:37,1551,right,525,takeaway,23,D,29,35,8479425
2025020019,3,1107,15:27,04:33,1551,right,525,takeaway,23,D,60,-27,8475169
2025020019,3,1134,18:19,01:41,1551,right,525,takeaway,23,D,35,-24,8480748
2025020020,2,700,13:28,06:32,1551,right,525,takeaway,28,D,28,-34,8480798
2025020020,3,894,05:12,14:48,1551,left,525,takeaway,28,N,-9,-1,8475181
2025020020,3,916,07:36,12:24,1451,left,525,takeaway,28,O,98,5,8482667
2025020020,3,1053,18:29,01:31,1551,left,525,takeaway,28,N,3,38,8475181
2025020020,4,1061,00:21,04:39,1331,right,525,takeaway,28,D,31,-7,8475181
2025020020,4,1069,00:57,04:03,1331,right,525,takeaway,54,D,-71,-41,8478403
2025020021,1,209,03:00,17:00,1551,left,525,takeaway,55,D,-64,-26,8477986
2025020021,1,474,16:24,03:36,1551,left,525,takeaway,24,O,-55,-1,8473986
2025020021,2,616,01:41,18:19,1551,right,525,takeaway,55,N,0,36,8476467
2025020021,2,653,03:45,16:15,1551,right,525,takeaway,55,D,36,27,8477986
2025020021,3,891,01:20,18:40,1551,left,525,takeaway,55,D,-51,0,8482751
2025020021,3,956,04:30,15:30,1551,left,525,takeaway,24,O,-46,-33,8481605
2025020021,3,1024,09:36,10:24,1551,left,525,takeaway,55,D,-26,23,8479372
2025020021,3,1185,14:50,05:10,1551,left,525,takeaway,55,D,-36,-41,8478975
2025020021,3,1217,18:50,01:10,0651,left,525,takeaway,55,D,-92,-28,8474586
2025020022,1,463,14:31,05:29,1451,right,525,takeaway,26,N,2,-19,8476469
2025020022,1,508,17:30,02:30,1551,right,525,takeaway,52,O,-58,-41,8477938
2025020022,1,512,17:45,02:15,1551,right,525,takeaway,26,D,-34,30,8482124
2025020022,2,624,05:44,14:16,1551,left,525,takeaway,26,N,-5,42,8483808
2025020022,2,671,09:29,10:31,1551,left,525,takeaway,52,O,28,-40,8476480
2025020022,2,725,12:51,07:09,1551,left,525,takeaway,26,O,-99,18,8471685
2025020022,2,733,14:23,05:37,1551,left,525,takeaway,26,O,-59,-41,8479998
2025020022,2,783,18:15,01:45,1541,left,525,takeaway,52,D,-96,-2,8474568
2025020022,2,802,19:53,00:07,1551,left,525,takeaway,26,D,69,41,8471685
2025020022,3,903,05:33,14:27,1551,right,525,takeaway,52,N,23,32,8482787
2025020022,3,904,05:48,14:12,1551,right,525,takeaway,26,D,-42,-4,8483808
2025020022,3,937,08:26,11:34,1551,right,525,takeaway,26,N,17,-37,8477960
2025020022,3,1008,10:22,09:38,1551,right,525,takeaway,52,D,31,-40,8479378
2025020023,1,305,09:20,10:40,1551,right,525,takeaway,19,D,-29,-42,8479385
2025020023,1,374,13:31,06:29,1551,right,525,takeaway,20,N,-5,-33,8481167
2025020023,1,433,16:11,03:49,1551,right,525,takeaway,19,N,-5,0,8482733
2025020023,2,707,08:19,11:41,1551,left,525,takeaway,20,O,60,-37,8474150
2025020023,2,715,09:03,10:57,1551,left,525,takeaway,19,D,35,-32,8476892
2025020023,2,725,10:37,09:23,1551,left,525,takeaway,19,D,59,-18,8475753
2025020023,2,751,11:57,08:03,1551,left,525,takeaway,19,D,44,41,8476892
2025020023,2,839,14:50,05:10,1551,left,525,takeaway,19,O,-78,32,8479385
2025020023,3,939,06:40,13:20,1541,right,525,takeaway,19,O,82,-14,8475764
2025020023,3,966,07:30,12:30,1551,right,525,takeaway,19,O,96,1,8478472
2025020023,3,985,08:57,11:03,1551,right,525,takeaway,20,O,-98,-3,8484860
2025020023,3,1000,09:51,10:09,1551,right,525,takeaway,20,D,29,-1,8480860
2025020023,3,1096,11:40,08:20,1551,right,525,takeaway,20,N,-22,14,8476399
2025020023,3,1136,14:15,05:45,1551,right,525,takeaway,20,O,-93,-20,8481167
2025020023,3,1159,18:26,01:34,1560,right,525,takeaway,20,O,-98,13,8475172
2025020024,1,124,03:30,16:30,1551,left,525,takeaway,6,D,-48,-35,8479987
2025020024,1,149,06:01,13:59,1551,left,525,takeaway,7,O,-45,-42,8482896
2025020024,2,598,07:32,12:28,1541,right,525,takeaway,6,N,1,-35,8480355
2025020025,1,83,00:37,19:23,1551,right,525,takeaway,17,O,-94,-12,8484471
2025020025,2,636,03:34,16:26,1551,left,525,takeaway,17,N,-23,-6,8475279
2025020025,2,723,07:07,12:53,1551,left,525,takeaway,17,D,-95,2,8482078
2025020025,2,776,12:37,07:23,1551,left,525,takeaway,17,O,67,24,8484794
2025020025,3,897,00:31,19:29,1551,right,525,takeaway,10,O,66,42,8475166
2025020025,3,957,04:07,15:53,1551,right,525,takeaway,10,D,-36,38,8479318
2025020026,1,80,00:48,19:12,1551,left,525,takeaway,1,D,46,-38,8481559
2025020026,1,131,03:48,16:12,1541,left,525,takeaway,14,D,-29,41,8474151
2025020026,1,141,04:05,15:55,1541,left,525,takeaway,14,O,99,-10,8479542
2025020026,1,211,05:37,14:23,1541,left,525,takeaway,1,O,-97,-20,8483495
2025020026,2,519,01:28,18:32,1551,right,525,takeaway,14,N,2,-20,8481719
2025020026,2,791,19:30,00:30,1551,right,525,takeaway,1,D,-52,-32,8483495
2025020026,3,849,03:19,16:41,1551,left,525,takeaway,1,D,95,6,8479772
2025020026,3,868,04:44,15:16,1451,left,525,takeaway,1,D,41,-40,8479407
2025020026,3,1004,09:46,10:14,1551,left,525,takeaway,1,O,-53,-42,8476822
2025020027,1,320,10:15,09:45,1551,right,525,takeaway,9,O,50,-34,8484321
2025020027,1,328,10:55,09:05,1551,right,525,takeaway,13,N,13,27,8482713
2025020027,1,372,14:20,05:40,1551,right,525,takeaway,9,D,-72,-34,8482105
2025020027,1,509,17:03,02:57,1551,right,525,takeaway,13,O,-82,-34,8477409
2025020027,1,550,19:35,00:25,1451,right,525,takeaway,9,D,-28,-34,8481596
2025020027,2,660,03:49,16:11,1551,left,525,takeaway,9,O,-81,38,8478020
2025020027,2,685,05:05,14:55,1551,left,525,takeaway,9,N,-20,41,8480801
2025020027,2,786,11:57,08:03,1551,left,525,takeaway,9,O,-99,9,8478020
2025020027,2,800,13:29,06:31,1551,left,525,takeaway,13,D,-93,-23,8478055
2025020027,2,814,14:03,05:57,1551,left,525,takeaway,13,O,93,27,8477409
2025020027,2,853,17:22,02:38,1451,left,525,takeaway,9,D,53,-32,8482105
2025020027,3,933,02:30,17:30,1551,right,525,takeaway,13,O,-55,-5,8477409
2025020027,3,936,03:02,16:58,1551,right,525,takeaway,9,O,55,34,8481596
2025020027,3,937,03:19,16:41,1551,right,525,takeaway,9,O,75,41,8480188
2025020027,3,998,08:18,11:42,1551,right,525,takeaway,9,O,87,9,8478469
2025020027,3,1096,15:57,04:03,1551,right,525,takeaway,9,O,89,-33,8484321
2025020027,3,1116,17:27,02:33,1551,right,525,takeaway,9,O,60,1,8481596
2025020027,3,1145,19:10,00:50,1551,right,525,takeaway,9,O,95,12,8481596
2025020028,1,106,01:58,18:02,1551,left,525,takeaway,15,O,-78,39,8481656
2025020028,1,329,10:44,09:16,1551,left,525,takeaway,15,D,59,38,8478463
2025020028,2,544,03:05,16:55,1551,right,525,takeaway,15,O,27,0,8484186
2025020028,2,701,06:29,13:31,1551,right,525,takeaway,15,O,79,-26,8481580
2025020028,2,724,08:27,11:33,1541,right,525,takeaway,2,D,79,-26,8476917
2025020028,2,840,17:25,02:35,1551,right,525,takeaway,15,D,-56,35,8476880
2025020028,3,1022,09:53,10:07,1551,left,525,takeaway,15,N,-18,-14,8479345
2025020028,3,1094,15:04,04:56,1551,left,525,takeaway,2,D,-78,21,8477950
2025020028,3,1122,17:04,02:56,1560,left,525,takeaway,2,O,63,-41,8475151
2025020029,1,257,06:21,13:39,1551,left,525,takeaway,5,N,4,-6,8480980
2025020029,1,363,09:23,10:37,1551,left,525,takeaway,3,N,-7,-24,8477839
2025020029,1,365,10:30,09:30,1551,left,525,takeaway,5,D,-41,-40,8478450
2025020029,1,376,11:19,08:41,1551,left,525,takeaway,5,D,-57,16,8474578
2025020029,1,591,18:40,01:20,1551,left,525,takeaway,3,O,-37,14,8479390
2025020029,2,643,01:42,18:18,1551,right,525,takeaway,3,D,-69,29,8479390
2025020029,2,713,07:31,12:29,1551,right,525,takeaway,3,D,-88,-28,8481726
2025020029,2,732,08:50,11:10,1541,right,525,takeaway,3,O,89,29,8478550
2025020029,2,754,10:15,09:45,1551,right,525,takeaway,3,O,56,35,8482157
2025020029,2,769,11:51,08:09,1541,right,525,takeaway,5,D,72,-36,8478569
2025020029,2,860,18:51,01:09,1551,right,525,takeaway,3,N,-20,37,8478882
2025020029,3,896,00:53,19:07,1541,left,525,takeaway,3,D,71,-20,8479323
2025020029,3,991,04:20,15:40,1551,left,525,takeaway,5,D,-28,-2,8478438
2025020029,3,1052,05:19,14:41,1551,left,525,takeaway,5,D,-49,20,8476483
2025020030,1,99,02:39,17:21,1551,right,525,takeaway,4,D,-43,-25,8481178
2025020030,1,354,07:43,12:17,1551,right,525,takeaway,4,O,75,10,8484387
2025020030,1,483,15:20,04:40,1551,right,525,takeaway,12,D,92,-8,8476958
2025020030,2,641,03:59,16:01,1551,left,525,takeaway,12,D,-46,39,8477478
2025020030,2,716,07:50,12:10,1551,left,525,takeaway,4,O,-41,38,8476461
2025020030,2,857,15:58,04:02,1551,left,525,takeaway,4,O,-96,22,8478454
2025020030,3,1217,18:34,01:26,1551,right,525,takeaway,4,O,78,-25,8477948
2025020031,1,71,00:55,19:05,1551,right,525,takeaway,16,D,58,-14,8482176
2025020031,1,74,01:05,18:55,1551,right,525,takeaway,8,D,-83,-21,8484984
2025020031,1,99,01:30,18:30,1551,right,525,takeaway,16,O,-78,-41,8483493
2025020031,2,505,00:33,19:27,1551,left,525,takeaway,16,O,99,1,8477444
2025020031,2,635,04:41,15:19,1551,left,525,takeaway,16,O,98,-19,8483493
2025020031,2,641,04:47,15:13,1551,left,525,takeaway,16,N,18,-34,8483493
2025020031,2,778,08:32,11:28,1451,left,525,takeaway,8,D,29,-18,8476875
2025020031,2,818,14:20,05:40,1551,left,525,takeaway,16,N,-17,40,8476882
2025020031,3,936,04:20,15:40,1551,right,525,takeaway,16,O,-57,40,8482703
2025020031,3,955,06:21,13:39,1451,right,525,takeaway,8,D,-71,-41,8480865
2025020031,3,1000,10:50,09:10,1551,right,525,takeaway,16,N,0,-41,8476891
2025020031,3,1065,15:18,04:42,1451,right,525,takeaway,8,N,-22,28,8482087
2025020032,1,97,00:54,19:06,1551,left,525,takeaway,18,D,-35,31,8476887
2025020032,1,257,02:47,17:13,1551,left,525,takeaway,18,N,3,-21,8479370
2025020032,1,434,12:31,07:29,1551,left,525,takeaway,68,O,-62,33,8480434
2025020032,1,566,15:56,04:04,1541,left,525,takeaway,68,O,-91,3,8477951
2025020032,2,651,01:58,18:02,1551,right,525,takeaway,68,N,-16,16,8478831
2025020032,2,722,07:40,12:20,1551,right,525,takeaway,18,O,-97,-16,8475287
2025020032,2,815,15:39,04:21,1551,right,525,takeaway,18,O,-93,-12,8479370
2025020032,2,845,18:36,01:24,1551,right,525,takeaway,18,D,59,-36,8474600
2025020032,2,848,19:10,00:50,1551,right,525,takeaway,18,D,50,-41,8481056
2025020032,3,918,03:21,16:39,1551,left,525,takeaway,68,O,-96,0,8475461
2025020032,3,1021,05:16,14:44,1541,left,525,takeaway,18,N,-3,0,8475158
2025020032,3,1025,05:20,14:40,1541,left,525,takeaway,68,N,-20,7,8477951
2025020032,3,1171,14:34,05:26,1551,left,525,takeaway,68,D,99,17,8480855
2025020033,1,194,02:46,17:14,1551,right,525,takeaway,29,D,-48,-38,8478500
2025020033,1,449,13:10,06:50,1551,right,525,takeaway,30,O,-40,-37,8482079
2025020033,1,491,15:17,04:43,1551,right,525,takeaway,29,O,48,-41,8480806
2025020033,1,499,19:43,00:17,1551,right,525,takeaway,30,O,-97,20,8475149
2025020033,2,574,04:52,15:08,1551,left,525,takeaway,29,D,47,21,8483485
2025020033,2,763,11:59,08:01,1551,left,525,takeaway,30,D,-47,38,8482122
2025020033,2,814,18:26,01:34,1551,left,525,takeaway,30,N,10,-22,8477451
2025020033,3,843,01:02,18:58,1551,right,525,takeaway,30,D,98,-2,8474716
2025020033,3,876,01:33,18:27,1551,right,525,takeaway,30,O,-35,-40,8478136
2025020033,3,963,04:25,15:35,1551,right,525,takeaway,29,O,64,22,8477497
2025020033,3,1103,15:06,04:54,1451,right,525,takeaway,29,N,-12,-32,8475745
2025020033,3,1116,18:31,01:29,1560,right,525,takeaway,29,D,-31,8,8475745
2025020034,1,411,17:27,02:33,1551,right,525,takeaway,25,O,43,37,8480027
2025020034,2,626,05:59,14:01,1551,left,525,takeaway,21,D,-94,15,8480069
2025020034,2,650,07:58,12:02,1551,left,525,takeaway,21,D,-96,7,8480069
2025020034,2,699,10:53,09:07,1551,left,525,takeaway,21,D,-72,-32,8484258
2025020034,2,778,17:01,02:59,1551,left,525,takeaway,21,D,-98,-20,8480069
2025020034,3,860,01:52,18:08,1551,right,525,takeaway,25,D,-27,3,8482740
2025020034,3,1011,14:32,05:28,1551,right,525,takeaway,25,O,87,-35,8475168
2025020035,1,171,04:01,15:59,1551,left,525,takeaway,22,O,31,-29,8477953
2025020035,2,570,08:59,11:01,1551,right,525,takeaway,23,D,-70,-40,8479425
2025020035,3,711,00:06,19:54,1551,left,525,takeaway,23,D,29,41,8479425
2025020035,3,942,13:59,06:01,1551,left,525,takeaway,23,O,-93,25,8480078
2025020035,3,998,18:22,01:38,0641,left,525,takeaway,22,D,-59,-33,8477934
2025020036,1,230,08:42,11:18,1551,left,525,takeaway,24,O,-96,-26,8482745
2025020036,1,301,10:30,09:30,1551,left,525,takeaway,24,O,-99,-4,8475798
2025020036,1,438,16:34,03:26,1541,left,525,takeaway,28,D,-37,-30,8484911
2025020036,2,637,07:48,12:12,1551,right,525,takeaway,28,O,-80,18,8480798
2025020036,3,818,01:00,19:00,1551,left,525,takeaway,28,D,-88,18,8479983
2025020036,3,1018,15:19,04:41,1551,left,525,takeaway,24,O,-68,-42,8481605
2025020037,1,325,10:42,09:18,1551,left,525,takeaway,54,D,35,7,8478403
2025020037,2,474,00:53,19:07,1451,right,525,takeaway,54,O,38,-16,8478483
2025020037,3,813,00:37,19:23,1541,left,525,takeaway,55,N,20,-8,8476905
2025020037,3,1006,11:49,08:11,1551,left,525,takeaway,54,D,28,3,8481527
2025020037,3,1028,12:06,07:54,1551,left,525,takeaway,55,D,-48,-25,8479372
2025020038,1,98,02:38,17:22,1551,right,525,takeaway,3,O,-96,8,8479390
2025020038,1,134,04:19,15:41,1551,right,525,takeaway,3,N,13,37,8477839
2025020038,1,432,15:45,04:15,1551,right,525,takeaway,3,O,-53,41,8478840
2025020038,1,478,19:50,00:10,1551,right,525,takeaway,3,O,-35,-26,8478550
2025020038,2,598,05:10,14:50,1551,left,525,takeaway,15,O,-67,41,8484186
2025020038,2,651,09:46,10:14,1551,left,525,takeaway,15,D,72,-38,8478911
2025020038,3,789,01:56,18:04,1551,right,525,takeaway,3,O,-99,-5,8481726
2025020038,3,862,07:05,12:55,1551,right,525,takeaway,3,O,-34,-3,8480001
2025020038,3,899,10:10,09:50,1551,right,525,takeaway,15,O,85,38,8481580
2025020039,1,118,02:43,17:17,1551,left,525,takeaway,7,O,78,-22,8482896
2025020039,1,404,12:56,07:04,1551,left,525,takeaway,7,O,27,-3,8481522
2025020039,2,578,01:40,18:20,1551,right,525,takeaway,7,N,23,27,8475722
2025020039,2,598,03:35,16:25,1551,right,525,takeaway,7,O,-77,15,8479420
2025020039,2,631,05:54,14:06,1551,right,525,takeaway,7,O,-67,-7,8479420
2025020039,2,632,06:04,13:56,1551,right,525,takeaway,7,D,29,-40,8482671
2025020039,2,772,15:16,04:44,1551,right,525,takeaway,21,O,96,-11,8476312
2025020039,2,814,17:57,02:03,1551,right,525,takeaway,21,O,40,-30,8480835
2025020039,2,817,18:44,01:16,1551,right,525,takeaway,7,N,19,39,8475722
2025020039,3,863,01:27,18:33,1551,left,525,takeaway,21,O,-99,17,8477476
2025020039,3,909,04:29,15:31,1551,left,525,takeaway,21,O,-74,-33,8477492
2025020039,3,962,08:35,11:25,1551,left,525,takeaway,21,O,-99,-5,8478109
2025020040,1,486,01:00,19:00,1551,left,525,takeaway,14,N,-24,-12,8477404
2025020040,1,91,01:53,18:07,1551,left,525,takeaway,14,O,-30,-5,8476453
2025020040,1,109,02:41,17:19,1451,left,525,takeaway,14,O,-94,27,8479542
2025020040,1,190,09:03,10:57,1551,left,525,takeaway,14,D,74,-17,8474151
2025020040,1,241,12:38,07:22,1551,left,525,takeaway,14,D,63,0,8480995
2025020040,1,403,13:20,06:40,1551,left,525,takeaway,14,N,-6,11,8480876
2025020040,2,660,04:59,15:01,1551,right,525,takeaway,14,N,1,-34,8479542
2025020040,2,755,08:48,11:12,1551,right,525,takeaway,6,D,46,-40,8479999
2025020040,2,801,11:28,08:32,1441,right,525,takeaway,6,O,-98,-4,8477956
2025020040,3,986,05:04,14:56,1551,left,525,takeaway,6,O,63,11,8479987
2025020040,3,1132,16:12,03:48,1551,left,525,takeaway,6,D,-91,33,8477956
2025020040,3,1140,17:10,02:50,1551,left,525,takeaway,14,D,51,-41,8482655
2025020040,3,1149,17:25,02:35,1551,left,525,takeaway,6,O,76,-28,8478401
2025020040,3,1152,17:38,02:22,1551,left,525,takeaway,14,D,80,-40,8477404
2025020040,3,1170,19:20,00:40,1560,left,525,takeaway,6,D,-95,-19,8478401
2025020041,1,83,01:15,18:45,1551,left,525,takeaway,18,O,-98,9,8479370
2025020041,2,676,09:01,10:59,1551,right,525,takeaway,9,N,2,-34,8482105
2025020041,2,704,10:22,09:38,1551,right,525,takeaway,18,O,90,32,8474564
2025020041,3,1090,12:11,07:49,1541,left,525,takeaway,18,O,-95,20,8476887
2025020041,3,1092,12:16,07:44,1541,left,525,takeaway,9,D,-28,-37,8475324
2025020041,3,1097,12:19,07:41,1541,left,525,takeaway,9,D,-98,-9,8478469
2025020042,1,208,05:37,14:23,1541,left,525,takeaway,2,D,-72,-15,8485366
2025020042,2,639,06:49,13:11,1551,right,525,takeaway,2,O,-70,37,8476429
2025020042,2,665,08:57,11:03,1451,right,525,takeaway,52,D,-96,11,8480145
2025020042,2,710,13:17,06:43,1551,right,525,takeaway,52,O,62,39,8474679
2025020042,2,720,14:35,05:25,1551,right,525,takeaway,52,N,-12,31,8479378
2025020042,3,836,05:11,14:49,1551,left,525,takeaway,52,N,8,14,8477504
2025020042,3,909,10:49,09:11,1551,left,525,takeaway,2,O,64,38,8478445
2025020043,1,116,03:00,17:00,1551,right,525,takeaway,17,D,-77,-41,8481542
2025020043,1,122,03:21,16:39,1551,right,525,takeaway,17,N,-20,-36,8484471
2025020043,1,192,08:38,11:22,1551,right,525,takeaway,17,O,94,-31,8481542
2025020043,1,273,13:36,06:24,1551,right,525,takeaway,10,O,-87,25,8482720
2025020043,1,284,14:28,05:32,1551,right,525,takeaway,17,D,-97,10,8481607
2025020043,1,379,17:36,02:24,1541,right,525,takeaway,10,D,35,-42,8482720
2025020043,1,384,18:02,01:58,1541,right,525,takeaway,10,D,40,-40,8475690
2025020043,2,457,02:47,17:13,1551,left,525,takeaway,17,O,-71,-40,8480879
2025020043,2,679,10:35,09:25,1551,left,525,takeaway,10,D,-26,-36,8475690
2025020043,2,681,10:47,09:13,1551,left,525,takeaway,10,O,62,26,8481711
2025020043,2,702,12:48,07:12,1551,left,525,takeaway,17,N,0,0,8481607
2025020043,2,830,19:49,00:11,1551,left,525,takeaway,10,O,67,38,8476853
2025020043,2,831,19:51,00:09,1551,left,525,takeaway,17,D,32,38,8475279
2025020043,3,891,02:25,17:35,1551,right,525,takeaway,17,N,-5,-41,8481542
2025020043,3,895,02:35,17:25,1551,right,525,takeaway,10,D,71,24,8475690
2025020043,3,896,02:45,17:15,1551,right,525,takeaway,17,O,97,-13,8484471
2025020043,3,989,08:21,11:39,1551,right,525,takeaway,17,D,-47,-30,8475279
2025020043,3,1083,15:33,04:27,1441,right,525,takeaway,17,D,-91,16,8484223
2025020044,1,135,01:14,18:46,1551,right,525,takeaway,4,N,-9,14,8481533
2025020044,1,301,07:18,12:42,1551,right,525,takeaway,4,O,-48,18,8478439
2025020044,1,433,16:52,03:08,1551,right,525,takeaway,4,N,4,-38,8482126
2025020044,1,434,18:30,01:30,1551,right,525,takeaway,4,O,-26,-16,8484387
2025020044,2,795,18:43,01:17,1451,left,525,takeaway,13,D,50,-37,8478055
2025020044,3,898,07:03,12:57,1551,right,525,takeaway,13,O,64,36,8477935
2025020045,1,178,05:06,14:54,1551,left,525,takeaway,29,O,72,28,8478460
2025020045,1,187,05:34,14:26,1551,left,525,takeaway,1,D,43,-30,8478399
2025020045,1,253,06:38,13:22,1451,left,525,takeaway,1,D,69,26,8475455
2025020045,2,551,00:51,19:09,1551,right,525,takeaway,1,O,92,24,8479407
2025020045,2,653,08:15,11:45,1551,right,525,takeaway,1,O,42,-41,8481559
2025020045,2,662,08:44,11:16,1551,right,525,takeaway,29,D,44,-14,8480893
2025020045,2,729,14:18,05:42,1551,right,525,takeaway,29,D,60,-40,8484166
2025020045,2,752,15:30,04:30,1451,right,525,takeaway,1,N,-13,-20,8481559
2025020046,1,222,07:33,12:27,1551,right,525,takeaway,23,D,97,15,8479425
2025020046,1,274,11:15,08:45,1551,right,525,takeaway,23,O,-95,0,8480012
2025020046,1,321,13:44,06:16,1551,right,525,takeaway,19,O,80,-26,8483516
2025020046,1,364,19:26,00:34,1551,right,525,takeaway,19,O,95,-3,8480023
2025020046,2,557,02:39,17:21,1551,left,525,takeaway,19,D,77,41,8475760
2025020046,2,596,05:58,14:02,1551,left,525,takeaway,19,D,34,31,8476892
2025020046,2,630,09:17,10:43,1551,left,525,takeaway,23,N,-3,17,8480012
2025020046,2,771,14:39,05:21,1551,left,525,takeaway,19,D,64,-34,8483516
2025020046,2,775,14:43,05:17,1551,left,525,takeaway,23,D,-38,10,8482055
2025020046,2,788,18:08,01:52,1551,left,525,takeaway,23,O,55,41,8482691
2025020046,3,923,05:30,14:30,1551,right,525,takeaway,19,O,58,28,8483516
2025020046,3,986,09:10,10:50,1451,right,525,takeaway,19,D,-30,-36,8480459
2025020046,3,1017,11:15,08:45,1551,right,525,takeaway,23,D,72,25,8479425
2025020046,3,1059,14:52,05:08,1551,right,525,takeaway,19,D,-81,-40,8475170
2025020047,1,67,00:07,19:53,1551,right,525,takeaway,26,N,16,18,8482124
2025020047,1,110,03:17,16:43,1551,right,525,takeaway,26,O,70,41,8476441
2025020047,1,309,14:47,05:13,1551,right,525,takeaway,30,N,17,2,8475220
2025020047,1,350,17:26,02:34,1551,right,525,takeaway,30,N,-19,39,8478508
2025020047,2,580,04:20,15:40,1551,left,525,takeaway,30,N,-12,-29,8476994
2025020047,2,640,09:31,10:29,1551,left,525,takeaway,30,O,93,18,8477451
2025020047,2,681,12:59,07:01,1551,left,525,takeaway,26,O,-38,15,8475208
2025020047,2,714,15:31,04:29,1551,left,525,takeaway,26,D,34,33,8476479
2025020047,2,715,15:35,04:25,1551,left,525,takeaway,30,N,24,19,8482122
2025020047,3,810,02:21,17:39,1551,right,525,takeaway,30,O,-76,41,8478508
2025020047,3,865,06:31,13:29,1551,right,525,takeaway,30,O,-99,-6,8483525
2025020047,3,944,13:01,06:59,1551,right,525,takeaway,30,D,98,8,8478493
2025020047,3,945,13:04,06:56,1551,right,525,takeaway,26,O,65,39,8481532
2025020047,3,955,13:27,06:33,1551,right,525,takeaway,30,O,-87,-26,8484798
2025020047,3,1033,18:58,01:02,0651,right,525,takeaway,26,O,98,-4,8471685
2025020048,1,339,10:58,09:02,1551,right,525,takeaway,16,D,39,13,8482176
2025020048,1,471,17:02,02:58,1551,right,525,takeaway,68,D,-36,19,8482175
2025020048,2,631,04:32,15:28,1551,left,525,takeaway,16,D,-98,-6,8477987
2025020049,1,183,02:56,17:04,1551,right,525,takeaway,10,O,-93,-6,8477939
2025020049,1,223,05:29,14:31,1551,right,525,takeaway,18,O,46,-12,8482146
2025020049,1,319,13:06,06:54,1551,right,525,takeaway,18,D,-43,33,8476887
2025020049,1,352,14:42,05:18,1551,right,525,takeaway,10,O,-77,-40,8481122
2025020049,3,981,09:24,10:36,1551,right,525,takeaway,18,D,-35,31,8480246
2025020049,3,1045,11:57,08:03,1451,right,525,takeaway,10,O,-94,-26,8477939
2025020049,3,1102,17:05,02:55,1551,right,525,takeaway,10,D,26,-21,8477939
2025020049,3,1104,18:04,01:56,1551,right,525,takeaway,18,O,74,23,8481056
2025020050,1,136,04:45,15:15,1551,right,525,takeaway,55,N,-2,-40,8483497
2025020050,1,180,08:14,11:46,1451,right,525,takeaway,8,O,-90,-24,8475848
2025020050,1,288,12:38,07:22,1441,right,525,takeaway,8,N,0,33,8481540
2025020050,2,579,06:14,13:46,1551,left,525,takeaway,8,D,-94,-30,8478851
2025020050,3,789,03:48,16:12,1551,right,525,takeaway,55,D,-72,16,8479324
2025020050,3,806,04:20,15:40,1551,right,525,takeaway,55,D,-79,23,8480009
2025020050,3,866,08:50,11:10,1551,right,525,takeaway,55,N,9,-36,8481789
2025020050,3,960,14:36,05:24,1551,right,525,takeaway,55,D,-29,-40,8477986
2025020051,1,250,11:42,08:18,1551,right,525,takeaway,3,D,65,27,8478840
2025020051,2,477,00:50,19:10,1551,left,525,takeaway,22,D,83,-12,8479442
2025020051,2,631,09:04,10:56,1551,left,525,takeaway,22,D,89,-34,8477934
2025020051,2,752,17:21,02:39,1551,left,525,takeaway,22,D,93,-20,8475218
2025020051,2,1145,17:35,02:25,1551,left,525,takeaway,3,O,25,-5,8475842
2025020051,2,769,18:51,01:09,1551,left,525,takeaway,22,O,-61,-41,8483512
2025020051,3,848,05:56,14:04,1551,right,525,takeaway,22,N,20,33,8478233
2025020051,3,990,16:09,03:51,1551,right,525,takeaway,22,D,-32,-36,8480803
2025020052,1,106,02:38,17:22,1551,right,525,takeaway,14,O,63,37,8482201
2025020052,1,109,02:41,17:19,1551,right,525,takeaway,15,D,50,38,8482088
2025020052,1,196,09:09,10:51,1551,right,525,takeaway,15,O,-47,-26,8475343
2025020052,2,374,00:21,19:39,1551,left,525,takeaway,14,D,43,40,8482655
2025020052,2,613,06:44,13:16,1451,left,525,takeaway,15,O,82,-36,8474590
2025020052,2,759,09:23,10:37,1551,left,525,takeaway,15,O,98,-1,8478463
2025020053,1,371,10:14,09:46,1551,right,525,takeaway,54,D,-25,5,8478403
2025020053,1,400,11:44,08:16,1551,right,525,takeaway,20,D,49,-39,8480860
2025020053,1,556,15:40,04:20,1551,right,525,takeaway,54,N,-24,-29,8476925
2025020053,1,560,18:17,01:43,1551,right,525,takeaway,20,O,-78,-39,8476399
2025020053,2,783,12:34,07:26,1551,left,525,takeaway,20,O,96,-14,8484860
2025020053,2,817,15:28,04:32,1551,left,525,takeaway,20,D,-71,-24,8480860
2025020053,3,994,07:20,12:40,1551,right,525,takeaway,54,D,-76,-34,8477018
2025020053,3,1006,07:26,12:34,1551,right,525,takeaway,20,O,-94,17,8482679
2025020053,3,1015,07:37,12:23,1551,right,525,takeaway,54,O,33,-17,8475913
2025020053,3,1017,08:49,11:11,1551,right,525,takeaway,54,N,1,8,8476438
2025020053,3,1071,12:56,07:04,1441,right,525,takeaway,54,D,-44,36,8477018
2025020053,3,1107,16:08,03:52,1551,right,525,takeaway,20,O,-98,-2,8477346
2025020054,1,143,06:22,13:38,1551,right,525,takeaway,25,N,0,-26,8481581
2025020054,1,304,13:58,06:02,1551,right,525,takeaway,25,O,-62,-41,8483425
2025020054,2,601,06:03,13:57,1541,left,525,takeaway,25,D,-32,34,8476902
2025020054,2,643,09:55,10:05,1551,left,525,takeaway,25,D,-25,40,8476902
2025020054,2,684,13:54,06:06,1551,left,525,takeaway,30,O,-69,42,8474567
2025020054,2,708,15:21,04:39,1551,left,525,takeaway,30,O,-94,26,8482122
2025020054,2,745,19:46,00:14,1541,left,525,takeaway,25,D,-97,-11,8480036
2025020054,3,846,05:41,14:19,1551,right,525,takeaway,30,N,-10,-10,8483525
2025020054,3,898,09:56,10:04,1551,right,525,takeaway,30,O,70,40,8476994
2025020055,1,159,06:28,13:32,1551,left,525,takeaway,12,O,-98,22,8480762
2025020055,1,200,08:18,11:42,1551,left,525,takeaway,12,D,76,-41,8482093
2025020055,1,251,09:11,10:49,1551,left,525,takeaway,12,O,-32,-42,8473533
2025020055,2,536,03:45,16:15,1551,right,525,takeaway,12,D,-66,-34,8476921
2025020055,2,621,06:09,13:51,1541,right,525,takeaway,28,D,44,-33,8476624
2025020055,2,663,08:55,11:05,1451,right,525,takeaway,12,N,-7,35,8473533
2025020055,2,754,15:59,04:01,1551,right,525,takeaway,28,D,86,33,8484801
2025020055,2,793,18:45,01:15,1551,right,525,takeaway,28,D,46,36,8484801
2025020055,3,921,07:48,12:12,1551,left,525,takeaway,28,N,-16,30,8475200
2025020056,1,403,12:26,07:34,1551,left,525,takeaway,24,O,95,15,8475462
2025020056,1,411,13:38,06:22,1551,left,525,takeaway,5,D,38,-32,8476856
2025020056,2,813,14:58,05:02,1551,right,525,takeaway,5,D,-36,-36,8478854
2025020056,3,1083,16:28,03:32,1551,left,525,takeaway,5,N,8,-34,8478450
2025020057,1,131,03:28,16:32,1551,left,525,takeaway,7,O,71,-37,8479420
2025020057,1,225,04:30,15:30,1551,left,525,takeaway,7,D,-35,-27,8481564
2025020057,1,320,09:31,10:29,1551,left,525,takeaway,9,D,67,13,8482105
2025020057,1,396,14:55,05:05,1541,left,525,takeaway,7,D,-87,22,8482671
2025020057,2,663,07:16,12:44,1541,right,525,takeaway,7,D,28,-32,8484145
2025020057,2,811,16:44,03:16,1551,right,525,takeaway,7,O,-95,18,8482659
2025020057,2,836,17:55,02:05,1551,right,525,takeaway,9,O,58,40,8480208
2025020057,2,833,19:44,00:16,1551,right,525,takeaway,9,N,-21,24,8482105
2025020057,3,941,03:56,16:04,1551,left,525,takeaway,9,O,-97,10,8480208
2025020057,3,990,07:56,12:04,1551,left,525,takeaway,7,D,-69,35,8484145
2025020057,3,1146,15:15,04:45,0651,left,525,takeaway,9,O,-98,4,8482092
2025020058,1,96,02:22,17:38,1551,right,525,takeaway,13,O,34,13,8478542
2025020058,1,188,08:39,11:21,1551,right,525,takeaway,17,N,-24,33,8484471
2025020058,1,528,19:44,00:16,1551,right,525,takeaway,13,N,-3,40,8484304
2025020058,2,657,08:31,11:29,1441,left,525,takeaway,17,D,-99,11,8482762
2025020058,2,755,14:51,05:09,1551,left,525,takeaway,17,D,-84,-36,8484223
2025020059,1,221,06:37,13:23,1551,left,525,takeaway,16,N,-3,-34,8477450
2025020059,1,250,09:00,11:00,1551,left,525,takeaway,16,N,2,27,8481806
2025020059,1,359,10:07,09:53,1551,left,525,takeaway,16,D,82,-39,8482176
2025020059,1,442,15:12,04:48,1551,left,525,takeaway,16,D,40,41,8482176
2025020059,1,443,16:33,03:27,1551,left,525,takeaway,16,N,-3,-28,8476882
2025020059,1,448,17:32,02:28,1551,left,525,takeaway,16,O,-84,-34,8477987
2025020059,2,510,02:46,17:14,1551,right,525,takeaway,16,O,98,16,8484144
2025020059,2,566,05:25,14:35,1541,right,525,takeaway,16,D,-86,-7,8483493
2025020059,2,664,09:10,10:50,1551,right,525,takeaway,19,O,-79,-31,8483516
2025020059,3,848,04:39,15:21,1551,left,525,takeaway,16,O,-93,31,8477444
2025020059,3,886,06:42,13:18,1551,left,525,takeaway,16,D,57,37,8483493
2025020059,3,982,13:25,06:35,1551,left,525,takeaway,16,N,-23,35,8484144
2025020060,1,109,04:15,15:45,1551,left,525,takeaway,68,O,98,5,8478507
2025020060,2,779,12:46,07:14,1551,right,525,takeaway,68,N,-5,-19,8480849
2025020060,2,793,13:25,06:35,1551,right,525,takeaway,20,D,-93,-19,8480860
2025020060,3,937,03:03,16:57,1451,left,525,takeaway,20,D,32,-39,8480860
2025020060,3,963,06:05,13:55,1551,left,525,takeaway,20,N,-23,32,8475172
2025020060,3,979,06:33,13:27,1551,left,525,takeaway,20,O,-56,35,8478397
2025020060,3,1145,19:44,00:16,1551,left,525,takeaway,20,O,-98,-6,8477810
2025020061,1,158,06:36,13:24,1551,right,525,takeaway,10,D,86,-21,8475171
2025020061,1,168,07:09,12:51,1551,right,525,takeaway,10,N,14,40,8475690
2025020061,1,182,07:24,12:36,1541,right,525,takeaway,3,O,58,38,8479323
2025020061,1,200,08:05,11:55,1541,right,525,takeaway,3,O,88,-34,8482109
2025020061,1,375,16:24,03:36,1541,right,525,takeaway,3,O,38,-30,8479323
2025020061,2,602,06:55,13:05,1551,left,525,takeaway,3,D,55,-41,8482460
2025020061,3,832,00:18,19:42,1551,right,525,takeaway,3,O,53,-16,8478882
2025020061,3,1117,19:53,00:07,1551,right,525,takeaway,3,O,65,36,8478882
2025020062,1,147,02:20,17:40,1551,right,525,takeaway,18,D,-61,-20,8482482
2025020062,1,320,12:20,07:40,1551,right,525,takeaway,18,D,-91,15,8477446
2025020062,1,409,17:32,02:28,1551,right,525,takeaway,18,N,22,-26,8476887
2025020062,2,487,05:01,14:59,1451,left,525,takeaway,8,O,97,-8,8483515
2025020062,2,789,17:53,02:07,1551,left,525,takeaway,8,O,88,32,8482087
2025020062,3,875,05:32,14:28,1551,right,525,takeaway,8,O,-92,18,8480865
2025020062,3,925,09:31,10:29,1551,right,525,takeaway,8,D,91,-12,8482087
2025020062,3,1050,19:23,00:37,1560,right,525,takeaway,18,D,-60,40,8476869
2025020062,4,1084,02:08,02:52,1331,left,525,takeaway,8,D,-66,33,8481523
2025020063,1,90,02:27,17:33,1551,left,525,takeaway,55,D,92,8,8476457
2025020063,1,391,11:57,08:03,1551,left,525,takeaway,9,O,96,-26,8482092
2025020063,1,475,18:55,01:05,1551,left,525,takeaway,55,O,-79,35,8478975
2025020063,2,600,04:36,15:24,1551,right,525,takeaway,55,O,75,37,8475768
2025020063,2,665,09:01,10:59,1551,right,525,takeaway,9,D,34,24,8478469
2025020063,2,772,17:38,02:22,1551,right,525,takeaway,55,N,0,4,8475768
2025020063,2,779,18:10,01:50,1551,right,525,takeaway,55,O,97,12,8475768
2025020063,3,821,00:49,19:11,1541,left,525,takeaway,55,O,-96,-21,8475768
2025020063,3,964,12:16,07:44,1551,left,525,takeaway,9,O,98,0,8473512
2025020063,3,1025,17:11,02:49,1551,left,525,takeaway,55,O,-31,-29,8482751
2025020063,4,1109,04:53,00:07,1331,right,525,takeaway,9,D,60,-29,8480208
2025020064,1,259,07:06,12:54,1551,left,525,takeaway,13,O,-48,37,8477933
2025020064,1,273,07:45,12:15,1551,left,525,takeaway,1,D,-41,40,8482684
2025020064,1,395,12:16,07:44,1451,left,525,takeaway,13,D,71,-40,8478055
2025020064,1,467,17:31,02:29,1441,left,525,takeaway,1,D,-34,37,8481559
2025020064,1,477,17:41,02:19,1441,left,525,takeaway,1,D,-42,-41,8481559
2025020064,2,595,01:56,18:04,1551,right,525,takeaway,1,N,-9,31,8481032
2025020064,3,936,07:07,12:53,1551,left,525,takeaway,13,D,65,-14,8484304
2025020065,1,92,01:45,18:15,1551,left,525,takeaway,2,O,94,-8,8482476
2025020065,1,237,06:20,13:40,1441,left,525,takeaway,22,D,38,41,8481617
2025020065,1,250,06:35,13:25,1441,left,525,takeaway,2,D,-72,-34,8481014
2025020065,1,356,10:15,09:45,1551,left,525,takeaway,22,O,-62,1,8478458
2025020065,1,399,16:17,03:43,1551,left,525,takeaway,2,N,-5,27,8478445
2025020065,1,434,19:41,00:19,1551,left,525,takeaway,22,O,-95,0,8478458
2025020065,2,667,13:52,06:08,1551,right,525,takeaway,22,O,63,36,8481617
2025020065,2,697,17:00,03:00,0651,right,525,takeaway,2,D,52,10,8475151
2025020065,3,1040,16:58,03:02,1551,left,525,takeaway,22,O,-83,-32,8476454
2025020065,3,1060,19:27,00:33,0651,left,525,takeaway,2,O,96,-16,8482476
2025020066,1,420,18:28,01:32,1551,right,525,takeaway,4,N,-11,-13,8481533
2025020066,2,520,02:35,17:25,1551,left,525,takeaway,52,D,47,-39,8484135
2025020066,2,597,07:35,12:25,1551,left,525,takeaway,52,O,-48,31,8480145
2025020066,2,609,08:25,11:35,1551,left,525,takeaway,4,O,41,-13,8478439
2025020066,2,673,14:25,05:35,1451,left,525,takeaway,52,D,38,42,8476460
2025020066,3,762,00:51,19:09,1551,right,525,takeaway,4,O,-60,-40,8481546
2025020066,3,981,18:00,02:00,1560,right,525,takeaway,4,O,-71,36,8484387
2025020067,1,218,03:49,16:11,1551,left,525,takeaway,21,D,29,42,8480069
2025020067,1,445,17:01,02:59,1551,left,525,takeaway,21,N,9,29,8470613
2025020067,1,447,17:15,02:45,1551,left,525,takeaway,29,O,93,16,8479671
2025020067,2,575,03:00,17:00,1551,right,525,takeaway,29,D,45,-34,8482475
2025020067,2,753,18:17,01:43,1551,right,525,takeaway,21,D,-52,-41,8476455
2025020067,3,811,01:31,18:29,1551,left,525,takeaway,21,D,71,-37,8476312
2025020067,3,980,14:49,05:11,1551,left,525,takeaway,21,D,58,31,8480069
2025020067,3,997,16:09,03:51,1551,left,525,takeaway,21,O,-42,-35,8477501
2025020068,1,272,05:27,14:33,1551,right,525,takeaway,23,O,95,-14,8480012
2025020068,2,597,05:57,14:03,1451,left,525,takeaway,23,D,64,-41,8477969
2025020068,2,734,17:04,02:56,1551,left,525,takeaway,25,O,44,-5,8481581
2025020068,2,738,17:35,02:25,1551,left,525,takeaway,25,D,-76,-35,8480036
2025020068,2,756,19:14,00:46,1551,left,525,takeaway,25,O,45,-21,8478420
2025020068,3,906,09:34,10:26,1551,right,525,takeaway,25,N,20,-37,8480027
2025020068,3,951,13:04,06:56,1551,right,525,takeaway,23,O,96,-18,8478856
2025020069,1,114,03:15,16:45,1551,right,525,takeaway,6,D,-89,30,8480887
2025020069,1,198,08:34,11:26,1551,right,525,takeaway,6,D,-71,37,8482511
2025020069,2,517,01:01,18:59,1551,left,525,takeaway,54,N,5,-41,8477964
2025020069,2,527,01:45,18:15,1551,left,525,takeaway,6,D,29,36,8478042
2025020069,2,603,03:11,16:49,1551,left,525,takeaway,6,O,-78,40,8476374
2025020069,2,682,10:23,09:37,1551,left,525,takeaway,54,D,-64,42,8475188
2025020069,2,799,19:53,00:07,1551,left,525,takeaway,54,O,98,-7,8476881
2025020069,3,885,05:38,14:22,1551,right,525,takeaway,6,D,-45,36,8477507
2025020070,1,75,01:11,18:49,1541,left,525,takeaway,12,O,-90,25,8482093
2025020070,3,880,03:44,16:16,1551,left,525,takeaway,12,O,-86,-28,8476921
2025020070,3,1017,11:42,08:18,1551,left,525,takeaway,24,O,93,-21,8481563
2025020070,3,1087,15:43,04:17,1551,left,525,takeaway,12,O,-69,-29,8482093
2025020070,3,1113,16:55,03:05,1551,left,525,takeaway,12,O,-76,-40,8475791
2025020071,2,648,10:15,09:45,1551,left,525,takeaway,26,O,72,42,8477960
2025020071,2,670,12:10,07:50,1551,left,525,takeaway,26,N,-4,-10,8474563
2025020071,3,804,01:57,18:03,1551,right,525,takeaway,26,O,-66,-39,8476879
2025020072,1,207,06:58,13:02,1551,right,525,takeaway,17,O,-95,-2,8481725
2025020072,1,279,10:14,09:46,1541,right,525,takeaway,17,O,-98,12,8484471
2025020072,2,600,06:15,13:45,1451,left,525,takeaway,14,D,29,-17,8477404
2025020072,2,721,12:47,07:13,1551,left,525,takeaway,17,O,57,41,8479337
2025020072,2,807,18:05,01:55,1451,left,525,takeaway,14,D,90,21,8482655
2025020072,3,974,08:50,11:10,1551,right,525,takeaway,14,O,77,-37,8478178
2025020072,3,1043,12:04,07:56,1551,right,525,takeaway,17,N,-7,9,8483464
2025020072,3,1162,18:22,01:38,1551,right,525,takeaway,14,D,-38,41,8475167
2025020073,1,212,06:20,13:40,1551,right,525,takeaway,15,D,51,42,8474590
2025020073,1,274,11:13,08:47,1551,right,525,takeaway,15,O,-73,38,8480990
2025020073,1,485,19:06,00:54,1551,right,525,takeaway,15,O,-95,-23,8474590
2025020073,2,726,19:55,00:05,1551,left,525,takeaway,30,O,-59,-17,8482079
2025020073,3,907,06:12,13:48,1451,right,525,takeaway,15,O,-93,-2,8479345
2025020073,3,990,14:00,06:00,1551,right,525,takeaway,15,N,16,-12,8478440
2025020073,3,1024,15:47,04:13,1551,right,525,takeaway,15,O,-61,-32,8474590
2025020074,1,136,03:37,16:23,1541,right,525,takeaway,16,D,76,-20,8476891
2025020074,1,149,03:51,16:09,1551,right,525,takeaway,16,N,-10,30,8483450
2025020074,1,482,16:37,03:23,1551,right,525,takeaway,16,D,27,35,8477444
2025020074,1,491,17:15,02:45,1551,right,525,takeaway,23,O,55,28,8483395
2025020074,2,677,07:11,12:49,1551,left,525,takeaway,16,D,-31,29,8482703
2025020074,3,846,01:59,18:01,1551,right,525,takeaway,16,D,54,41,8482703
2025020074,3,926,09:30,10:30,1551,right,525,takeaway,23,O,46,-33,8478498
2025020074,3,974,12:57,07:03,1551,right,525,takeaway,16,O,-69,36,8477450
2025020075,1,390,15:57,04:03,1551,left,525,takeaway,28,D,53,-39,8475181
2025020075,1,420,18:55,01:05,1551,left,525,takeaway,28,O,-54,-38,8480798
2025020075,2,642,09:41,10:19,1551,right,525,takeaway,68,N,-7,42,8478507
2025020075,2,674,12:07,07:53,1451,right,525,takeaway,28,D,-81,-30,8477505
2025020075,2,681,12:13,07:47,1451,right,525,takeaway,28,O,34,-13,8476624
2025020075,2,729,14:21,05:39,1551,right,525,takeaway,68,O,-31,1,8480849
2025020075,2,772,18:30,01:30,1451,right,525,takeaway,28,D,-27,-8,8484911
2025020075,3,891,03:53,16:07,1551,left,525,takeaway,68,O,86,19,8483431
2025020075,3,938,07:49,12:11,1541,left,525,takeaway,68,N,9,41,8480855
2025020075,3,999,11:12,08:48,1551,left,525,takeaway,28,O,-64,38,8479983
2025020075,3,1024,12:57,07:03,1551,left,525,takeaway,28,D,79,37,8480848
2025020076,1,373,08:03,11:57,1551,left,525,takeaway,7,O,66,39,8481522
2025020076,1,485,16:32,03:28,1551,left,525,takeaway,7,D,-65,27,8484145
2025020076,2,689,05:28,14:32,1441,right,525,takeaway,13,D,-85,-14,8484304
2025020076,2,737,11:35,08:25,1551,right,525,takeaway,7,D,31,-38,8479982
2025020076,2,802,16:16,03:44,1551,right,525,takeaway,13,D,-85,-37,8478542
2025020076,3,891,02:27,17:33,1551,left,525,takeaway,13,N,0,-26,8479316
2025020076,3,1262,18:25,01:35,1551,left,525,takeaway,7,N,-16,25,8477949
2025020077,1,152,01:44,18:16,1551,left,525,takeaway,9,D,-65,-33,8482095
2025020077,1,237,08:22,11:38,1551,left,525,takeaway,2,D,36,36,8477494
2025020077,1,444,19:19,00:41,1531,left,525,takeaway,9,D,-53,13,8473512
2025020077,2,802,18:40,01:20,1551,right,525,takeaway,9,N,8,-14,8482116
2025020077,3,854,03:01,16:59,1541,left,525,takeaway,2,D,38,4,8485366
2025020077,3,888,05:12,14:48,1551,left,525,takeaway,9,D,-70,17,8478469
2025020078,1,185,06:13,13:47,1551,left,525,takeaway,1,D,-26,37,8483495
2025020078,1,291,10:39,09:21,1551,left,525,takeaway,22,O,-32,38,8478402
2025020078,1,330,13:40,06:20,1551,left,525,takeaway,1,N,-16,19,8481559
2025020078,1,482,16:38,03:22,1551,left,525,takeaway,1,D,-45,-11,8477015
2025020078,2,538,00:56,19:04,1551,right,525,takeaway,22,N,-1,-4,8475218
2025020078,2,629,08:24,11:36,1551,right,525,takeaway,1,N,-19,39,8479407
2025020078,2,632,08:32,11:28,1551,right,525,takeaway,1,O,-69,30,8479407
2025020078,2,639,09:13,10:47,1551,right,525,takeaway,22,O,31,39,8479442
2025020078,2,722,15:50,04:10,1551,right,525,takeaway,1,D,49,-33,8478414
2025020078,2,759,16:51,03:09,1551,right,525,takeaway,1,D,28,-21,8479407
2025020078,3,810,01:57,18:03,1551,left,525,takeaway,1,O,99,5,8477015
2025020078,3,981,14:52,05:08,1451,left,525,takeaway,22,D,52,-11,8480803
2025020079,1,181,06:22,13:38,1541,right,525,takeaway,10,D,73,32,8478057
2025020079,1,312,12:24,07:36,1551,right,525,takeaway,55,D,-32,-36,8476467
2025020079,1,359,15:23,04:37,1551,right,525,takeaway,55,D,-80,40,8481789
2025020079,2,553,07:48,12:12,1551,left,525,takeaway,55,O,-78,-33,8476467
2025020079,2,579,09:31,10:29,1551,left,525,takeaway,55,N,5,-27,8476905
2025020079,2,681,13:13,06:47,1551,left,525,takeaway,55,N,16,9,8476905
2025020079,3,897,05:16,14:44,1551,right,525,takeaway,55,D,-36,-35,8475768
2025020079,3,898,05:24,14:36,1551,right,525,takeaway,10,D,43,37,8478462
2025020079,4,1152,01:27,03:33,1331,left,525,takeaway,55,D,87,29,8475768
2025020080,1,85,01:22,18:38,1551,right,525,takeaway,3,O,48,-37,8476459
2025020080,1,188,10:23,09:37,0651,right,525,takeaway,8,N,-12,13,8480018
2025020080,1,233,13:31,06:29,1551,right,525,takeaway,3,N,-2,37,8476459
2025020080,1,310,16:16,03:44,1551,right,525,takeaway,3,O,97,0,8478550
2025020080,2,635,13:13,06:47,1551,left,525,takeaway,8,D,-68,39,8484984
2025020080,3,760,02:13,17:47,1441,right,525,takeaway,8,D,37,4,8481618
2025020080,3,781,03:39,16:21,1551,right,525,takeaway,8,O,-30,-36,8482775
2025020080,3,1004,17:36,02:24,1441,right,525,takeaway,3,D,-57,37,8482157
2025020081,1,162,02:02,17:58,1551,right,525,takeaway,4,O,-84,10,8481546
2025020081,2,493,00:36,19:24,1551,left,525,takeaway,4,D,-97,-14,8477948
2025020081,2,742,09:10,10:50,1551,left,525,takeaway,30,N,18,21,8474716
2025020081,3,956,07:02,12:58,1551,right,525,takeaway,4,O,-40,-15,8477989
2025020081,3,1088,16:23,03:37,1551,right,525,takeaway,4,O,-83,-17,8480220
2025020082,1,494,19:11,00:49,1551,left,525,takeaway,14,O,-55,10,8478010
2025020082,2,661,07:48,12:12,1551,right,525,takeaway,29,O,-98,-21,8478500
2025020082,3,920,03:54,16:06,1441,left,525,takeaway,29,N,11,40,8477497
2025020082,3,1045,08:53,11:07,1551,left,525,takeaway,29,O,41,-40,8482660
2025020082,3,1053,09:36,10:24,1551,left,525,takeaway,14,O,-99,-10,8478519
2025020082,3,1073,10:42,09:18,1551,left,525,takeaway,14,D,80,-39,8479542
2025020083,1,133,04:27,15:33,1551,left,525,takeaway,25,D,30,-34,8480036
2025020083,1,162,05:54,14:06,1551,left,525,takeaway,25,D,46,40,8475755
2025020083,1,275,10:13,09:47,1541,left,525,takeaway,19,D,-29,-9,8480023
2025020083,1,323,14:07,05:53,1551,left,525,takeaway,19,O,71,-32,8475753
2025020083,1,437,19:34,00:26,1551,left,525,takeaway,19,N,2,-27,8478472
2025020083,2,785,19:18,00:42,1551,right,525,takeaway,19,D,30,39,8475753
2025020083,3,883,03:38,16:22,1551,left,525,takeaway,25,O,-34,-2,8476889
2025020083,3,881,06:39,13:21,1551,left,525,takeaway,19,O,95,-29,8478472
2025020083,3,950,11:58,08:02,1551,left,525,takeaway,19,N,-11,-35,8476892
2025020083,3,1020,18:23,01:37,1551,left,525,takeaway,19,N,-13,14,8477402
2025020083,3,1034,18:53,01:07,0651,left,525,takeaway,19,D,-25,-42,8480459
2025020084,1,161,06:04,13:56,1551,right,525,takeaway,52,D,53,-32,8473604
2025020084,2,709,12:15,07:45,1551,left,525,takeaway,18,O,-89,24,8475158
2025020084,2,742,14:01,05:59,1551,left,525,takeaway,18,O,-43,41,8479370
2025020084,2,745,14:55,05:05,1551,left,525,takeaway,18,D,79,-18,8482146
2025020084,3,879,03:13,16:47,1551,right,525,takeaway,18,D,-32,6,8482768
2025020084,3,940,09:36,10:24,1551,right,525,takeaway,18,D,-30,21,8479370
2025020084,3,985,13:57,06:03,1551,right,525,takeaway,52,O,-92,8,8480113
2025020085,1,309,09:00,11:00,1551,right,525,takeaway,21,D,99,12,8482470
2025020085,1,506,19:48,00:12,1451,right,525,takeaway,6,N,10,3,8476374
2025020085,2,755,15:16,04:44,1551,left,525,takeaway,21,D,-90,-33,8470613
2025020085,3,1064,16:18,03:42,1551,right,525,takeaway,21,O,-41,-40,8484149
2025020086,1,139,04:42,15:18,1551,right,525,takeaway,12,D,-79,20,8476906
2025020086,1,300,13:45,06:15,1551,right,525,takeaway,12,D,-69,-41,8480817
2025020086,1,448,16:19,03:41,1551,right,525,takeaway,26,N,4,0,8477960
2025020086,2,620,03:35,16:25,1551,left,525,takeaway,12,D,26,33,8480817
2025020086,2,639,04:38,15:22,1551,left,525,takeaway,26,O,37,13,8475208
2025020086,2,652,05:45,14:15,1551,left,525,takeaway,12,O,-93,-24,8480829
2025020086,2,667,06:38,13:22,1551,left,525,takeaway,12,N,0,25,8482702
2025020086,2,705,09:03,10:57,1551,left,525,takeaway,26,D,-62,-19,8482730
2025020086,3,1027,12:09,07:51,1551,right,525,takeaway,12,D,-60,39,8482702
2025020086,3,1129,16:26,03:34,1551,right,525,takeaway,26,D,29,33,8479675
2025020086,3,1149,17:53,02:07,1551,right,525,takeaway,12,O,44,-29,8482100
2025020087,1,388,14:15,05:45,1551,right,525,takeaway,54,N,0,-10,8478403
2025020087,1,506,19:32,00:28,1551,right,525,takeaway,20,D,-46,-41,8477346
2025020087,2,588,05:00,15:00,1551,left,525,takeaway,54,D,-57,-31,8477447
2025020087,2,626,09:14,10:46,1551,left,525,takeaway,20,D,96,-7,8479402
2025020087,3,1071,16:43,03:17,1551,right,525,takeaway,54,N,-7,-10,8477964
2025020088,1,372,15:27,04:33,1551,left,525,takeaway,5,O,-71,-40,8471215
2025020088,2,567,02:48,17:12,1551,right,525,takeaway,28,O,-69,-28,8484227
2025020088,2,577,04:09,15:51,1551,right,525,takeaway,28,O,-39,2,8477505
2025020088,2,586,04:28,15:32,1551,right,525,takeaway,28,O,-63,-28,8478874
2025020088,2,667,10:33,09:27,1551,right,525,takeaway,5,D,-76,-34,8471675
2025020088,2,750,16:56,03:04,1551,right,525,takeaway,28,O,-81,38,8478874
2025020088,3,843,05:00,15:00,1551,left,525,takeaway,5,D,55,-11,8478452
2025020088,3,852,05:24,14:36,1551,left,525,takeaway,28,N,15,-35,8477505
2025020088,3,889,06:30,13:30,1551,left,525,takeaway,5,D,43,41,8478569
2025020089,1,568,14:57,05:03,1551,right,525,takeaway,23,D,-27,35,8483678
2025020089,2,725,01:40,18:20,1551,left,525,takeaway,23,O,-54,-42,8484136
2025020089,2,866,08:48,11:12,1551,left,525,takeaway,23,O,-94,-30,8481024
2025020089,2,896,10:32,09:28,1451,left,525,takeaway,23,D,98,-1,8477969
2025020089,2,901,11:00,09:00,1451,left,525,takeaway,23,N,13,2,8483678
2025020089,2,1013,15:10,04:50,1551,left,525,takeaway,15,D,-97,-24,8480873
2025020089,3,1115,03:18,16:42,1551,right,525,takeaway,15,O,-62,39,8481580
2025020089,3,1355,18:25,01:35,1560,right,525,takeaway,15,O,-54,41,8474590
2025020090,1,235,08:11,11:49,1551,right,525,takeaway,22,O,99,-2,8476967
2025020090,1,1080,18:13,01:47,1551,right,525,takeaway,17,O,-63,41,8482078
2025020090,2,445,00:34,19:26,1551,left,525,takeaway,22,D,97,18,8481491
2025020090,2,652,08:33,11:27,1551,left,525,takeaway,17,O,86,-27,8484471
2025020090,2,1081,18:00,02:00,1551,left,525,takeaway,17,N,1,32,8484794
2025020090,3,822,01:43,18:17,1551,right,525,takeaway,17,D,93,11,8481607
2025020090,3,1052,17:30,02:30,1551,right,525,takeaway,22,N,0,41,8483455
2025020091,1,67,00:15,19:45,1551,right,525,takeaway,24,D,-36,-37,8475462
2025020091,1,253,10:27,09:33,1451,right,525,takeaway,24,D,-49,-25,8482745
2025020091,1,398,16:38,03:22,1551,right,525,takeaway,16,D,89,30,8477444
2025020091,1,483,17:59,02:01,1551,right,525,takeaway,16,D,52,-41,8482117
2025020091,2,520,01:49,18:11,1551,left,525,takeaway,16,D,-52,-40,8481624
2025020091,2,723,13:17,06:43,1551,left,525,takeaway,24,O,-33,0,8482745
2025020091,3,825,01:30,18:30,1551,right,525,takeaway,24,D,-82,-30,8476885
2025020091,3,961,10:58,09:02,1551,right,525,takeaway,24,D,-33,-39,8476885
2025020091,3,966,12:08,07:52,1551,right,525,takeaway,16,O,-25,23,8477479
2025020091,3,970,12:25,07:35,1551,right,525,takeaway,24,D,-81,-35,8481563
2025020091,3,1001,14:00,06:00,1551,right,525,takeaway,24,O,78,-18,8475798
2025020091,4,1109,01:49,03:11,1331,left,525,takeaway,24,D,74,14,8481605
2025020091,4,1116,02:31,02:29,1331,left,525,takeaway,16,N,-5,-8,8484144
2025020092,1,256,03:43,16:17,1451,left,525,takeaway,6,D,34,-41,8476374
2025020092,1,406,11:17,08:43,1551,left,525,takeaway,6,O,-82,31,8482511
2025020092,2,584,00:48,19:12,1541,right,525,takeaway,68,D,80,15,8478831
2025020092,2,720,12:10,07:50,1451,right,525,takeaway,6,N,-14,22,8483489
2025020092,2,752,13:52,06:08,1551,right,525,takeaway,68,O,-98,22,8478831
2025020092,2,779,15:36,04:24,1441,right,525,takeaway,6,O,49,24,8477496
2025020092,3,1020,09:49,10:11,1551,left,525,takeaway,6,D,30,-35,8483489
2025020092,3,1027,10:34,09:26,1551,left,525,takeaway,68,O,59,-29,8482175
2025020092,3,1039,10:51,09:09,1551,left,525,takeaway,6,O,-91,-31,8480355
2025020092,3,1100,18:06,01:54,1551,left,525,takeaway,6,O,-35,1,8477956
2025020092,3,1117,18:09,01:51,1551,left,525,takeaway,6,O,-54,-35,8477956
2025020093,1,249,10:04,09:56,1551,right,525,takeaway,3,O,-49,-26,8476468
2025020093,1,413,17:24,02:36,1551,right,525,takeaway,30,O,94,-10,8475149
2025020093,3,851,01:24,18:36,1551,right,525,takeaway,30,N,1,32,8476994
2025020093,3,870,02:50,17:10,1551,right,525,takeaway,30,O,79,30,8475765
2025020093,3,1022,13:35,06:25,1551,right,525,takeaway,3,O,-96,5,8482109
2025020094,1,298,09:53,10:07,1551,right,525,takeaway,4,O,-95,10,8476461
2025020094,1,331,12:47,07:13,1451,right,525,takeaway,55,N,-4,-18,8476905
2025020094,2,508,01:24,18:36,1551,left,525,takeaway,4,O,80,-30,8481553
2025020094,2,667,11:34,08:26,1551,left,525,takeaway,4,N,0,41,8476372
2025020094,2,756,17:57,02:03,1551,left,525,takeaway,55,D,30,-29,8477401
2025020094,3,956,11:47,08:13,1441,right,525,takeaway,55,D,-29,0,8478975
2025020094,3,1109,15:41,04:19,1541,right,525,takeaway,55,O,65,-32,8479985
2025020095,1,241,08:49,11:11,1551,right,525,takeaway,8,D,95,-29,8481593
2025020095,2,559,05:08,14:52,1551,left,525,takeaway,7,N,-17,-40,8480839
2025020095,2,575,05:26,14:34,1551,left,525,takeaway,7,D,62,-40,8480802
2025020095,2,602,08:26,11:34,1551,left,525,takeaway,8,O,99,0,8475848
2025020095,2,638,12:05,07:55,1541,left,525,takeaway,7,D,29,27,8479420
2025020095,2,721,18:08,01:52,1551,left,525,takeaway,7,D,53,38,8482671
2025020095,3,876,10:19,09:41,1551,right,525,takeaway,7,D,-90,26,8480802
2025020095,3,937,14:13,05:47,1551,right,525,takeaway,8,O,-33,22,8484984
2025020095,3,962,16:43,03:17,1441,right,525,takeaway,7,D,-84,-19,8480839
2025020096,1,148,04:24,15:36,1541,right,525,takeaway,52,D,-57,22,8477504
2025020096,1,324,09:40,10:20,1551,right,525,takeaway,52,D,-34,-35,8474568
2025020096,1,412,11:27,08:33,1551,right,525,takeaway,52,N,-2,17,8478398
2025020096,1,468,16:59,03:01,1551,right,525,takeaway,20,O,-99,13,8483609
2025020096,2,693,08:17,11:43,1551,left,525,takeaway,20,O,95,9,8477346
2025020096,3,989,09:55,10:05,1551,right,525,takeaway,20,D,91,8,8478397
2025020096,3,1134,19:07,00:53,1560,right,525,takeaway,20,O,-98,-18,8476456
2025020097,1,454,17:44,02:16,1551,right,525,takeaway,12,D,-99,-16,8478427
2025020097,2,492,00:31,19:29,1541,left,525,takeaway,54,O,27,2,8478403
2025020097,3,876,10:56,09:04,1551,right,525,takeaway,54,D,55,-27,8476438
2025020098,1,141,02:13,17:47,1551,right,525,takeaway,1,O,32,6,8475455
2025020098,1,185,05:35,14:25,1551,right,525,takeaway,1,D,-99,2,8482684
2025020098,1,367,10:31,09:29,1451,right,525,takeaway,10,O,-95,11,8482720
2025020098,1,479,18:46,01:14,1441,right,525,takeaway,1,O,79,-39,8481559
2025020098,2,673,04:21,15:39,1551,left,525,takeaway,10,D,-55,40,8481122
2025020098,2,697,05:15,14:45,1551,left,525,takeaway,1,O,-99,14,8478414
2025020098,2,757,07:53,12:07,1551,left,525,takeaway,1,N,-11,25,8481032
2025020098,2,793,10:55,09:05,1551,left,525,takeaway,10,D,-37,14,8478904
2025020098,2,798,11:17,08:43,1551,left,525,takeaway,10,N,5,-36,8481582
2025020098,2,859,15:50,04:10,1551,left,525,takeaway,1,D,32,-31,8478399
2025020098,2,868,16:37,03:23,1551,left,525,takeaway,10,O,65,-37,8478057
2025020098,2,869,17:33,02:27,1551,left,525,takeaway,10,O,72,-14,8477939
2025020098,3,1019,10:09,09:51,1551,right,525,takeaway,10,O,-30,-41,8481711
2025020099,1,80,00:19,19:41,1551,left,525,takeaway,22,D,81,17,8475218
2025020099,1,255,11:02,08:58,1551,left,525,takeaway,22,N,6,-34,8475218
2025020099,2,477,00:30,19:30,1451,right,525,takeaway,22,D,-36,-27,8480803
2025020099,2,561,03:19,16:41,1551,right,525,takeaway,22,N,-16,35,8476967
2025020099,2,742,17:54,02:06,1541,right,525,takeaway,9,D,38,-38,8473512
2025020099,3,881,07:15,12:45,1551,left,525,takeaway,22,D,71,-37,8485493
2025020100,1,97,02:44,17:16,1551,left,525,takeaway,28,N,13,-25,8475200
2025020100,1,201,05:55,14:05,1551,left,525,takeaway,2,D,-39,41,8485366
2025020100,1,387,16:00,04:00,1551,left,525,takeaway,28,O,-45,0,8480848
2025020100,1,466,18:02,01:58,1541,left,525,takeaway,2,N,-15,37,8481601
2025020100,2,575,02:24,17:36,1551,right,525,takeaway,28,O,98,-3,8484806
2025020100,2,649,07:57,12:03,1551,right,525,takeaway,28,O,54,-42,8480848
2025020100,3,1057,15:52,04:08,1551,left,525,takeaway,2,N,8,31,8477407
2025020100,3,1092,18:12,01:48,0651,left,525,takeaway,2,D,-75,40,8476917
2025020101,1,140,03:29,16:31,1551,left,525,takeaway,23,O,-29,-6,8482055
2025020101,1,892,18:21,01:39,1451,left,525,takeaway,5,D,-76,-40,8471215
2025020101,2,586,03:56,16:04,1551,right,525,takeaway,5,O,-95,-27,8478854
2025020101,2,1108,06:40,13:20,1551,right,525,takeaway,5,O,-75,-38,8478438
2025020101,2,746,10:36,09:24,1551,right,525,takeaway,5,O,-58,14,8480842
2025020101,3,1196,17:52,02:08,1451,left,525,takeaway,23,D,43,-39,8483678
2025020102,1,85,01:57,18:03,1551,right,525,takeaway,15,D,28,-40,8480873
2025020102,1,98,02:21,17:39,1551,right,525,takeaway,55,D,-38,40,8478407
2025020102,1,121,04:30,15:30,1551,right,525,takeaway,15,D,33,35,8476880
2025020102,1,349,13:41,06:19,1551,right,525,takeaway,15,D,65,-41,8475343
2025020102,1,395,18:08,01:52,1551,right,525,takeaway,15,D,33,24,8476880
2025020102,1,513,19:27,00:33,1551,right,525,takeaway,55,O,26,36,8476467
2025020102,2,578,02:35,17:25,1551,left,525,takeaway,15,N,20,-23,8482088
2025020102,2,601,05:06,14:54,1551,left,525,takeaway,15,D,-30,28,8478440
2025020102,2,657,10:04,09:56,1551,left,525,takeaway,15,O,93,20,8474590
2025020102,2,740,17:40,02:20,1551,left,525,takeaway,55,D,59,23,8483570
2025020102,3,778,00:40,19:20,1551,right,525,takeaway,55,D,-85,-17,8484800
2025020102,3,1026,17:49,02:11,0651,right,525,takeaway,15,N,-5,31,8474590
2025020103,1,240,01:15,18:45,1551,left,525,takeaway,6,O,88,-12,8477956
2025020103,1,404,10:06,09:54,1551,left,525,takeaway,6,D,-77,-30,8479325
2025020103,1,606,14:54,05:06,1551,left,525,takeaway,6,O,97,2,8478042
2025020103,1,609,17:46,02:14,1551,left,525,takeaway,6,D,-90,35,8476374
2025020103,1,611,19:30,00:30,1551,left,525,takeaway,13,N,0,-22,8477933
2025020103,1,613,19:40,00:20,1551,left,525,takeaway,6,D,-38,-41,8477507
2025020103,2,735,02:15,17:45,1551,right,525,takeaway,6,O,-95,-4,8477496
2025020103,2,760,02:52,17:08,1551,right,525,takeaway,6,O,-82,-28,8479987
2025020103,2,764,03:12,16:48,1551,right,525,takeaway,6,D,45,-18,8477507
2025020103,2,788,08:33,11:27,1551,right,525,takeaway,6,D,39,35,8480355
2025020103,2,896,19:23,00:37,1541,right,525,takeaway,6,D,72,-35,8480355
2025020103,3,1133,12:25,07:35,1551,left,525,takeaway,6,D,-31,-40,8479325
2025020103,3,1235,15:07,04:53,1551,left,525,takeaway,13,N,5,-33,8477935
2025020104,1,237,08:05,11:55,1551,left,525,takeaway,19,N,-21,25,8475764
2025020104,1,246,08:16,11:44,1551,left,525,takeaway,26,D,47,36,8475208
2025020104,1,267,09:34,10:26,1551,left,525,takeaway,19,D,-83,33,8481598
2025020104,1,327,13:45,06:15,1551,left,525,takeaway,26,O,-89,-7,8476469
2025020104,2,524,01:17,18:43,1551,right,525,takeaway,26,O,75,-16,8477960
2025020104,2,529,01:42,18:18,1551,right,525,takeaway,26,N,11,-4,8477960
2025020104,2,569,02:44,17:16,1551,right,525,takeaway,26,O,91,-31,8482730
2025020104,3,878,05:32,14:28,1551,left,525,takeaway,19,O,90,-35,8480023
2025020104,3,905,07:10,12:50,1551,left,525,takeaway,26,O,-72,42,8474563
2025020104,3,1014,14:43,05:17,1551,left,525,takeaway,26,D,33,42,8474563
2025020105,1,258,06:21,13:39,1551,left,525,takeaway,24,D,77,25,8475798
2025020105,1,285,08:19,11:41,1551,left,525,takeaway,18,N,-9,-36,8475158
2025020105,1,289,08:38,11:22,1551,left,525,takeaway,24,O,-95,-10,8480068
2025020105,1,359,13:21,06:39,1551,left,525,takeaway,18,N,7,26,8482062
2025020105,1,522,19:56,00:04,1551,left,525,takeaway,18,D,-57,27,8474564
2025020105,2,583,02:07,17:53,1551,right,525,takeaway,24,O,96,-14,8484762
2025020105,2,746,11:05,08:55,1451,right,525,takeaway,18,D,42,-18,8474600
2025020105,2,775,13:29,06:31,1551,right,525,takeaway,24,O,98,-18,8482745
2025020105,2,819,16:03,03:57,1551,right,525,takeaway,24,N,16,-1,8480068
2025020105,2,834,18:02,01:58,1551,right,525,takeaway,24,D,-46,-34,8478873
2025020105,3,941,06:32,13:28,1551,left,525,takeaway,18,D,-79,-12,8482146
2025020105,3,1147,17:50,02:10,1551,left,525,takeaway,24,D,52,-39,8481563
2025020106,1,77,00:43,19:17,1551,right,525,takeaway,25,D,50,-41,8480036
2025020106,1,283,04:54,15:06,1551,right,525,takeaway,29,N,-7,-34,8482705
2025020106,1,285,05:10,14:50,1551,right,525,takeaway,25,N,-5,19,8479351
2025020106,1,326,08:00,12:00,1551,right,525,takeaway,29,D,-91,11,8482660
2025020106,1,424,12:35,07:25,1551,right,525,takeaway,25,O,-70,39,8476902
2025020106,2,611,03:07,16:53,1551,left,525,takeaway,29,N,-17,-39,8480806
2025020106,3,832,01:11,18:49,1551,right,525,takeaway,29,O,34,-25,8484166
2025020106,3,957,09:00,11:00,1551,right,525,takeaway,29,D,-72,-42,8476923
2025020106,3,1005,13:15,06:45,1551,right,525,takeaway,25,O,-73,-17,8479351
2025020106,3,1031,14:43,05:17,1551,right,525,takeaway,29,O,41,-30,8476923
2025020106,3,1062,16:14,03:46,1560,right,525,takeaway,29,D,-83,35,8484166
2025020106,3,1064,17:02,02:58,1551,right,525,takeaway,29,N,21,-28,8482475
2025020106,3,1065,19:09,00:51,1551,right,525,takeaway,25,D,77,-37,8482145
2025020106,3,1066,19:14,00:46,1551,right,525,takeaway,29,D,-32,4,8479371
2025020107,1,152,02:39,17:21,1551,left,525,takeaway,68,N,-11,0,8477220
2025020107,1,271,06:11,13:49,1551,left,525,takeaway,21,N,19,25,8476455
2025020107,1,359,09:21,10:39,1451,left,525,takeaway,21,D,48,-39,8477501
2025020107,1,423,14:32,05:28,1551,left,525,takeaway,21,O,-96,15,8484258
2025020107,2,502,00:26,19:34,1551,right,525,takeaway,21,N,-24,13,8477492
2025020107,2,637,04:46,15:14,1551,right,525,takeaway,21,N,-10,-37,8470613
2025020107,2,670,06:23,13:37,1551,right,525,takeaway,68,O,-73,-39,8478831
2025020107,2,709,08:30,11:30,1551,right,525,takeaway,21,O,55,31,8475754
2025020107,3,851,01:05,18:55,1551,left,525,takeaway,21,O,-99,-5,8480835
2025020107,3,992,08:57,11:03,1551,left,525,takeaway,68,O,94,-23,8479293
2025020107,3,1039,09:46,10:14,1551,left,525,takeaway,68,D,-28,-41,8479410
2025020108,1,94,01:15,18:45,1551,left,525,takeaway,30,N,-3,31,8475149
2025020108,1,330,13:11,06:49,1551,left,525,takeaway,30,D,29,40,8475220
2025020108,2,518,00:48,19:12,1551,right,525,takeaway,30,O,53,38,8475765
2025020108,2,574,03:48,16:12,1551,right,525,takeaway,1,D,53,-30,8478399
2025020108,2,596,05:37,14:23,1551,right,525,takeaway,30,D,-56,-29,8475765
2025020108,2,708,14:10,05:50,1551,right,525,takeaway,1,O,-93,30,8483531
2025020108,2,725,14:41,05:19,1551,right,525,takeaway,1,D,31,17,8483531
2025020108,2,732,15:04,04:56,1551,right,525,takeaway,1,O,-54,39,8478414
2025020108,2,737,18:32,01:28,1551,right,525,takeaway,1,D,39,-15,8480002
2025020109,1,168,04:02,15:58,1451,left,525,takeaway,17,D,30,-31,8475279
2025020109,1,358,14:45,05:15,1551,left,525,takeaway,7,O,81,27,8479420
2025020109,2,642,07:19,12:41,1551,right,525,takeaway,17,O,97,9,8477429
2025020109,2,683,10:54,09:06,1551,right,525,takeaway,17,O,68,41,8481607
2025020109,2,804,17:58,02:02,1551,right,525,takeaway,7,D,31,41,8479359
2025020109,3,831,00:35,19:25,1551,left,525,takeaway,7,D,-41,41,8480839
2025020109,3,988,12:06,07:54,1551,left,525,takeaway,17,O,-80,-41,8481542
2025020110,1,105,03:30,16:30,1551,right,525,takeaway,8,D,-41,36,8481540
2025020110,1,261,10:21,09:39,1451,right,525,takeaway,8,D,-49,-41,8478133
2025020110,1,292,12:44,07:16,1551,right,525,takeaway,8,O,98,-6,8478851
2025020110,1,357,13:59,06:01,1551,right,525,takeaway,20,N,-1,-26,8480860
2025020110,1,435,17:54,02:06,1551,right,525,takeaway,20,N,-9,-31,8484768
2025020110,2,571,01:52,18:08,1551,left,525,takeaway,8,N,-18,33,8484984
2025020110,2,648,07:41,12:19,1551,left,525,takeaway,20,D,-34,-40,8474150
2025020110,3,946,11:27,08:33,1551,right,525,takeaway,8,D,-32,-2,8483457
2025020110,3,1120,19:24,00:36,1551,right,525,takeaway,8,N,-5,-9,8478851
2025020111,1,137,05:49,14:11,1551,left,525,takeaway,6,N,20,35,8483489
2025020111,1,461,17:55,02:05,1551,left,525,takeaway,6,O,84,25,8480355
2025020111,2,739,14:04,05:56,1551,right,525,takeaway,24,O,70,12,8484153
2025020111,2,745,14:29,05:31,1551,right,525,takeaway,6,D,82,38,8479705
2025020111,3,908,06:28,13:32,1541,left,525,takeaway,6,D,-33,0,8477496
2025020112,1,146,06:23,13:37,1551,left,525,takeaway,9,O,67,40,8480208
2025020112,1,363,09:51,10:09,1451,left,525,takeaway,4,N,-21,-18,8480220
2025020112,1,413,14:11,05:49,1551,left,525,takeaway,9,N,-22,-19,8478469
2025020112,2,613,06:03,13:57,1551,right,525,takeaway,9,O,-36,33,8478020
2025020112,2,640,09:05,10:55,1551,right,525,takeaway,4,O,43,-39,8478439
2025020112,3,826,03:05,16:55,1451,left,525,takeaway,4,O,-41,-17,8476461
2025020112,3,975,14:42,05:18,1551,left,525,takeaway,4,O,-98,6,8478439
2025020113,1,382,04:22,15:38,1551,left,525,takeaway,14,D,-95,-16,8476453
2025020113,1,437,08:31,11:29,1551,left,525,takeaway,16,N,21,31,8483506
2025020113,1,524,16:21,03:39,1441,left,525,takeaway,14,O,58,13,8478519
2025020113,1,536,16:54,03:06,1341,left,525,takeaway,16,D,51,7,8481624
2025020113,3,1031,12:04,07:56,1551,left,525,takeaway,14,O,98,-4,8483752
2025020113,3,1058,13:30,06:30,1541,left,525,takeaway,14,D,-63,8,8482655
2025020114,1,105,01:36,18:24,1551,right,525,takeaway,13,O,-89,-24,8484304
2025020114,1,131,03:45,16:15,1551,right,525,takeaway,5,N,3,29,8478450
2025020114,1,330,11:06,08:54,1551,right,525,takeaway,13,O,-45,38,8473419
2025020114,1,387,13:54,06:06,1551,right,525,takeaway,5,D,-28,0,8471675
2025020114,2,617,07:13,12:47,1551,left,525,takeaway,5,D,26,33,8474578
2025020114,2,722,10:32,09:28,1551,left,525,takeaway,5,O,-68,-39,8478450
2025020114,2,742,12:00,08:00,1551,left,525,takeaway,13,O,87,29,8479981
2025020114,2,816,19:52,00:08,1551,left,525,takeaway,5,N,13,32,8477511
2025020114,3,855,00:54,19:06,1551,right,525,takeaway,5,N,-4,-42,8474578
2025020114,3,912,03:30,16:30,1551,right,525,takeaway,13,D,95,-19,8482113
2025020114,3,917,04:07,15:53,1551,right,525,takeaway,5,D,-81,-32,8474578
2025020114,3,963,06:15,13:45,1551,right,525,takeaway,5,O,71,6,8476483
2025020114,3,1031,12:43,07:17,1551,right,525,takeaway,5,D,-26,-9,8481481
2025020115,1,83,01:15,18:45,1551,left,525,takeaway,17,O,-99,0,8482078
2025020115,1,180,07:47,12:13,1551,left,525,takeaway,2,O,60,-10,8475314
2025020115,1,223,10:45,09:15,1551,left,525,takeaway,2,O,42,4,8481237
2025020115,1,238,12:56,07:04,1551,left,525,takeaway,2,O,90,-16,8476419
2025020115,2,640,11:28,08:32,1551,right,525,takeaway,2,D,32,-13,8485366
2025020115,2,718,16:26,03:34,1551,right,525,takeaway,2,D,65,-19,8476429
2025020115,3,938,11:07,08:53,1551,left,525,takeaway,2,D,-26,-2,8481601
2025020115,3,983,14:41,05:19,1551,left,525,takeaway,17,N,17,-30,8480879
2025020116,1,355,13:29,06:31,1551,right,525,takeaway,3,O,-98,7,8476459
2025020116,2,643,06:35,13:25,1551,left,525,takeaway,28,D,47,32,8482667
2025020116,2,780,14:07,05:53,1551,left,525,takeaway,3,D,-35,-40,8476459
2025020116,3,896,01:10,18:50,1451,right,525,takeaway,3,O,-94,7,8479323
2025020117,1,159,06:03,13:57,1551,left,525,takeaway,68,O,-92,19,8478507
2025020117,1,502,18:17,01:43,1551,left,525,takeaway,68,O,-66,-36,8482175
2025020117,2,694,11:49,08:11,1451,right,525,takeaway,19,O,-97,-6,8479385
2025020117,2,726,13:34,06:26,1551,right,525,takeaway,19,O,-96,-24,8476897
2025020117,2,773,16:20,03:40,1551,right,525,takeaway,19,O,-35,-37,8477573
2025020117,3,810,00:16,19:44,1551,left,525,takeaway,19,D,-49,40,8481598
2025020117,3,1063,15:15,04:45,1551,left,525,takeaway,68,N,-22,17,8482175
2025020118,1,77,01:10,18:50,1551,left,525,takeaway,18,D,-92,-14,8475158
2025020118,1,172,04:52,15:08,1551,left,525,takeaway,18,O,99,-10,8480246
2025020118,1,383,16:43,03:17,1551,left,525,takeaway,23,D,66,6,8480748
2025020118,1,385,17:07,02:53,1551,left,525,takeaway,23,N,-10,-41,8480800
2025020118,2,495,00:16,19:44,1541,right,525,takeaway,18,O,-92,-20,8482062
2025020118,2,631,10:08,09:52,1551,right,525,takeaway,18,D,76,-41,8476869
2025020118,2,658,12:40,07:20,1551,right,525,takeaway,23,O,89,-35,8480748
2025020118,3,995,14:39,05:21,1551,left,525,takeaway,18,N,12,-33,8475158
2025020118,3,999,15:04,04:56,1551,left,525,takeaway,18,D,-85,-34,8481056
2025020118,3,1021,16:29,03:31,1551,left,525,takeaway,18,O,67,29,8482146
2025020118,3,1035,17:45,02:15,0651,left,525,takeaway,18,D,-62,-12,8481056
2025020119,1,195,04:40,15:20,1551,right,525,takeaway,26,N,-6,-18,8482155
2025020119,1,263,05:51,14:09,1551,right,525,takeaway,25,D,46,8,8480027
2025020119,1,329,09:30,10:30,1551,right,525,takeaway,25,O,-71,-28,8476889
2025020119,1,423,16:09,03:51,1551,right,525,takeaway,25,O,-91,30,8484829
2025020119,1,446,18:08,01:52,1541,right,525,takeaway,25,D,32,0,8479351
2025020119,1,457,18:29,01:31,1531,right,525,takeaway,26,O,86,22,8477942
2025020119,2,706,12:15,07:45,1551,left,525,takeaway,25,O,39,-16,8475794
2025020119,2,731,15:09,04:51,1551,left,525,takeaway,26,O,-28,-7,8479675
2025020119,3,820,01:15,18:45,1451,right,525,takeaway,26,D,-78,36,8482124
2025020119,3,1057,15:22,04:38,1451,right,525,takeaway,26,D,-64,-39,8479675
2025020120,1,370,15:05,04:55,1551,right,525,takeaway,55,O,96,26,8474586
2025020120,1,374,15:30,04:30,1551,right,525,takeaway,55,N,18,-34,8484800
2025020120,2,604,09:53,10:07,1551,left,525,takeaway,55,D,98,0,8476457
2025020120,2,611,10:17,09:43,1551,left,525,takeaway,52,D,-98,2,8477938
2025020120,3,812,05:06,14:54,1551,right,525,takeaway,52,D,43,-38,8481043
2025020120,3,858,08:19,11:41,1551,right,525,takeaway,55,D,-98,9,8476467
2025020120,3,876,09:41,10:19,1551,right,525,takeaway,55,D,-31,-39,8475768
2025020120,3,935,14:08,05:52,1551,right,525,takeaway,55,D,-30,39,8475768
2025020121,1,137,01:54,18:06,1551,right,525,takeaway,12,O,56,-4,8482809
2025020121,1,378,05:21,14:39,1551,right,525,takeaway,12,N,10,-9,8482809
2025020121,1,470,13:34,06:26,1551,right,525,takeaway,12,O,94,24,8475791
2025020121,1,483,13:54,06:06,1551,right,525,takeaway,12,O,58,42,8475791
2025020121,1,589,17:45,02:15,1551,right,525,takeaway,21,O,-62,41,8477501
2025020121,2,649,04:30,15:30,1551,left,525,takeaway,21,O,96,-8,8480448
2025020121,2,872,17:22,02:38,1551,left,525,takeaway,21,O,96,-2,8475754
2025020121,2,886,18:49,01:11,1451,left,525,takeaway,21,O,88,31,8480039
2025020121,3,1066,06:54,13:06,1441,right,525,takeaway,21,D,96,19,8477501
2025020122,1,74,00:56,19:04,1551,left,525,takeaway,8,D,80,-34,8483457
2025020122,1,118,04:21,15:39,1551,left,525,takeaway,22,D,-61,18,8480803
2025020122,1,127,05:15,14:45,1551,left,525,takeaway,8,D,74,36,8478133
2025020122,1,363,13:04,06:56,1551,left,525,takeaway,22,N,-2,-17,8480834
2025020122,2,537,02:50,17:10,1551,right,525,takeaway,8,O,63,-3,8476875
2025020122,2,712,15:08,04:52,1551,right,525,takeaway,8,D,-45,-34,8480018
2025020122,3,817,02:50,17:10,1551,left,525,takeaway,22,N,14,36,8478458
2025020122,3,886,09:11,10:49,1551,left,525,takeaway,8,D,79,34,8480865
2025020122,3,904,10:24,09:36,1551,left,525,takeaway,8,D,73,-11,8478851
2025020123,1,120,03:36,16:24,1551,left,525,takeaway,7,D,-86,-36,8479420
2025020123,1,276,10:58,09:02,1541,left,525,takeaway,10,D,48,24,8481711
2025020123,1,292,12:09,07:51,1541,left,525,takeaway,10,N,-14,-8,8475171
2025020123,2,525,03:58,16:02,1551,right,525,takeaway,10,O,97,11,8479318
2025020123,2,536,05:27,14:33,1551,right,525,takeaway,10,O,25,-1,8477503
2025020123,2,549,05:56,14:04,1551,right,525,takeaway,7,N,10,-36,8481522
2025020123,2,817,19:08,00:52,1551,right,525,takeaway,10,O,67,-37,8478462
2025020123,3,839,00:26,19:34,1551,left,525,takeaway,10,D,60,42,8479318
2025020123,3,1027,14:16,05:44,1551,left,525,takeaway,10,D,98,1,8481122
2025020123,3,1085,17:48,02:12,0651,left,525,takeaway,7,D,-31,18,8479420
2025020124,1,536,11:24,08:36,1551,left,525,takeaway,28,D,39,-38,8484806
2025020124,2,564,00:12,19:48,1451,right,525,takeaway,1,O,-97,-1,8480002
2025020124,2,758,15:18,04:42,1451,right,525,takeaway,1,O,-69,-13,8476462
2025020124,2,797,18:21,01:39,1551,right,525,takeaway,1,D,48,35,8479407
2025020124,3,842,01:56,18:04,1541,left,525,takeaway,1,D,-57,-41,8477488
2025020124,3,872,04:00,16:00,1551,left,525,takeaway,28,O,-80,-1,8471817
2025020124,3,1049,13:35,06:25,1551,left,525,takeaway,1,O,74,7,8481559
2025020125,1,233,08:46,11:14,1551,left,525,takeaway,29,N,-3,-39,8478460
2025020125,1,320,14:23,05:37,1551,left,525,takeaway,15,O,-30,0,8479520
2025020125,2,581,08:07,11:53,1551,right,525,takeaway,29,D,77,-29,8476923
2025020125,2,656,14:17,05:43,1551,right,525,takeaway,29,O,-33,38,8475745
2025020125,2,756,17:21,02:39,1551,right,525,takeaway,29,O,-65,-36,8482705
2025020125,3,835,02:50,17:10,1551,left,525,takeaway,15,N,12,9,8479345
2025020125,3,1065,16:44,03:16,1541,left,525,takeaway,15,N,18,32,8478440
2025020126,2,604,05:43,14:17,1441,left,525,takeaway,20,D,57,-27,8480860
2025020126,2,695,12:54,07:06,1551,left,525,takeaway,52,O,96,24,8480145
2025020126,2,710,14:29,05:31,1551,left,525,takeaway,20,N,8,32,8477346
2025020126,2,778,19:42,00:18,1551,left,525,takeaway,52,D,-38,27,8475799
2025020126,2,779,19:50,00:10,1551,left,525,takeaway,52,O,98,-7,8476480
2025020126,3,836,03:15,16:45,1551,right,525,takeaway,52,D,43,-42,8481043
2025020126,3,937,10:05,09:55,1551,right,525,takeaway,20,D,-45,-32,8474150
2025020126,3,979,13:41,06:19,1551,right,525,takeaway,20,O,56,-4,8482074
2025020126,3,1000,14:44,05:16,1551,right,525,takeaway,52,O,-56,-37,8476331
2025020127,2,637,08:34,11:26,1551,left,525,takeaway,2,O,-85,-28,8481569
2025020127,2,746,16:52,03:08,1551,left,525,takeaway,4,D,-97,25,8477989
2025020127,2,787,19:16,00:44,1551,left,525,takeaway,4,O,55,-31,8482159
2025020127,3,814,00:51,19:09,1551,right,525,takeaway,4,O,-96,-7,8481546
2025020127,3,984,10:07,09:53,1551,right,525,takeaway,4,O,-77,41,8483733
2025020127,3,1014,13:37,06:23,1551,right,525,takeaway,2,O,80,-29,8478445
2025020127,3,1085,18:56,01:04,1551,right,525,takeaway,4,D,57,-32,8480220
2025020127,4,1114,01:18,03:42,1331,left,525,takeaway,2,N,23,18,8476419
2025020127,4,1142,04:28,00:32,1331,left,525,takeaway,4,D,-68,-17,8482159
2025020128,1,114,02:15,17:45,1551,left,525,takeaway,21,O,-92,11,8476312
2025020128,1,309,07:00,13:00,1551,left,525,takeaway,21,N,18,40,8482470
2025020128,2,626,05:52,14:08,1551,right,525,takeaway,6,O,-55,16,8479999
2025020128,2,697,09:16,10:44,1541,right,525,takeaway,6,D,86,-18,8483489
2025020128,2,833,16:13,03:47,1551,right,525,takeaway,21,D,-62,-15,8476312
2025020128,2,853,19:42,00:18,1551,right,525,takeaway,21,O,31,40,8479525
2025020128,3,1039,10:52,09:08,1551,left,525,takeaway,21,D,38,-28,8478109
2025020128,3,1062,12:43,07:17,1551,left,525,takeaway,21,O,-49,-6,8475754
2025020128,3,1120,16:46,03:14,1551,left,525,takeaway,21,O,-75,-39,8478038
2025020128,3,1133,16:55,03:05,1551,left,525,takeaway,21,O,-62,40,8478038
2025020128,3,1137,18:10,01:50,0651,left,525,takeaway,6,D,-70,38,8478401
2025020129,1,71,00:43,19:17,1551,left,525,takeaway,24,N,-16,35,8484153
2025020129,1,232,07:26,12:34,1551,left,525,takeaway,14,O,98,-9,8478519
2025020129,1,511,15:03,04:57,1551,left,525,takeaway,14,N,13,-36,8476826
2025020129,2,734,06:43,13:17,1551,right,525,takeaway,14,D,67,-42,8478519
2025020129,2,740,07:43,12:17,1551,right,525,takeaway,14,D,46,37,8482201
2025020129,2,769,09:29,10:31,1551,right,525,takeaway,24,O,94,-5,8482178
2025020129,2,791,10:50,09:10,1551,right,525,takeaway,24,D,-82,34,8482803
2025020129,2,872,16:34,03:26,1551,right,525,takeaway,24,O,35,-12,8484762
2025020129,3,1131,10:13,09:47,1551,left,525,takeaway,24,D,53,-8,8481563
2025020129,3,1200,15:04,04:56,1551,left,525,takeaway,14,O,94,2,8475167
2025020129,3,1203,15:19,04:41,1551,left,525,takeaway,24,D,58,-38,8476885
2025020129,3,1237,17:35,02:25,1551,left,525,takeaway,24,D,83,37,8484762
2025020129,3,1240,18:28,01:32,1551,left,525,takeaway,24,D,44,-8,8482803
2025020130,1,75,00:20,19:40,1551,right,525,takeaway,13,O,-99,-7,8477932
2025020130,1,182,04:01,15:59,1551,right,525,takeaway,13,O,-54,23,8477932
2025020130,1,482,06:22,13:38,1551,right,525,takeaway,54,N,0,12,8479353
2025020130,2,552,04:13,15:47,1551,left,525,takeaway,54,D,95,-1,8477447
2025020130,2,561,04:30,15:30,1551,left,525,takeaway,13,O,33,32,8477935
2025020130,2,573,04:54,15:06,1551,left,525,takeaway,54,N,14,-31,8477018
2025020130,2,651,13:22,06:38,1451,left,525,takeaway,54,D,97,-24,8478403
2025020130,2,677,15:27,04:33,1551,left,525,takeaway,13,O,99,17,8484304
2025020130,2,728,19:49,00:11,1551,left,525,takeaway,13,O,88,19,8477495
2025020130,3,777,02:52,17:08,1551,right,525,takeaway,54,O,63,20,8479353
2025020130,3,809,03:25,16:35,1551,right,525,takeaway,13,O,-94,-15,8479981
2025020130,3,943,11:16,08:44,1551,right,525,takeaway,13,N,15,7,8477932
2025020131,1,330,12:31,07:29,1551,right,525,takeaway,30,N,0,14,8476463
2025020131,1,340,12:59,07:01,1551,right,525,takeaway,68,O,84,9,8479293
2025020131,1,423,18:52,01:08,1551,right,525,takeaway,68,O,31,-37,8482699
2025020131,2,632,06:50,13:10,1551,left,525,takeaway,68,D,31,-38,8483431
2025020131,2,774,18:03,01:57,1551,left,525,takeaway,68,D,72,42,8482175
2025020131,3,996,10:10,09:50,1551,right,525,takeaway,68,O,95,15,8480849
2025020131,3,1025,12:21,07:39,1551,right,525,takeaway,30,D,54,-13,8478493
2025020132,1,100,02:52,17:08,1451,right,525,takeaway,7,D,-91,33,8477949
2025020132,1,407,15:15,04:45,1451,right,525,takeaway,7,N,-21,19,8480839
2025020132,2,613,06:55,13:05,1551,left,525,takeaway,7,O,-73,-21,8483468
2025020132,2,686,11:15,08:45,1551,left,525,takeaway,10,O,49,-33,8478462
2025020132,2,729,15:34,04:26,1551,left,525,takeaway,10,D,-65,-40,8479318
2025020132,2,736,15:45,04:15,1551,left,525,takeaway,7,D,32,20,8484145
2025020132,3,849,02:23,17:37,1551,right,525,takeaway,7,D,-74,-32,8479982
2025020132,3,1041,14:07,05:53,1551,right,525,takeaway,7,D,-84,-30,8481524
2025020133,1,120,04:06,15:54,1551,right,525,takeaway,19,D,-32,-34,8475760
2025020133,2,621,03:27,16:33,1551,left,525,takeaway,17,N,-20,27,8484471
2025020133,2,658,07:30,12:30,1451,left,525,takeaway,19,D,68,40,8476897
2025020133,3,867,03:03,16:57,1551,right,525,takeaway,19,D,-34,-35,8476897
2025020133,3,917,06:53,13:07,1451,right,525,takeaway,19,D,-38,-3,8480459
2025020133,3,952,08:42,11:18,1551,right,525,takeaway,17,O,-98,0,8482078
2025020133,3,1083,16:46,03:14,1541,right,525,takeaway,17,D,48,37,8477946
2025020134,1,300,09:40,10:20,1551,left,525,takeaway,5,O,75,-35,8475810
2025020134,1,303,10:05,09:55,1551,left,525,takeaway,29,O,-98,9,8476432
2025020134,1,425,14:51,05:09,1551,left,525,takeaway,29,N,7,-38,8484166
2025020134,2,682,07:31,12:29,1551,right,525,takeaway,29,N,-7,40,8478500
2025020134,2,729,11:23,08:37,1551,right,525,takeaway,5,N,-15,-24,8476856
2025020134,2,781,14:29,05:31,1551,right,525,takeaway,29,O,62,19,8478460
2025020134,3,900,04:25,15:35,1551,left,525,takeaway,29,O,-75,40,8480893
2025020134,3,943,06:51,13:09,1551,left,525,takeaway,29,O,-73,-30,8478500
2025020134,3,961,07:58,12:02,1551,left,525,takeaway,29,O,-59,-1,8479944
2025020134,3,1004,12:00,08:00,1451,left,525,takeaway,5,O,91,-28,8471675
2025020134,4,1142,02:38,02:22,1331,right,525,takeaway,29,D,-45,3,8480893
2025020135,1,71,00:37,19:23,1551,right,525,takeaway,9,O,77,-22,8478020
2025020135,1,308,10:38,09:22,1551,right,525,takeaway,9,N,18,36,8474189
2025020135,1,441,15:07,04:53,1551,right,525,takeaway,15,N,-14,-30,8475343
2025020135,1,539,19:42,00:18,1551,right,525,takeaway,15,O,-96,-16,8471214
2025020135,2,570,01:04,18:56,1551,left,525,takeaway,15,O,82,-35,8479400
2025020135,2,632,06:42,13:18,1551,left,525,takeaway,9,D,40,-17,8480188
2025020135,2,690,10:55,09:05,1551,left,525,takeaway,9,O,-54,-40,8482095
2025020135,2,743,14:40,05:20,1551,left,525,takeaway,9,D,95,28,8482245
2025020135,3,990,10:57,09:03,1551,right,525,takeaway,9,N,4,-10,8474102
2025020135,3,991,11:13,08:47,1551,right,525,takeaway,9,O,90,-34,8478020
2025020135,3,1093,19:04,00:56,1551,right,525,takeaway,9,O,76,-40,8474189
2025020136,1,146,05:17,14:43,1551,right,525,takeaway,23,D,58,41,8480058
2025020136,2,487,01:02,18:58,1551,left,525,takeaway,8,D,43,32,8484984
2025020136,2,596,09:14,10:46,1551,left,525,takeaway,23,O,45,34,8480748
2025020136,2,731,15:37,04:23,1551,left,525,takeaway,8,D,36,42,8483457
2025020136,3,787,00:32,19:28,1541,right,525,takeaway,23,N,-24,30,8478856
2025020137,1,145,06:00,14:00,1551,left,525,takeaway,18,D,-86,29,8482482
2025020137,1,278,10:15,09:45,1551,left,525,takeaway,18,O,66,38,8484241
2025020137,1,295,12:32,07:28,1551,left,525,takeaway,26,N,-1,38,8476879
2025020137,1,315,14:54,05:06,1551,left,525,takeaway,18,N,1,3,8482062
2025020137,1,338,16:28,03:32,1551,left,525,takeaway,18,D,-28,-32,8476539
2025020137,2,640,11:39,08:21,1541,right,525,takeaway,26,O,90,-23,8477942
2025020137,2,663,13:24,06:36,1541,right,525,takeaway,18,D,32,-29,8475158
2025020137,2,682,15:07,04:53,1551,right,525,takeaway,26,D,-48,-33,8476441
2025020137,2,761,17:30,02:30,1551,right,525,takeaway,18,N,3,39,8476539
2025020137,2,778,18:48,01:12,1551,right,525,takeaway,18,O,-94,-15,8476869
2025020137,3,832,02:58,17:02,1551,left,525,takeaway,18,D,-79,40,8475287
2025020137,3,898,07:52,12:08,1551,left,525,takeaway,26,O,-82,30,8475208
2025020137,3,930,10:50,09:10,1551,left,525,takeaway,26,O,-53,37,8482124
2025020137,3,1083,19:26,00:34,1541,left,525,takeaway,18,D,-29,-19,8476869
2025020138,1,314,09:47,10:13,1551,right,525,takeaway,25,D,29,40,8480036
2025020138,2,617,02:40,17:20,1551,left,525,takeaway,12,N,-19,33,8482702
2025020138,2,665,07:32,12:28,1551,left,525,takeaway,12,D,50,17,8477940
2025020138,2,792,17:53,02:07,1541,left,525,takeaway,25,D,-97,11,8481581
2025020138,3,929,06:38,13:22,1551,right,525,takeaway,25,D,99,13,8481581
2025020138,3,1149,19:23,00:37,0651,right,525,takeaway,12,O,60,24,8482100
2025020139,1,64,00:23,19:37,1551,left,525,takeaway,55,D,-27,-16,8478975
2025020139,1,229,07:04,12:56,1551,left,525,takeaway,22,O,-82,-40,8474641
2025020139,1,249,07:39,12:21,1551,left,525,takeaway,55,D,-39,-20,8480009
2025020139,2,665,07:01,12:59,1551,right,525,takeaway,22,D,-57,-27,8477934
2025020139,2,670,07:39,12:21,1551,right,525,takeaway,22,D,-94,-9,8478013
2025020139,2,724,10:30,09:30,1551,right,525,takeaway,22,N,0,-25,8481491
2025020139,2,803,19:43,00:17,1551,right,525,takeaway,22,D,-93,-10,8477498
2025020139,3,907,07:42,12:18,1551,left,525,takeaway,22,O,-48,38,8483512
2025020139,3,1021,14:03,05:57,1551,left,525,takeaway,22,O,-46,27,8478013
2025020140,1,272,06:09,13:51,1551,left,525,takeaway,1,D,-33,-29,8480002
2025020140,1,287,07:32,12:28,1551,left,525,takeaway,21,O,-96,-15,8479525
2025020140,1,365,11:21,08:39,1551,left,525,takeaway,1,D,-78,-35,8478399
2025020140,1,366,11:23,08:37,1551,left,525,takeaway,21,O,-98,7,8480039
2025020140,1,368,11:26,08:34,1551,left,525,takeaway,1,D,-94,29,8481721
2025020140,2,635,03:50,16:10,1551,right,525,takeaway,1,O,-51,-4,8478414
2025020140,2,638,03:51,16:09,1551,right,525,takeaway,21,D,-40,1,8478109
2025020140,2,675,05:52,14:08,1551,right,525,takeaway,21,O,64,-1,8476455
2025020140,2,690,06:18,13:42,1551,right,525,takeaway,1,D,91,13,8482110
2025020140,2,727,11:00,09:00,1551,right,525,takeaway,21,D,-73,42,8484258
2025020140,2,783,15:27,04:33,1541,right,525,takeaway,1,D,96,-10,8480002
2025020140,2,811,18:29,01:31,1551,right,525,takeaway,1,N,-22,-35,8479407
2025020140,3,846,01:37,18:23,1551,left,525,takeaway,21,D,69,-39,8476455
2025020140,3,1017,12:13,07:47,1551,left,525,takeaway,21,O,-98,-19,8477492
2025020140,3,1096,17:08,02:52,1551,left,525,takeaway,1,O,72,-38,8481721
2025020140,3,1101,17:23,02:37,1551,left,525,takeaway,1,O,94,-16,8481721
2025020140,3,1109,18:48,01:12,1551,left,525,takeaway,1,O,43,-13,8477015
2025020140,4,1118,01:31,03:29,1331,right,525,takeaway,1,D,56,-16,8479407
2025020141,1,279,08:11,11:49,1441,left,525,takeaway,54,D,32,-39,8476448
2025020141,2,721,08:52,11:08,1551,right,525,takeaway,14,O,-66,-39,8482201
2025020141,3,973,09:46,10:14,1551,left,525,takeaway,54,O,-95,19,8478483
2025020141,3,1052,15:03,04:57,1541,left,525,takeaway,14,D,-97,1,8478416
2025020141,3,1160,19:36,00:24,1551,left,525,takeaway,54,N,-15,37,8477447
2025020142,1,164,05:34,14:26,1551,right,525,takeaway,30,N,-3,39,8482122
2025020142,1,173,07:30,12:30,1551,right,525,takeaway,30,D,47,-22,8484798
2025020142,1,371,13:01,06:59,1551,right,525,takeaway,28,D,-33,28,8482667
2025020142,1,404,16:38,03:22,1451,right,525,takeaway,28,D,-97,12,8479983
2025020142,1,425,18:06,01:54,1551,right,525,takeaway,28,O,78,-40,8480798
2025020142,2,607,10:07,09:53,1551,left,525,takeaway,28,D,44,-8,8484911
2025020142,2,709,19:13,00:47,1551,left,525,takeaway,30,O,93,21,8478864
2025020142,3,799,05:52,14:08,1551,right,525,takeaway,28,D,-50,-4,8484801
2025020142,3,801,05:57,14:03,1551,right,525,takeaway,30,D,27,-26,8474716
2025020142,3,900,13:48,06:12,1551,right,525,takeaway,30,O,-85,-31,8476994
2025020143,1,205,02:19,17:41,1551,right,525,takeaway,68,O,82,36,8478474
2025020143,1,206,02:25,17:35,1551,right,525,takeaway,68,O,25,-22,8474013
2025020143,1,457,18:26,01:34,1551,right,525,takeaway,68,D,-31,-39,8477220
2025020143,1,475,19:51,00:09,1551,right,525,takeaway,52,O,-99,9,8478398
2025020143,2,490,00:30,19:30,1551,left,525,takeaway,52,N,-13,-14,8478398
2025020143,2,616,05:53,14:07,1551,left,525,takeaway,52,N,-18,28,8479378
2025020143,2,713,12:38,07:22,1551,left,525,takeaway,68,O,-52,-27,8479343
2025020144,1,100,02:06,17:54,1551,right,525,takeaway,16,O,-84,37,8482172
2025020144,1,218,06:44,13:16,1551,right,525,takeaway,16,N,-2,28,8484144
2025020144,1,341,13:06,06:54,1451,right,525,takeaway,26,D,-34,-39,8482124
2025020144,1,394,18:13,01:47,1541,right,525,takeaway,16,D,58,-32,8481624
2025020144,2,529,00:35,19:25,1541,left,525,takeaway,26,O,-95,-10,8477942
2025020144,2,731,13:29,06:31,1551,left,525,takeaway,16,O,67,-25,8481624
2025020144,2,746,15:40,04:20,1551,left,525,takeaway,16,D,-86,38,8483450
2025020144,2,750,15:44,04:16,1551,left,525,takeaway,26,O,-95,-12,8482155
2025020144,2,765,17:42,02:18,1551,left,525,takeaway,26,D,62,-41,8476469
2025020144,3,894,06:09,13:51,1551,right,525,takeaway,16,D,37,-39,8483493
2025020145,1,100,02:52,17:08,1541,left,525,takeaway,18,D,-37,39,8475158
2025020145,2,629,06:20,13:40,1551,right,525,takeaway,18,O,-41,-40,8475287
2025020145,2,653,07:31,12:29,1551,right,525,takeaway,25,D,-85,-36,8480950
2025020145,2,773,16:35,03:25,1551,right,525,takeaway,25,D,-65,-15,8476902
2025020145,2,781,17:42,02:18,1551,right,525,takeaway,18,O,-62,41,8479370
2025020145,3,992,13:26,06:34,1551,left,525,takeaway,18,D,-48,-5,8479370
2025020145,3,994,13:36,06:24,1551,left,525,takeaway,25,D,59,29,8475794
2025020146,1,119,01:50,18:10,1551,right,525,takeaway,3,N,-8,34,8482073
2025020146,1,196,08:12,11:48,1551,right,525,takeaway,3,D,-38,36,8478840
2025020146,1,327,10:26,09:34,1551,right,525,takeaway,3,N,-9,-32,8479390
2025020146,1,421,16:06,03:54,1551,right,525,takeaway,3,O,27,-40,8483690
2025020146,2,607,01:46,18:14,1551,left,525,takeaway,3,O,-33,-16,8477369
2025020146,2,645,03:09,16:51,1551,left,525,takeaway,20,O,88,-33,8474150
2025020146,2,666,03:29,16:31,1551,left,525,takeaway,20,N,14,-16,8484180
2025020146,2,781,14:30,05:30,1551,left,525,takeaway,20,D,-89,35,8479402
2025020146,2,816,17:01,02:59,1551,left,525,takeaway,20,N,-15,-6,8476399
2025020146,2,821,17:06,02:54,1551,left,525,takeaway,3,D,64,27,8477839
2025020146,3,959,08:10,11:50,1551,right,525,takeaway,3,O,95,-27,8483690
2025020146,3,1013,12:55,07:05,1551,right,525,takeaway,3,D,-85,38,8479323
2025020146,3,1029,13:51,06:09,1551,right,525,takeaway,3,D,-41,9,8478882
2025020146,3,1079,16:47,03:13,1551,right,525,takeaway,3,O,94,-7,8479323
2025020147,1,90,02:06,17:54,1551,right,525,takeaway,22,D,-93,28,8475218
2025020147,2,817,19:30,00:30,1551,left,525,takeaway,23,D,-28,-9,8478856
2025020147,3,867,02:30,17:30,1551,right,525,takeaway,23,O,-99,16,8484136
2025020147,3,878,03:41,16:19,1551,right,525,takeaway,22,D,-99,4,8480803
2025020147,3,900,04:52,15:08,1551,right,525,takeaway,23,N,-12,-16,8475169
2025020147,3,956,09:08,10:52,1551,right,525,takeaway,23,O,-97,8,8478856
2025020147,3,982,11:08,08:52,1551,right,525,takeaway,22,D,-52,40,8474641
2025020147,3,1080,18:12,01:48,1551,right,525,takeaway,23,D,80,-17,8479425
2025020148,1,97,02:33,17:27,1551,left,525,takeaway,19,O,-26,7,8483516
2025020148,1,381,12:40,07:20,1551,left,525,takeaway,19,D,73,42,8476892
2025020148,2,654,10:30,09:30,1551,right,525,takeaway,5,O,-73,33,8471215
2025020148,2,706,14:28,05:32,1551,right,525,takeaway,5,D,86,-16,8484839
2025020148,2,708,14:40,05:20,1551,right,525,takeaway,5,O,-98,-5,8476856
2025020148,3,810,01:19,18:41,1551,left,525,takeaway,5,D,-30,-32,8478854
2025020149,1,160,03:03,16:57,1551,left,525,takeaway,6,O,-29,-32,8479987
2025020149,1,210,06:10,13:50,1551,left,525,takeaway,9,O,72,37,8480208
2025020149,1,322,10:59,09:01,1551,left,525,takeaway,9,O,87,35,8478020
2025020149,2,544,02:55,17:05,1551,right,525,takeaway,6,D,-58,26,8480828
2025020149,3,934,06:12,13:48,1541,left,525,takeaway,6,D,35,19,8482511
2025020149,3,951,06:47,13:13,1551,left,525,takeaway,6,N,-10,33,8477956
2025020149,3,959,07:09,12:51,1551,left,525,takeaway,6,D,95,-7,8477507
2025020150,1,270,06:08,13:52,1551,right,525,takeaway,5,D,-38,38,8478854
2025020150,1,293,07:06,12:54,1551,right,525,takeaway,5,O,98,-2,8479638
2025020150,1,534,18:09,01:51,1551,right,525,takeaway,5,D,-92,-18,8478854
2025020150,2,549,00:20,19:40,1551,left,525,takeaway,5,O,-78,-20,8471675
2025020150,2,763,15:34,04:26,1551,left,525,takeaway,4,N,18,-22,8482159
2025020150,3,1028,19:24,00:36,1551,right,525,takeaway,5,N,-9,35,8478450
2025020151,1,175,03:02,16:58,1551,right,525,takeaway,10,N,-18,-35,8477939
2025020151,1,438,13:45,06:15,1551,right,525,takeaway,10,N,-11,-40,8477503
2025020151,1,633,19:08,00:52,1541,right,525,takeaway,10,N,12,16,8478462
2025020151,2,804,04:39,15:21,1551,left,525,takeaway,20,D,51,40,8484768
2025020151,2,931,16:40,03:20,1551,left,525,takeaway,20,D,91,25,8484768
2025020151,2,1441,19:22,00:38,1551,left,525,takeaway,10,O,82,-24,8477939
2025020151,3,1020,01:46,18:14,1551,right,525,takeaway,10,O,-72,-37,8477503
2025020151,3,1022,01:50,18:10,1551,right,525,takeaway,20,D,-31,-36,8477810
2025020151,3,1053,03:38,16:22,1451,right,525,takeaway,10,O,-85,-34,8479318
2025020151,3,1110,04:48,15:12,1551,right,525,takeaway,10,O,-66,11,8481582
2025020151,3,1206,12:36,07:24,1551,right,525,takeaway,10,O,-98,11,8475166
2025020152,1,259,10:30,09:30,1551,left,525,takeaway,29,O,-81,36,8479371
2025020152,1,297,13:18,06:42,1551,left,525,takeaway,7,O,95,-17,8482659
2025020152,1,298,13:24,06:36,1551,left,525,takeaway,7,O,74,-10,8482659
2025020152,1,463,18:35,01:25,1451,left,525,takeaway,29,D,42,28,8478500
2025020152,2,602,05:19,14:41,1551,right,525,takeaway,29,D,-40,0,8479371
2025020152,3,872,04:00,16:00,1551,left,525,takeaway,29,O,-97,-4,8476432
2025020152,3,980,11:18,08:42,1551,left,525,takeaway,29,D,29,28,8481716
2025020152,3,1049,16:41,03:19,1551,left,525,takeaway,29,N,-23,12,8481716
2025020152,3,1101,16:43,03:17,1551,left,525,takeaway,7,D,-55,28,8482659
2025020152,3,1109,17:21,02:39,1551,left,525,takeaway,7,O,99,-3,8481522
2025020153,1,96,01:24,18:36,1551,right,525,takeaway,24,O,43,14,8483490
2025020153,3,820,01:13,18:47,1551,right,525,takeaway,13,D,51,32,8478859
2025020153,3,905,03:26,16:34,1551,right,525,takeaway,24,D,-43,2,8484153
2025020153,3,988,09:57,10:03,1551,right,525,takeaway,13,D,69,39,8484304
2025020153,3,1210,17:50,02:10,1551,right,525,takeaway,24,O,57,-33,8478366
2025020153,4,1245,03:39,01:21,1341,left,525,takeaway,24,N,18,34,8476885
2025020154,1,221,03:53,16:07,1551,left,525,takeaway,2,D,57,39,8477506
2025020154,1,203,05:54,14:06,1551,left,525,takeaway,6,D,-91,22,8477507
2025020154,1,269,12:47,07:13,1551,left,525,takeaway,6,D,-66,16,8477507
2025020154,1,315,16:03,03:57,1551,left,525,takeaway,2,O,-75,39,8477506
2025020154,1,401,18:38,01:22,1551,left,525,takeaway,2,O,-90,34,8475314
2025020154,2,447,02:49,17:11,1551,right,525,takeaway,2,O,36,10,8478445
2025020154,3,865,02:01,17:59,1551,left,525,takeaway,6,D,-72,40,8479325
2025020154,3,907,04:05,15:55,1541,left,525,takeaway,6,D,-28,19,8478401
2025020154,3,937,04:37,15:23,1551,left,525,takeaway,2,O,-94,-19,8476419
2025020154,3,1068,15:34,04:26,1551,left,525,takeaway,6,D,-43,-14,8478042
2025020154,3,1079,16:31,03:29,0651,left,525,takeaway,6,D,-28,3,8479591
2025020155,1,157,02:05,17:55,1551,right,525,takeaway,12,O,-95,-29,8475791
2025020155,2,554,00:04,19:56,1551,left,525,takeaway,12,O,38,12,8480830
2025020155,2,646,07:37,12:23,1551,left,525,takeaway,12,O,96,-8,8480336
2025020155,2,669,09:09,10:51,1551,left,525,takeaway,54,O,-71,31,8478483
2025020155,2,802,16:26,03:34,1551,left,525,takeaway,12,D,-52,-41,8482093
2025020155,2,816,16:38,03:22,1551,left,525,takeaway,54,N,-9,31,8478403
2025020155,2,843,19:13,00:47,1541,left,525,takeaway,12,D,-46,-35,8482093
2025020155,2,845,19:25,00:35,1541,left,525,takeaway,12,D,-93,-19,8478427
2025020155,3,935,02:39,17:21,1551,right,525,takeaway,54,O,95,13,8481604
2025020155,3,954,03:27,16:33,1551,right,525,takeaway,12,O,-48,-12,8480830
2025020155,3,1150,13:18,06:42,1551,right,525,takeaway,12,O,-37,-39,8477940
2025020155,3,1174,16:14,03:46,1551,right,525,takeaway,54,D,-63,-30,8478468
2025020155,3,1177,17:25,02:35,1551,right,525,takeaway,54,N,1,-39,8478483
2025020156,1,132,01:20,18:40,1551,left,525,takeaway,18,O,59,-39,8476887
2025020156,1,193,06:24,13:36,1551,left,525,takeaway,14,O,-52,7,8480995
2025020156,1,325,09:29,10:31,1551,left,525,takeaway,18,N,0,28,8482111
2025020156,2,552,03:03,16:57,1551,right,525,takeaway,14,D,-32,25,8480426
2025020156,2,570,04:50,15:10,1551,right,525,takeaway,18,N,-12,-35,8476887
2025020156,2,877,16:44,03:16,1551,right,525,takeaway,18,O,-72,28,8478047
2025020156,3,953,02:59,17:01,1551,left,525,takeaway,18,D,-98,20,8480246
2025020156,3,1070,11:17,08:43,1451,left,525,takeaway,14,D,41,-40,8475167
2025020156,3,1133,16:04,03:56,1450,left,525,takeaway,18,N,-4,-29,8476869
2025020157,1,92,01:33,18:27,1551,right,525,takeaway,30,O,-97,-3,8478493
2025020157,1,186,08:17,11:43,1551,right,525,takeaway,52,D,-88,-36,8479378
2025020157,1,221,11:41,08:19,1551,right,525,takeaway,30,O,-38,-40,8477451
2025020157,1,434,13:30,06:30,1551,right,525,takeaway,30,O,-81,-36,8478493
2025020157,1,441,15:54,04:06,1551,right,525,takeaway,52,N,-13,40,8479378
2025020157,1,518,17:11,02:49,1551,right,525,takeaway,30,D,38,-40,8482122
2025020157,2,695,11:14,08:46,1551,left,525,takeaway,30,D,-31,-34,8483460
2025020157,2,795,19:15,00:45,1551,left,525,takeaway,52,O,-86,37,8480289
2025020157,3,920,07:07,12:53,1551,right,525,takeaway,30,O,-88,30,8477451
2025020157,3,935,08:10,11:50,1551,right,525,takeaway,52,N,5,32,8478398
2025020158,1,64,00:35,19:25,1551,left,525,takeaway,17,D,95,5,8482078
2025020158,1,186,04:44,15:16,1551,left,525,takeaway,17,D,90,5,8474612
2025020158,2,626,04:57,15:03,1551,right,525,takeaway,19,O,-51,24,8479385
2025020158,2,743,14:09,05:51,1551,right,525,takeaway,19,O,-97,0,8479385
2025020158,3,954,11:00,09:00,1551,left,525,takeaway,19,D,-94,-29,8476892
2025020158,3,1014,15:12,04:48,1551,left,525,takeaway,17,D,42,8,8474037
2025020159,1,129,04:51,15:09,1551,right,525,takeaway,15,O,74,14,8481580
2025020159,1,183,06:52,13:08,1551,right,525,takeaway,15,O,30,-34,8481656
2025020159,1,204,08:42,11:18,1551,right,525,takeaway,25,O,-81,-20,8478476
2025020159,1,425,18:22,01:38,1451,right,525,takeaway,15,D,-73,-4,8475343
2025020159,2,621,05:29,14:31,1551,left,525,takeaway,15,N,-1,-41,8480990
2025020159,2,732,11:51,08:09,1551,left,525,takeaway,25,D,-56,-41,8479351
2025020159,2,734,14:33,05:27,1551,left,525,takeaway,25,D,-50,-37,8476889
2025020159,2,749,15:31,04:29,1551,left,525,takeaway,25,D,-31,1,8479351
2025020159,2,769,16:30,03:30,1551,left,525,takeaway,15,D,66,40,8477845
2025020159,2,795,19:51,00:09,1551,left,525,takeaway,25,O,73,1,8480027
2025020159,3,865,02:03,17:57,1551,right,525,takeaway,15,O,67,33,8481580
2025020159,3,937,09:13,10:47,1551,right,525,takeaway,25,N,5,-31,8475794
2025020159,3,969,11:01,08:59,1551,right,525,takeaway,15,O,55,-31,8481656
2025020159,3,985,12:43,07:17,1551,right,525,takeaway,25,N,2,-16,8481581
2025020160,1,114,02:43,17:17,1551,right,525,takeaway,16,N,-11,31,8477987
2025020160,1,130,04:07,15:53,1551,right,525,takeaway,16,O,-76,-24,8484144
2025020160,1,273,10:30,09:30,1551,right,525,takeaway,9,D,-63,40,8482105
2025020160,2,616,04:02,15:58,1551,left,525,takeaway,9,O,-99,-5,8482092
2025020160,2,723,11:46,08:14,1551,left,525,takeaway,16,N,12,-39,8484783
2025020160,2,732,12:26,07:34,1551,left,525,takeaway,16,O,54,-41,8481806
2025020160,2,783,16:16,03:44,1551,left,525,takeaway,16,N,-22,-37,8483450
2025020160,3,871,02:40,17:20,1551,right,525,takeaway,9,D,-96,-21,8474102
2025020160,3,936,06:17,13:43,1551,right,525,takeaway,16,N,13,36,8482703
2025020160,3,946,07:04,12:56,1551,right,525,takeaway,16,O,-89,31,8476882
2025020160,3,987,09:07,10:53,1551,right,525,takeaway,16,D,72,-35,8481568
2025020160,3,999,09:36,10:24,1551,right,525,takeaway,16,N,0,13,8476473
2025020160,3,1061,12:57,07:03,1541,right,525,takeaway,16,D,51,-36,8482176
2025020161,1,127,03:13,16:47,1551,right,525,takeaway,21,O,-89,24,8477501
2025020161,2,634,04:03,15:57,1551,left,525,takeaway,1,D,89,36,8483429
2025020161,2,726,10:31,09:29,1551,left,525,takeaway,21,N,-10,-1,8475754
2025020161,3,1055,14:11,05:49,1551,right,525,takeaway,21,N,-20,-30,8484258
2025020162,1,186,04:00,16:00,1551,left,525,takeaway,22,D,-33,40,8476454
2025020162,1,202,06:34,13:26,1551,left,525,takeaway,22,D,-36,-32,8477498
2025020162,1,210,07:38,12:22,1551,left,525,takeaway,68,D,70,-21,8478831
2025020162,1,232,10:45,09:15,1551,left,525,takeaway,68,N,19,5,8477951
2025020162,1,404,18:42,01:18,1551,left,525,takeaway,22,O,42,-37,8480834
2025020162,1,407,18:58,01:02,1551,left,525,takeaway,68,D,28,-36,8477220
2025020162,2,576,08:26,11:34,1551,right,525,takeaway,22,O,-43,-39,8485493
2025020162,2,662,13:46,06:14,1551,right,525,takeaway,68,D,-41,38,8479619
2025020162,2,706,18:21,01:39,1551,right,525,takeaway,22,D,99,12,8480803
2025020162,3,880,06:42,13:18,1551,left,525,takeaway,68,D,81,-11,8483431
2025020162,3,946,11:33,08:27,1551,left,525,takeaway,22,O,99,6,8480834
2025020162,3,1019,18:17,01:43,1551,left,525,takeaway,68,N,-22,-38,8476874
2025020163,1,67,00:22,19:38,1551,right,525,takeaway,23,O,-56,-36,8475169
2025020163,1,305,09:58,10:02,1551,right,525,takeaway,3,D,-99,-11,8479323
2025020163,1,357,13:13,06:47,1551,right,525,takeaway,3,O,89,-33,8478840
2025020163,2,701,11:41,08:19,1551,left,525,takeaway,23,D,-54,24,8483395
2025020163,2,731,14:34,05:26,1551,left,525,takeaway,23,D,-98,-1,8479425
2025020163,2,752,15:42,04:18,1551,left,525,takeaway,23,D,-91,9,8484240
2025020163,2,773,17:09,02:51,1551,left,525,takeaway,23,N,0,36,8480012
2025020163,2,804,19:23,00:37,1551,left,525,takeaway,3,D,29,36,8481704
2025020163,3,888,06:02,13:58,1551,right,525,takeaway,23,O,-98,-16,8478444
2025020163,3,1000,14:41,05:19,1551,right,525,takeaway,3,D,-86,-27,8478840
2025020164,1,357,15:03,04:57,1551,left,525,takeaway,55,O,64,10,8482665
2025020164,1,470,18:24,01:36,1551,left,525,takeaway,8,D,66,-40,8476875
2025020164,2,606,07:48,12:12,1551,right,525,takeaway,8,O,95,6,8482737
2025020164,2,630,10:34,09:26,1551,right,525,takeaway,55,O,-93,27,8478975
2025020164,2,631,10:36,09:24,1551,right,525,takeaway,8,D,-34,36,8478851
2025020164,2,671,14:53,05:07,1451,right,525,takeaway,55,O,-86,38,8480009
2025020164,2,683,17:35,02:25,1551,right,525,takeaway,8,D,-78,26,8475848
2025020164,3,815,07:04,12:56,1551,left,525,takeaway,55,D,-67,-35,8477986
2025020164,3,816,07:32,12:28,1551,left,525,takeaway,55,O,69,37,8477986
2025020165,1,207,04:08,15:52,1551,left,525,takeaway,28,D,-58,-41,8479983
2025020165,1,242,07:32,12:28,1551,left,525,takeaway,26,O,-43,9,8476469
2025020165,1,409,14:37,05:23,1551,left,525,takeaway,28,O,80,-32,8477505
2025020165,2,627,06:23,13:37,1551,right,525,takeaway,28,D,93,-17,8479983
2025020165,2,687,07:54,12:06,1551,right,525,takeaway,28,D,33,27,8477505
2025020165,2,691,08:08,11:52,1551,right,525,takeaway,26,D,-95,-25,8476879
2025020165,3,781,01:08,18:52,1551,left,525,takeaway,28,D,-50,40,8477505
2025020165,3,833,06:45,13:15,1451,left,525,takeaway,28,O,99,5,8475726
2025020165,3,980,19:53,00:07,1460,left,525,takeaway,26,D,73,13,8476879
2025020166,1,288,09:43,10:17,1551,left,525,takeaway,10,O,-44,25,8477503
2025020166,1,302,10:53,09:07,1551,left,525,takeaway,10,O,-99,-6,8481122
2025020166,1,326,12:03,07:57,1551,left,525,takeaway,29,D,-52,-41,8481716
2025020166,1,420,15:43,04:17,1551,left,525,takeaway,29,D,-67,-38,8483485
2025020166,2,494,01:02,18:58,1551,right,525,takeaway,29,D,34,-37,8478500
2025020166,2,602,05:27,14:33,1551,right,525,takeaway,10,O,75,38,8476853
2025020166,2,734,15:36,04:24,1551,right,525,takeaway,10,O,96,-23,8479318
2025020166,2,750,16:18,03:42,1551,right,525,takeaway,10,D,-28,19,8478104
2025020166,3,806,00:42,19:18,1551,left,525,takeaway,29,O,45,42,8477497
2025020166,3,814,01:02,18:58,1551,left,525,takeaway,10,N,16,4,8478057
2025020166,3,942,10:22,09:38,1551,left,525,takeaway,29,O,84,-27,8479371
2025020166,3,975,12:01,07:59,1551,left,525,takeaway,10,D,27,-41,8476931
2025020166,3,1036,16:47,03:13,1551,left,525,takeaway,10,D,52,42,8478057
2025020166,3,1037,17:15,02:45,1551,left,525,takeaway,10,O,-70,-42,8476931
2025020167,1,74,00:51,19:09,1551,left,525,takeaway,6,D,-80,34,8477507
2025020167,1,176,07:33,12:27,1451,left,525,takeaway,6,O,85,22,8479987
2025020167,2,587,00:19,19:41,1551,right,525,takeaway,7,D,-31,2,8484145
2025020167,2,639,03:14,16:46,1551,right,525,takeaway,7,D,-83,-29,8480891
2025020167,2,712,09:19,10:41,1551,right,525,takeaway,7,N,-13,-18,8480839
2025020167,2,815,17:43,02:17,1551,right,525,takeaway,6,D,38,13,8483489
2025020167,3,870,02:19,17:41,1551,left,525,takeaway,7,O,-56,-40,8482097
2025020167,3,923,06:32,13:28,1551,left,525,takeaway,7,D,37,7,8477949
2025020168,1,317,08:54,11:06,1551,left,525,takeaway,9,D,-45,-5,8476393
2025020168,1,350,13:53,06:07,1551,left,525,takeaway,20,D,59,19,8480028
2025020168,2,585,04:06,15:54,1441,right,525,takeaway,9,O,-97,14,8478020
2025020168,2,675,11:15,08:45,1551,right,525,takeaway,20,O,92,-12,8481068
2025020168,2,786,19:52,00:08,1551,right,525,takeaway,9,D,63,-40,8482105
2025020168,3,871,04:20,15:40,1551,left,525,takeaway,20,N,-4,-35,8479402
2025020168,3,905,07:07,12:53,1551,left,525,takeaway,9,N,-24,20,8482095
2025020168,3,961,09:59,10:01,1551,left,525,takeaway,9,N,-4,-11,8475324
2025020168,3,1024,12:57,07:03,1551,left,525,takeaway,9,O,84,25,8476393
2025020168,3,1027,14:09,05:51,1551,left,525,takeaway,9,O,99,-4,8482105
2025020168,4,1194,00:31,04:29,1331,right,525,takeaway,9,O,-90,32,8480208
2025020168,4,1206,03:09,01:51,1341,right,525,takeaway,20,D,-41,-30,8477346
2025020169,1,284,08:52,11:08,1551,left,525,takeaway,25,N,-14,30,8480027
2025020169,1,361,14:36,05:24,1551,left,525,takeaway,25,N,19,-38,8476902
2025020169,1,431,19:00,01:00,1551,left,525,takeaway,14,O,99,-14,8478416
2025020169,2,468,01:43,18:17,1551,right,525,takeaway,25,N,-16,-6,8475755
2025020169,2,702,16:52,03:08,1551,right,525,takeaway,14,O,-34,-26,8476453
2025020169,2,717,18:01,01:59,1541,right,525,takeaway,14,D,68,18,8479542
2025020169,3,911,07:58,12:02,1551,left,525,takeaway,14,O,97,-3,8476878
2025020169,3,1000,14:28,05:32,1551,left,525,takeaway,14,N,-17,-38,8480426
2025020170,1,138,05:32,14:28,1551,right,525,takeaway,18,N,0,-8,8475158
2025020170,1,222,08:38,11:22,1551,right,525,takeaway,4,D,54,-21,8481546
2025020170,2,599,05:19,14:41,1551,left,525,takeaway,18,O,-81,-12,8482146
2025020170,2,633,08:28,11:32,1551,left,525,takeaway,18,O,-99,16,8483565
2025020170,3,828,02:44,17:16,1551,right,525,takeaway,4,O,-67,-28,8480015
2025020170,3,886,06:19,13:41,1551,right,525,takeaway,4,O,-32,-1,8478454
2025020170,3,1035,15:46,04:14,0541,right,525,takeaway,18,O,89,-21,8476887
2025020171,1,544,16:31,03:29,1441,right,525,takeaway,12,O,-75,-36,8482093
2025020171,2,628,04:33,15:27,1541,left,525,takeaway,12,D,-76,-34,8478427
2025020171,2,793,15:39,04:21,1551,left,525,takeaway,2,O,-45,42,8475151
2025020171,3,839,01:18,18:42,1551,right,525,takeaway,12,D,42,-26,8480336
2025020171,3,892,02:44,17:16,1551,right,525,takeaway,2,O,95,5,8475231
2025020171,3,975,03:35,16:25,1551,right,525,takeaway,12,D,93,-28,8478427
2025020171,3,1154,18:25,01:35,1551,right,525,takeaway,12,O,-90,33,8482702
2025020172,1,66,00:27,19:33,1551,left,525,takeaway,23,O,-87,-33,8480012
2025020172,1,213,04:48,15:12,1551,left,525,takeaway,19,D,-43,-41,8478472
2025020172,1,420,18:08,01:52,1551,left,525,takeaway,23,O,-70,42,8480012
2025020172,2,649,05:18,14:42,1551,right,525,takeaway,19,O,-73,-36,8483516
2025020172,2,659,09:22,10:38,1551,right,525,takeaway,23,N,-22,-25,8474574
2025020172,2,768,18:20,01:40,1551,right,525,takeaway,23,D,-82,-36,8477969
2025020172,3,909,09:16,10:44,1451,left,525,takeaway,19,O,67,42,8475753
2025020172,3,982,12:05,07:55,1551,left,525,takeaway,23,N,-1,34,8474574
2025020172,3,1033,18:13,01:47,1551,left,525,takeaway,19,O,81,34,8482077
2025020172,4,1079,03:03,01:57,1331,right,525,takeaway,19,D,54,19,8483516
2025020173,1,295,13:27,06:33,1451,right,525,takeaway,5,D,-81,38,8474578
2025020173,1,439,16:25,03:35,1551,right,525,takeaway,30,O,-84,-37,8482079
2025020173,1,441,16:29,03:31,1551,right,525,takeaway,5,D,-48,-35,8471215
2025020173,1,453,17:35,02:25,1551,right,525,takeaway,30,O,-48,-35,8477451
2025020173,2,490,00:12,19:48,1551,left,525,takeaway,5,N,-17,19,8480842
2025020173,2,512,02:02,17:58,1551,left,525,takeaway,5,N,-11,-35,8478438
2025020173,2,677,11:59,08:01,1551,left,525,takeaway,30,O,60,0,8478508
2025020173,3,886,07:07,12:53,1551,right,525,takeaway,30,D,85,-31,8475752
2025020173,3,1039,18:03,01:57,1551,right,525,takeaway,5,D,-35,21,8476856
2025020174,1,97,01:59,18:01,1551,right,525,takeaway,52,D,89,-31,8477504
2025020174,1,218,07:05,12:55,1551,right,525,takeaway,52,N,8,-23,8477938
2025020174,1,363,18:13,01:47,1551,right,525,takeaway,16,D,-76,41,8477450
2025020174,2,508,01:33,18:27,1551,left,525,takeaway,16,O,-90,-27,8477987
2025020174,2,543,03:42,16:18,1541,left,525,takeaway,52,D,-64,-25,8476871
2025020174,2,702,16:28,03:32,1551,left,525,takeaway,52,O,70,-17,8480014
2025020174,2,704,17:06,02:54,1551,left,525,takeaway,16,O,-99,-4,8477444
2025020174,3,815,04:55,15:05,1551,right,525,takeaway,52,D,62,-41,8481043
2025020174,3,884,08:46,11:14,1551,right,525,takeaway,16,O,95,-16,8483493
2025020175,1,133,05:40,14:20,1551,left,525,takeaway,3,D,28,-35,8477380
2025020175,1,345,11:41,08:19,1551,left,525,takeaway,22,O,43,-24,8478458
2025020175,1,398,16:20,03:40,1551,left,525,takeaway,3,O,-65,42,8478550
2025020175,2,679,09:59,10:01,1551,right,525,takeaway,22,D,80,-36,8474641
2025020175,2,821,15:59,04:01,1551,right,525,takeaway,22,O,-93,-28,8478233
2025020175,2,839,17:50,02:10,1551,right,525,takeaway,22,D,30,-39,8475218
2025020175,3,860,00:17,19:43,1551,left,525,takeaway,3,D,85,-28,8479323
2025020175,3,875,01:33,18:27,1451,left,525,takeaway,3,D,33,-33,8479390
2025020175,3,932,06:37,13:23,1551,left,525,takeaway,22,N,0,-34,8481617
2025020175,3,1003,12:00,08:00,1551,left,525,takeaway,3,O,-32,-30,8477839
2025020175,3,1059,15:04,04:56,1551,left,525,takeaway,22,D,-82,-28,8477498
2025020176,1,176,04:50,15:10,1551,left,525,takeaway,1,O,-94,2,8480002
2025020176,2,767,15:11,04:49,1551,right,525,takeaway,28,D,89,33,8484801
2025020176,2,768,15:19,04:41,1551,right,525,takeaway,1,D,-51,-31,8476474
2025020176,2,819,17:50,02:10,1551,right,525,takeaway,1,N,20,16,8478414
2025020176,3,886,03:01,16:59,1551,left,525,takeaway,1,D,95,25,8483429
2025020176,3,926,05:24,14:36,1551,left,525,takeaway,1,O,-95,-10,8475455
2025020176,3,987,10:56,09:04,1551,left,525,takeaway,1,N,1,-35,8483495
2025020177,1,349,12:01,07:59,1551,right,525,takeaway,26,O,-98,-4,8479421
2025020177,1,411,18:13,01:47,1551,right,525,takeaway,17,D,-84,-38,8481725
2025020177,2,449,00:27,19:33,1551,left,525,takeaway,17,O,-34,29,8482762
2025020177,2,671,08:06,11:54,1551,left,525,takeaway,26,O,44,10,8481532
2025020177,2,753,14:49,05:11,1541,left,525,takeaway,17,D,57,20,8481542
2025020178,1,242,11:15,08:45,1451,right,525,takeaway,54,D,90,-11,8477447
2025020178,1,352,11:23,08:37,1451,right,525,takeaway,21,D,-31,-23,8477501
2025020178,1,367,12:24,07:36,1451,right,525,takeaway,21,D,-45,36,8478038
2025020178,2,528,00:31,19:29,1551,left,525,takeaway,21,D,32,-2,8480069
2025020178,2,698,07:43,12:17,1551,left,525,takeaway,54,O,93,31,8480727
2025020178,2,755,11:53,08:07,1551,left,525,takeaway,21,O,-42,-30,8480069
2025020178,2,775,14:58,05:02,1541,left,525,takeaway,54,D,-33,32,8475188
2025020178,2,794,15:04,04:56,1541,left,525,takeaway,21,D,49,18,8480069
2025020178,3,963,06:49,13:11,1551,right,525,takeaway,21,N,-20,-33,8479525
2025020179,1,88,01:31,18:29,1551,right,525,takeaway,2,N,11,37,8475314
2025020179,1,261,07:03,12:57,1551,right,525,takeaway,2,N,-23,26,8482476
2025020179,1,284,08:41,11:19,1551,right,525,takeaway,15,D,95,-3,8480990
2025020179,1,332,11:45,08:15,1551,right,525,takeaway,15,D,94,23,8474590
2025020179,2,525,02:42,17:18,1551,left,525,takeaway,2,D,31,40,8476429
2025020179,2,694,12:22,07:38,1541,left,525,takeaway,15,D,-53,-34,8481580
2025020179,2,768,18:08,01:52,1451,left,525,takeaway,2,N,-13,29,8477500
2025020179,2,770,18:11,01:49,1451,left,525,takeaway,15,D,-69,20,8484186
2025020180,1,364,14:48,05:12,1551,left,525,takeaway,17,D,58,41,8482078
2025020180,2,895,03:25,16:35,1551,right,525,takeaway,17,D,-28,-35,8477429
2025020180,2,720,17:04,02:56,1541,right,525,takeaway,17,O,88,12,8481542
2025020180,3,846,05:13,14:47,1541,left,525,takeaway,24,N,20,39,8473986
2025020181,1,349,16:42,03:18,1551,left,525,takeaway,12,D,47,6,8480830
2025020181,2,630,07:15,12:45,1551,right,525,takeaway,12,O,84,34,8482809
2025020181,2,653,09:23,10:37,1551,right,525,takeaway,12,O,96,15,8478970
2025020181,2,775,19:26,00:34,1551,right,525,takeaway,12,D,-87,-22,8473533
2025020181,2,776,19:48,00:12,1551,right,525,takeaway,12,D,-26,41,8484428
2025020181,3,796,00:28,19:32,1551,left,525,takeaway,6,N,-12,19,8476854
2025020181,3,823,02:12,17:48,1551,left,525,takeaway,12,O,-87,-32,8482809
2025020181,3,974,10:49,09:11,1551,left,525,takeaway,6,D,-31,-28,8479325
2025020182,1,150,06:09,13:51,1551,right,525,takeaway,5,O,99,-1,8471675
2025020182,1,257,06:23,13:37,1551,right,525,takeaway,5,D,-37,-19,8483503
2025020182,1,282,08:24,11:36,1551,right,525,takeaway,52,O,-76,-36,8473604
2025020182,1,284,08:31,11:29,1551,right,525,takeaway,5,D,-88,31,8485414
2025020182,2,463,02:39,17:21,1551,left,525,takeaway,5,D,67,25,8474578
2025020182,2,581,09:36,10:24,1551,left,525,takeaway,52,D,-38,27,8480145
2025020182,2,645,15:07,04:53,1551,left,525,takeaway,52,D,-56,41,8481043
2025020182,2,681,16:53,03:07,1551,left,525,takeaway,5,O,-78,38,8477511
2025020182,3,728,01:02,18:58,1551,right,525,takeaway,52,O,-91,10,8480113
2025020182,3,746,02:09,17:51,1551,right,525,takeaway,5,O,45,26,8474578
2025020182,3,765,03:21,16:39,1551,right,525,takeaway,52,N,-4,-19,8477938
2025020183,1,509,12:39,07:21,1551,left,525,takeaway,18,D,-49,2,8476869
2025020183,2,653,04:50,15:10,1551,right,525,takeaway,20,O,79,-17,8482679
2025020183,2,713,10:06,09:54,1551,right,525,takeaway,18,O,-99,-3,8477446
2025020183,2,788,14:56,05:04,1551,right,525,takeaway,20,O,65,-40,8479402
2025020183,2,793,15:26,04:34,1551,right,525,takeaway,18,D,83,-19,8479980
2025020183,2,889,19:11,00:49,1551,right,525,takeaway,20,O,91,-18,8477993
2025020183,3,918,01:29,18:31,1551,left,525,takeaway,18,D,-96,-26,8475158
2025020183,3,1070,10:56,09:04,1551,left,525,takeaway,18,N,-5,-30,8474564
2025020183,3,1100,12:32,07:28,1551,left,525,takeaway,18,O,30,-12,8475158
2025020183,3,1132,15:36,04:24,1551,left,525,takeaway,18,D,-34,-42,8483565
2025020183,3,1218,19:32,00:28,0651,left,525,takeaway,18,D,-45,36,8476887
2025020184,1,178,05:05,14:55,1551,left,525,takeaway,28,D,-80,-37,8475200
2025020184,1,184,05:57,14:03,1451,left,525,takeaway,28,O,81,32,8475906
2025020184,1,259,07:39,12:21,1451,left,525,takeaway,21,D,51,-40,8478038
2025020184,1,269,07:46,12:14,1451,left,525,takeaway,28,D,-32,20,8475784
2025020184,1,286,09:36,10:24,1551,left,525,takeaway,21,N,-11,42,8480069
2025020184,1,406,15:19,04:41,1551,left,525,takeaway,28,D,-74,34,8484801
2025020184,1,412,15:33,04:27,1551,left,525,takeaway,28,O,91,26,8479983
2025020184,3,996,10:43,09:17,1551,left,525,takeaway,28,O,59,0,8475200
2025020185,1,124,03:41,16:19,1551,right,525,takeaway,13,O,-83,-16,8478542
2025020185,1,279,12:56,07:04,1551,right,525,takeaway,13,O,-97,7,8477409
2025020185,1,295,13:55,06:05,1551,right,525,takeaway,25,D,-96,-27,8481581
2025020185,1,356,18:34,01:26,1551,right,525,takeaway,13,O,-89,24,8477495
2025020185,2,684,12:52,07:08,1551,left,525,takeaway,25,O,-84,-25,8476278
2025020185,2,738,16:29,03:31,1551,left,525,takeaway,25,D,73,-40,8480840
2025020185,3,896,04:34,15:26,1551,right,525,takeaway,25,D,-59,-40,8480027
2025020185,3,1030,15:32,04:28,1551,right,525,takeaway,25,D,-77,-31,8482740
2025020185,3,1072,18:14,01:46,1551,right,525,takeaway,25,D,-83,-38,8482740
2025020185,3,1080,18:23,01:37,1551,right,525,takeaway,25,N,-5,37,8476902
2025020186,1,388,10:09,09:51,1551,left,525,takeaway,15,N,13,-37,8474590
2025020186,2,644,02:58,17:02,1551,right,525,takeaway,7,O,-97,-4,8482659
2025020186,2,718,08:15,11:45,1541,right,525,takeaway,7,D,37,37,8479982
2025020186,2,843,19:33,00:27,1441,right,525,takeaway,7,N,14,-28,8480839
2025020186,3,934,05:47,14:13,1551,left,525,takeaway,15,N,0,29,8474590
2025020186,3,1013,12:36,07:24,1551,left,525,takeaway,15,N,-19,37,8482088
2025020186,4,1144,03:25,01:35,1331,right,525,takeaway,15,D,-98,-7,8479345
2025020187,1,310,10:22,09:38,1551,right,525,takeaway,9,D,-29,-38,8478469
2025020187,1,320,10:27,09:33,1551,right,525,takeaway,8,O,-87,36,8478851
2025020187,2,512,00:19,19:41,1451,left,525,takeaway,9,D,39,-31,8482105
2025020187,2,749,18:29,01:31,1551,left,525,takeaway,9,D,29,-41,8480208
2025020187,3,944,05:45,14:15,1551,right,525,takeaway,9,O,99,4,8481596
2025020187,3,1084,19:34,00:26,1551,right,525,takeaway,9,N,-7,-21,8482245
2025020187,3,1085,19:56,00:04,1551,right,525,takeaway,8,D,95,8,8480865
2025020188,2,627,05:14,14:46,1551,left,525,takeaway,4,N,20,-33,8479022
2025020189,1,239,07:48,12:12,1551,left,525,takeaway,19,D,53,-41,8479385
2025020189,2,531,00:15,19:45,1551,right,525,takeaway,19,N,-22,18,8475753
2025020189,2,546,01:20,18:40,1551,right,525,takeaway,29,N,-12,-16,8478460
2025020189,2,571,03:28,16:32,1551,right,525,takeaway,29,O,-98,14,8478460
2025020189,2,722,16:32,03:28,1451,right,525,takeaway,19,D,-53,-12,8480459
2025020189,3,837,04:58,15:02,1451,left,525,takeaway,19,D,34,37,8476892
2025020190,3,802,03:07,16:53,1551,right,525,takeaway,23,N,10,29,8484136
2025020190,3,872,07:27,12:33,1551,right,525,takeaway,30,O,-58,37,8480259
2025020190,3,963,13:49,06:11,1551,right,525,takeaway,23,O,68,-40,8483678
2025020191,1,118,03:13,16:47,1551,right,525,takeaway,26,O,-94,-20,8477942
2025020191,1,243,07:31,12:29,1551,right,525,takeaway,26,O,-88,-32,8479675
2025020191,1,248,07:43,12:17,1551,right,525,takeaway,26,O,-80,39,8479675
2025020191,1,377,19:08,00:52,1551,right,525,takeaway,1,O,46,-34,8480002
2025020191,2,471,03:01,16:59,1551,left,525,takeaway,26,D,-47,-25,8482730
2025020191,3,826,05:10,14:50,1551,right,525,takeaway,1,O,79,41,8481721
2025020191,3,827,05:42,14:18,1551,right,525,takeaway,26,D,42,42,8471685
2025020191,3,987,17:59,02:01,1560,right,525,takeaway,1,D,-64,34,8479407
2025020192,1,144,05:01,14:59,1551,left,525,takeaway,16,O,-99,-6,8476891
2025020192,1,307,12:46,07:14,1551,left,525,takeaway,22,O,81,10,8481491
2025020192,1,425,16:57,03:03,1551,left,525,takeaway,22,D,-34,25,8478402
2025020192,2,503,00:23,19:37,1451,right,525,takeaway,16,D,-36,41,8481568
2025020192,2,535,01:20,18:40,1551,right,525,takeaway,16,O,93,32,8484144
2025020192,2,724,10:58,09:02,1551,right,525,takeaway,16,O,87,13,8477444
2025020192,3,1015,10:09,09:51,1551,left,525,takeaway,16,D,37,-40,8481568
2025020192,3,1034,12:00,08:00,1551,left,525,takeaway,22,D,-72,-27,8477934
2025020192,3,1043,12:46,07:14,1551,left,525,takeaway,22,N,23,27,8478402
2025020192,3,1118,17:49,02:11,1551,left,525,takeaway,22,D,-58,-35,8483512
2025020193,1,161,03:05,16:55,1551,left,525,takeaway,55,N,-22,-42,8477986
2025020193,1,210,06:36,13:24,1551,left,525,takeaway,3,O,-42,-37,8481704
2025020193,1,226,08:33,11:27,1551,left,525,takeaway,55,D,-93,31,8476467
2025020193,2,611,04:54,15:06,1551,right,525,takeaway,3,N,12,27,8483690
2025020193,3,855,03:47,16:13,1551,left,525,takeaway,3,D,27,-31,8477369
2025020193,3,869,04:57,15:03,1551,left,525,takeaway,3,O,-94,-27,8475842
2025020193,3,1016,15:53,04:07,1551,left,525,takeaway,55,O,43,-12,8475768
2025020193,3,1058,19:01,00:59,1551,left,525,takeaway,3,D,41,35,8481726
2025020194,1,84,01:26,18:34,1551,left,525,takeaway,68,O,93,15,8474013
2025020194,1,125,04:52,15:08,1551,left,525,takeaway,68,D,-96,-28,8479410
2025020194,1,170,06:33,13:27,1551,left,525,takeaway,14,O,-49,-40,8476453
2025020194,2,596,03:10,16:50,1551,right,525,takeaway,14,O,89,28,8477404
2025020194,2,617,05:31,14:29,1551,right,525,takeaway,68,O,-64,6,8478474
2025020194,2,632,06:35,13:25,1551,right,525,takeaway,68,O,-95,-22,8477951
2025020194,3,815,00:23,19:37,1441,left,525,takeaway,14,O,-98,16,8479542
2025020194,3,1057,16:02,03:58,1551,left,525,takeaway,68,D,-33,32,8484386
2025020194,3,1083,18:42,01:18,1560,left,525,takeaway,68,O,70,-38,8479410
2025020195,1,332,16:26,03:34,1551,left,525,takeaway,29,O,-90,30,8482705
2025020195,2,395,00:56,19:04,1551,right,525,takeaway,2,O,-70,-42,8485366
2025020195,2,572,03:11,16:49,1541,right,525,takeaway,29,O,93,-29,8478460
2025020195,2,700,10:21,09:39,1551,right,525,takeaway,2,N,2,-5,8476419
2025020195,2,731,12:24,07:36,1541,right,525,takeaway,2,D,42,23,8475151
2025020195,2,737,12:58,07:02,1541,right,525,takeaway,2,O,-54,-35,8476419
2025020195,2,844,16:35,03:25,1541,right,525,takeaway,2,D,38,-29,8476419
2025020195,2,858,17:51,02:09,1541,right,525,takeaway,2,D,28,0,8477500
2025020195,3,897,01:24,18:36,1551,left,525,takeaway,29,D,58,-9,8476923
2025020195,3,1130,18:48,01:12,1560,left,525,takeaway,29,D,76,41,8482705
2025020196,1,378,02:42,17:18,1551,right,525,takeaway,20,D,-75,31,8480028
2025020196,1,486,18:40,01:20,1541,right,525,takeaway,20,D,-31,4,8482679
2025020196,1,490,18:40,01:20,1541,right,525,takeaway,4,O,-35,-4,8476461
2025020196,1,497,19:28,00:32,1541,right,525,takeaway,4,D,53,-37,8477903
2025020196,2,669,07:29,12:31,1551,left,525,takeaway,20,O,-96,13,8480028
2025020196,2,697,09:11,10:49,1551,left,525,takeaway,4,D,-97,-25,8482142
2025020196,2,717,11:20,08:40,1551,left,525,takeaway,20,N,-21,-16,8483609
2025020196,3,917,05:16,14:44,1551,right,525,takeaway,20,N,2,-33,8478397
2025020196,3,991,08:14,11:46,1551,right,525,takeaway,4,O,-50,-42,8479022
2025020196,3,1106,11:41,08:19,1551,right,525,takeaway,20,N,-18,35,8477810
2025020196,3,1042,14:14,05:46,1551,right,525,takeaway,4,O,-40,-38,8483733
2025020196,3,1088,16:18,03:42,1551,right,525,takeaway,20,N,-4,-12,8482679
2025020197,1,289,10:08,09:52,1551,left,525,takeaway,24,D,-63,-41,8484762
2025020197,1,336,14:22,05:38,1551,left,525,takeaway,24,O,88,25,8481605
2025020197,1,501,18:30,01:30,1551,left,525,takeaway,1,O,-84,33,8482684
2025020197,1,504,19:57,00:03,1551,left,525,takeaway,24,O,80,-35,8478873
2025020197,2,571,03:48,16:12,1551,right,525,takeaway,1,D,-25,-23,8479407
2025020197,2,625,08:02,11:58,1551,right,525,takeaway,24,D,90,24,8473986
2025020197,2,742,18:09,01:51,1551,right,525,takeaway,24,O,-45,-23,8484762
2025020197,3,894,09:06,10:54,1551,left,525,takeaway,1,O,-91,30,8481559
2025020197,3,980,15:50,04:10,1551,left,525,takeaway,24,O,97,-21,8483445
2025020197,3,1065,19:38,00:22,1551,left,525,takeaway,1,O,-95,28,8481721
2025020198,1,172,04:18,15:42,1541,left,525,takeaway,17,O,-81,21,8481013
2025020198,1,252,11:06,08:54,1551,left,525,takeaway,17,O,-41,14,8479337
2025020198,1,380,16:37,03:23,1551,left,525,takeaway,17,N,2,-40,8483464
2025020198,2,438,00:12,19:48,1551,right,525,takeaway,17,O,95,-29,8482078
2025020198,2,573,02:48,17:12,1551,right,525,takeaway,28,N,0,-41,8484806
2025020198,2,584,02:49,17:11,1551,right,525,takeaway,17,O,47,-34,8479992
2025020198,3,801,00:40,19:20,1551,left,525,takeaway,28,D,-97,8,8480043
2025020198,3,871,05:54,14:06,1551,left,525,takeaway,28,D,-57,41,8475726
2025020198,3,974,12:25,07:35,1551,left,525,takeaway,28,O,97,17,8484911
2025020198,3,1023,18:18,01:42,1551,left,525,takeaway,17,N,24,13,8482078
2025020199,1,327,11:02,08:58,1551,right,525,takeaway,10,D,48,41,8479318
2025020199,1,416,13:00,07:00,1551,right,525,takeaway,5,D,-67,41,8480980
2025020199,2,540,02:11,17:49,1551,left,525,takeaway,5,O,-97,-24,8485414
2025020199,2,728,08:46,11:14,1551,left,525,takeaway,5,D,54,35,8471675
2025020199,2,749,10:22,09:38,1551,left,525,takeaway,5,O,-38,14,8471215
2025020199,2,794,12:27,07:33,1551,left,525,takeaway,5,O,-33,40,8471724
2025020199,2,796,12:47,07:13,1551,left,525,takeaway,10,O,58,-33,8481582
2025020199,3,938,00:45,19:15,1551,right,525,takeaway,10,O,-70,-23,8476853
2025020199,3,1008,07:35,12:25,1551,right,525,takeaway,10,D,43,38,8475166
2025020199,3,1120,14:45,05:15,1551,right,525,takeaway,10,O,-82,-25,8478462
2025020200,1,255,10:47,09:13,1551,left,525,takeaway,19,D,-71,26,8480023
2025020200,1,317,16:08,03:52,1551,left,525,takeaway,22,O,-36,30,8478013
2025020200,1,326,16:39,03:21,1551,left,525,takeaway,19,D,-85,30,8481598
2025020200,2,394,02:09,17:51,1551,right,525,takeaway,19,O,-94,9,8477402
2025020200,2,555,06:48,13:12,1551,right,525,takeaway,22,D,-73,-29,8475218
2025020200,2,565,08:02,11:58,1551,right,525,takeaway,19,D,87,26,8482516
2025020200,2,607,11:02,08:58,1551,right,525,takeaway,22,N,0,-8,8474641
2025020200,2,691,17:32,02:28,1551,right,525,takeaway,22,D,-51,-41,8478013
2025020200,2,767,19:26,00:34,1551,right,525,takeaway,19,O,-43,-18,8480459
2025020200,3,866,07:27,12:33,1551,left,525,takeaway,19,O,88,32,8475170
2025020200,3,874,08:00,12:00,1551,left,525,takeaway,19,D,-35,-26,8480023
2025020200,3,967,13:24,06:36,1551,left,525,takeaway,22,D,33,-41,8477934
2025020200,3,983,14:37,05:23,1551,left,525,takeaway,19,D,-91,9,8481598
2025020201,1,293,09:37,10:23,1551,left,525,takeaway,23,O,-28,36,8480748
2025020201,1,513,19:49,00:11,1551,left,525,takeaway,18,O,98,3,8474564
2025020201,2,750,13:35,06:25,1551,right,525,takeaway,18,O,-98,-2,8476887
2025020201,2,788,15:34,04:26,1551,right,525,takeaway,23,O,48,-13,8478498
2025020201,3,984,10:09,09:51,1551,left,525,takeaway,18,D,-59,-30,8477446
2025020201,3,988,10:40,09:20,1551,left,525,takeaway,18,D,-89,-17,8482768
2025020201,3,1039,13:39,06:21,1551,left,525,takeaway,23,D,64,-38,8483395
2025020201,3,1160,18:52,01:08,1551,left,525,takeaway,23,D,30,-42,8480748
2025020201,4,1173,00:10,04:50,1331,right,525,takeaway,18,O,-65,42,8475158
2025020201,4,1186,02:31,02:29,1331,right,525,takeaway,23,N,16,24,8480012
2025020202,1,147,02:48,17:12,1551,left,525,takeaway,55,O,68,37,8481789
2025020202,1,418,15:45,04:15,1551,left,525,takeaway,55,N,-15,8,8478407
2025020202,2,567,02:12,17:48,1551,right,525,takeaway,16,N,11,41,8476882
2025020202,2,606,03:43,16:17,1551,right,525,takeaway,16,D,-81,-17,8477444
2025020202,2,615,05:26,14:34,1551,right,525,takeaway,55,O,-68,36,8478407
2025020202,3,927,08:39,11:21,1551,left,525,takeaway,55,D,-72,37,8481789
2025020203,1,69,00:25,19:35,1551,left,525,takeaway,7,D,-30,33,8481524
2025020203,1,165,07:19,12:41,1551,left,525,takeaway,68,O,-94,30,8483431
2025020203,1,371,15:28,04:32,1551,left,525,takeaway,7,D,-46,3,8480807
2025020203,2,537,01:35,18:25,1551,right,525,takeaway,7,O,-88,30,8479420
2025020203,2,661,07:07,12:53,1541,right,525,takeaway,7,N,3,0,8480802
2025020203,2,785,17:44,02:16,1551,right,525,takeaway,68,O,99,-15,8480855
2025020203,3,844,03:09,16:51,1551,left,525,takeaway,68,D,78,39,8479410
2025020203,3,898,07:35,12:25,1551,left,525,takeaway,68,D,50,-40,8482175
2025020204,1,81,01:37,18:23,1551,right,525,takeaway,4,D,-56,-32,8477948
2025020204,1,389,16:04,03:56,1551,right,525,takeaway,4,O,35,31,8484387
2025020204,2,657,10:55,09:05,1541,left,525,takeaway,8,N,-17,-36,8478133
2025020204,3,936,10:56,09:04,1551,right,525,takeaway,4,N,14,41,8481533
2025020204,3,952,11:46,08:14,1551,right,525,takeaway,8,N,3,-20,8483457
2025020204,4,1053,01:15,03:45,1331,left,525,takeaway,8,D,-88,26,8483457
2025020205,1,310,07:16,12:44,1551,left,525,takeaway,6,D,44,6,8479325
2025020205,1,348,09:53,10:07,1551,left,525,takeaway,2,D,-57,38,8476917
2025020205,1,359,11:15,08:45,1551,left,525,takeaway,6,D,95,-25,8478401
2025020205,1,419,19:57,00:03,1551,left,525,takeaway,6,D,87,-17,8479325
2025020205,2,442,00:26,19:34,1551,right,525,takeaway,2,D,51,19,8476429
2025020205,2,802,16:18,03:42,1551,right,525,takeaway,2,O,-89,-32,8481601
2025020205,3,972,04:50,15:10,1541,left,525,takeaway,2,D,-64,-34,8476917
2025020205,3,1014,06:03,13:57,1551,left,525,takeaway,6,D,39,31,8479325
2025020205,3,1094,11:57,08:03,1551,left,525,takeaway,2,O,92,-24,8477500
2025020205,3,1164,17:53,02:07,1551,left,525,takeaway,2,O,40,-40,8478445
2025020205,4,1200,02:47,02:13,1331,right,525,takeaway,6,D,-40,-24,8482177
2025020206,1,224,01:50,18:10,1551,right,525,takeaway,12,D,-97,-13,8478427
2025020206,1,142,02:17,17:43,1551,right,525,takeaway,3,O,-96,-6,8482157
2025020206,2,515,00:22,19:38,1551,left,525,takeaway,3,D,-93,-31,8477369
2025020206,2,655,11:49,08:11,1551,left,525,takeaway,3,O,99,-16,8476468
2025020206,2,758,13:34,06:26,1451,left,525,takeaway,12,N,13,-14,8476921
2025020206,2,769,15:46,04:14,1551,left,525,takeaway,3,D,-27,-3,8477380
2025020206,2,804,19:02,00:58,1541,left,525,takeaway,3,D,-39,36,8476459
2025020206,3,856,01:10,18:50,1551,right,525,takeaway,12,D,-78,-34,8482093
2025020206,3,889,02:40,17:20,1551,right,525,takeaway,3,O,-86,-34,8479323
2025020206,3,902,02:52,17:08,1551,right,525,takeaway,3,N,8,-38,8481704
2025020206,3,927,05:32,14:28,1551,right,525,takeaway,12,O,94,6,8482702
2025020206,3,928,05:35,14:25,1551,right,525,takeaway,3,D,37,40,8478840
2025020206,3,984,11:28,08:32,1551,right,525,takeaway,12,O,79,-38,8480830
2025020206,3,1001,12:48,07:12,1551,right,525,takeaway,3,D,90,33,8482073
2025020206,3,1020,13:00,07:00,1551,right,525,takeaway,3,D,98,-2,8482073
2025020206,3,1048,16:13,03:47,1551,right,525,takeaway,12,O,97,10,8475791
2025020207,1,183,03:13,16:47,1551,right,525,takeaway,22,N,-11,-16,8478458
2025020207,1,210,05:52,14:08,1551,right,525,takeaway,25,D,33,-28,8480027
2025020207,1,229,07:01,12:59,1541,right,525,takeaway,22,O,93,-14,8480803
2025020207,1,313,08:30,11:30,1451,right,525,takeaway,22,D,-29,-17,8478013
2025020207,1,354,11:50,08:10,1451,right,525,takeaway,22,D,-98,4,8478402
2025020207,1,471,19:14,00:46,1551,right,525,takeaway,25,D,41,39,8480036
2025020207,2,615,07:37,12:23,1551,left,525,takeaway,22,O,-94,-12,8478402
2025020207,3,830,06:06,13:54,1551,right,525,takeaway,22,O,84,30,8477498
2025020207,3,870,08:14,11:46,1551,right,525,takeaway,22,O,76,-20,8477934
2025020207,3,902,10:14,09:46,1551,right,525,takeaway,22,O,48,-31,8477934
2025020207,3,985,14:34,05:26,1551,right,525,takeaway,22,O,79,37,8475218
2025020207,3,998,15:21,04:39,1551,right,525,takeaway,22,O,36,40,8476454
2025020208,1,76,00:41,19:19,1551,right,525,takeaway,30,N,-18,-39,8476463
2025020208,1,91,01:00,19:00,1551,right,525,takeaway,18,O,42,-32,8482103
2025020208,1,151,06:12,13:48,1551,right,525,takeaway,30,D,61,-34,8476994
2025020208,1,154,06:17,13:43,1551,right,525,takeaway,18,O,99,14,8476887
2025020208,1,268,14:29,05:31,1551,right,525,takeaway,30,N,-1,-40,8484798
2025020208,1,313,18:19,01:41,1551,right,525,takeaway,30,O,-34,32,8477451
2025020208,3,838,08:11,11:49,1551,right,525,takeaway,18,D,-99,8,8476869
2025020208,3,957,17:29,02:31,1551,right,525,takeaway,30,D,98,23,8477451
2025020208,4,1020,03:28,01:32,1331,left,525,takeaway,30,D,-40,-39,8475149
2025020209,1,107,03:33,16:27,1551,right,525,takeaway,14,N,-21,-39,8482929
2025020209,1,127,04:47,15:13,1551,right,525,takeaway,14,N,-1,-28,8478010
2025020209,2,512,00:05,19:55,1551,left,525,takeaway,21,N,-6,-17,8476312
2025020209,2,519,00:17,19:43,1551,left,525,takeaway,21,D,-40,40,8476312
2025020209,2,661,10:31,09:29,1551,left,525,takeaway,21,D,-79,-19,8478038
2025020209,2,758,17:25,02:35,1451,left,525,takeaway,21,O,79,9,8478109
2025020209,2,763,17:38,02:22,1451,left,525,takeaway,14,D,66,-18,8474151
2025020209,3,816,01:41,18:19,1541,right,525,takeaway,21,D,65,-24,8480835
2025020209,3,921,10:00,10:00,1551,right,525,takeaway,21,D,26,-40,8477501
2025020209,3,976,13:03,06:57,1551,right,525,takeaway,21,D,71,-32,8484258
2025020209,3,1049,18:59,01:01,0651,right,525,takeaway,14,O,50,-41,8480426
2025020210,1,248,09:50,10:10,1551,right,525,takeaway,54,D,72,-33,8478396
2025020210,3,800,00:20,19:40,1551,right,525,takeaway,54,O,-98,-11,8477447
2025020210,3,1012,16:14,03:46,1551,right,525,takeaway,54,D,86,23,8476448
2025020211,1,396,16:58,03:02,1551,left,525,takeaway,24,N,6,-39,8476885
2025020211,1,400,19:00,01:00,1551,left,525,takeaway,24,D,-53,-38,8475184
2025020211,2,727,10:15,09:45,1541,right,525,takeaway,13,O,89,11,8480185
2025020211,2,748,13:47,06:13,1551,right,525,takeaway,24,N,5,-25,8473986
2025020211,2,806,14:07,05:53,1551,right,525,takeaway,24,O,-79,-27,8482745
2025020211,3,935,01:45,18:15,1441,left,525,takeaway,13,O,-83,31,8477935
2025020211,3,951,01:48,18:12,1441,left,525,takeaway,24,D,-72,41,8484762
2025020211,3,963,04:31,15:29,1441,left,525,takeaway,13,D,87,25,8477935
2025020211,3,985,05:48,14:12,1441,left,525,takeaway,24,D,-59,9,8481605
2025020211,3,1034,09:23,10:37,1551,left,525,takeaway,13,O,-66,39,8478055
2025020212,1,150,04:54,15:06,1451,right,525,takeaway,26,D,41,21,8474563
2025020212,2,496,04:54,15:06,1451,left,525,takeaway,52,N,-8,6,8481043
2025020212,2,555,05:06,14:54,1451,left,525,takeaway,52,D,35,-25,8476871
2025020212,2,652,09:14,10:46,1551,left,525,takeaway,52,O,-92,-30,8479378
2025020212,2,663,10:05,09:55,1551,left,525,takeaway,26,D,-28,-23,8476479
2025020212,2,769,19:03,00:57,1551,left,525,takeaway,52,O,-32,-8,8473604
2025020212,3,880,06:59,13:01,1551,right,525,takeaway,26,D,62,-32,8474563
2025020212,3,884,07:34,12:26,1551,right,525,takeaway,52,D,-81,37,8476460
2025020213,1,186,04:50,15:10,1551,right,525,takeaway,68,O,34,38,8479977
2025020213,1,223,06:45,13:15,1551,right,525,takeaway,68,D,-67,35,8474013
2025020213,1,241,08:20,11:40,1551,right,525,takeaway,68,D,-74,-40,8478831
2025020213,1,351,12:47,07:13,1551,right,525,takeaway,10,D,27,-14,8475166
2025020213,1,436,18:47,01:13,1551,right,525,takeaway,68,O,39,23,8478474
2025020213,1,450,19:45,00:15,1551,right,525,takeaway,10,D,28,-6,8478462
2025020213,2,482,00:21,19:39,1551,left,525,takeaway,68,O,-63,-9,8479343
2025020213,2,484,00:41,19:19,1551,left,525,takeaway,10,D,-71,40,8476931
2025020213,2,491,01:41,18:19,1551,left,525,takeaway,10,N,18,1,8481582
2025020213,3,1015,14:41,05:19,1551,right,525,takeaway,10,N,-3,-2,8475166
2025020213,3,1045,16:55,03:05,0651,right,525,takeaway,10,D,95,-27,8476931
2025020214,1,465,10:41,09:19,1551,right,525,takeaway,19,D,-52,34,8477402
2025020214,2,574,02:31,17:29,1551,left,525,takeaway,15,O,96,-8,8471214
2025020214,2,717,07:23,12:37,1551,left,525,takeaway,15,O,95,14,8478440
2025020214,2,843,18:42,01:18,1551,left,525,takeaway,19,D,68,-34,8484164
2025020214,3,961,05:48,14:12,1551,right,525,takeaway,19,D,-39,-7,8481006
2025020215,1,132,03:34,16:26,1551,right,525,takeaway,29,D,-31,33,8475745
2025020215,1,379,14:20,05:40,1551,right,525,takeaway,29,O,51,39,8478500
2025020215,1,435,19:17,00:43,1551,right,525,takeaway,29,O,94,-21,8482705
2025020215,1,436,19:33,00:27,1551,right,525,takeaway,20,D,77,-39,8480860
2025020216,1,383,16:39,03:21,1551,right,525,takeaway,23,D,39,40,8482691
2025020216,1,384,16:45,03:15,1551,right,525,takeaway,16,D,-46,32,8484197
2025020216,1,416,19:04,00:56,1551,right,525,takeaway,23,D,83,19,8480058
2025020216,2,804,15:45,04:15,1551,left,525,takeaway,16,D,72,39,8476473
2025020216,2,813,16:12,03:48,1551,left,525,takeaway,16,N,21,36,8477479
2025020216,2,859,19:06,00:54,1551,left,525,takeaway,23,O,99,-2,8474574
2025020216,3,878,00:09,19:51,1551,right,525,takeaway,16,O,95,-22,8484144
2025020216,3,944,05:22,14:38,1551,right,525,takeaway,23,O,-70,41,8480748
2025020216,3,1007,08:40,11:20,1551,right,525,takeaway,23,O,-98,-2,8484240
2025020216,3,1126,17:49,02:11,1560,right,525,takeaway,23,O,-93,7,8480012
2025020217,1,259,05:59,14:01,1551,left,525,takeaway,55,O,57,32,8480009
2025020217,1,324,10:56,09:04,1551,left,525,takeaway,28,O,-90,-29,8478874
2025020217,1,378,14:45,05:15,1551,left,525,takeaway,28,N,9,38,8484801
2025020217,1,426,19:07,00:53,1551,left,525,takeaway,28,D,49,-41,8484806
2025020217,2,707,17:50,02:10,1551,right,525,takeaway,55,N,10,-15,8477986
2025020217,3,773,01:36,18:24,1551,left,525,takeaway,28,D,83,38,8479983
2025020217,3,829,04:35,15:25,1451,left,525,takeaway,55,O,86,-20,8478407
2025020217,3,903,06:52,13:08,1551,left,525,takeaway,55,D,-26,26,8483524
2025020217,3,1003,15:18,04:42,1541,left,525,takeaway,28,O,-87,-15,8475784
2025020218,1,104,00:49,19:11,1551,left,525,takeaway,9,O,-71,-7,8473512
2025020218,1,126,01:08,18:52,1551,left,525,takeaway,9,O,-81,-39,8482105
2025020218,1,240,10:29,09:31,1551,left,525,takeaway,6,O,33,-40,8479591
2025020218,1,257,10:34,09:26,1551,left,525,takeaway,9,D,63,-28,8482245
2025020218,1,259,10:39,09:21,1551,left,525,takeaway,6,O,98,13,8476374
2025020218,1,291,13:42,06:18,1551,left,525,takeaway,6,D,-82,37,8477507
2025020218,2,623,04:41,15:19,1441,right,525,takeaway,6,D,41,20,8483489
2025020218,2,712,08:36,11:24,1551,right,525,takeaway,9,D,-78,36,8482116
2025020218,2,734,09:44,10:16,1551,right,525,takeaway,6,N,13,-33,8482177
2025020218,2,784,13:33,06:27,1451,right,525,takeaway,9,D,-54,36,8482105
2025020218,3,948,03:33,16:27,1551,left,525,takeaway,6,D,-53,34,8477507
2025020218,3,981,06:22,13:38,1551,left,525,takeaway,9,O,-65,41,8475324
2025020218,3,1189,10:02,09:58,1441,left,525,takeaway,6,D,-73,-24,8476854
2025020218,3,1066,10:41,09:19,1441,left,525,takeaway,6,D,-77,-40,8479369
2025020218,3,1141,16:39,03:21,1551,left,525,takeaway,9,O,-42,-35,8478020
2025020219,1,354,09:43,10:17,1551,left,525,takeaway,7,D,-46,-38,8478413
2025020219,1,398,12:32,07:28,1451,left,525,takeaway,19,D,32,38,8478472
2025020219,1,413,12:56,07:04,1451,left,525,takeaway,19,N,16,27,8480281
2025020219,2,632,05:38,14:22,1541,right,525,takeaway,19,O,89,12,8482077
2025020219,2,782,16:52,03:08,1551,right,525,takeaway,19,O,67,16,8480074
2025020220,1,66,00:25,19:35,1551,left,525,takeaway,8,D,68,-14,8480865
2025020220,1,177,06:25,13:35,1551,left,525,takeaway,8,D,98,0,8481523
2025020220,1,258,13:53,06:07,1551,left,525,takeaway,1,O,62,41,8479395
2025020220,1,298,16:45,03:15,1441,left,525,takeaway,8,D,62,18,8481540
2025020220,2,685,12:43,07:17,1551,right,525,takeaway,8,D,-67,38,8482964
2025020220,2,702,13:43,06:17,1551,right,525,takeaway,8,D,-96,-17,8483457
2025020220,3,882,06:38,13:22,1451,left,525,takeaway,1,O,29,-32,8481559
2025020220,3,905,08:34,11:26,1551,left,525,takeaway,8,D,80,-36,8478851
2025020221,1,180,06:01,13:59,1551,left,525,takeaway,5,N,-14,-6,8477365
2025020221,1,197,06:56,13:04,1551,left,525,takeaway,15,O,-97,4,8482148
2025020221,1,198,07:18,12:42,1551,left,525,takeaway,15,D,36,-37,8482148
2025020221,2,652,08:31,11:29,1551,right,525,takeaway,5,N,17,25,8474578
2025020221,2,670,10:12,09:48,1551,right,525,takeaway,15,D,-37,-38,8474590
2025020221,2,772,17:13,02:47,1551,right,525,takeaway,15,O,83,-20,8476880
2025020221,2,775,17:58,02:02,1551,right,525,takeaway,15,O,32,29,8484186
2025020221,3,849,02:34,17:26,1551,left,525,takeaway,15,D,89,-33,8475343
2025020221,3,891,05:00,15:00,1541,left,525,takeaway,5,N,-1,23,8480980
2025020221,3,971,11:06,08:54,1451,left,525,takeaway,5,N,1,16,8474578
2025020221,3,1030,15:11,04:49,1551,left,525,takeaway,5,N,-4,-38,8479533
2025020222,1,177,05:12,14:48,1551,right,525,takeaway,12,D,47,-36,8473533
2025020222,1,566,18:52,01:08,1541,right,525,takeaway,12,D,34,37,8480817
2025020222,2,708,04:29,15:31,1551,left,525,takeaway,30,D,59,28,8475765
2025020222,2,709,04:31,15:29,1551,left,525,takeaway,12,O,92,-30,8482702
2025020222,2,728,05:20,14:40,1551,left,525,takeaway,12,O,41,-39,8482702
2025020222,2,747,07:10,12:50,1551,left,525,takeaway,12,D,-84,14,8480817
2025020222,2,762,08:38,11:22,1551,left,525,takeaway,12,D,-41,-41,8480336
2025020222,2,884,18:20,01:40,1551,left,525,takeaway,12,O,37,38,8482093
2025020222,2,895,18:41,01:19,1551,left,525,takeaway,12,D,-81,-36,8480817
2025020222,3,974,00:04,19:56,1551,right,525,takeaway,30,N,-17,34,8478136
2025020222,3,1246,15:41,04:19,1551,right,525,takeaway,12,D,26,-29,8482093
2025020222,3,1292,18:58,01:02,0651,right,525,takeaway,30,O,80,37,8482079
2025020223,1,391,13:00,07:00,1551,left,525,takeaway,4,O,-98,7,8476461
2025020223,2,677,04:49,15:11,1551,right,525,takeaway,18,O,-43,35,8475287
2025020223,2,680,04:57,15:03,1551,right,525,takeaway,4,O,51,-37,8475235
2025020223,2,682,06:09,13:51,1551,right,525,takeaway,4,D,-35,39,8478439
2025020223,2,699,09:37,10:23,1551,right,525,takeaway,18,O,-97,3,8475158
2025020223,3,901,05:49,14:11,1551,left,525,takeaway,18,N,0,-34,8482103
2025020223,3,953,09:47,10:13,1551,left,525,takeaway,18,D,-83,-38,8481056
2025020223,3,980,13:32,06:28,1451,left,525,takeaway,4,D,52,39,8478439
2025020223,3,1075,16:49,03:11,1551,left,525,takeaway,18,O,99,-1,8474564
2025020224,1,170,01:56,18:04,1551,right,525,takeaway,25,O,-98,0,8484829
2025020224,1,178,02:30,17:30,1551,right,525,takeaway,25,N,-19,33,8477454
2025020224,1,262,07:14,12:46,1551,right,525,takeaway,24,N,-18,32,8475184
2025020224,1,274,07:32,12:28,1551,right,525,takeaway,25,D,43,39,8480036
2025020224,2,601,08:12,11:48,1551,left,525,takeaway,25,D,-36,39,8480036
2025020224,2,731,12:34,07:26,1551,left,525,takeaway,24,O,-27,32,8481605
2025020224,2,734,14:03,05:57,1551,left,525,takeaway,24,N,-14,27,8473986
2025020224,2,786,18:00,02:00,1551,left,525,takeaway,24,D,91,-4,8478424
2025020224,3,962,10:06,09:54,1551,right,525,takeaway,24,D,-38,19,8481563
2025020224,3,1051,18:25,01:35,1560,right,525,takeaway,25,O,-91,26,8480036
2025020225,1,82,02:10,17:50,1551,right,525,takeaway,14,D,-35,30,8476826
2025020225,1,83,02:12,17:48,1551,right,525,takeaway,54,O,-70,39,8481604
2025020225,1,233,07:45,12:15,1551,right,525,takeaway,14,D,-57,40,8474151
2025020225,1,256,10:19,09:41,1551,right,525,takeaway,54,O,-59,-21,8479353
2025020225,1,357,14:18,05:42,1551,right,525,takeaway,14,O,51,36,8477416
2025020225,1,460,18:16,01:44,1551,right,525,takeaway,14,D,-73,-39,8475167
2025020225,2,479,00:27,19:33,1551,left,525,takeaway,14,D,47,41,8477416
2025020225,2,589,04:16,15:44,1551,left,525,takeaway,14,O,-97,22,8477404
2025020225,3,864,06:59,13:01,1451,right,525,takeaway,14,D,-32,39,8474151
2025020225,3,954,10:23,09:37,1551,right,525,takeaway,14,O,32,-41,8483752
2025020225,3,978,11:21,08:39,1551,right,525,takeaway,14,D,-38,39,8478010
2025020226,1,114,04:06,15:54,1551,right,525,takeaway,26,D,80,17,8482730
2025020226,1,397,13:00,07:00,1551,right,525,takeaway,26,N,-16,-12,8470621
2025020226,2,549,05:09,14:51,1551,left,525,takeaway,26,N,12,-4,8482155
2025020226,2,701,13:18,06:42,1451,left,525,takeaway,13,D,34,-24,8478542
2025020226,3,931,08:58,11:02,1451,right,525,takeaway,13,D,-80,-34,8477932
2025020226,3,1048,19:07,00:53,1551,right,525,takeaway,26,N,-9,36,8476469
2025020227,1,167,04:01,15:59,1551,right,525,takeaway,17,O,-98,-9,8477946
2025020227,1,361,13:12,06:48,1551,right,525,takeaway,3,O,77,-41,8482109
2025020227,1,832,17:41,02:19,1451,right,525,takeaway,3,D,-95,16,8476459
2025020227,2,578,06:48,13:12,1551,left,525,takeaway,17,O,63,-31,8482078
2025020227,2,671,13:54,06:06,1551,left,525,takeaway,3,O,-58,6,8482157
2025020227,2,738,18:24,01:36,1551,left,525,takeaway,17,O,57,28,8483464
2025020227,3,843,05:21,14:39,1551,right,525,takeaway,3,N,10,-20,8482109
2025020228,1,260,09:28,10:32,1551,left,525,takeaway,2,D,-32,-22,8477506
2025020228,1,278,10:38,09:22,1551,left,525,takeaway,30,O,-70,-40,8476994
2025020228,1,397,17:00,03:00,1551,left,525,takeaway,30,D,87,9,8474716
2025020228,1,525,18:58,01:02,1551,left,525,takeaway,2,N,-21,-37,8477407
2025020228,2,605,03:29,16:31,1551,right,525,takeaway,30,O,56,-8,8475149
2025020228,2,808,18:17,01:43,1551,right,525,takeaway,30,D,-96,-21,8482122
2025020228,3,892,03:53,16:07,1551,left,525,takeaway,30,O,-99,8,8481557
2025020228,3,1083,12:42,07:18,1551,left,525,takeaway,30,O,-90,34,8478493
2025020229,1,198,05:16,14:44,1551,right,525,takeaway,16,D,-40,-36,8482176
2025020229,1,386,15:32,04:28,1551,right,525,takeaway,16,D,-67,5,8484783
2025020229,1,400,16:43,03:17,1551,right,525,takeaway,16,D,-25,30,8481568
2025020229,1,482,19:45,00:15,1451,right,525,takeaway,16,D,-33,19,8483450
2025020229,2,616,04:11,15:49,1541,left,525,takeaway,20,N,-16,-13,8476456
2025020229,2,634,05:01,14:59,1551,left,525,takeaway,16,D,86,-34,8482176
2025020229,2,684,07:11,12:49,1551,left,525,takeaway,16,D,90,9,8482703
2025020229,2,760,13:23,06:37,1451,left,525,takeaway,20,O,80,-18,8477346
2025020229,2,778,15:06,04:54,1551,left,525,takeaway,16,D,56,27,8484783
2025020229,2,830,19:41,00:19,1551,left,525,takeaway,20,N,5,-41,8475172
2025020229,3,883,03:17,16:43,1551,right,525,takeaway,20,O,-47,-42,8477346
2025020229,3,982,10:13,09:47,1551,right,525,takeaway,16,D,-55,37,8484783
2025020229,3,1074,17:03,02:57,1551,right,525,takeaway,16,D,-85,11,8473422
2025020229,3,1083,17:57,02:03,1551,right,525,takeaway,16,O,34,13,8484144
2025020229,3,1099,18:44,01:16,1551,right,525,takeaway,20,O,-69,36,8483609
2025020230,1,192,04:37,15:23,1541,left,525,takeaway,52,O,-92,10,8480014
2025020230,1,254,06:52,13:08,1451,left,525,takeaway,28,O,92,13,8477505
2025020230,2,627,05:50,14:10,1551,right,525,takeaway,52,O,64,-38,8480014
2025020230,2,664,08:09,11:51,1551,right,525,takeaway,52,D,-29,-37,8480014
2025020230,2,797,10:57,09:03,1551,right,525,takeaway,52,D,-74,-13,8477938
2025020230,2,772,15:50,04:10,1551,right,525,takeaway,52,O,61,-10,8481043
2025020230,3,896,06:16,13:44,1551,left,525,takeaway,52,D,73,20,8477504
2025020231,1,195,05:48,14:12,1551,left,525,takeaway,5,O,-28,-3,8480980
2025020231,1,198,06:25,13:35,1551,left,525,takeaway,1,D,-68,38,8481032
2025020231,1,520,16:16,03:44,1551,left,525,takeaway,1,O,42,41,8477996
2025020231,2,648,06:51,13:09,1551,right,525,takeaway,1,O,-54,-39,8481559
2025020231,2,715,11:46,08:14,1551,right,525,takeaway,1,O,-71,-33,8475455
2025020231,2,793,18:14,01:46,1551,right,525,takeaway,5,O,49,38,8478438
2025020231,3,821,00:12,19:48,1551,left,525,takeaway,1,O,81,-37,8480002
2025020231,3,878,03:40,16:20,1541,left,525,takeaway,1,D,-31,-28,8482684
2025020231,4,1118,03:17,01:43,1331,right,525,takeaway,5,D,-50,0,8471215
2025020232,1,99,02:24,17:36,1551,right,525,takeaway,9,D,-47,38,8482105
2025020232,1,282,08:29,11:31,1551,right,525,takeaway,4,D,31,-33,8479022
2025020232,2,579,04:55,15:05,1551,left,525,takeaway,4,D,-27,-38,8480015
2025020232,2,582,05:14,14:46,1551,left,525,takeaway,4,D,-82,26,8476372
2025020232,2,638,10:55,09:05,1441,left,525,takeaway,4,O,38,0,8476372
2025020232,2,778,16:43,03:17,1551,left,525,takeaway,4,O,44,38,8481533
2025020232,2,800,18:22,01:38,1551,left,525,takeaway,9,D,36,-39,8481606
2025020232,3,923,08:18,11:42,1551,right,525,takeaway,9,N,-3,-30,8475324
2025020232,3,924,09:10,10:50,1551,right,525,takeaway,9,O,43,-36,8478020
2025020232,3,976,12:13,07:47,1551,right,525,takeaway,4,N,-21,37,8476461
2025020232,3,1029,16:14,03:46,1551,right,525,takeaway,4,N,5,37,8482126
2025020232,3,1030,16:18,03:42,1551,right,525,takeaway,9,O,47,-1,8482116
2025020232,3,1064,18:12,01:48,1551,right,525,takeaway,4,O,-69,40,8484387
2025020233,1,147,06:13,13:47,1551,left,525,takeaway,25,O,-54,-23,8484829
2025020233,1,294,11:01,08:59,1551,left,525,takeaway,25,O,-99,11,8476902
2025020233,1,393,14:43,05:17,1541,left,525,takeaway,18,D,-74,41,8475158
2025020233,3,918,05:43,14:17,1551,left,525,takeaway,25,D,67,-27,8479351
2025020233,3,945,09:51,10:09,1551,left,525,takeaway,18,O,96,3,8479370
2025020233,3,981,10:25,09:35,1551,left,525,takeaway,18,N,-4,-7,8482146
2025020234,1,86,01:44,18:16,1451,right,525,takeaway,6,N,-23,-20,8479369
2025020234,1,149,04:33,15:27,1551,right,525,takeaway,10,O,-28,-21,8475171
2025020234,1,247,09:15,10:45,1551,right,525,takeaway,10,D,59,-36,8475171
2025020234,1,417,11:57,08:03,1451,right,525,takeaway,10,O,-98,1,8475171
2025020234,1,423,12:33,07:27,1451,right,525,takeaway,6,D,-90,28,8483489
2025020234,1,456,14:11,05:49,1551,right,525,takeaway,10,N,-21,40,8481711
2025020234,1,500,16:28,03:32,1551,right,525,takeaway,6,D,-55,26,8480035
2025020234,3,921,02:53,17:07,1551,right,525,takeaway,10,N,-9,-42,8481122
2025020234,3,1032,10:46,09:14,1551,right,525,takeaway,6,O,31,0,8482511
2025020234,3,1036,10:48,09:12,1551,right,525,takeaway,10,N,4,-3,8482259
2025020235,1,262,11:41,08:19,1551,right,525,takeaway,8,N,-19,-6,8480865
2025020235,1,363,19:03,00:57,1551,right,525,takeaway,68,D,-80,39,8480849
2025020235,2,400,02:10,17:50,1541,left,525,takeaway,8,D,-69,-21,8478851
2025020235,2,695,18:29,01:31,1551,left,525,takeaway,68,O,-80,20,8483431
2025020235,3,720,00:19,19:41,1551,right,525,takeaway,68,O,56,40,8477220
2025020235,3,735,01:30,18:30,1551,right,525,takeaway,68,O,74,-25,8482699
2025020235,3,933,16:46,03:14,1551,right,525,takeaway,8,D,77,-41,8482775
2025020235,3,961,19:19,00:41,1551,right,525,takeaway,8,D,29,-13,8481523
2025020236,1,72,00:16,19:44,1551,left,525,takeaway,15,D,83,34,8480873
2025020236,1,465,18:55,01:05,1551,left,525,takeaway,15,O,-97,24,8481656
2025020236,1,476,19:20,00:40,1551,left,525,takeaway,15,O,-64,-23,8474590
2025020236,2,739,08:34,11:26,1551,right,525,takeaway,14,D,76,-39,8480426
2025020236,2,740,09:38,10:22,1551,right,525,takeaway,15,D,-34,-38,8474590
2025020236,2,749,10:41,09:19,1551,right,525,takeaway,14,O,-38,42,8476453
2025020236,2,790,15:15,04:45,1551,right,525,takeaway,14,N,0,-26,8480426
2025020236,3,904,02:38,17:22,1551,left,525,takeaway,14,N,11,-16,8482929
2025020236,3,1094,19:13,00:47,0551,left,525,takeaway,15,N,18,23,8480873
2025020237,1,119,03:01,16:59,1551,right,525,takeaway,2,O,97,-15,8477506
2025020237,1,240,07:13,12:47,1551,right,525,takeaway,2,D,-79,-38,8484958
2025020237,1,406,11:27,08:33,1551,right,525,takeaway,2,D,-45,33,8485366
2025020237,1,407,11:51,08:09,1551,right,525,takeaway,3,D,78,-34,8478882
2025020237,1,460,18:53,01:07,1551,right,525,takeaway,3,O,-55,-37,8477380
2025020237,2,756,10:59,09:01,1551,left,525,takeaway,3,D,-53,-26,8476459
2025020237,2,830,16:25,03:35,1551,left,525,takeaway,2,D,34,34,8477506
2025020237,3,1016,08:09,11:51,1551,right,525,takeaway,3,O,-97,-25,8476468
2025020237,3,1100,10:10,09:50,1551,right,525,takeaway,2,D,-50,40,8476917
2025020237,3,1162,19:16,00:44,1551,right,525,takeaway,3,O,-83,27,8482073
2025020238,1,257,06:15,13:45,1551,right,525,takeaway,7,D,-56,39,8482623
2025020238,1,455,09:25,10:35,1551,right,525,takeaway,7,N,20,-31,8482659
2025020238,1,482,11:32,08:28,1451,right,525,takeaway,7,D,-30,-17,8477949
2025020238,1,518,16:12,03:48,1551,right,525,takeaway,12,O,-92,-27,8476921
2025020238,2,624,07:03,12:57,1551,left,525,takeaway,7,N,11,-40,8482765
2025020238,2,658,08:30,11:30,1551,left,525,takeaway,7,O,-98,14,8480196
2025020238,2,675,09:36,10:24,1551,left,525,takeaway,12,N,-21,17,8482809
2025020238,2,682,10:09,09:51,1551,left,525,takeaway,12,D,-77,-22,8477940
2025020238,2,722,12:45,07:15,1541,left,525,takeaway,12,D,-29,41,8478427
2025020238,2,794,17:42,02:18,1551,left,525,takeaway,7,D,78,41,8482097
2025020238,3,861,02:16,17:44,1551,right,525,takeaway,12,D,52,-41,8482093
2025020238,3,920,04:00,16:00,1551,right,525,takeaway,12,D,26,40,8484428
2025020238,3,997,05:28,14:32,1551,right,525,takeaway,7,D,-64,-42,8481522
2025020238,3,1154,15:12,04:48,1551,right,525,takeaway,12,D,33,40,8484428
2025020239,1,311,12:35,07:25,1551,left,525,takeaway,19,O,65,38,8479385
2025020239,1,371,19:31,00:29,1551,left,525,takeaway,19,D,-69,30,8482077
2025020239,2,406,02:07,17:53,1551,right,525,takeaway,55,O,90,22,8474586
2025020239,2,681,17:16,02:44,1551,right,525,takeaway,55,O,98,20,8476905
2025020239,3,799,01:49,18:11,1551,left,525,takeaway,55,N,23,26,8476467
2025020239,3,840,04:07,15:53,1551,left,525,takeaway,55,N,-9,-39,8476905
2025020240,1,295,08:02,11:58,1541,left,525,takeaway,21,N,23,36,8480039
2025020240,1,315,10:30,09:30,1441,left,525,takeaway,22,N,2,-41,8478402
2025020240,2,701,08:39,11:21,1551,right,525,takeaway,21,O,38,35,8479525
2025020240,2,712,09:44,10:16,1551,right,525,takeaway,22,D,46,-28,8475218
2025020240,3,952,07:20,12:40,1551,left,525,takeaway,21,N,-24,38,8484258
2025020240,3,1092,19:45,00:15,1551,left,525,takeaway,21,D,63,-41,8478109
2025020241,1,113,03:02,16:58,1551,right,525,takeaway,23,D,64,-22,8479425
2025020241,1,136,03:55,16:05,1551,right,525,takeaway,29,D,-54,21,8479671
2025020241,1,281,12:23,07:37,1551,right,525,takeaway,29,O,57,-38,8478460
2025020241,2,495,05:32,14:28,1551,left,525,takeaway,23,N,13,10,8475169
2025020241,2,501,06:24,13:36,1551,left,525,takeaway,23,D,-97,-2,8474574
2025020241,2,542,09:31,10:29,1451,left,525,takeaway,23,O,99,-2,8478856
2025020241,2,697,14:40,05:20,1551,left,525,takeaway,29,D,81,-38,8482660
2025020241,3,836,06:05,13:55,1551,right,525,takeaway,23,O,-49,-8,8480800
2025020241,3,859,07:41,12:19,1551,right,525,takeaway,29,N,-17,-38,8478460
2025020242,1,96,01:47,18:13,1551,right,525,takeaway,24,O,88,18,8482178
2025020242,1,113,02:01,17:59,1551,right,525,takeaway,54,N,-1,38,8476881
2025020242,1,359,10:49,09:11,1551,right,525,takeaway,54,O,-48,0,8481604
2025020242,1,404,17:06,02:54,1551,right,525,takeaway,54,O,-66,32,8478403
2025020242,1,413,17:15,02:45,1551,right,525,takeaway,54,O,-25,-38,8478483
2025020242,2,666,08:53,11:07,1541,left,525,takeaway,54,D,-39,-19,8475191
2025020242,2,778,10:30,09:30,1551,left,525,takeaway,54,D,-76,39,8478396
2025020242,2,823,16:33,03:27,1551,left,525,takeaway,24,D,44,0,8476885
2025020242,2,853,18:07,01:53,1551,left,525,takeaway,24,D,34,33,8482178
2025020242,3,906,03:42,16:18,1560,right,525,takeaway,24,D,-81,33,8484153
2025020242,3,1044,11:57,08:03,1551,right,525,takeaway,54,O,-33,34,8478403
2025020242,3,1056,12:11,07:49,1551,right,525,takeaway,54,O,-94,-10,8478396
2025020242,3,1073,13:27,06:33,1551,right,525,takeaway,54,N,4,-37,8478468
2025020242,3,1080,13:46,06:14,1551,right,525,takeaway,54,O,-29,36,8476881
2025020242,3,1112,14:47,05:13,1551,right,525,takeaway,54,O,-67,23,8478483
2025020242,4,1166,00:09,04:51,1331,left,525,takeaway,54,O,97,-6,8478403
2025020242,4,1168,00:17,04:43,1331,left,525,takeaway,54,D,-46,22,8478483
2025020242,4,1176,00:26,04:34,1331,left,525,takeaway,24,D,72,-20,8484153
2025020243,1,122,05:06,14:54,1551,left,525,takeaway,28,D,-37,-41,8475726
2025020243,1,393,14:25,05:35,1551,left,525,takeaway,28,N,0,39,8475200
2025020243,2,525,01:14,18:46,1551,right,525,takeaway,13,N,-24,-16,8478542
2025020243,2,751,18:29,01:31,1551,right,525,takeaway,13,D,-64,-42,8478542
2025020243,2,754,18:39,01:21,1551,right,525,takeaway,13,O,94,4,8477409
2025020243,3,798,01:17,18:43,1551,left,525,takeaway,28,O,83,-34,8475726
2025020243,3,823,04:16,15:44,1551,left,525,takeaway,28,D,-36,-30,8482206
2025020243,3,847,06:15,13:45,1551,left,525,takeaway,13,O,-58,-33,8481655
2025020243,3,877,08:33,11:27,1551,left,525,takeaway,13,O,-77,39,8477495
2025020243,3,903,09:39,10:21,1551,left,525,takeaway,13,N,17,-15,8482131
2025020243,3,977,16:35,03:25,1551,left,525,takeaway,28,D,-33,39,8477505
2025020243,3,983,16:52,03:08,1551,left,525,takeaway,28,D,-52,1,8476624
2025020243,3,993,18:16,01:44,0651,left,525,takeaway,13,O,-69,40,8473419
2025020244,1,263,04:36,15:24,1551,right,525,takeaway,17,O,-99,1,8484160
2025020244,1,393,16:22,03:38,1551,right,525,takeaway,17,O,-52,28,8482078
2025020244,2,612,05:53,14:07,1551,left,525,takeaway,16,D,80,-38,8484783
2025020244,2,664,09:41,10:19,1551,left,525,takeaway,16,O,-36,5,8477444
2025020244,2,704,11:13,08:47,1551,left,525,takeaway,17,D,-42,-41,8479337
2025020244,3,805,00:33,19:27,1551,right,525,takeaway,16,D,-50,15,8477444
2025020244,3,1116,19:22,00:38,1551,right,525,takeaway,16,D,-91,30,8476891
2025020245,1,78,01:45,18:15,1551,left,525,takeaway,26,D,35,-38,8482730
2025020245,1,455,17:48,02:12,1551,left,525,takeaway,26,O,-92,-31,8483808
2025020245,2,490,01:22,18:38,1551,right,525,takeaway,26,D,-34,0,8476469
2025020245,2,491,01:25,18:35,1551,right,525,takeaway,5,D,31,-19,8478450
2025020245,3,995,11:15,08:45,1551,left,525,takeaway,5,D,-72,20,8474578
2025020246,1,232,07:04,12:56,1551,right,525,takeaway,12,O,54,-40,8484428
2025020246,1,425,11:45,08:15,1551,right,525,takeaway,12,D,-69,-38,8482809
2025020246,2,573,01:41,18:19,1431,left,525,takeaway,12,O,-73,11,8477940
2025020246,2,605,02:30,17:30,1541,left,525,takeaway,10,D,-37,-25,8478057
2025020246,2,653,06:45,13:15,1551,left,525,takeaway,10,O,95,-28,8478462
2025020246,2,742,12:40,07:20,1551,left,525,takeaway,10,O,92,-32,8478443
2025020246,2,749,13:32,06:28,1551,left,525,takeaway,12,O,-30,41,8477940
2025020246,2,777,15:31,04:29,1551,left,525,takeaway,12,O,-81,-32,8482100
2025020246,3,1022,12:06,07:54,1551,right,525,takeaway,12,O,47,12,8477940
2025020247,1,189,08:49,11:11,1441,left,525,takeaway,68,O,-43,-12,8479343
2025020247,2,618,05:36,14:24,1551,right,525,takeaway,68,O,70,39,8482699
2025020247,2,648,08:25,11:35,1551,right,525,takeaway,9,O,-85,20,8476393
2025020247,2,680,10:22,09:38,1551,right,525,takeaway,9,O,-26,25,8473512
2025020247,3,862,04:26,15:34,1551,left,525,takeaway,68,D,26,-29,8477951
2025020247,3,899,07:20,12:40,1551,left,525,takeaway,9,O,43,21,8476393
2025020247,3,991,13:28,06:32,1551,left,525,takeaway,9,O,93,-31,8478020
2025020247,3,992,13:51,06:09,1551,left,525,takeaway,9,O,75,-19,8482116
2025020248,1,185,03:41,16:19,1451,right,525,takeaway,55,D,-42,-16,8476905
2025020248,1,239,08:46,11:14,1551,right,525,takeaway,55,D,-82,-35,8483524
2025020248,2,581,05:57,14:03,1541,left,525,takeaway,55,O,-93,-28,8482665
2025020248,2,704,16:29,03:31,1451,left,525,takeaway,25,O,95,-20,8480027
2025020248,2,709,17:19,02:41,1551,left,525,takeaway,55,O,-59,36,8476467
2025020248,3,782,04:20,15:40,1551,right,525,takeaway,55,O,46,36,8481554
2025020248,3,804,05:34,14:26,1541,right,525,takeaway,25,D,80,40,8480950
2025020248,3,834,07:36,12:24,1551,right,525,takeaway,25,D,33,32,8480027
2025020248,3,909,10:12,09:48,1551,right,525,takeaway,25,N,23,-21,8482740
2025020248,3,928,12:03,07:57,1551,right,525,takeaway,25,O,-83,34,8484829
2025020248,3,964,14:13,05:47,1551,right,525,takeaway,55,D,-89,16,8479324
2025020249,1,183,05:56,14:04,1551,right,525,takeaway,30,D,61,41,8474716
2025020249,1,263,08:02,11:58,1551,right,525,takeaway,20,O,70,40,8482074
2025020249,1,329,12:44,07:16,1551,right,525,takeaway,30,N,-8,38,8477451
2025020249,2,496,01:31,18:29,1551,left,525,takeaway,20,O,-93,-22,8475172
2025020249,2,562,02:57,17:03,1551,left,525,takeaway,20,N,0,-36,8481167
2025020249,2,717,13:20,06:40,1551,left,525,takeaway,30,D,-54,1,8481557
2025020249,2,718,13:32,06:28,1551,left,525,takeaway,30,O,98,0,8475149
2025020249,2,746,15:34,04:26,1551,left,525,takeaway,20,N,0,-41,8474150
2025020249,3,861,03:53,16:07,1551,right,525,takeaway,20,D,-60,38,8480860
2025020249,3,876,05:34,14:26,1551,right,525,takeaway,30,N,-12,30,8483460
2025020249,3,1042,17:12,02:48,1551,right,525,takeaway,30,O,-51,40,8477451
2025020250,1,376,16:05,03:55,1551,right,525,takeaway,23,O,-47,-21,8480748
2025020250,2,586,03:30,16:30,1551,left,525,takeaway,21,O,-75,-33,8476312
2025020250,2,606,04:42,15:18,1551,left,525,takeaway,21,O,-54,-41,8477476
2025020250,2,615,06:19,13:41,1551,left,525,takeaway,21,O,-84,-39,8484149
2025020250,2,690,12:03,07:57,1451,left,525,takeaway,21,D,67,-24,8476312
2025020250,3,818,02:47,17:13,1551,right,525,takeaway,21,O,60,41,8482947
2025020250,3,968,13:17,06:43,1551,right,525,takeaway,23,O,-76,19,8479425
2025020251,1,186,06:40,13:20,1551,left,525,takeaway,52,D,60,-15,8476331
2025020251,2,552,04:44,15:16,1551,right,525,takeaway,24,O,-92,-9,8478424
2025020251,2,645,12:26,07:34,1551,right,525,takeaway,52,O,35,-2,8475799
2025020251,2,675,13:53,06:07,1541,right,525,takeaway,24,D,79,-37,8483490
2025020251,2,687,14:57,05:03,1551,right,525,takeaway,24,D,31,37,8483445
2025020251,2,710,16:43,03:17,1451,right,525,takeaway,52,D,-39,-34,8484135
2025020251,2,738,19:10,00:50,1551,right,525,takeaway,52,O,62,-36,8478398
2025020251,3,780,00:41,19:19,1551,left,525,takeaway,24,O,57,-7,8478873
2025020251,3,957,09:56,10:04,1551,left,525,takeaway,52,D,34,41,8476331
2025020252,1,161,03:03,16:57,1551,left,525,takeaway,2,D,80,-39,8481014
2025020252,1,217,07:45,12:15,1551,left,525,takeaway,2,N,22,3,8477950
2025020252,1,244,09:24,10:36,1551,left,525,takeaway,1,O,79,33,8481721
2025020252,1,317,15:18,04:42,1551,left,525,takeaway,2,O,-39,38,8485366
2025020252,2,643,10:42,09:18,1551,right,525,takeaway,1,D,47,35,8480002
2025020252,2,706,11:31,08:29,1551,right,525,takeaway,2,D,-38,23,8476917
2025020252,2,734,14:45,05:15,1551,right,525,takeaway,1,O,-64,-42,8479407
2025020253,1,129,04:40,15:20,1551,right,525,takeaway,18,O,97,-13,8477446
2025020253,1,254,09:49,10:11,1551,right,525,takeaway,3,N,3,12,8475842
2025020253,1,258,10:01,09:59,1551,right,525,takeaway,3,O,-48,-12,8481726
2025020253,1,325,15:56,04:04,1541,right,525,takeaway,3,N,20,-35,8475842
2025020253,2,684,16:22,03:38,1551,left,525,takeaway,3,N,-10,12,8476389
2025020253,3,780,03:14,16:46,1551,right,525,takeaway,3,D,59,-28,8476389
2025020253,3,861,09:28,10:32,1541,right,525,takeaway,18,O,52,-42,8474564
2025020253,3,947,15:16,04:44,1551,right,525,takeaway,3,D,60,-20,8481726
2025020254,1,229,07:45,12:15,1551,left,525,takeaway,22,O,81,-30,8480803
2025020254,1,245,08:57,11:03,1441,left,525,takeaway,29,D,37,3,8478460
2025020254,1,371,11:05,08:55,1541,left,525,takeaway,22,D,-42,37,8481617
2025020254,1,440,17:45,02:15,1551,left,525,takeaway,29,D,29,-41,8476923
2025020254,1,460,18:38,01:22,1551,left,525,takeaway,29,D,27,32,8482475
2025020254,2,709,11:21,08:39,1551,right,525,takeaway,29,O,62,40,8480893
2025020254,3,858,03:04,16:56,1441,left,525,takeaway,22,D,-75,-41,8480803
2025020254,3,890,04:55,15:05,1551,left,525,takeaway,22,N,-22,26,8476967
2025020254,3,989,08:27,11:33,1551,left,525,takeaway,29,O,-84,9,8482660
2025020254,3,996,08:40,11:20,1551,left,525,takeaway,22,D,-94,30,8475218
2025020254,3,1000,09:14,10:46,1551,left,525,takeaway,29,O,-80,-29,8483485
2025020254,3,1068,18:41,01:19,1541,left,525,takeaway,29,D,30,-24,8478460
2025020255,1,99,01:42,18:18,1551,right,525,takeaway,13,N,22,-31,8478542
2025020255,1,302,13:00,07:00,1551,right,525,takeaway,54,O,-96,-24,8478403
2025020255,1,385,16:58,03:02,1551,right,525,takeaway,54,O,-94,-23,8475191
2025020255,2,631,10:24,09:36,1551,left,525,takeaway,54,O,99,4,8478403
2025020255,3,855,01:44,18:16,1551,right,525,takeaway,54,O,-70,-22,8475191
2025020255,3,1036,15:11,04:49,1551,right,525,takeaway,54,O,-37,-12,8476881
2025020255,3,1048,17:58,02:02,1551,right,525,takeaway,54,D,64,41,8477964
2025020255,3,1053,18:02,01:58,1551,right,525,takeaway,13,D,-28,37,8478055
2025020256,1,204,06:40,13:20,1451,left,525,takeaway,10,O,-51,34,8478904
2025020256,1,436,18:03,01:57,1551,left,525,takeaway,10,O,-95,-16,8476853
2025020256,2,751,13:55,06:05,1541,right,525,takeaway,6,D,95,12,8483489
2025020256,3,870,01:35,18:25,1451,left,525,takeaway,6,O,94,-22,8478042
2025020256,3,896,02:57,17:03,1451,left,525,takeaway,10,D,39,0,8482720
2025020256,3,912,03:18,16:42,1551,left,525,takeaway,10,O,-43,-39,8477939
2025020256,3,1048,14:21,05:39,1551,left,525,takeaway,6,N,-13,-29,8479987
2025020257,1,57,00:15,19:45,1551,right,525,takeaway,26,N,0,33,8482155
2025020257,1,93,03:14,16:46,1551,right,525,takeaway,8,O,-99,-3,8476981
2025020257,1,149,06:10,13:50,1551,right,525,takeaway,8,D,42,-16,8476875
2025020257,2,681,18:12,01:48,1551,left,525,takeaway,8,D,-81,-22,8483457
2025020257,2,684,18:38,01:22,1551,left,525,takeaway,26,D,96,26,8476879
2025020257,3,737,02:32,17:28,1551,right,525,takeaway,8,N,-21,-42,8481540
2025020257,3,756,03:58,16:02,1551,right,525,takeaway,8,D,56,39,8475848
2025020257,3,887,14:02,05:58,1551,right,525,takeaway,8,D,36,-18,8483457
2025020257,3,895,14:53,05:07,1551,right,525,takeaway,26,N,-2,-16,8476479
2025020258,1,118,01:01,18:59,1551,left,525,takeaway,25,N,4,39,8480950
2025020258,1,246,09:33,10:27,1551,left,525,takeaway,9,D,-94,-7,8482092
2025020258,1,359,19:00,01:00,1551,left,525,takeaway,9,O,28,40,8476393
2025020258,2,553,06:27,13:33,1451,right,525,takeaway,25,D,-99,12,8476902
2025020258,2,562,07:14,12:46,1451,right,525,takeaway,9,O,-98,14,8474102
2025020258,2,588,08:48,11:12,1551,right,525,takeaway,25,D,-77,39,8482740
2025020258,3,930,10:47,09:13,1551,left,525,takeaway,25,O,-46,16,8481581
2025020258,3,956,13:00,07:00,1541,left,525,takeaway,25,O,-98,-13,8478420
2025020258,4,1073,01:30,03:30,1331,right,525,takeaway,9,D,65,31,8481596
2025020259,1,118,03:59,16:01,1551,right,525,takeaway,15,D,-92,-8,8482148
2025020259,1,319,10:33,09:27,1551,right,525,takeaway,15,D,-34,-40,8476880
2025020259,2,600,01:57,18:03,1451,left,525,takeaway,12,O,96,-23,8480817
2025020259,2,667,02:02,17:58,1451,left,525,takeaway,12,O,85,24,8480336
2025020259,2,676,02:57,17:03,1551,left,525,takeaway,15,D,56,21,8474590
2025020259,2,725,06:04,13:56,1551,left,525,takeaway,15,O,-79,0,8482148
2025020259,2,777,09:17,10:43,1551,left,525,takeaway,15,D,32,27,8474590
2025020259,2,789,10:50,09:10,1541,left,525,takeaway,12,D,-55,28,8482911
2025020259,3,910,01:39,18:21,1551,right,525,takeaway,12,D,73,-29,8480817
2025020259,3,937,03:03,16:57,1551,right,525,takeaway,15,O,97,-12,8484186
2025020259,3,1086,11:46,08:14,1551,right,525,takeaway,12,D,60,-22,8478427
2025020259,3,1101,12:58,07:02,1551,right,525,takeaway,12,N,3,-40,8480817
2025020259,3,1147,16:12,03:48,1551,right,525,takeaway,15,D,-35,-38,8483573
2025020260,1,221,06:43,13:17,1551,left,525,takeaway,19,D,-82,31,8475764
2025020260,1,314,10:10,09:50,1451,left,525,takeaway,20,D,71,-42,8482165
2025020260,1,355,12:12,07:48,1551,left,525,takeaway,20,N,14,39,8480028
2025020260,1,448,18:44,01:16,1551,left,525,takeaway,19,O,79,35,8484164
2025020260,2,485,01:09,18:51,1451,right,525,takeaway,19,D,85,16,8475764
2025020260,2,707,05:11,14:49,1551,right,525,takeaway,19,O,-42,-27,8483516
2025020260,2,873,19:09,00:51,1551,right,525,takeaway,19,D,30,34,8476897
2025020260,3,910,02:02,17:58,1551,left,525,takeaway,20,O,-96,9,8477346
2025020260,3,1030,10:25,09:35,1551,left,525,takeaway,20,D,75,-42,8474150
2025020260,3,1045,12:00,08:00,1551,left,525,takeaway,20,D,76,-40,8480860
2025020260,3,1094,14:22,05:38,1551,left,525,takeaway,20,D,94,25,8480797
2025020260,3,1142,17:16,02:44,1551,left,525,takeaway,19,D,-32,27,8480023
2025020261,1,92,01:16,18:44,1551,right,525,takeaway,30,N,17,-23,8482094
2025020261,1,169,08:19,11:41,1541,right,525,takeaway,30,D,45,6,8482079
2025020261,1,255,14:43,05:17,1551,right,525,takeaway,28,O,96,13,8484801
2025020261,1,291,18:27,01:33,1551,right,525,takeaway,30,O,-97,23,8481557
2025020261,2,700,16:26,03:34,1551,left,525,takeaway,30,O,99,-8,8483460
2025020261,3,829,07:07,12:53,1551,right,525,takeaway,30,O,-97,0,8478864
2025020262,1,100,02:37,17:23,1551,right,525,takeaway,21,O,-99,-4,8482947
2025020262,1,141,05:23,14:37,1551,right,525,takeaway,21,O,-25,38,8476455
2025020262,1,305,13:45,06:15,1551,right,525,takeaway,24,D,-57,-24,8482803
2025020262,1,398,18:30,01:30,1441,right,525,takeaway,24,D,-54,-41,8481605
2025020262,1,400,18:55,01:05,1551,right,525,takeaway,24,D,-86,-19,8481563
2025020262,2,529,00:50,19:10,1551,left,525,takeaway,24,N,8,-29,8478873
2025020262,2,571,03:45,16:15,1551,left,525,takeaway,21,D,-98,-18,8478038
2025020262,2,613,07:01,12:59,1551,left,525,takeaway,21,N,8,-16,8477476
2025020262,2,825,18:55,01:05,1551,left,525,takeaway,21,D,-39,40,8480069
2025020262,3,860,00:58,19:02,1551,right,525,takeaway,21,N,-23,35,8477501
2025020262,3,918,04:31,15:29,1551,right,525,takeaway,24,O,79,2,8481754
2025020262,3,1078,16:57,03:03,0651,right,525,takeaway,24,O,92,17,8476885
2025020262,3,1111,19:11,00:49,1551,right,525,takeaway,24,D,-35,34,8481563
2025020263,1,403,13:57,06:03,1541,right,525,takeaway,52,O,93,-11,8482149
2025020263,2,532,04:27,15:33,1551,left,525,takeaway,52,O,-97,20,8475799
2025020263,2,537,04:39,15:21,1551,left,525,takeaway,23,D,-43,-27,8479425
2025020263,2,627,07:54,12:06,1551,left,525,takeaway,52,D,98,-3,8477504
2025020263,3,1025,03:40,16:20,1551,right,525,takeaway,52,D,-32,-38,8477504
2025020263,3,879,03:47,16:13,1551,right,525,takeaway,23,N,11,-37,8484136
2025020263,3,939,08:48,11:12,1551,right,525,takeaway,23,N,-6,-40,8482117
2025020263,3,999,12:58,07:02,1551,right,525,takeaway,23,N,-1,-2,8480800
2025020263,3,1067,18:41,01:19,1560,right,525,takeaway,52,D,-35,-35,8476392
2025020264,1,136,06:20,13:40,1551,left,525,takeaway,29,D,98,-12,8483432
2025020264,1,393,18:07,01:53,1551,left,525,takeaway,55,O,94,3,8480009
2025020264,1,451,18:25,01:35,1551,left,525,takeaway,29,D,85,-15,8479371
2025020264,2,474,00:52,19:08,1551,right,525,takeaway,55,O,-55,-25,8476905
2025020264,2,648,08:40,11:20,1551,right,525,takeaway,29,D,-53,26,8482705
2025020264,2,659,08:46,11:14,1551,right,525,takeaway,55,N,22,-36,8482858
2025020264,2,666,09:13,10:47,1551,right,525,takeaway,55,N,23,27,8476457
2025020264,2,671,10:33,09:27,1551,right,525,takeaway,29,D,-56,-41,8480893
2025020264,2,715,14:34,05:26,1551,right,525,takeaway,55,O,-87,19,8478975
2025020264,3,877,07:01,12:59,1551,left,525,takeaway,55,D,-33,40,8475768
2025020264,3,998,16:17,03:43,1551,left,525,takeaway,29,D,86,23,8483485
2025020264,4,1073,02:53,02:07,1331,right,525,takeaway,55,D,88,-30,8474586
2025020265,1,941,04:17,15:43,1551,left,525,takeaway,3,O,-74,41,8476389
2025020265,1,392,06:49,13:11,1551,left,525,takeaway,14,O,76,41,8479542
2025020265,1,427,10:14,09:46,1551,left,525,takeaway,14,O,72,40,8482201
2025020265,1,946,12:09,07:51,1551,left,525,takeaway,3,O,-95,-12,8477839
2025020265,1,1016,15:57,04:03,1551,left,525,takeaway,3,D,66,-33,8479323
2025020265,2,871,12:46,07:14,1551,right,525,takeaway,14,D,57,-41,8481719
2025020265,3,1184,17:31,02:29,1560,left,525,takeaway,3,D,93,-28,8476389
2025020266,1,124,03:31,16:29,1551,right,525,takeaway,22,N,-20,-34,8480803
2025020266,1,176,08:30,11:30,1551,right,525,takeaway,4,O,-52,-15,8481533
2025020266,1,282,10:46,09:14,1551,right,525,takeaway,22,O,33,34,8477934
2025020266,2,508,00:20,19:40,1551,left,525,takeaway,22,O,-71,5,8480803
2025020266,2,696,04:35,15:25,1551,left,525,takeaway,22,D,69,41,8480803
2025020266,2,831,17:52,02:08,1551,left,525,takeaway,4,O,98,-13,8484387
2025020266,3,936,04:44,15:16,1451,right,525,takeaway,22,N,-7,-41,8478013
2025020266,3,937,05:08,14:52,1451,right,525,takeaway,4,O,-90,-17,8481546
2025020266,3,1017,11:39,08:21,1551,right,525,takeaway,4,O,-99,-9,8484387
2025020266,4,1137,00:14,04:46,1331,left,525,takeaway,4,D,-61,-32,8477948
2025020267,1,111,03:46,16:14,1551,left,525,takeaway,68,O,28,41,8482699
2025020267,1,607,04:06,15:54,1551,left,525,takeaway,68,D,-97,18,8482175
2025020267,1,379,11:27,08:33,1551,left,525,takeaway,68,O,99,5,8478507
2025020267,2,641,06:23,13:37,1551,right,525,takeaway,68,O,-67,32,8477951
2025020267,2,655,07:36,12:24,1551,right,525,takeaway,7,O,68,-36,8482623
2025020267,3,916,06:06,13:54,1551,left,525,takeaway,7,D,36,34,8483500
2025020267,3,923,06:29,13:31,1551,left,525,takeaway,7,D,52,0,8482659
2025020267,3,932,07:25,12:35,1551,left,525,takeaway,68,D,-53,22,8479343
2025020268,1,336,13:03,06:57,1551,right,525,takeaway,16,O,-76,-32,8484197
2025020268,1,346,14:10,05:50,1551,right,525,takeaway,1,D,-39,-41,8482684
2025020268,1,372,15:08,04:52,1551,right,525,takeaway,1,D,-61,-28,8482684
2025020268,1,374,15:23,04:37,1551,right,525,takeaway,1,N,-3,-40,8482110
2025020268,2,544,03:52,16:08,1551,left,525,takeaway,1,O,-70,28,8481559
2025020268,2,549,04:12,15:48,1551,left,525,takeaway,1,D,71,38,8482110
2025020268,2,580,06:40,13:20,1551,left,525,takeaway,16,O,26,-39,8484197
2025020268,2,712,13:34,06:26,1551,left,525,takeaway,16,D,-57,-26,8476891
2025020268,3,960,12:48,07:12,1551,right,525,takeaway,1,O,55,-35,8482110
2025020269,1,216,07:56,12:04,1551,right,525,takeaway,26,O,57,35,8477960
2025020269,1,217,07:59,12:01,1551,right,525,takeaway,10,D,46,-2,8482259
2025020269,1,349,14:09,05:51,1551,right,525,takeaway,10,N,22,21,8476931
2025020269,2,818,17:48,02:12,1551,left,525,takeaway,26,O,-89,25,8482408
2025020269,2,833,19:34,00:26,1551,left,525,takeaway,26,N,14,-41,8476441
2025020270,1,110,03:08,16:52,1551,right,525,takeaway,25,D,-65,42,8476889
2025020270,1,141,06:07,13:53,1551,right,525,takeaway,8,N,0,35,8478851
2025020270,1,261,06:51,13:09,1551,right,525,takeaway,25,D,-73,-22,8480036
2025020270,1,486,19:53,00:07,1551,right,525,takeaway,8,N,-18,-41,8480018
2025020270,2,523,02:59,17:01,1551,left,525,takeaway,25,D,56,-7,8482740
2025020270,2,667,14:01,05:59,1451,left,525,takeaway,8,D,-50,-25,8481523
2025020270,2,737,19:44,00:16,1551,left,525,takeaway,25,D,99,5,8480036
2025020270,3,790,02:22,17:38,1551,right,525,takeaway,25,O,38,-37,8475755
2025020270,3,848,06:59,13:01,1551,right,525,takeaway,25,O,81,-32,8484829
2025020270,3,921,12:22,07:38,1551,right,525,takeaway,8,O,-98,4,8481523
2025020271,1,155,04:00,16:00,1551,left,525,takeaway,9,N,-12,-13,8482245
2025020271,1,181,05:27,14:33,1551,left,525,takeaway,6,D,92,-30,8482177
2025020271,1,204,06:52,13:08,1551,left,525,takeaway,6,N,13,14,8480355
2025020271,1,246,07:38,12:22,1551,left,525,takeaway,6,N,-10,-11,8476374
2025020271,1,229,08:07,11:53,1551,left,525,takeaway,9,O,98,-22,8482116
2025020271,1,460,18:49,01:11,1551,left,525,takeaway,9,O,90,16,8481528
2025020271,2,597,08:26,11:34,1551,right,525,takeaway,6,D,-97,1,8482511
2025020271,2,697,12:21,07:39,1551,right,525,takeaway,9,D,85,-36,8482095
2025020271,2,717,13:26,06:34,1551,right,525,takeaway,6,O,41,33,8480355
2025020271,2,730,14:11,05:49,1551,right,525,takeaway,9,O,-85,23,8481528
2025020271,2,775,16:55,03:05,1551,right,525,takeaway,6,D,-78,-30,8480035
2025020271,2,810,18:36,01:24,1551,right,525,takeaway,9,D,40,-23,8482092
2025020271,3,1029,12:42,07:18,1551,left,525,takeaway,9,D,-80,-25,8484321
2025020272,1,83,01:39,18:21,1551,right,525,takeaway,17,D,61,-19,8481542
2025020272,1,201,06:23,13:37,1551,right,525,takeaway,17,O,-42,6,8482762
2025020272,1,238,07:40,12:20,1441,right,525,takeaway,24,O,92,-5,8484153
2025020272,1,248,08:13,11:47,1441,right,525,takeaway,17,N,1,-41,8479337
2025020272,1,292,11:31,08:29,1451,right,525,takeaway,24,D,-78,-38,8484153
2025020272,1,378,13:42,06:18,1551,right,525,takeaway,24,N,1,0,8478873
2025020272,1,489,17:33,02:27,1541,right,525,takeaway,17,D,42,17,8481542
2025020272,2,682,07:59,12:01,1551,left,525,takeaway,17,O,34,-39,8484223
2025020272,2,684,08:28,11:32,1551,left,525,takeaway,24,O,-96,0,8477527
2025020272,3,878,02:56,17:04,1551,right,525,takeaway,24,N,-18,-41,8481605
2025020272,3,886,02:58,17:02,1551,right,525,takeaway,17,O,-48,-26,8477429
2025020272,3,1118,17:10,02:50,1551,right,525,takeaway,17,O,-84,38,8482762
2025020273,1,68,00:39,19:21,1551,right,525,takeaway,15,O,38,-41,8478440
2025020273,1,245,12:58,07:02,1551,right,525,takeaway,13,D,37,29,8477932
2025020273,1,478,17:57,02:03,1551,right,525,takeaway,15,D,-77,-41,8474590
2025020273,2,750,12:46,07:14,1451,left,525,takeaway,13,O,91,-20,8473419
2025020273,2,763,14:19,05:41,1551,left,525,takeaway,15,D,31,-31,8480796
2025020273,2,826,18:13,01:47,1551,left,525,takeaway,15,D,58,-29,8476880
2025020273,2,839,19:13,00:47,1551,left,525,takeaway,15,O,-61,-39,8484186
2025020273,3,848,00:14,19:46,1551,right,525,takeaway,15,O,97,5,8481656
2025020273,3,922,01:35,18:25,1551,right,525,takeaway,13,D,81,-33,8477409
2025020273,3,1112,15:07,04:53,1541,right,525,takeaway,13,D,25,19,8480185
2025020274,1,186,10:41,09:19,1551,left,525,takeaway,29,O,80,-40,8484166
2025020274,1,432,17:55,02:05,1541,left,525,takeaway,29,D,-38,-34,8479371
2025020274,1,446,19:58,00:02,1551,left,525,takeaway,29,N,-18,31,8476923
2025020274,2,741,11:52,08:08,1551,right,525,takeaway,29,O,-88,30,8477497
2025020274,2,832,19:31,00:29,1551,right,525,takeaway,22,O,93,28,8475218
2025020274,3,856,01:06,18:54,1551,left,525,takeaway,22,O,-85,31,8480803
2025020274,3,946,09:15,10:45,1551,left,525,takeaway,29,N,-19,-36,8476923
2025020274,3,992,12:14,07:46,1551,left,525,takeaway,29,D,-62,40,8482705
2025020274,3,1080,19:53,00:07,0651,left,525,takeaway,29,D,-29,35,8482705
2025020275,1,268,10:26,09:34,1551,right,525,takeaway,7,O,89,32,8482671
2025020275,1,385,14:25,05:35,1551,right,525,takeaway,7,D,-44,-41,8482659
2025020275,1,390,14:33,05:27,1551,right,525,takeaway,21,D,32,-27,8478038
2025020275,2,557,05:29,14:31,1551,left,525,takeaway,7,D,63,-35,8482671
2025020275,2,593,08:10,11:50,1541,left,525,takeaway,21,D,-52,41,8480448
2025020275,2,629,10:16,09:44,1451,left,525,takeaway,7,D,99,-15,8479982
2025020275,2,640,11:12,08:48,1551,left,525,takeaway,21,D,-57,37,8475754
2025020275,2,707,15:40,04:20,1551,left,525,takeaway,7,O,-85,-31,8482671
2025020275,2,725,17:28,02:32,1551,left,525,takeaway,7,D,56,-14,8482896
2025020275,2,755,19:54,00:06,1551,left,525,takeaway,21,O,97,-11,8480039
2025020275,3,785,01:17,18:43,1551,right,525,takeaway,7,D,-90,34,8481524
2025020275,3,916,06:55,13:05,1551,right,525,takeaway,7,O,97,6,8482659
2025020275,3,979,11:09,08:51,1551,right,525,takeaway,7,D,-51,31,8482097
2025020276,1,178,02:13,17:47,1551,right,525,takeaway,20,O,-87,-34,8482074
2025020276,1,331,10:45,09:15,1551,right,525,takeaway,28,O,67,-41,8475906
2025020276,1,351,12:49,07:11,1551,right,525,takeaway,20,O,-97,-5,8482074
2025020276,1,400,15:56,04:04,1451,right,525,takeaway,28,D,-28,12,8477505
2025020276,2,766,18:33,01:27,1551,left,525,takeaway,20,O,26,-20,8480797
2025020276,3,819,02:20,17:40,1551,right,525,takeaway,28,N,4,38,8479576
2025020276,3,897,07:50,12:10,1551,right,525,takeaway,20,O,-85,-37,8474150
2025020276,3,959,12:40,07:20,1551,right,525,takeaway,28,O,95,19,8477505
2025020276,3,975,13:54,06:06,1551,right,525,takeaway,20,D,37,34,8481167
2025020276,3,1035,18:29,01:31,0651,right,525,takeaway,20,D,27,-27,8482679
2025020277,1,58,00:05,19:55,1551,right,525,takeaway,2,N,-22,31,8485366
2025020277,1,285,12:55,07:05,1551,right,525,takeaway,54,D,28,37,8478434
2025020277,1,301,13:48,06:12,1551,right,525,takeaway,54,D,42,32,8478483
2025020277,1,379,19:29,00:31,1551,right,525,takeaway,2,D,-51,-17,8477494
2025020277,2,555,05:14,14:46,1451,left,525,takeaway,2,D,93,-32,8476917
2025020278,1,124,04:48,15:12,1551,left,525,takeaway,55,O,99,-15,8475768
2025020278,1,207,07:17,12:43,1551,left,525,takeaway,55,O,58,37,8481789
2025020278,1,378,15:29,04:31,1551,left,525,takeaway,52,D,31,24,8482149
2025020278,2,518,01:37,18:23,1551,right,525,takeaway,52,O,43,-39,8480113
2025020278,2,630,10:20,09:40,1551,right,525,takeaway,52,O,93,-23,8476460
2025020278,2,711,17:08,02:52,1451,right,525,takeaway,52,D,-43,38,8478398
2025020278,3,870,09:10,10:50,1551,left,525,takeaway,52,N,0,-36,8474679
2025020279,1,76,01:22,18:38,1551,right,525,takeaway,23,D,-55,-36,8479425
2025020279,1,89,02:16,17:44,1551,right,525,takeaway,12,O,-97,-23,8482809
2025020279,1,163,04:15,15:45,1551,right,525,takeaway,12,O,-72,14,8482093
2025020279,1,282,11:45,08:15,1551,right,525,takeaway,12,D,60,-26,8476422
2025020279,2,468,02:12,17:48,1551,left,525,takeaway,12,O,91,34,8482702
2025020279,2,617,05:41,14:19,1551,left,525,takeaway,23,O,-94,-18,8477969
2025020279,3,832,01:01,18:59,1551,right,525,takeaway,23,N,-3,-39,8483678
2025020279,3,878,04:10,15:50,1551,right,525,takeaway,23,O,67,-41,8478444
2025020279,3,887,04:21,15:39,1551,right,525,takeaway,12,O,-52,-21,8478427
2025020279,3,987,11:27,08:33,1551,right,525,takeaway,23,N,-24,-12,8480012
2025020280,1,133,04:53,15:07,1551,left,525,takeaway,4,O,-52,18,8482159
2025020280,1,164,07:06,12:54,1551,left,525,takeaway,4,O,-89,-28,8476372
2025020280,1,198,09:37,10:23,1551,left,525,takeaway,19,D,-41,-25,8480023
2025020280,1,277,12:03,07:57,1551,left,525,takeaway,19,O,96,27,8475170
2025020280,2,520,01:55,18:05,1451,right,525,takeaway,19,D,31,37,8480023
2025020280,2,682,11:04,08:56,1551,right,525,takeaway,4,D,-36,40,8477948
2025020280,3,971,12:52,07:08,1551,left,525,takeaway,19,N,19,41,8482077
2025020280,3,984,14:39,05:21,1551,left,525,takeaway,4,D,46,-39,8484387
2025020280,3,1007,16:00,04:00,1551,left,525,takeaway,19,O,98,17,8477573
2025020280,3,1026,16:51,03:09,1551,left,525,takeaway,19,O,90,-29,8477402
2025020281,1,272,08:48,11:12,1541,left,525,takeaway,18,D,-30,37,8475287
2025020281,1,372,14:19,05:41,1551,left,525,takeaway,18,N,19,13,8476887
2025020281,1,373,14:30,05:30,1551,left,525,takeaway,18,N,-6,-8,8479980
2025020281,2,1809772,03:23,16:37,1551,right,525,takeaway,5,D,-86,-34,8471215
2025020281,2,1809811,05:44,14:16,1541,right,525,takeaway,5,O,98,-1,8475810
2025020281,2,1809946,14:37,05:23,1551,right,525,takeaway,5,N,-23,13,8478450
2025020281,2,1809947,15:02,04:58,1551,right,525,takeaway,5,N,-22,20,8471675
2025020281,2,1809953,19:05,00:55,1551,right,525,takeaway,5,N,2,0,8485414
2025020281,3,1810203,14:34,05:26,1551,left,525,takeaway,5,D,74,-41,8471724
2025020281,3,1810225,16:41,03:19,1551,left,525,takeaway,5,D,96,24,8474578
2025020282,1,258,03:46,16:14,1551,left,525,takeaway,2,D,77,41,8477506
2025020282,1,453,15:41,04:19,1541,left,525,takeaway,68,D,-44,-37,8474013
2025020282,2,531,01:50,18:10,1551,right,525,takeaway,2,D,-43,-33,8481601
2025020282,2,615,04:24,15:36,1551,right,525,takeaway,2,D,-48,-35,8478445
2025020282,2,622,05:23,14:37,1551,right,525,takeaway,68,D,43,32,8477951
2025020282,3,842,01:05,18:55,1551,left,525,takeaway,2,O,-87,28,8477500
2025020282,3,986,11:26,08:34,1551,left,525,takeaway,68,D,-45,21,8483431
2025020282,3,1119,17:48,02:12,1551,left,525,takeaway,68,D,-96,2,8479410
2025020283,1,403,18:06,01:54,1551,right,525,takeaway,14,D,-85,-37,8477404
2025020283,2,578,04:25,15:35,1451,left,525,takeaway,13,O,56,5,8480185
2025020283,2,682,10:54,09:06,1551,left,525,takeaway,13,N,17,-13,8478859
2025020283,2,806,19:00,01:00,1551,left,525,takeaway,14,D,42,39,8477416
2025020283,3,910,03:00,17:00,1551,right,525,takeaway,13,N,-11,-37,8478055
2025020283,3,1051,10:26,09:34,1451,right,525,takeaway,13,O,-95,19,8473419
2025020284,1,77,00:40,19:20,1551,right,525,takeaway,24,O,78,36,8484153
2025020284,1,193,05:58,14:02,1551,right,525,takeaway,24,O,58,-39,8483490
2025020284,1,195,06:15,13:45,1551,right,525,takeaway,30,N,1,-38,8475220
2025020284,1,250,09:47,10:13,1451,right,525,takeaway,30,N,-22,-39,8482122
2025020284,1,350,16:13,03:47,1551,right,525,takeaway,24,D,-33,-22,8481605
2025020285,1,139,03:28,16:32,1551,right,525,takeaway,8,N,21,-38,8481523
2025020285,1,146,03:35,16:25,1551,right,525,takeaway,6,D,-62,-35,8479369
2025020285,1,245,07:53,12:07,1551,right,525,takeaway,6,N,1,-35,8476854
2025020285,1,347,09:31,10:29,1441,right,525,takeaway,6,D,-43,-17,8477956
2025020285,1,398,12:47,07:13,1541,right,525,takeaway,8,D,55,-40,8480813
2025020285,1,510,15:32,04:28,1551,right,525,takeaway,6,N,-11,25,8477956
2025020285,2,541,00:33,19:27,1551,left,525,takeaway,8,D,-51,41,8481593
2025020285,2,542,00:53,19:07,1551,left,525,takeaway,8,D,-70,21,8476875
2025020285,2,738,16:38,03:22,1541,left,525,takeaway,6,O,-84,-37,8476854
2025020285,3,788,00:44,19:16,0651,right,525,takeaway,8,D,29,-11,8484984
2025020285,3,950,11:46,08:14,1551,right,525,takeaway,8,D,96,-7,8483457
2025020285,3,973,13:28,06:32,1551,right,525,takeaway,8,O,-99,6,8481523
2025020286,1,154,07:11,12:49,1551,left,525,takeaway,26,D,87,22,8482730
2025020286,1,171,08:48,11:12,1551,left,525,takeaway,9,D,-59,42,8482105
2025020286,1,214,11:20,08:40,1551,left,525,takeaway,9,D,-96,-26,8474102
2025020286,1,232,12:41,07:19,1551,left,525,takeaway,26,D,96,-21,8482124
2025020286,2,689,13:22,06:38,1551,right,525,takeaway,9,O,-70,-18,8473512
2025020286,3,1026,14:03,05:57,1541,left,525,takeaway,9,D,-87,-20,8482105
2025020287,1,299,09:30,10:30,1551,right,525,takeaway,17,O,-96,-17,8484160
2025020287,1,322,11:18,08:42,1551,right,525,takeaway,7,N,24,-39,8480839
2025020287,1,346,12:13,07:47,1551,right,525,takeaway,7,D,-46,-29,8482659
2025020287,1,411,12:48,07:12,1551,right,525,takeaway,7,D,-72,-38,8479420
2025020287,1,458,17:06,02:54,1551,right,525,takeaway,17,D,93,-2,8480879
2025020287,2,515,00:34,19:26,1551,left,525,takeaway,17,O,93,14,8482078
2025020287,2,667,06:04,13:56,1441,left,525,takeaway,7,O,-49,32,8482659
2025020287,3,929,05:21,14:39,1551,right,525,takeaway,7,O,49,27,8482097
2025020287,3,1012,07:09,12:51,1541,right,525,takeaway,7,D,-88,27,8482097
2025020287,3,1044,09:23,10:37,1451,right,525,takeaway,7,D,-27,-38,8480802
2025020287,3,1093,13:23,06:37,1551,right,525,takeaway,7,N,18,31,8482659
2025020288,1,197,06:32,13:28,1551,right,525,takeaway,15,N,2,-36,8481580
2025020288,1,351,16:17,03:43,1551,right,525,takeaway,1,D,-99,-19,8478414
2025020288,2,589,04:30,15:30,1551,left,525,takeaway,1,D,98,-18,8478399
2025020288,2,640,09:22,10:38,1551,left,525,takeaway,15,O,55,40,8475343
2025020288,2,726,11:59,08:01,1551,left,525,takeaway,15,D,-81,15,8479345
2025020288,3,801,00:42,19:18,1551,right,525,takeaway,15,O,-54,-39,8481656
2025020288,3,869,04:15,15:45,1551,right,525,takeaway,15,N,-17,40,8479520
2025020288,3,898,05:37,14:23,1551,right,525,takeaway,15,N,21,40,8480990
2025020288,3,1094,16:35,03:25,1551,right,525,takeaway,1,D,-54,22,8480002
2025020288,3,1095,16:45,03:15,1551,right,525,takeaway,15,O,-75,38,8481580
2025020288,3,1096,16:54,03:06,1551,right,525,takeaway,15,O,-94,21,8478440
2025020288,4,1106,04:00,01:00,1331,left,525,takeaway,1,D,29,-32,8478414
2025020289,1,128,03:12,16:48,1551,right,525,takeaway,12,O,-53,33,8477478
2025020289,1,219,05:45,14:15,1541,right,525,takeaway,12,D,62,-41,8482100
2025020289,1,323,09:35,10:25,1551,right,525,takeaway,12,O,-60,-19,8482093
2025020289,1,412,12:20,07:40,1551,right,525,takeaway,22,D,-37,-41,8480803
2025020289,2,504,00:11,19:49,1551,left,525,takeaway,12,O,95,28,8473533
2025020289,2,625,04:29,15:31,1451,left,525,takeaway,22,D,29,34,8483512
2025020289,2,652,05:58,14:02,1551,left,525,takeaway,12,D,-60,-30,8482702
2025020289,2,706,13:02,06:58,1551,left,525,takeaway,22,D,99,-9,8480803
2025020289,2,756,17:47,02:13,1551,left,525,takeaway,12,D,-73,33,8480817
2025020289,2,760,18:15,01:45,1551,left,525,takeaway,22,O,-41,-35,8475786
2025020289,3,796,00:04,19:56,1551,right,525,takeaway,12,N,-9,39,8476921
2025020289,3,1020,17:52,02:08,1551,right,525,takeaway,12,D,51,42,8478427
2025020290,1,77,01:05,18:55,1551,left,525,takeaway,29,D,-34,16,8478460
2025020290,1,103,03:22,16:38,1551,left,525,takeaway,29,N,19,36,8475745
2025020290,1,289,12:58,07:02,1551,left,525,takeaway,29,N,3,-35,8475745
2025020290,2,720,12:45,07:15,1441,right,525,takeaway,3,D,-44,6,8478550
2025020290,2,763,16:38,03:22,1551,right,525,takeaway,29,N,-12,-37,8484166
2025020290,3,985,04:36,15:24,1551,left,525,takeaway,3,D,63,5,8480001
2025020290,3,1055,10:22,09:38,1551,left,525,takeaway,3,D,64,-35,8482157
2025020290,3,1170,18:16,01:44,1551,left,525,takeaway,29,D,-80,-25,8478500
2025020290,3,1190,19:06,00:54,1551,left,525,takeaway,29,D,-30,-39,8481716
2025020290,3,1191,19:41,00:19,1551,left,525,takeaway,29,O,63,41,8477425
2025020290,4,1221,02:12,02:48,1331,right,525,takeaway,3,O,43,30,8482109
2025020291,1,150,06:07,13:53,1551,right,525,takeaway,16,D,66,39,8482703
2025020291,1,215,07:39,12:21,1551,right,525,takeaway,16,D,39,-31,8476891
2025020291,1,425,17:29,02:31,1551,right,525,takeaway,10,N,21,30,8478462
2025020291,2,563,04:27,15:33,1541,left,525,takeaway,10,D,38,31,8481582
2025020291,2,769,16:48,03:12,1551,left,525,takeaway,16,O,83,30,8484197
2025020291,3,828,00:10,19:50,1551,right,525,takeaway,10,D,-86,37,8478462
2025020291,3,975,11:04,08:56,1551,right,525,takeaway,10,O,44,-9,8476931
2025020291,3,977,12:13,07:47,1551,right,525,takeaway,16,O,-95,14,8483450
2025020291,3,1025,14:54,05:06,1551,right,525,takeaway,10,O,36,29,8477503
2025020291,3,1049,16:19,03:41,1551,right,525,takeaway,10,O,68,-41,8476853
2025020292,1,119,04:38,15:22,1551,left,525,takeaway,54,D,54,36,8476881
2025020292,1,211,07:10,12:50,1551,left,525,takeaway,19,D,-51,42,8481598
2025020292,1,335,15:09,04:51,1551,left,525,takeaway,54,O,-90,24,8475191
2025020292,2,674,10:27,09:33,1551,right,525,takeaway,19,N,23,-38,8475764
2025020292,3,867,05:36,14:24,1551,left,525,takeaway,54,O,-36,27,8477447
2025020292,3,901,07:57,12:03,1551,left,525,takeaway,54,O,-61,40,8476881
2025020292,3,1006,14:59,05:01,1551,left,525,takeaway,19,D,-50,-39,8479385
2025020293,1,75,01:07,18:53,1551,right,525,takeaway,4,D,-83,20,8480015
2025020293,1,366,11:47,08:13,1551,right,525,takeaway,25,O,-96,-5,8480950
2025020293,2,748,11:23,08:37,1551,left,525,takeaway,4,O,-39,-40,8476372
2025020293,3,912,03:36,16:24,1551,right,525,takeaway,25,O,-99,1,8480840
2025020293,3,925,04:11,15:49,1551,right,525,takeaway,25,O,-97,18,8480036
2025020293,3,935,04:45,15:15,1551,right,525,takeaway,4,O,49,-7,8477948
2025020293,3,948,05:24,14:36,1551,right,525,takeaway,4,D,-57,15,8481546
2025020293,3,1017,10:36,09:24,1551,right,525,takeaway,4,O,76,-33,8480015
2025020293,3,1137,19:44,00:16,1551,right,525,takeaway,4,O,99,11,8476461
2025020294,1,219,06:55,13:05,1551,right,525,takeaway,20,N,12,-36,8480860
2025020294,1,343,11:51,08:09,1551,right,525,takeaway,52,D,-73,20,8482149
2025020294,2,637,05:56,14:04,1551,left,525,takeaway,20,O,80,-9,8476399
2025020294,3,999,13:19,06:41,1551,right,525,takeaway,20,D,56,33,8476399
2025020294,3,1004,14:46,05:14,1551,right,525,takeaway,52,D,-54,-27,8476331
2025020294,3,1015,15:26,04:34,1551,right,525,takeaway,52,O,98,-4,8476392
2025020294,3,1022,16:01,03:59,1551,right,525,takeaway,20,D,96,-18,8476399
2025020294,4,1124,00:29,04:31,1331,left,525,takeaway,52,D,48,-39,8478398
2025020294,4,1148,04:45,00:15,1341,left,525,takeaway,52,D,61,-14,8480113
2025020295,1,261,06:28,13:32,1551,left,525,takeaway,28,O,-77,38,8482166
2025020295,1,327,12:00,08:00,1551,left,525,takeaway,55,O,98,-2,8477919
2025020295,1,392,15:33,04:27,1551,left,525,takeaway,28,O,-92,28,8475726
2025020295,1,424,18:30,01:30,1551,left,525,takeaway,55,O,76,41,8475768
2025020295,1,433,19:48,00:12,1551,left,525,takeaway,28,O,-44,-28,8471817
2025020295,2,603,05:07,14:53,1441,right,525,takeaway,55,D,59,-42,8477919
2025020295,2,814,17:41,02:19,1551,right,525,takeaway,28,O,98,22,8482667
2025020295,3,917,05:16,14:44,1551,left,525,takeaway,28,O,-82,35,8484227
2025020296,1,333,13:21,06:39,1551,right,525,takeaway,18,O,86,-37,8482103
2025020296,1,455,18:49,01:11,1551,right,525,takeaway,18,O,66,36,8474564
2025020296,2,1615410,04:03,15:57,1551,left,525,takeaway,18,O,-98,2,8482146
2025020296,2,1615422,04:53,15:07,1551,left,525,takeaway,18,N,-24,39,8476887
2025020296,2,1615438,07:05,12:55,1541,left,525,takeaway,5,D,-38,40,8479533
2025020296,2,1615568,16:58,03:02,1551,left,525,takeaway,18,D,70,41,8480246
2025020296,3,1615655,03:04,16:56,1551,right,525,takeaway,18,D,-42,-35,8477446
2025020296,3,1615745,10:00,10:00,1551,right,525,takeaway,18,O,79,35,8476887
2025020296,3,1615778,12:44,07:16,1541,right,525,takeaway,5,N,-14,-15,8475810
2025020296,3,1615841,17:09,02:51,0651,right,525,takeaway,5,N,7,-9,8481481
2025020296,3,1615866,18:27,01:33,1551,right,525,takeaway,5,O,-67,-34,8478450
2025020297,1,63,00:09,19:51,1551,left,525,takeaway,23,O,-97,1,8478444
2025020297,1,240,07:39,12:21,1551,left,525,takeaway,23,O,-53,-5,8478444
2025020297,1,713,12:45,07:15,1551,left,525,takeaway,14,N,-24,-12,8478416
2025020297,2,626,12:41,07:19,1551,right,525,takeaway,23,D,-59,-34,8481024
2025020297,2,702,18:14,01:46,1451,right,525,takeaway,23,D,-92,24,8474574
2025020297,3,960,13:29,06:31,1551,left,525,takeaway,14,O,98,-23,8478416
2025020297,3,980,14:33,05:27,1551,left,525,takeaway,23,D,42,-42,8480012
2025020297,3,989,15:26,04:34,1560,left,525,takeaway,14,O,96,11,8480426
2025020298,1,116,04:43,15:17,1551,right,525,takeaway,30,O,-95,-20,8475149
2025020298,1,391,18:51,01:09,1451,right,525,takeaway,54,O,32,-5,8478483
2025020298,1,396,19:28,00:32,1451,right,525,takeaway,30,O,-66,-40,8475149
2025020298,2,563,07:53,12:07,1451,left,525,takeaway,54,O,-57,36,8478483
2025020298,3,742,01:03,18:57,1541,right,525,takeaway,30,D,36,37,8475149
2025020298,3,813,02:08,17:52,1551,right,525,takeaway,30,D,32,-35,8483525
2025020298,3,845,04:37,15:23,1551,right,525,takeaway,30,N,-4,38,8482122
2025020298,3,858,05:22,14:38,1541,right,525,takeaway,30,D,48,-41,8481557
2025020298,3,931,11:46,08:14,1551,right,525,takeaway,30,D,65,-38,8476463
2025020298,3,976,14:14,05:46,1551,right,525,takeaway,54,D,-62,-40,8475188
2025020298,4,1051,02:26,02:34,1331,left,525,takeaway,54,D,60,-12,8478483
2025020299,1,79,02:09,17:51,1551,right,525,takeaway,3,O,-46,-41,8475842
2025020299,1,195,10:02,09:58,1551,right,525,takeaway,3,O,-94,-29,8482109
2025020299,1,296,14:59,05:01,1551,right,525,takeaway,17,D,-61,-29,8481542
2025020299,1,357,16:23,03:37,1551,right,525,takeaway,3,D,40,34,8477380
2025020299,1,364,17:01,02:59,1551,right,525,takeaway,17,D,-87,-28,8479337
2025020299,2,723,13:42,06:18,1541,left,525,takeaway,3,D,-39,41,8477369
2025020299,3,863,03:24,16:36,1551,right,525,takeaway,17,O,31,20,8481542
2025020299,3,1003,13:40,06:20,1551,right,525,takeaway,17,D,-50,41,8482762
2025020299,3,1038,15:57,04:03,1551,right,525,takeaway,17,D,-50,5,8479337
2025020300,1,96,02:24,17:36,1551,right,525,takeaway,21,D,51,38,8476312
2025020300,1,799,03:32,16:28,1551,right,525,takeaway,2,O,30,35,8476917
2025020300,1,219,08:09,11:51,1551,right,525,takeaway,2,O,46,-41,8485702
2025020300,1,235,08:43,11:17,1551,right,525,takeaway,21,D,77,-41,8476455
2025020300,2,513,01:16,18:44,1551,left,525,takeaway,21,D,-58,-32,8480069
2025020300,2,539,03:40,16:20,1551,left,525,takeaway,21,O,70,7,8476312
2025020300,3,970,12:51,07:09,1551,right,525,takeaway,21,N,-19,36,8479525
2025020300,3,1062,15:57,04:03,1551,right,525,takeaway,21,O,-83,-21,8477476
2025020300,3,1088,18:14,01:46,0641,right,525,takeaway,21,D,75,27,8475754
2025020300,3,1099,18:56,01:04,0651,right,525,takeaway,2,N,-23,38,8477494
2025020301,1,234,07:23,12:37,1451,left,525,takeaway,12,D,38,-37,8476921
2025020301,1,313,09:54,10:06,1551,left,525,takeaway,6,D,-39,-37,8479369
2025020301,1,428,14:38,05:22,1551,left,525,takeaway,12,O,-77,-37,8477478
2025020301,1,489,19:37,00:23,1551,left,525,takeaway,12,D,29,-36,8475791
2025020301,2,540,03:24,16:36,1551,right,525,takeaway,12,O,86,26,8482100
2025020301,2,580,06:46,13:14,1551,right,525,takeaway,6,D,37,40,8480035
2025020301,2,776,17:39,02:21,1551,right,525,takeaway,6,O,-45,32,8478401
2025020301,2,788,18:59,01:01,1451,right,525,takeaway,6,O,-79,-29,8482511
2025020301,3,885,05:30,14:30,1551,left,525,takeaway,12,O,-30,-27,8480762
2025020301,3,893,05:45,14:15,1551,left,525,takeaway,12,N,15,38,8475791
2025020302,1,138,04:12,15:48,1551,left,525,takeaway,7,D,-48,-9,8480839
2025020302,1,208,07:29,12:31,1451,left,525,takeaway,22,D,88,-37,8474641
2025020302,1,283,13:10,06:50,1551,left,525,takeaway,7,O,67,35,8482097
2025020302,1,352,14:38,05:22,1551,left,525,takeaway,22,O,-39,31,8477934
2025020302,2,442,01:31,18:29,1551,right,525,takeaway,7,O,-43,38,8480802
2025020302,2,763,13:15,06:45,1551,right,525,takeaway,7,O,-99,18,8477949
2025020302,2,770,15:05,04:55,1551,right,525,takeaway,7,O,-86,36,8482765
2025020302,2,814,17:02,02:58,1551,right,525,takeaway,7,D,73,38,8480196
2025020302,3,952,09:19,10:41,1551,left,525,takeaway,22,O,-98,4,8478013
2025020302,3,965,10:19,09:41,1551,left,525,takeaway,7,D,-42,41,8482623
2025020302,3,1054,14:58,05:02,1551,left,525,takeaway,22,O,-98,7,8483512
2025020302,3,1084,18:44,01:16,1551,left,525,takeaway,22,O,-87,-31,8474641
2025020303,1,124,02:36,17:24,1551,right,525,takeaway,13,D,36,35,8477495
2025020303,1,212,06:41,13:19,1551,right,525,takeaway,13,O,-80,-23,8481655
2025020303,2,794,09:55,10:05,1551,left,525,takeaway,13,D,-35,-35,8477932
2025020303,3,989,05:52,14:08,1541,right,525,takeaway,13,D,26,41,8473419
2025020303,3,1132,15:17,04:43,0651,right,525,takeaway,23,O,39,-1,8480800
2025020303,3,1154,17:05,02:55,1451,right,525,takeaway,23,D,-54,12,8477969
2025020304,1,133,05:27,14:33,1551,right,525,takeaway,26,O,55,41,8477998
2025020304,2,431,00:27,19:33,1551,left,525,takeaway,15,N,-5,-33,8476880
2025020304,2,607,09:58,10:02,1551,left,525,takeaway,26,O,-52,-38,8471685
2025020304,2,614,10:09,09:51,1551,left,525,takeaway,26,N,17,-39,8479998
2025020304,3,826,03:02,16:58,1551,right,525,takeaway,15,D,67,-40,8474590
2025020304,3,890,07:32,12:28,1551,right,525,takeaway,26,O,80,-29,8482730
2025020304,3,917,08:21,11:39,1551,right,525,takeaway,15,D,32,-39,8480873
2025020304,3,1048,19:34,00:26,1451,right,525,takeaway,15,N,-5,17,8479345
2025020305,1,213,07:36,12:24,1551,left,525,takeaway,8,N,20,-34,8481593
2025020305,1,280,14:32,05:28,1551,left,525,takeaway,8,O,-69,-39,8481540
2025020305,2,466,01:09,18:51,1551,right,525,takeaway,29,O,-57,21,8477497
2025020305,2,488,02:51,17:09,1551,right,525,takeaway,29,D,90,-35,8478460
2025020305,2,600,07:58,12:02,1551,right,525,takeaway,8,O,81,-16,8484984
2025020305,2,716,17:36,02:24,1551,right,525,takeaway,8,N,-17,-40,8478851
2025020305,3,914,13:02,06:58,1551,left,525,takeaway,29,D,-76,31,8480893
2025020305,4,1019,03:53,01:07,1331,right,525,takeaway,29,D,75,-17,8478460
2025020305,4,1025,04:31,00:29,1331,right,525,takeaway,8,N,-6,-32,8481540
2025020306,1,303,10:26,09:34,1541,left,525,takeaway,24,D,-83,34,8481605
2025020306,1,461,15:59,04:01,1551,left,525,takeaway,24,N,13,-41,8483445
2025020306,1,493,17:20,02:40,1551,left,525,takeaway,24,O,78,39,8483445
2025020306,2,735,07:33,12:27,1551,right,525,takeaway,24,D,46,-25,8481605
2025020306,2,803,13:00,07:00,1551,right,525,takeaway,68,O,99,5,8482699
2025020306,2,816,13:12,06:48,1551,right,525,takeaway,68,O,92,-31,8479619
2025020306,2,892,18:25,01:35,1551,right,525,takeaway,24,D,89,-26,8481605
2025020306,3,962,02:38,17:22,1551,left,525,takeaway,24,O,93,8,8483445
2025020306,3,1055,09:27,10:33,1551,left,525,takeaway,24,O,98,8,8475462
2025020306,3,1056,09:29,10:31,1551,left,525,takeaway,68,D,63,42,8478507
2025020306,3,1058,09:54,10:06,1551,left,525,takeaway,68,O,-98,-12,8477070
2025020306,3,1076,12:32,07:28,1551,left,525,takeaway,24,O,36,-36,8475184
2025020306,3,1120,12:38,07:22,1551,left,525,takeaway,68,O,-85,37,8483431
2025020306,3,1134,15:26,04:34,1551,left,525,takeaway,24,O,45,-20,8483445
2025020307,1,68,00:44,19:16,1551,right,525,takeaway,19,D,-29,-35,8476892
2025020307,1,298,11:51,08:09,1551,right,525,takeaway,10,D,61,-39,8477939
2025020307,1,429,19:53,00:07,1451,right,525,takeaway,19,D,-42,34,8476897
2025020307,2,608,04:28,15:32,1551,left,525,takeaway,10,N,0,-37,8476931
2025020307,2,782,17:36,02:24,1551,left,525,takeaway,19,O,-96,-15,8475170
2025020307,3,1024,15:20,04:40,1551,right,525,takeaway,10,N,14,-31,8477541
2025020307,3,1046,16:04,03:56,1551,right,525,takeaway,10,D,35,-41,8477503
2025020307,3,1052,16:17,03:43,1551,right,525,takeaway,19,O,25,27,8483516
2025020307,4,1104,00:20,04:40,1331,left,525,takeaway,19,D,52,-11,8479385
2025020308,1,76,00:10,19:50,1551,right,525,takeaway,55,O,59,-35,8482751
2025020308,2,668,00:09,19:51,1551,left,525,takeaway,55,D,96,17,8478407
2025020308,2,664,09:07,10:53,1551,left,525,takeaway,55,D,78,-41,8478407
2025020308,2,729,13:50,06:10,1551,left,525,takeaway,17,O,75,15,8479337
2025020308,3,828,02:02,17:58,1551,right,525,takeaway,17,D,31,13,8474612
2025020308,3,846,02:34,17:26,1551,right,525,takeaway,17,N,-24,17,8484471
2025020308,3,861,03:45,16:15,1541,right,525,takeaway,17,N,20,27,8477946
2025020309,1,69,00:33,19:27,1551,left,525,takeaway,14,N,-8,3,8478519
2025020309,1,120,04:58,15:02,1551,left,525,takeaway,1,O,-89,17,8476292
2025020309,2,492,04:09,15:51,1551,right,525,takeaway,1,D,-26,-30,8474149
2025020309,2,654,14:21,05:39,1551,right,525,takeaway,14,D,25,-41,8478519
2025020309,2,691,16:20,03:40,1551,right,525,takeaway,1,D,-46,31,8479395
2025020309,3,826,02:20,17:40,1551,left,525,takeaway,14,D,-47,-33,8476826
2025020309,3,993,10:37,09:23,1551,left,525,takeaway,1,O,-26,29,8482110
2025020309,3,1028,14:13,05:47,1551,left,525,takeaway,1,D,55,-9,8479395
2025020309,3,1032,14:17,05:43,1551,left,525,takeaway,14,O,81,2,8476453
2025020309,3,1080,17:29,02:31,1551,left,525,takeaway,1,O,-36,-34,8474149
2025020310,1,62,00:43,19:17,1551,right,525,takeaway,2,D,-97,-13,8478445
2025020310,1,97,03:00,17:00,1551,right,525,takeaway,2,D,-39,37,8484958
2025020310,1,105,03:34,16:26,1551,right,525,takeaway,2,D,-87,25,8477494
2025020310,1,360,16:48,03:12,1551,right,525,takeaway,2,N,21,-39,8477506
2025020310,2,500,03:48,16:12,1551,left,525,takeaway,25,D,-36,36,8479351
2025020310,2,642,10:59,09:01,1551,left,525,takeaway,2,O,-93,-27,8481014
2025020310,2,693,14:26,05:34,1551,left,525,takeaway,2,O,-93,-30,8476917
2025020310,3,775,02:11,17:49,1551,right,525,takeaway,2,D,-33,-1,8477506
2025020310,3,973,17:05,02:55,1551,right,525,takeaway,2,O,44,38,8476917
2025020311,1,153,03:29,16:31,1451,right,525,takeaway,29,D,-84,-13,8478460
2025020311,1,307,11:59,08:01,1551,right,525,takeaway,29,O,90,34,8482660
2025020311,1,341,14:31,05:29,1551,right,525,takeaway,52,N,0,31,8474679
2025020311,1,427,17:08,02:52,1551,right,525,takeaway,29,O,80,39,8475745
2025020311,2,542,02:27,17:33,1551,left,525,takeaway,29,O,-87,34,8483432
2025020311,2,717,15:37,04:23,1551,left,525,takeaway,52,O,58,20,8480289
2025020311,3,797,04:20,15:40,1551,right,525,takeaway,29,N,22,27,8484166
2025020311,3,842,10:29,09:31,1551,right,525,takeaway,52,D,30,-3,8476331
2025020312,1,78,00:50,19:10,1551,right,525,takeaway,16,N,-24,-15,8484197
2025020312,1,459,16:47,03:13,1451,right,525,takeaway,20,D,-37,39,8476456
2025020312,1,469,17:31,02:29,1551,right,525,takeaway,16,N,18,-38,8481568
2025020312,1,488,19:02,00:58,1551,right,525,takeaway,16,N,-3,12,8484144
2025020312,2,523,01:09,18:51,1551,left,525,takeaway,16,O,71,-35,8477987
2025020312,2,551,02:26,17:34,1551,left,525,takeaway,20,O,-83,-33,8482679
2025020312,3,867,05:58,14:02,1551,right,525,takeaway,20,D,-28,38,8479402
2025020312,3,1125,16:05,03:55,1541,right,525,takeaway,16,D,48,39,8481624
2025020313,1,135,02:07,17:53,1551,right,525,takeaway,54,D,38,-19,8476881
2025020313,1,148,04:03,15:57,1551,right,525,takeaway,3,D,-43,-25,8476389
2025020313,1,217,04:19,15:41,1551,right,525,takeaway,54,D,53,36,8475188
2025020313,1,227,05:24,14:36,1551,right,525,takeaway,3,O,97,-13,8477839
2025020313,2,610,03:28,16:32,1551,left,525,takeaway,54,O,39,-38,8481527
2025020313,3,832,03:02,16:58,1551,right,525,takeaway,3,D,-57,24,8479323
2025020313,3,860,03:25,16:35,1551,right,525,takeaway,54,D,59,-35,8475191
2025020313,3,927,07:45,12:15,1551,right,525,takeaway,3,O,72,-35,8479323
2025020313,3,1058,17:40,02:20,1551,right,525,takeaway,3,D,-34,17,8477369
2025020314,1,158,05:30,14:30,1551,left,525,takeaway,28,D,-62,-25,8484227
2025020314,1,194,09:14,10:46,1451,left,525,takeaway,68,D,29,42,8478831
2025020314,1,301,09:38,10:22,1551,left,525,takeaway,68,N,1,41,8477220
2025020314,1,380,19:10,00:50,1551,left,525,takeaway,68,D,99,-19,8476874
2025020314,1,382,19:15,00:45,1551,left,525,takeaway,28,O,45,-37,8477505
2025020314,2,606,04:07,15:53,1541,right,525,takeaway,28,D,73,40,8479576
2025020314,2,710,12:08,07:52,1551,right,525,takeaway,68,O,71,36,8477951
2025020314,3,919,08:56,11:04,1551,left,525,takeaway,68,D,80,35,8479410
2025020314,3,1051,17:47,02:13,1551,left,525,takeaway,28,N,-3,-4,8484801
2025020314,4,1084,01:28,03:32,1331,right,525,takeaway,68,D,-62,-17,8478507
2025020315,1,138,02:09,17:51,1551,right,525,takeaway,22,D,-52,-35,8478402
2025020315,1,132,02:52,17:08,1551,right,525,takeaway,22,D,-27,-38,8485493
2025020315,1,290,12:27,07:33,1551,right,525,takeaway,15,N,19,36,8478911
2025020315,1,291,12:54,07:06,1551,right,525,takeaway,15,N,5,-38,8478911
2025020315,2,589,06:10,13:50,1551,left,525,takeaway,22,O,-43,35,8478458
2025020315,2,623,09:24,10:36,1551,left,525,takeaway,15,N,14,-41,8484186
2025020315,2,677,12:45,07:15,1551,left,525,takeaway,15,O,69,41,8481656
2025020315,2,707,15:37,04:23,1541,left,525,takeaway,15,D,-85,16,8477845
2025020315,3,809,03:45,16:15,1551,right,525,takeaway,15,O,-90,35,8478463
2025020315,3,815,04:15,15:45,1551,right,525,takeaway,15,D,28,-25,8478463
2025020315,3,905,11:51,08:09,1451,right,525,takeaway,22,D,-31,17,8483512
2025020316,1,88,02:09,17:51,1551,left,525,takeaway,7,O,48,-41,8482765
2025020316,1,284,09:41,10:19,1551,left,525,takeaway,7,O,64,-35,8482659
2025020316,1,424,16:49,03:11,1551,left,525,takeaway,20,O,-95,-16,8474150
2025020316,2,658,10:07,09:53,1551,right,525,takeaway,7,D,82,-34,8480839
2025020316,2,741,16:29,03:31,1551,right,525,takeaway,20,O,36,38,8484821
2025020316,3,819,01:33,18:27,1551,left,525,takeaway,20,O,-95,5,8481167
2025020316,3,867,05:36,14:24,1551,left,525,takeaway,20,N,-5,0,8480860
2025020317,1,353,11:43,08:17,1541,right,525,takeaway,30,N,13,-15,8481557
2025020317,1,378,13:14,06:46,1551,right,525,takeaway,30,O,-92,-22,8483525
2025020317,2,629,07:39,12:21,1451,left,525,takeaway,12,D,29,17,8482093
2025020317,2,648,09:16,10:44,1551,left,525,takeaway,12,O,-92,-4,8476873
2025020317,2,696,13:32,06:28,1551,left,525,takeaway,12,O,-48,0,8482702
2025020317,2,730,15:47,04:13,1551,left,525,takeaway,12,O,-68,-29,8477478
2025020317,3,799,01:39,18:21,1551,right,525,takeaway,30,D,53,-30,8478493
2025020317,3,881,07:11,12:49,1551,right,525,takeaway,30,O,-76,-20,8476994
2025020317,3,1031,16:53,03:07,1551,right,525,takeaway,12,O,93,22,8480830
2025020318,1,90,01:36,18:24,1551,left,525,takeaway,24,O,47,4,8476458
2025020318,1,309,11:20,08:40,1451,left,525,takeaway,6,D,33,-38,8477507
2025020318,2,623,05:45,14:15,1551,right,525,takeaway,24,D,94,22,8481605
2025020318,2,649,08:08,11:52,1551,right,525,takeaway,24,D,46,-42,8481605
2025020318,2,726,13:30,06:30,1451,right,525,takeaway,6,D,-96,25,8477507
2025020318,2,803,19:38,00:22,1551,right,525,takeaway,6,D,-37,33,8483489
2025020318,3,1062,12:24,07:36,1551,left,525,takeaway,24,O,81,17,8473986
2025020318,3,1113,15:34,04:26,1551,left,525,takeaway,24,O,77,40,8483445
2025020319,1,413,17:22,02:38,1551,right,525,takeaway,29,O,61,-31,8475745
2025020319,1,437,19:31,00:29,1551,right,525,takeaway,10,D,29,-40,8476931
2025020319,2,729,11:45,08:15,1551,left,525,takeaway,10,D,-46,-41,8476853
2025020319,3,938,07:45,12:15,1551,right,525,takeaway,10,O,-33,-38,8481711
2025020319,3,1050,15:57,04:03,1551,right,525,takeaway,29,O,40,33,8479671
2025020320,1,327,13:03,06:57,1551,right,525,takeaway,15,D,-76,36,8479345
2025020320,1,344,14:39,05:21,1451,right,525,takeaway,15,N,-17,28,8480796
2025020320,2,709,17:49,02:11,1551,left,525,takeaway,8,N,2,33,8476875
2025020320,3,749,01:17,18:43,1551,right,525,takeaway,8,D,54,-42,8476875
2025020320,3,855,08:35,11:25,1551,right,525,takeaway,15,N,2,-36,8482088
2025020320,3,974,16:57,03:03,1551,right,525,takeaway,15,D,-47,-21,8481580
2025020321,1,414,16:39,03:21,1551,right,525,takeaway,2,O,91,-33,8475314
2025020321,2,533,01:50,18:10,1551,left,525,takeaway,2,N,5,-35,8477407
2025020321,2,612,06:44,13:16,1551,left,525,takeaway,17,D,-42,-6,8484471
2025020321,2,646,10:48,09:12,1551,left,525,takeaway,2,D,93,7,8475151
2025020321,2,707,16:52,03:08,1551,left,525,takeaway,17,D,-72,-25,8479337
2025020321,3,1123,19:19,00:41,1551,right,525,takeaway,2,N,-6,-39,8480871
2025020322,1,114,03:13,16:47,1541,left,525,takeaway,14,D,-37,29,8482929
2025020322,1,218,07:21,12:39,1551,left,525,takeaway,14,D,-47,42,8477426
2025020322,1,516,19:14,00:46,1551,left,525,takeaway,22,O,-98,2,8483512
2025020322,2,552,02:20,17:40,1551,right,525,takeaway,22,N,-12,-40,8480831
2025020322,2,641,08:59,11:01,1551,right,525,takeaway,22,N,6,41,8483512
2025020322,2,734,17:11,02:49,1541,right,525,takeaway,22,O,72,-42,8480803
2025020322,3,899,10:14,09:46,1551,left,525,takeaway,22,D,71,18,8478402
2025020322,3,937,12:57,07:03,1551,left,525,takeaway,14,O,99,-2,8477426
2025020323,1,81,01:47,18:13,1551,right,525,takeaway,1,O,98,-4,8481721
2025020323,1,90,02:15,17:45,1551,right,525,takeaway,1,O,48,41,8482110
2025020323,1,172,04:21,15:39,1551,right,525,takeaway,13,O,-47,29,8477933
2025020323,2,612,02:35,17:25,1551,left,525,takeaway,1,N,-22,-24,8482110
2025020323,2,693,09:05,10:55,1551,left,525,takeaway,1,D,85,-36,8479395
2025020323,2,788,16:35,03:25,1541,left,525,takeaway,13,D,-66,39,8478859
2025020323,3,838,00:14,19:46,1541,right,525,takeaway,13,N,21,-39,8478055
2025020324,1,142,04:02,15:58,1551,right,525,takeaway,19,N,6,38,8475764
2025020324,1,166,06:34,13:26,1551,right,525,takeaway,4,O,-99,1,8482159
2025020324,1,414,16:17,03:43,1551,right,525,takeaway,4,D,27,-37,8476372
2025020324,1,505,19:05,00:55,1551,right,525,takeaway,4,D,30,-34,8476372
2025020324,2,526,00:17,19:43,1551,left,525,takeaway,4,O,99,4,8479022
2025020324,2,651,09:23,10:37,1551,left,525,takeaway,19,D,80,40,8475170
2025020324,2,747,17:35,02:25,1551,left,525,takeaway,19,N,-23,-32,8482089
2025020324,2,819,18:10,01:50,1551,left,525,takeaway,4,O,99,4,8479022
2025020324,2,824,18:43,01:17,1551,left,525,takeaway,19,O,-47,-22,8477402
2025020324,3,911,04:50,15:10,1551,right,525,takeaway,19,N,16,39,8480281
2025020324,3,982,11:01,08:59,1551,right,525,takeaway,19,N,11,-38,8480023
2025020325,1,97,00:59,19:01,1551,right,525,takeaway,55,D,-96,12,8478407
2025020325,1,146,03:10,16:50,1551,right,525,takeaway,16,D,84,28,8483493
2025020325,1,283,04:50,15:10,1551,right,525,takeaway,55,O,97,-25,8475768
2025020325,1,413,15:20,04:40,1551,right,525,takeaway,16,D,45,-11,8477987
2025020325,1,419,19:43,00:17,1551,right,525,takeaway,16,D,34,40,8481624
2025020325,2,614,02:42,17:18,1551,left,525,takeaway,55,D,72,15,8478975
2025020325,2,657,05:37,14:23,1551,left,525,takeaway,55,O,-49,-32,8474586
2025020325,2,777,19:55,00:05,1551,left,525,takeaway,16,O,99,-1,8483450
2025020325,3,796,00:27,19:33,1551,right,525,takeaway,16,O,-87,-34,8481568
2025020325,3,806,01:11,18:49,1551,right,525,takeaway,16,N,22,-28,8477479
2025020325,3,973,11:27,08:33,1551,right,525,takeaway,16,D,65,-42,8482176
2025020326,1,154,06:15,13:45,1551,right,525,takeaway,21,D,32,-42,8480069
2025020326,1,230,11:24,08:36,1551,right,525,takeaway,3,D,-44,-18,8476459
2025020326,1,333,16:09,03:51,1551,right,525,takeaway,3,D,-33,-26,8477369
2025020326,1,374,18:22,01:38,1551,right,525,takeaway,21,O,-66,41,8475754
2025020326,2,452,00:15,19:45,1551,left,525,takeaway,21,D,-80,37,8478038
2025020326,2,474,01:10,18:50,1551,left,525,takeaway,3,O,-53,7,8477839
2025020326,2,476,01:28,18:32,1551,left,525,takeaway,3,D,53,1,8477839
2025020326,3,953,05:47,14:13,1451,right,525,takeaway,3,D,-81,35,8482073
2025020326,3,1109,14:59,05:01,1551,right,525,takeaway,21,D,57,-41,8480039
2025020327,1,221,12:05,07:55,1541,left,525,takeaway,68,D,-49,32,8480855
2025020327,1,376,16:13,03:47,1551,left,525,takeaway,54,D,63,-24,8478396
2025020327,2,639,04:06,15:54,1551,right,525,takeaway,68,O,-75,-42,8480849
2025020327,2,708,08:15,11:45,1441,right,525,takeaway,54,D,-73,39,8477447
2025020327,2,757,11:55,08:05,1551,right,525,takeaway,54,D,-83,-35,8477018
2025020327,2,807,15:08,04:52,1551,right,525,takeaway,54,D,-29,42,8476925
2025020327,2,814,16:13,03:47,1551,right,525,takeaway,54,D,-56,-8,8477964
2025020327,2,852,17:00,03:00,1551,right,525,takeaway,68,O,-73,-42,8477220
2025020327,3,1069,13:34,06:26,1551,left,525,takeaway,54,N,-3,27,8481133
2025020327,3,1076,13:58,06:02,1551,left,525,takeaway,68,O,41,32,8478507
2025020328,1,245,07:53,12:07,1551,right,525,takeaway,23,O,-90,-23,8482055
2025020328,1,336,11:59,08:01,1551,right,525,takeaway,23,D,53,-32,8474574
2025020328,1,384,14:39,05:21,1551,right,525,takeaway,23,D,84,-39,8478856
2025020328,1,391,15:20,04:40,1551,right,525,takeaway,23,O,-97,-7,8475169
2025020328,1,421,16:50,03:10,1551,right,525,takeaway,25,D,-96,19,8482145
2025020328,2,653,11:48,08:12,1551,left,525,takeaway,25,D,53,-2,8484829
2025020328,3,853,05:44,14:16,1551,right,525,takeaway,25,O,66,-41,8475755
2025020328,3,855,05:55,14:05,1551,right,525,takeaway,23,D,33,37,8480012
2025020328,3,977,16:43,03:17,1551,right,525,takeaway,25,N,-15,-40,8478449
2025020328,3,988,18:08,01:52,1551,right,525,takeaway,25,D,-29,-41,8480036
2025020329,1,250,09:20,10:40,1551,left,525,takeaway,24,O,56,-5,8482803
2025020329,1,385,15:19,04:41,1551,left,525,takeaway,9,D,47,24,8480208
2025020329,2,503,00:27,19:33,1551,right,525,takeaway,9,N,-4,37,8482105
2025020329,2,659,12:14,07:46,1551,right,525,takeaway,24,O,-86,35,8478873
2025020329,3,782,00:50,19:10,1551,left,525,takeaway,24,N,-4,39,8473986
2025020329,3,1045,12:29,07:31,1551,left,525,takeaway,24,O,99,-7,8482178
2025020329,3,1052,12:39,07:21,1551,left,525,takeaway,24,N,-4,40,8481605
2025020330,1,299,04:44,15:16,1541,left,525,takeaway,26,O,-74,-4,8482730
2025020330,1,516,16:19,03:41,1451,left,525,takeaway,28,O,81,36,8475200
2025020330,2,673,05:25,14:35,1551,right,525,takeaway,26,O,66,-25,8482124
2025020330,2,727,09:54,10:06,1551,right,525,takeaway,26,D,-42,37,8479675
2025020330,2,741,11:28,08:32,1551,right,525,takeaway,26,D,-78,38,8482124
2025020330,2,803,15:46,04:14,1551,right,525,takeaway,28,O,-87,-33,8477505
2025020330,2,858,17:17,02:43,1551,right,525,takeaway,26,D,-29,30,8476441
2025020330,3,1095,15:11,04:49,1551,left,525,takeaway,28,D,-49,-41,8484801
2025020330,3,1111,17:04,02:56,1551,left,525,takeaway,26,O,-98,-14,8479675
2025020330,4,1132,00:05,04:55,1331,right,525,takeaway,28,N,-22,-24,8482667
2025020330,4,1141,01:40,03:20,1331,right,525,takeaway,28,O,-87,-34,8484801
2025020331,1,106,01:46,18:14,1551,left,525,takeaway,7,O,79,-30,8481522
2025020331,1,227,07:06,12:54,1551,left,525,takeaway,16,D,28,-18,8482176
2025020331,1,230,07:07,12:53,1551,left,525,takeaway,7,O,42,-23,8477949
2025020331,1,475,18:35,01:25,1551,left,525,takeaway,7,O,97,-2,8480802
2025020331,2,1037,00:55,19:05,1551,right,525,takeaway,16,D,-68,38,8484144
2025020331,2,519,02:35,17:25,1551,right,525,takeaway,7,D,69,40,8482671
2025020331,2,688,10:23,09:37,1551,right,525,takeaway,7,O,-84,32,8479982
2025020331,2,732,15:35,04:25,1551,right,525,takeaway,16,D,-84,38,8477987
2025020331,2,743,16:43,03:17,1551,right,525,takeaway,7,D,66,-26,8480807
2025020331,2,773,18:40,01:20,1551,right,525,takeaway,7,O,-95,-9,8482659
2025020331,2,775,19:27,00:33,1541,right,525,takeaway,7,D,98,7,8479982
2025020331,3,1018,11:00,09:00,1551,left,525,takeaway,16,O,-40,36,8482703
2025020332,1,336,10:33,09:27,1551,left,525,takeaway,30,O,-51,-12,8475692
2025020332,1,413,13:07,06:53,1551,left,525,takeaway,30,D,25,7,8476994
2025020332,1,501,17:36,02:24,1551,left,525,takeaway,30,O,-73,-27,8481557
2025020332,2,583,02:19,17:41,1551,right,525,takeaway,5,O,-81,-21,8481481
2025020332,2,688,14:24,05:36,1551,right,525,takeaway,30,D,-78,-39,8482122
2025020332,2,743,16:31,03:29,1551,right,525,takeaway,30,O,62,-42,8478508
2025020332,3,909,01:58,18:02,1551,left,525,takeaway,30,N,-16,-17,8478864
2025020332,3,932,02:09,17:51,1551,left,525,takeaway,5,D,-38,39,8481591
2025020332,3,933,02:14,17:46,1551,left,525,takeaway,5,N,20,-35,8485414
2025020332,3,998,08:43,11:17,1551,left,525,takeaway,30,O,-96,14,8478864
2025020332,3,1067,14:14,05:46,1551,left,525,takeaway,5,D,-31,-39,8471724
2025020332,3,1099,16:19,03:41,1551,left,525,takeaway,5,O,99,1,8478438
2025020333,1,1016,06:58,13:02,1541,right,525,takeaway,52,D,89,15,8480049
2025020333,1,318,10:57,09:03,1551,right,525,takeaway,12,D,-69,41,8480336
2025020333,1,390,15:21,04:39,1551,right,525,takeaway,52,D,46,-10,8482149
2025020333,1,428,18:07,01:53,1551,right,525,takeaway,52,O,-77,32,8476460
2025020333,2,687,14:01,05:59,1551,left,525,takeaway,12,O,-93,-18,8480817
2025020333,2,768,17:04,02:56,1551,left,525,takeaway,12,D,62,42,8480817
2025020333,3,930,09:13,10:47,1551,right,525,takeaway,12,O,97,-1,8478970
2025020334,1,994,06:02,13:58,1551,right,525,takeaway,6,N,-11,-17,8477507
2025020334,1,440,15:34,04:26,1551,right,525,takeaway,26,O,-95,-26,8471685
2025020334,2,662,08:05,11:55,1451,left,525,takeaway,6,D,53,-36,8479661
2025020334,3,868,04:05,15:55,1451,right,525,takeaway,26,O,-85,29,8477942
2025020334,3,1094,08:36,11:24,1551,right,525,takeaway,6,D,-72,-40,8479369
2025020334,3,1095,09:16,10:44,1551,right,525,takeaway,6,O,86,-15,8480355
2025020334,4,1071,00:20,04:40,1331,left,525,takeaway,26,D,-49,16,8482730
2025020334,4,1076,00:57,04:03,1331,left,525,takeaway,26,O,29,-27,8477960
2025020334,4,1093,01:10,03:50,1331,left,525,takeaway,26,D,-94,28,8477960
2025020335,1,342,12:16,07:44,1541,right,525,takeaway,29,O,94,11,8484166
2025020335,1,526,18:58,01:02,1441,right,525,takeaway,29,O,90,-6,8482705
2025020335,2,560,01:15,18:45,1541,left,525,takeaway,17,D,-88,-13,8477429
2025020335,2,753,17:04,02:56,1551,left,525,takeaway,17,N,0,33,8475279
2025020335,3,879,06:10,13:50,1551,right,525,takeaway,17,D,76,41,8474612
2025020335,3,927,09:00,11:00,1441,right,525,takeaway,17,N,24,32,8475279
2025020335,3,928,09:26,10:34,1441,right,525,takeaway,29,N,-15,9,8480893
2025020335,3,1075,17:13,02:47,1551,right,525,takeaway,29,O,29,-35,8478500
2025020335,3,1093,17:54,02:06,1551,right,525,takeaway,17,O,-93,-27,8481607
2025020335,4,1132,00:17,04:43,1331,left,525,takeaway,17,N,-2,-19,8477946
2025020336,1,135,05:33,14:27,1551,left,525,takeaway,2,O,39,2,8476917
2025020336,1,225,11:15,08:45,1551,left,525,takeaway,19,D,78,41,8480023
2025020336,1,233,12:37,07:23,1551,left,525,takeaway,2,D,-35,-32,8475231
2025020336,1,277,14:29,05:31,1551,left,525,takeaway,2,D,-59,-40,8477500
2025020336,1,296,16:18,03:42,1551,left,525,takeaway,2,O,66,-41,8478445
2025020336,2,769,18:23,01:37,1551,right,525,takeaway,19,O,46,-28,8482089
2025020336,3,821,01:54,18:06,1551,left,525,takeaway,19,O,-28,-23,8484164
2025020337,1,101,03:17,16:43,1551,right,525,takeaway,10,O,90,-30,8475714
2025020337,1,293,11:33,08:27,1541,right,525,takeaway,8,O,-96,-24,8480018
2025020337,1,300,12:00,08:00,1551,right,525,takeaway,8,D,34,26,8481540
2025020337,2,530,04:41,15:19,1551,left,525,takeaway,8,O,33,32,8482775
2025020337,2,657,12:56,07:04,1551,left,525,takeaway,8,O,93,25,8476875
2025020337,2,698,14:46,05:14,1551,left,525,takeaway,8,N,-15,36,8481593
2025020337,2,735,18:32,01:28,1541,left,525,takeaway,8,N,-2,-11,8478133
2025020337,3,808,03:09,16:51,1551,right,525,takeaway,8,N,-10,31,8483728
2025020337,3,882,09:15,10:45,1551,right,525,takeaway,8,O,-27,30,8483515
2025020338,1,172,02:55,17:05,1551,right,525,takeaway,13,D,54,6,8477495
2025020338,2,651,07:45,12:15,1551,left,525,takeaway,22,D,95,-27,8480831
2025020338,2,849,18:31,01:29,1551,left,525,takeaway,13,O,86,-16,8477933
2025020338,2,901,19:44,00:16,1551,left,525,takeaway,22,N,23,39,8480803
2025020338,3,945,02:29,17:31,1551,right,525,takeaway,13,N,-4,-36,8478859
2025020338,3,1077,12:30,07:30,1451,right,525,takeaway,13,O,-95,-23,8484304
2025020338,3,1172,18:43,01:17,1551,right,525,takeaway,22,N,19,-8,8483512
2025020339,1,370,14:39,05:21,1551,right,525,takeaway,4,O,-79,6,8476461
2025020339,1,461,17:00,03:00,1551,right,525,takeaway,4,O,-75,33,8477989
2025020339,2,647,06:14,13:46,1551,left,525,takeaway,4,O,86,21,8476461
2025020339,2,678,08:29,11:31,1551,left,525,takeaway,4,O,98,1,8484387
2025020339,2,679,08:45,11:15,1551,left,525,takeaway,4,O,63,31,8480015
2025020339,2,702,10:36,09:24,1551,left,525,takeaway,4,O,98,-1,8478439
2025020339,2,710,11:06,08:54,1551,left,525,takeaway,1,O,-73,38,8481721
2025020339,2,815,17:18,02:42,1551,left,525,takeaway,4,D,-51,-40,8482142
2025020339,3,1064,15:07,04:53,1551,right,525,takeaway,1,O,54,-39,8481032
2025020340,1,114,02:58,17:02,1551,left,525,takeaway,5,O,59,36,8481481
2025020340,1,207,07:36,12:24,1541,left,525,takeaway,5,D,-42,28,8475810
2025020340,1,361,16:37,03:23,1551,left,525,takeaway,55,D,63,-19,8477986
2025020340,2,447,01:52,18:08,1551,right,525,takeaway,55,N,-22,37,8484800
2025020340,2,585,09:37,10:23,1551,right,525,takeaway,55,O,65,-38,8484168
2025020340,2,593,10:35,09:25,1551,right,525,takeaway,55,D,-36,20,8478975
2025020340,2,631,14:05,05:55,1551,right,525,takeaway,55,D,-25,-17,8474586
2025020341,1,403,15:48,04:12,1551,right,525,takeaway,15,D,26,-42,8481580
2025020341,1,426,19:05,00:55,1551,right,525,takeaway,15,N,-5,-19,8483573
2025020341,2,474,01:25,18:35,1451,left,525,takeaway,14,D,96,-20,8482655
2025020341,2,710,11:48,08:12,1551,left,525,takeaway,14,O,-83,32,8477404
2025020341,2,742,12:34,07:26,1551,left,525,takeaway,15,D,-71,29,8477845
2025020341,3,843,01:54,18:06,1541,right,525,takeaway,15,D,32,-39,8480796
2025020341,3,882,04:57,15:03,1551,right,525,takeaway,14,D,-53,-41,8478519
2025020341,3,897,05:52,14:08,1551,right,525,takeaway,15,O,-98,-9,8477845
2025020341,3,1043,17:12,02:48,1560,right,525,takeaway,14,D,-36,-6,8482655
2025020342,1,356,11:20,08:40,1551,left,525,takeaway,9,O,-99,0,8474189
2025020342,1,361,11:31,08:29,1551,left,525,takeaway,28,D,-43,9,8478874
2025020342,1,388,15:01,04:59,1551,left,525,takeaway,28,O,93,-23,8479983
2025020342,2,650,08:16,11:44,1551,right,525,takeaway,28,O,-72,41,8484227
2025020342,2,810,17:50,02:10,1551,right,525,takeaway,9,D,-70,-26,8482105
2025020342,3,956,09:27,10:33,1451,left,525,takeaway,9,D,36,-31,8482116
2025020343,1,205,05:45,14:15,1551,left,525,takeaway,18,D,-33,-24,8480246
2025020343,1,252,05:52,14:08,1551,left,525,takeaway,21,D,64,-18,8470613
2025020343,1,288,07:38,12:22,1551,left,525,takeaway,18,D,-58,-24,8480246
2025020343,2,447,00:46,19:14,1551,right,525,takeaway,18,D,88,-32,8476869
2025020343,2,507,01:42,18:18,1551,right,525,takeaway,18,O,-66,40,8475158
2025020343,2,701,10:22,09:38,1541,right,525,takeaway,18,D,41,-37,8476869
2025020343,2,715,11:18,08:42,1541,right,525,takeaway,18,D,30,-37,8475158
2025020343,2,751,15:28,04:32,1551,right,525,takeaway,18,O,-98,16,8479980
2025020343,2,775,16:36,03:24,1551,right,525,takeaway,21,D,-93,-30,8477492
2025020343,2,788,16:54,03:06,1551,right,525,takeaway,21,D,-25,-30,8480069
2025020343,3,842,01:54,18:06,1551,left,525,takeaway,18,O,74,-33,8474564
2025020343,3,853,01:58,18:02,1551,left,525,takeaway,21,D,72,-39,8479398
2025020344,1,90,00:58,19:02,1551,left,525,takeaway,3,O,-29,-10,8476459
2025020344,1,127,04:54,15:06,1541,left,525,takeaway,3,O,-81,9,8477380
2025020344,1,230,08:45,11:15,1551,left,525,takeaway,3,O,-52,19,8479323
2025020344,2,640,05:53,14:07,1441,right,525,takeaway,3,D,-67,25,8482073
2025020344,2,707,10:12,09:48,1551,right,525,takeaway,68,O,-86,-33,8479410
2025020344,2,770,14:50,05:10,1551,right,525,takeaway,3,O,91,-8,8477380
2025020344,3,906,03:39,16:21,1551,left,525,takeaway,68,N,11,3,8480855
2025020344,3,979,10:22,09:38,1551,left,525,takeaway,68,N,5,-42,8480084
2025020344,3,1061,15:40,04:20,1551,left,525,takeaway,3,N,-8,-36,8476459
2025020345,1,237,08:43,11:17,1551,right,525,takeaway,25,N,0,-41,8480036
2025020345,1,316,10:18,09:42,1551,right,525,takeaway,25,O,78,-40,8480027
2025020345,1,389,15:46,04:14,1551,right,525,takeaway,20,O,-54,42,8477346
2025020345,2,531,02:31,17:29,1551,left,525,takeaway,20,D,-32,27,8474150
2025020345,2,675,03:34,16:26,1551,left,525,takeaway,20,D,-95,3,8480860
2025020345,3,878,00:56,19:04,1441,right,525,takeaway,25,D,-26,-28,8475755
2025020345,3,941,06:31,13:29,1551,right,525,takeaway,20,O,-36,-29,8481556
2025020345,3,1130,19:20,00:40,1531,right,525,takeaway,25,D,-66,28,8480036
2025020346,1,385,16:42,03:18,1551,left,525,takeaway,54,O,-82,4,8475191
2025020346,1,463,17:49,02:11,1541,left,525,takeaway,54,O,-96,4,8478403
2025020346,2,519,02:17,17:43,1541,right,525,takeaway,24,D,32,-37,8481605
2025020346,2,770,14:35,05:25,1551,right,525,takeaway,24,N,-11,-36,8478366
2025020346,2,792,18:56,01:04,1551,right,525,takeaway,24,D,69,40,8476885
2025020346,2,793,19:12,00:48,1551,right,525,takeaway,24,D,32,-2,8483490
2025020346,3,899,04:56,15:04,1441,left,525,takeaway,54,N,-5,-15,8476881
2025020346,3,903,05:07,14:53,1441,left,525,takeaway,24,D,-50,-14,8475462
2025020346,3,969,09:28,10:32,1551,left,525,takeaway,24,D,-45,-40,8481563
2025020346,3,1046,14:49,05:11,1551,left,525,takeaway,24,N,10,36,8481605
2025020346,4,1131,01:48,03:12,1331,right,525,takeaway,24,D,43,-33,8473986
2025020346,4,1132,03:41,01:19,1331,right,525,takeaway,54,N,-11,18,8477447
2025020347,1,91,01:43,18:17,1551,left,525,takeaway,7,O,93,1,8482671
2025020347,1,190,05:10,14:50,1451,left,525,takeaway,12,D,86,-35,8482093
2025020347,1,374,15:11,04:49,1551,left,525,takeaway,12,O,-50,16,8475791
2025020347,1,393,16:54,03:06,1451,left,525,takeaway,12,D,39,-36,8478970
2025020347,1,477,19:02,00:58,1541,left,525,takeaway,12,O,-85,-31,8476906
2025020347,2,601,04:26,15:34,1551,right,525,takeaway,12,D,-29,-39,8482100
2025020347,2,722,13:10,06:50,1551,right,525,takeaway,7,O,-29,16,8482896
2025020347,2,729,13:34,06:26,1551,right,525,takeaway,12,D,-67,-29,8477940
2025020347,3,924,08:19,11:41,1551,left,525,takeaway,7,O,30,-40,8481522
2025020347,3,1027,14:52,05:08,1551,left,525,takeaway,7,D,-26,-23,8479420
2025020348,1,60,00:26,19:34,1551,right,525,takeaway,30,D,-83,22,8482122
2025020348,2,577,02:02,17:58,1551,left,525,takeaway,52,O,25,11,8474679
2025020348,2,578,02:14,17:46,1551,left,525,takeaway,30,D,71,-35,8481477
2025020348,2,876,05:18,14:42,1551,left,525,takeaway,52,N,-20,-39,8476525
2025020348,2,661,08:17,11:43,1551,left,525,takeaway,30,O,-76,-40,8478508
2025020348,2,780,16:16,03:44,1541,left,525,takeaway,30,D,88,-36,8478864
2025020348,3,906,05:50,14:10,1551,right,525,takeaway,52,N,14,29,8480049
2025020349,1,114,04:08,15:52,1451,left,525,takeaway,55,D,81,11,8476467
2025020349,1,395,17:54,02:06,1551,left,525,takeaway,2,D,-46,19,8478445
2025020349,2,577,03:50,16:10,1551,right,525,takeaway,55,D,-55,-18,8478407
2025020349,3,819,02:31,17:29,1551,left,525,takeaway,2,N,15,38,8485702
2025020349,3,822,02:49,17:11,1551,left,525,takeaway,55,O,-28,-16,8477919
2025020349,3,868,05:50,14:10,1551,left,525,takeaway,55,O,-42,18,8482751
2025020349,3,894,07:35,12:25,1551,left,525,takeaway,2,O,55,39,8482476
2025020349,3,979,14:09,05:51,1551,left,525,takeaway,2,N,17,22,8476917
2025020349,3,982,14:40,05:20,1551,left,525,takeaway,55,D,28,40,8481789
2025020349,4,1088,03:37,01:23,1331,right,525,takeaway,2,O,-38,30,8478445
2025020349,4,1100,04:19,00:41,1331,right,525,takeaway,2,D,55,-24,8485366
2025020350,1,866,00:22,19:38,1551,right,525,takeaway,16,N,-4,-17,8484144
2025020350,1,230,07:38,12:22,1551,right,525,takeaway,16,D,94,23,8482703
2025020350,1,416,16:54,03:06,1551,right,525,takeaway,21,D,-35,-33,8477492
2025020350,2,677,09:34,10:26,1541,left,525,takeaway,21,O,-97,8,8476455
2025020350,2,693,10:00,10:00,1541,left,525,takeaway,16,D,-29,-16,8484197
2025020350,3,928,03:22,16:38,1551,right,525,takeaway,21,N,4,-42,8477476
2025020350,3,1047,09:43,10:17,1551,right,525,takeaway,16,O,-50,36,8477987
2025020350,3,1153,19:19,00:41,1560,right,525,takeaway,16,O,-76,-4,8484783
2025020351,1,96,02:36,17:24,1551,left,525,takeaway,28,O,75,31,8484227
2025020351,1,330,15:42,04:18,1551,left,525,takeaway,6,N,5,35,8481219
2025020351,1,416,18:23,01:37,1551,left,525,takeaway,28,D,-83,34,8480043
2025020351,1,435,19:22,00:38,1551,left,525,takeaway,28,O,98,-13,8479983
2025020351,2,540,02:32,17:28,1551,right,525,takeaway,6,D,-99,9,8480035
2025020351,2,547,03:31,16:29,1551,right,525,takeaway,6,N,-20,39,8477507
2025020351,3,887,00:19,19:41,1541,left,525,takeaway,28,N,10,16,8480848
2025020352,1,421,19:12,00:48,1551,right,525,takeaway,23,O,-83,-30,8476907
2025020352,2,526,02:06,17:54,1551,left,525,takeaway,20,O,-89,-17,8478397
2025020352,2,535,02:16,17:44,1551,left,525,takeaway,23,D,-86,-33,8484240
2025020352,2,740,14:41,05:19,1551,left,525,takeaway,20,O,-48,-34,8474150
2025020352,2,765,15:46,04:14,1551,left,525,takeaway,23,D,-61,-14,8478856
2025020352,2,778,15:59,04:01,1551,left,525,takeaway,23,D,-87,3,8480800
2025020352,3,1114,15:45,04:15,1560,right,525,takeaway,20,D,-55,-39,8482165
2025020353,1,159,07:22,12:38,1551,left,525,takeaway,4,O,-53,-41,8481533
2025020353,1,194,09:10,10:50,1551,left,525,takeaway,14,D,-91,31,8479542
2025020353,1,316,09:38,10:22,1551,left,525,takeaway,4,O,-71,-37,8477948
2025020353,1,588,16:07,03:53,1551,left,525,takeaway,14,D,-89,30,8480426
2025020353,1,592,18:24,01:36,1551,left,525,takeaway,4,O,-35,-36,8482142
2025020353,2,608,00:06,19:54,1551,right,525,takeaway,14,O,-40,10,8476826
2025020353,2,619,00:31,19:29,1551,right,525,takeaway,14,D,49,-20,8476826
2025020353,2,712,08:04,11:56,1551,right,525,takeaway,14,O,-85,38,8478178
2025020353,2,831,19:09,00:51,1551,right,525,takeaway,4,D,-30,5,8482159
2025020353,3,1024,08:51,11:09,1441,left,525,takeaway,14,D,-48,14,8477404
2025020353,3,1116,15:27,04:33,1551,left,525,takeaway,14,O,80,25,8483752
2025020354,1,481,14:25,05:35,1551,left,525,takeaway,1,O,82,-40,8482110
2025020354,1,518,16:54,03:06,1551,left,525,takeaway,1,O,43,-30,8476822
2025020354,2,686,08:19,11:41,1551,right,525,takeaway,1,O,-71,39,8476292
2025020354,2,734,11:17,08:43,1551,right,525,takeaway,1,D,74,32,8483495
2025020354,2,758,13:24,06:36,1551,right,525,takeaway,17,O,61,-39,8484160
2025020354,2,807,17:40,02:20,1551,right,525,takeaway,17,N,18,-37,8482078
2025020354,3,1109,15:53,04:07,1551,left,525,takeaway,17,O,-52,-21,8482078
2025020355,1,452,16:15,03:45,1551,right,525,takeaway,3,D,66,-32,8477369
2025020355,2,804,18:58,01:02,1551,left,525,takeaway,3,O,32,29,8482157
2025020355,2,810,19:49,00:11,1551,left,525,takeaway,3,D,-47,27,8476389
2025020355,3,877,05:04,14:56,1551,right,525,takeaway,19,N,13,-31,8477402
2025020355,3,883,05:53,14:07,1551,right,525,takeaway,3,D,60,16,8482073
2025020355,3,957,09:22,10:38,1551,right,525,takeaway,19,O,88,-32,8475753
2025020355,3,965,09:50,10:10,1551,right,525,takeaway,19,N,22,39,8475170
2025020356,1,82,01:33,18:27,1551,right,525,takeaway,29,D,-32,-36,8479371
2025020356,1,213,06:43,13:17,1551,right,525,takeaway,15,O,-39,-9,8481580
2025020356,1,246,10:05,09:55,1551,right,525,takeaway,29,D,-58,22,8475745
2025020356,1,271,11:06,08:54,1551,right,525,takeaway,15,D,43,40,8477947
2025020356,2,621,11:20,08:40,1551,left,525,takeaway,29,D,90,-24,8478500
2025020356,2,665,14:52,05:08,1551,left,525,takeaway,29,D,30,-11,8484166
2025020356,2,702,17:27,02:33,1551,left,525,takeaway,15,N,9,19,8481580
2025020356,3,880,06:18,13:42,1551,right,525,takeaway,15,D,32,-39,8479345
2025020356,3,929,11:08,08:52,1551,right,525,takeaway,29,O,96,-10,8476923
2025020356,3,975,13:56,06:04,1541,right,525,takeaway,15,D,74,13,8480873
2025020356,3,1016,17:25,02:35,1551,right,525,takeaway,15,D,25,-25,8480796
2025020357,1,322,09:11,10:49,1541,left,525,takeaway,13,N,10,-9,8482713
2025020357,1,478,17:22,02:38,1551,left,525,takeaway,13,O,-50,37,8478859
2025020357,2,574,05:25,14:35,1551,right,525,takeaway,13,D,-65,37,8477935
2025020357,2,589,05:51,14:09,1551,right,525,takeaway,13,D,-93,-29,8477495
2025020357,2,623,08:32,11:28,1551,right,525,takeaway,13,N,-6,42,8482113
2025020357,2,664,09:50,10:10,1551,right,525,takeaway,13,D,-26,-19,8477933
2025020357,2,727,14:57,05:03,1551,right,525,takeaway,13,D,-88,31,8484304
2025020357,2,746,16:15,03:45,1551,right,525,takeaway,18,D,75,23,8479980
2025020357,2,755,18:42,01:18,1551,right,525,takeaway,18,O,-85,23,8479980
2025020357,3,792,01:04,18:56,1551,left,525,takeaway,13,N,-4,-25,8477932
2025020357,3,890,04:18,15:42,1551,left,525,takeaway,18,N,17,27,8474564
2025020357,3,972,09:26,10:34,1441,left,525,takeaway,13,D,37,-37,8477935
2025020357,3,1048,15:30,04:30,1551,left,525,takeaway,13,D,26,-28,8478421
2025020357,3,1058,16:05,03:55,1551,left,525,takeaway,18,O,70,-19,8475158
2025020357,3,1084,18:56,01:04,1551,left,525,takeaway,18,O,54,39,8479370
2025020357,3,1086,19:23,00:37,1551,left,525,takeaway,18,D,-58,-33,8482768
2025020358,1,214,07:33,12:27,1551,left,525,takeaway,54,D,69,-39,8478396
2025020358,1,413,18:52,01:08,1551,left,525,takeaway,68,N,-10,-36,8483431
2025020358,2,630,03:04,16:56,1551,right,525,takeaway,68,D,31,-5,8479410
2025020358,2,651,06:35,13:25,1551,right,525,takeaway,54,D,-41,17,8476438
2025020358,3,846,03:24,16:36,1551,left,525,takeaway,68,N,9,3,8480855
2025020358,3,868,04:53,15:07,1551,left,525,takeaway,68,N,-13,37,8483431
2025020358,3,922,09:05,10:55,1551,left,525,takeaway,68,O,98,0,8479619
2025020359,1,113,03:23,16:37,1541,right,525,takeaway,26,D,34,-40,8475208
2025020359,1,188,08:16,11:44,1551,right,525,takeaway,9,D,-61,-20,8481606
2025020359,1,336,11:50,08:10,1551,right,525,takeaway,26,N,14,39,8482730
2025020359,1,393,15:32,04:28,1551,right,525,takeaway,9,O,34,40,8480208
2025020359,1,509,16:58,03:02,1551,right,525,takeaway,9,D,-91,21,8481528
2025020359,2,616,05:09,14:51,1551,left,525,takeaway,9,N,13,22,8481606
2025020360,1,142,04:28,15:32,1551,left,525,takeaway,22,D,-88,36,8476967
2025020360,1,232,09:22,10:38,1551,left,525,takeaway,22,O,96,-19,8479365
2025020360,1,239,10:01,09:59,1551,left,525,takeaway,25,O,-87,-33,8480036
2025020360,1,343,14:53,05:07,1551,left,525,takeaway,22,O,84,-34,8479365
2025020360,1,410,16:10,03:50,1551,left,525,takeaway,22,D,-39,-40,8480803
2025020360,2,798,11:09,08:51,1441,right,525,takeaway,25,D,-66,23,8476902
2025020360,2,890,17:41,02:19,1551,right,525,takeaway,22,N,0,-33,8475218
2025020360,3,1058,08:46,11:14,1551,left,525,takeaway,22,O,99,19,8477498
2025020360,3,1117,15:26,04:34,1551,left,525,takeaway,25,O,-48,-37,8483425
2025020360,3,1173,18:28,01:32,1551,left,525,takeaway,25,N,-7,-14,8483425
2025020361,1,90,01:54,18:06,1551,right,525,takeaway,17,N,2,-33,8476979
2025020361,1,352,12:54,07:06,1551,right,525,takeaway,18,O,99,13,8476887
2025020361,1,395,16:03,03:57,1551,right,525,takeaway,18,N,0,22,8474564
2025020361,2,588,10:57,09:03,1541,left,525,takeaway,17,D,-50,-17,8484471
2025020361,3,773,01:57,18:03,1441,right,525,takeaway,18,D,-65,-35,8475158
2025020361,3,893,05:37,14:23,1551,right,525,takeaway,17,D,30,-32,8477456
2025020362,1,245,08:29,11:31,1551,left,525,takeaway,14,O,88,37,8482201
2025020362,1,274,10:22,09:38,1551,left,525,takeaway,14,O,33,29,8477416
2025020362,1,280,11:49,08:11,1551,left,525,takeaway,20,D,53,-18,8482679
2025020362,1,365,15:37,04:23,1551,left,525,takeaway,14,O,64,38,8480426
2025020362,1,458,17:39,02:21,1541,left,525,takeaway,20,O,-42,-42,8477346
2025020362,1,467,19:05,00:55,1541,left,525,takeaway,20,O,-86,-30,8478397
2025020362,2,793,17:43,02:17,1551,right,525,takeaway,20,O,67,-22,8482074
2025020362,3,900,05:50,14:10,1551,left,525,takeaway,14,N,-3,33,8478519
2025020362,3,1043,12:16,07:44,1551,left,525,takeaway,14,O,76,38,8480995
2025020362,3,1096,15:56,04:04,1551,left,525,takeaway,14,D,-42,32,8482929
2025020363,1,515,17:40,02:20,1551,right,525,takeaway,13,O,-84,27,8482713
2025020363,2,562,01:05,18:55,1551,left,525,takeaway,13,D,-56,-16,8477935
2025020363,2,895,09:46,10:14,1451,left,525,takeaway,4,N,-1,-24,8479022
2025020363,2,914,11:46,08:14,1551,left,525,takeaway,4,O,-97,16,8483733
2025020363,2,954,14:03,05:57,1551,left,525,takeaway,13,D,-79,-29,8478542
2025020363,2,1003,16:26,03:34,1551,left,525,takeaway,13,N,-14,-37,8473507
2025020363,3,1176,08:04,11:56,1551,right,525,takeaway,13,O,-33,12,8477933
2025020363,3,1332,18:00,02:00,1551,right,525,takeaway,4,D,-43,-9,8477948
2025020363,3,1351,19:23,00:37,1551,right,525,takeaway,4,O,93,5,8480220
2025020364,1,180,07:43,12:17,1551,left,525,takeaway,19,O,-84,0,8482089
2025020364,2,505,01:53,18:07,1551,right,525,takeaway,19,D,-73,41,8475170
2025020364,2,615,06:14,13:46,1551,right,525,takeaway,19,O,77,-33,8477402
2025020364,2,675,11:29,08:31,1541,right,525,takeaway,1,D,39,26,8477015
2025020364,2,706,13:45,06:15,1551,right,525,takeaway,19,D,-75,40,8481598
2025020364,2,725,15:36,04:24,1551,right,525,takeaway,19,O,60,-11,8480023
2025020364,2,738,17:00,03:00,1551,right,525,takeaway,19,O,71,-42,8484164
2025020364,3,833,03:42,16:18,1541,left,525,takeaway,1,D,-47,-41,8482110
2025020364,3,866,06:14,13:46,1551,left,525,takeaway,1,D,-97,-16,8479407
2025020364,3,961,13:02,06:58,1551,left,525,takeaway,1,D,-34,-38,8479407
2025020364,3,969,13:35,06:25,1551,left,525,takeaway,19,N,9,-38,8477402
2025020365,1,414,10:43,09:17,1551,left,525,takeaway,6,N,-23,16,8479661
2025020365,1,492,17:16,02:44,1551,left,525,takeaway,6,N,9,-31,8477507
2025020365,2,654,01:21,18:39,1551,right,525,takeaway,2,O,-58,-33,8475314
2025020365,2,791,15:37,04:23,1551,right,525,takeaway,6,N,-1,-20,8481219
2025020365,3,905,02:02,17:58,1551,left,525,takeaway,2,O,41,-39,8477506
2025020365,3,962,08:29,11:31,1551,left,525,takeaway,2,O,94,30,8477500
2025020365,3,1006,11:29,08:31,1551,left,525,takeaway,6,N,-10,-34,8478401
2025020366,1,71,00:37,19:23,1551,left,525,takeaway,7,D,25,-36,8481524
2025020366,1,313,11:46,08:14,1551,left,525,takeaway,5,N,-7,-38,8476856
2025020366,1,329,12:28,07:32,1551,left,525,takeaway,5,N,11,41,8478450
2025020366,1,377,16:34,03:26,1551,left,525,takeaway,7,O,-93,-30,8483500
2025020366,1,406,18:39,01:21,1551,left,525,takeaway,5,O,45,26,8481481
2025020366,1,414,19:07,00:53,1551,left,525,takeaway,7,O,-72,-28,8482659
2025020366,2,545,06:12,13:48,1551,right,525,takeaway,7,N,-6,-39,8479982
2025020366,2,560,08:07,11:53,1551,right,525,takeaway,5,D,58,-14,8476856
2025020366,2,680,13:55,06:05,1551,right,525,takeaway,7,O,40,-41,8480802
2025020366,2,746,18:55,01:05,1551,right,525,takeaway,5,D,62,17,8471675
2025020366,3,791,02:47,17:13,1551,left,525,takeaway,5,D,-32,31,8474578
2025020366,3,941,13:09,06:51,1551,left,525,takeaway,7,O,-98,0,8482659
2025020366,3,947,14:44,05:16,1551,left,525,takeaway,7,O,-98,-1,8484145
2025020366,3,962,15:36,04:24,1551,left,525,takeaway,7,O,-71,-35,8480807
2025020367,1,991,00:05,19:55,1551,right,525,takeaway,52,N,21,-27,8476392
2025020367,1,356,09:48,10:12,1551,right,525,takeaway,52,O,41,-41,8480014
2025020367,1,363,10:02,09:58,1551,right,525,takeaway,15,D,74,-31,8474590
2025020367,1,468,17:40,02:20,1551,right,525,takeaway,52,N,-17,32,8479378
2025020367,2,685,10:39,09:21,1551,left,525,takeaway,15,D,-54,40,8474590
2025020367,2,694,11:26,08:34,1551,left,525,takeaway,15,N,0,-10,8479345
2025020367,3,1050,18:37,01:23,0651,right,525,takeaway,15,D,57,40,8481656
2025020367,3,1051,19:25,00:35,0651,right,525,takeaway,15,N,19,19,8474590
2025020368,1,392,15:09,04:51,1551,right,525,takeaway,12,O,-84,-39,8480817
2025020368,2,540,01:49,18:11,1551,left,525,takeaway,3,O,-97,21,8477380
2025020368,2,740,07:49,12:11,1451,left,525,takeaway,3,D,29,8,8475842
2025020368,2,773,09:30,10:30,1551,left,525,takeaway,12,N,-20,-19,8480817
2025020368,2,801,12:23,07:37,1451,left,525,takeaway,3,O,-83,24,8483690
2025020368,2,862,17:28,02:32,1551,left,525,takeaway,12,O,91,-9,8482093
2025020368,3,923,00:09,19:51,1551,right,525,takeaway,12,O,-81,9,8482702
2025020368,3,1042,04:51,15:09,1551,right,525,takeaway,12,O,-65,11,8478970
2025020368,3,1181,15:50,04:10,1551,right,525,takeaway,12,O,-84,-28,8480817
2025020369,1,127,06:13,13:47,1551,left,525,takeaway,29,N,0,-18,8477497
2025020369,1,368,14:47,05:13,1451,left,525,takeaway,10,N,23,41,8476872
2025020369,1,395,16:52,03:08,1551,left,525,takeaway,10,D,84,-39,8477541
2025020369,2,478,01:57,18:03,1551,right,525,takeaway,29,D,63,34,8477497
2025020369,2,551,05:21,14:39,1551,right,525,takeaway,10,D,-27,30,8481122
2025020369,2,557,06:07,13:53,1551,right,525,takeaway,10,D,-91,18,8481582
2025020369,2,573,08:17,11:43,1551,right,525,takeaway,10,D,-29,-40,8482720
2025020369,2,599,11:14,08:46,1551,right,525,takeaway,29,O,-96,-16,8476867
2025020369,2,680,14:02,05:58,1551,right,525,takeaway,29,D,40,39,8482705
2025020369,3,866,03:02,16:58,1551,left,525,takeaway,10,O,-40,22,8475166
2025020370,1,141,02:59,17:01,1551,right,525,takeaway,30,D,-64,41,8482122
2025020370,1,449,17:13,02:47,1551,right,525,takeaway,16,D,28,-37,8482176
2025020370,1,471,18:19,01:41,1551,right,525,takeaway,30,O,25,33,8478136
2025020370,2,504,00:29,19:31,1551,left,525,takeaway,16,D,-37,29,8481624
2025020370,2,716,09:22,10:38,1551,left,525,takeaway,30,O,-50,25,8475220
2025020370,2,784,15:02,04:58,1551,left,525,takeaway,16,D,-99,7,8481568
2025020370,3,1028,11:08,08:52,1551,right,525,takeaway,16,D,88,36,8483506
2025020370,3,1087,15:56,04:04,1551,right,525,takeaway,30,N,1,-39,8481557
2025020371,1,176,04:47,15:13,1551,right,525,takeaway,21,O,-71,-22,8478038
2025020371,1,229,09:13,10:47,1551,right,525,takeaway,28,N,18,-10,8484911
2025020371,2,631,06:00,14:00,1551,left,525,takeaway,28,O,-83,35,8484227
2025020371,2,670,10:29,09:31,1451,left,525,takeaway,28,D,67,-25,8484911
2025020371,2,708,12:32,07:28,1551,left,525,takeaway,28,D,54,32,8484801
2025020371,2,785,18:13,01:47,1551,left,525,takeaway,28,D,51,-41,8480043
2025020371,2,792,18:49,01:11,1551,left,525,takeaway,21,O,88,-32,8477492
2025020372,1,117,04:21,15:39,1551,left,525,takeaway,68,O,55,-39,8477951
2025020372,1,291,10:47,09:13,1551,left,525,takeaway,8,D,37,37,8476981
2025020372,1,362,16:07,03:53,1551,left,525,takeaway,8,D,78,-18,8480865
2025020372,2,428,00:49,19:11,1551,right,525,takeaway,68,O,-94,20,8479343
2025020372,2,514,03:42,16:18,1551,right,525,takeaway,68,D,29,28,8480434
2025020372,3,945,11:41,08:19,1551,left,525,takeaway,68,D,-56,18,8477951
2025020372,3,969,13:21,06:39,1551,left,525,takeaway,8,O,-82,29,8481540
2025020372,3,1083,18:27,01:33,1560,left,525,takeaway,8,D,85,35,8480865
2025020373,1,210,05:38,14:22,1551,right,525,takeaway,9,D,-32,-11,8482245
2025020373,1,253,08:55,11:05,1551,right,525,takeaway,54,N,17,18,8475913
2025020373,1,366,13:08,06:52,1551,right,525,takeaway,54,N,-2,-40,8478396
2025020373,1,457,14:40,05:20,1551,right,525,takeaway,9,O,99,0,8474102
2025020373,2,538,00:57,19:03,1541,left,525,takeaway,54,N,20,35,8475913
2025020373,2,661,01:57,18:03,1551,left,525,takeaway,54,D,-81,-27,8477447
2025020373,2,802,11:57,08:03,1451,left,525,takeaway,9,D,86,9,8474189
2025020373,3,960,03:23,16:37,1551,right,525,takeaway,54,N,-7,4,8475913
2025020373,3,1146,14:52,05:08,1551,right,525,takeaway,9,D,-28,-3,8481596
2025020374,1,154,07:16,12:44,1551,left,525,takeaway,23,D,55,-42,8481024
2025020374,1,281,13:18,06:42,1451,left,525,takeaway,23,D,38,5,8480012
2025020374,1,287,13:25,06:35,1451,left,525,takeaway,24,D,-87,10,8481605
2025020374,2,613,04:39,15:21,1551,right,525,takeaway,23,N,18,29,8475169
2025020374,2,723,13:34,06:26,1551,right,525,takeaway,23,O,40,40,8480012
2025020374,3,951,06:36,13:24,1551,left,525,takeaway,24,O,96,8,8484762
2025020374,3,992,08:07,11:53,1441,left,525,takeaway,24,N,4,11,8482803
2025020374,3,994,08:23,11:37,1441,left,525,takeaway,23,D,58,-20,8480800
2025020374,3,999,08:31,11:29,1441,left,525,takeaway,24,D,-78,26,8481563
2025020375,1,115,04:40,15:20,1451,left,525,takeaway,25,D,33,36,8481609
2025020375,1,273,08:27,11:33,1551,left,525,takeaway,25,O,-68,41,8476889
2025020375,1,299,09:38,10:22,1551,left,525,takeaway,25,D,36,-6,8482740
2025020375,1,371,12:27,07:33,1551,left,525,takeaway,25,O,-48,-35,8478420
2025020375,1,448,16:06,03:54,1551,left,525,takeaway,55,D,-25,-19,8474586
2025020375,2,780,02:45,17:15,1551,right,525,takeaway,55,O,-94,0,8477919
2025020375,2,635,06:43,13:17,1551,right,525,takeaway,55,O,-54,18,8477955
2025020375,2,661,10:06,09:54,1451,right,525,takeaway,25,O,91,12,8479351
2025020375,3,831,01:22,18:38,1551,left,525,takeaway,25,D,43,-33,8478476
2025020375,3,916,08:27,11:33,1551,left,525,takeaway,25,O,-79,31,8475755
2025020375,3,1041,19:10,00:50,1560,left,525,takeaway,55,O,97,4,8474586
2025020376,1,78,00:55,19:05,1551,left,525,takeaway,6,N,-5,19,8477507
2025020376,1,371,13:16,06:44,1551,left,525,takeaway,6,D,-26,20,8482634
2025020376,2,692,13:46,06:14,1541,right,525,takeaway,3,N,7,-16,8478550
2025020376,3,908,04:42,15:18,1551,left,525,takeaway,3,O,-54,-33,8478882
2025020376,3,1035,09:47,10:13,1551,left,525,takeaway,6,O,46,-34,8480355
2025020377,1,103,03:03,16:57,1551,right,525,takeaway,17,D,43,6,8475279
2025020377,1,293,08:42,11:18,1551,right,525,takeaway,14,O,53,-17,8476453
2025020377,1,322,11:53,08:07,1551,right,525,takeaway,17,D,28,2,8475279
2025020377,1,336,13:18,06:42,1551,right,525,takeaway,17,D,28,-37,8479337
2025020377,1,477,19:19,00:41,1551,right,525,takeaway,17,N,-21,33,8479992
2025020377,2,616,03:52,16:08,1551,left,525,takeaway,14,D,59,-32,8482201
2025020377,2,667,07:28,12:32,1551,left,525,takeaway,14,N,-13,36,8483752
2025020377,2,677,09:30,10:30,1551,left,525,takeaway,17,D,-77,41,8482762
2025020377,2,776,17:22,02:38,1551,left,525,takeaway,14,N,-16,-40,8482655
2025020377,3,836,02:33,17:27,1551,right,525,takeaway,17,O,-31,29,8477429
2025020377,3,884,05:27,14:33,1551,right,525,takeaway,17,D,85,13,8475279
2025020378,1,334,14:52,05:08,1551,right,525,takeaway,21,O,77,-35,8477476
2025020378,2,518,01:43,18:17,1551,left,525,takeaway,30,D,-52,26,8474716
2025020378,2,642,11:17,08:43,1551,left,525,takeaway,21,O,-69,40,8476312
2025020378,2,785,19:34,00:26,1551,left,525,takeaway,30,O,46,-34,8475692
2025020378,3,862,03:22,16:38,1551,right,525,takeaway,30,O,-68,15,8475149
2025020378,3,895,06:47,13:13,1551,right,525,takeaway,30,D,94,-19,8483525
2025020379,1,270,03:45,16:15,1551,left,525,takeaway,7,O,44,-39,8481522
2025020379,1,279,05:57,14:03,1551,left,525,takeaway,7,D,-84,-18,8479982
2025020379,1,282,06:58,13:02,1551,left,525,takeaway,1,O,-98,5,8477996
2025020379,1,297,08:25,11:35,1551,left,525,takeaway,1,D,75,-36,8478414
2025020379,1,308,08:57,11:03,1551,left,525,takeaway,7,N,-12,18,8482896
2025020379,1,328,09:34,10:26,1551,left,525,takeaway,7,D,-36,-22,8484145
2025020379,1,341,10:51,09:09,1551,left,525,takeaway,7,D,-87,31,8480839
2025020379,1,371,11:46,08:14,1551,left,525,takeaway,1,D,89,17,8483495
2025020379,2,648,06:20,13:40,1551,right,525,takeaway,1,D,-29,-16,8479407
2025020379,2,703,10:04,09:56,1551,right,525,takeaway,1,N,-23,40,8480002
2025020379,2,740,12:19,07:41,1551,right,525,takeaway,1,O,59,39,8476292
2025020379,2,784,17:56,02:04,1551,right,525,takeaway,7,D,63,35,8480839
2025020379,3,987,09:25,10:35,1551,left,525,takeaway,1,D,82,39,8480002
2025020379,3,1074,17:56,02:04,1551,left,525,takeaway,1,N,23,-35,8478399
2025020380,1,295,09:00,11:00,1551,right,525,takeaway,13,N,9,-3,8478055
2025020380,1,540,18:41,01:19,1551,right,525,takeaway,20,D,-56,39,8480797
2025020380,2,581,01:08,18:52,1541,left,525,takeaway,13,D,-62,33,8478055
2025020380,2,739,09:49,10:11,1551,left,525,takeaway,20,D,42,7,8478397
2025020380,2,845,17:24,02:36,1551,left,525,takeaway,13,D,-72,37,8478055
2025020380,3,1128,12:34,07:26,1551,right,525,takeaway,13,N,-24,-37,8482713
2025020380,3,1197,18:13,01:47,1560,right,525,takeaway,20,O,91,21,8476399
2025020381,1,440,08:28,11:32,1551,left,525,takeaway,4,O,-49,2,8482159
2025020381,1,298,13:44,06:16,1551,left,525,takeaway,2,O,75,11,8481601
2025020381,1,340,16:12,03:48,1551,left,525,takeaway,2,D,-34,-40,8475151
2025020381,2,453,00:08,19:52,1541,right,525,takeaway,2,N,21,29,8475151
2025020381,2,593,04:01,15:59,1551,right,525,takeaway,2,D,25,-37,8476917
2025020381,2,603,05:37,14:23,1551,right,525,takeaway,2,O,-55,25,8475151
2025020381,2,658,08:49,11:11,1551,right,525,takeaway,4,O,64,-33,8481553
2025020381,3,900,09:34,10:26,1551,left,525,takeaway,4,N,-5,-40,8476372
2025020381,3,959,15:23,04:37,1451,left,525,takeaway,4,D,53,-41,8477989
2025020382,1,206,08:55,11:05,1551,left,525,takeaway,9,D,88,-32,8484321
2025020382,1,217,09:48,10:12,1551,left,525,takeaway,9,D,28,30,8475324
2025020382,1,232,11:24,08:36,1551,left,525,takeaway,9,O,-98,-15,8482105
2025020382,1,332,14:02,05:58,1551,left,525,takeaway,9,N,7,-41,8482105
2025020382,1,371,18:11,01:49,1551,left,525,takeaway,9,D,60,-41,8474102
2025020382,2,792,17:42,02:18,1551,right,525,takeaway,9,D,-96,21,8480188
2025020382,3,1006,11:53,08:07,1551,left,525,takeaway,9,O,-77,-39,8482095
2025020383,1,82,01:18,18:42,1551,right,525,takeaway,8,O,36,-37,8481540
2025020383,1,248,15:14,04:46,1551,right,525,takeaway,8,D,-89,22,8480865
2025020383,1,399,18:20,01:40,1551,right,525,takeaway,54,D,73,42,8477018
2025020383,1,405,18:53,01:07,1551,right,525,takeaway,8,D,-64,-35,8480074
2025020383,2,636,04:39,15:21,1551,left,525,takeaway,8,N,5,-26,8481593
2025020383,2,638,04:53,15:07,1551,left,525,takeaway,8,O,-95,0,8481540
2025020383,2,825,18:53,01:07,1551,left,525,takeaway,54,O,74,36,8477018
2025020383,3,879,03:30,16:30,1551,right,525,takeaway,8,D,-75,14,8476875
2025020383,3,1014,13:09,06:51,1551,right,525,takeaway,8,O,97,8,8482737
2025020383,3,1024,13:50,06:10,1551,right,525,takeaway,8,D,-59,17,8484984
2025020383,3,1061,17:55,02:05,1560,right,525,takeaway,8,D,-62,-39,8480018
2025020384,1,118,03:34,16:26,1551,left,525,takeaway,24,N,-14,-6,8481563
2025020384,1,212,06:13,13:47,1551,left,525,takeaway,24,O,47,39,8478873
2025020384,1,468,19:11,00:49,1541,left,525,takeaway,26,O,-92,-14,8477942
2025020384,2,567,06:28,13:32,1551,right,525,takeaway,24,N,0,-33,8482803
2025020384,2,568,06:40,13:20,1551,right,525,takeaway,24,O,-26,19,8477527
2025020384,2,639,10:56,09:04,1551,right,525,takeaway,24,O,-95,-25,8484153
2025020384,2,648,11:13,08:47,1551,right,525,takeaway,24,N,23,30,8481563
2025020384,2,680,14:43,05:17,1451,right,525,takeaway,24,O,-71,28,8481605
2025020384,2,682,14:48,05:12,1451,right,525,takeaway,26,D,-88,-35,8476469
2025020384,3,832,03:50,16:10,1551,left,525,takeaway,26,O,-29,-9,8483808
2025020384,3,847,06:15,13:45,1551,left,525,takeaway,24,O,53,40,8482745
2025020384,3,916,11:06,08:54,1551,left,525,takeaway,24,O,27,-22,8478873
2025020384,3,998,15:45,04:15,1551,left,525,takeaway,24,O,75,-41,8484153
2025020384,3,1051,15:47,04:13,1551,left,525,takeaway,24,O,46,-38,8484153
2025020385,1,211,06:30,13:30,1551,left,525,takeaway,23,D,67,-41,8483395
2025020385,1,383,16:25,03:35,1441,left,525,takeaway,23,N,4,35,8480748
2025020385,2,640,11:40,08:20,1551,right,525,takeaway,28,N,23,35,8484806
2025020385,2,693,16:37,03:23,1541,right,525,takeaway,23,O,44,-5,8480800
2025020385,3,827,03:59,16:01,1551,left,525,takeaway,28,O,35,-19,8475726
2025020385,3,849,05:43,14:17,1551,left,525,takeaway,28,N,5,-40,8482859
2025020385,3,935,12:40,07:20,1551,left,525,takeaway,23,O,-90,35,8478856
2025020385,3,961,14:25,05:35,1551,left,525,takeaway,28,D,-31,38,8479983
2025020385,3,988,16:10,03:50,1541,left,525,takeaway,28,D,-26,19,8477505
2025020386,1,375,09:37,10:23,1551,right,525,takeaway,10,D,-47,-37,8476872
2025020386,1,402,10:52,09:08,1551,right,525,takeaway,10,O,40,-13,8484158
2025020386,1,1116,13:56,06:04,1551,right,525,takeaway,10,D,-86,33,8475166
2025020386,2,466,00:09,19:51,1551,left,525,takeaway,10,O,-97,21,8476853
2025020387,1,112,02:37,17:23,1551,right,525,takeaway,12,O,-63,-22,8477940
2025020387,2,571,02:39,17:21,1541,left,525,takeaway,12,D,-82,40,8482911
2025020387,2,682,07:48,12:12,1551,left,525,takeaway,52,D,60,-42,8480289
2025020387,2,714,10:20,09:40,1551,left,525,takeaway,12,N,-7,-5,8478427
2025020387,2,809,18:42,01:18,1551,left,525,takeaway,12,O,74,21,8476906
2025020387,3,930,02:21,17:39,1551,right,525,takeaway,12,D,72,40,8476873
2025020387,3,943,03:35,16:25,1551,right,525,takeaway,12,O,-61,-22,8480817
2025020387,3,1090,13:13,06:47,1551,right,525,takeaway,52,D,-72,-40,8480289
2025020388,1,119,04:06,15:54,1541,left,525,takeaway,29,D,-98,-15,8483485
2025020388,1,218,07:39,12:21,1551,left,525,takeaway,5,O,-51,37,8481481
2025020388,1,281,12:31,07:29,1551,left,525,takeaway,5,O,-75,-41,8478854
2025020388,1,296,14:03,05:57,1551,left,525,takeaway,29,D,-63,-27,8476867
2025020388,1,389,17:09,02:51,1551,left,525,takeaway,5,D,43,-37,8478438
2025020388,2,657,10:12,09:48,1551,right,525,takeaway,29,D,50,34,8480806
2025020388,2,666,11:13,08:47,1551,right,525,takeaway,5,O,93,29,8478854
2025020388,2,768,19:20,00:40,1551,right,525,takeaway,5,D,-92,-25,8471724
2025020389,1,349,13:33,06:27,1451,right,525,takeaway,18,D,-85,16,8476869
2025020389,1,351,14:11,05:49,1451,right,525,takeaway,16,O,-92,8,8476882
2025020389,1,352,14:25,05:35,1451,right,525,takeaway,18,D,-68,22,8483565
2025020389,2,612,07:10,12:50,1551,left,525,takeaway,18,O,-32,-33,8481056
2025020389,2,630,07:49,12:11,1551,left,525,takeaway,18,N,0,28,8475158
2025020389,2,652,11:22,08:38,1551,left,525,takeaway,16,D,-33,-35,8477444
2025020389,2,675,12:32,07:28,1551,left,525,takeaway,16,D,-97,-18,8481568
2025020389,3,911,07:29,12:31,1551,right,525,takeaway,16,O,-98,-15,8482176
2025020389,3,914,07:49,12:11,1551,right,525,takeaway,18,O,60,-33,8476887
2025020389,3,1054,18:21,01:39,1541,right,525,takeaway,18,O,76,-35,8476887
2025020390,1,148,04:42,15:18,1551,right,525,takeaway,25,D,70,-41,8479351
2025020390,1,285,15:54,04:06,1551,right,525,takeaway,68,D,-98,-11,8474013
2025020390,2,409,02:09,17:51,1551,left,525,takeaway,25,D,-99,5,8480036
2025020390,2,424,03:24,16:36,1551,left,525,takeaway,25,D,-94,-15,8483425
2025020390,2,521,06:25,13:35,1551,left,525,takeaway,25,D,-33,40,8479351
2025020390,2,651,13:23,06:37,1551,left,525,takeaway,68,O,-98,-21,8482175
2025020390,2,676,14:42,05:18,1551,left,525,takeaway,25,D,-73,30,8476902
2025020390,3,845,03:33,16:27,1551,right,525,takeaway,25,O,-63,28,8478476
2025020390,3,920,09:21,10:39,1551,right,525,takeaway,68,O,37,30,8479410
2025020391,1,186,10:32,09:28,1551,right,525,takeaway,3,O,-96,-8,8476459
2025020391,2,380,00:41,19:19,1551,left,525,takeaway,14,D,70,-42,8482929
2025020391,2,651,10:16,09:44,1551,left,525,takeaway,3,D,-57,38,8482073
2025020391,2,704,14:37,05:23,1551,left,525,takeaway,14,O,-70,-40,8479542
2025020391,2,723,17:17,02:43,1551,left,525,takeaway,14,D,61,-39,8480426
2025020391,3,835,05:28,14:32,1551,right,525,takeaway,3,D,58,-41,8479323
2025020392,1,470,18:13,01:47,1551,right,525,takeaway,21,N,-18,40,8480039
2025020392,1,490,19:35,00:25,1551,right,525,takeaway,21,O,-27,-29,8477476
2025020392,2,603,03:16,16:44,1551,left,525,takeaway,21,D,-96,27,8477492
2025020392,2,604,03:43,16:17,1551,left,525,takeaway,21,D,-43,-34,8477476
2025020392,2,682,08:47,11:13,1551,left,525,takeaway,21,O,80,31,8480835
2025020392,2,704,11:11,08:49,1551,left,525,takeaway,8,D,67,-27,8476875
2025020392,2,777,16:33,03:27,1551,left,525,takeaway,8,D,67,-20,8483457
2025020392,3,927,06:18,13:42,1451,right,525,takeaway,8,D,-98,-18,8478851
2025020392,3,1001,11:03,08:57,1451,right,525,takeaway,8,D,-47,-40,8480865
2025020393,1,377,12:10,07:50,1551,left,525,takeaway,22,D,72,-18,8474641
2025020393,1,422,15:50,04:10,1551,left,525,takeaway,55,N,-9,37,8481554
2025020393,2,513,03:20,16:40,1551,right,525,takeaway,55,D,82,-39,8476467
2025020393,2,555,06:51,13:09,1551,right,525,takeaway,55,D,55,30,8477986
2025020393,2,567,07:31,12:29,1451,right,525,takeaway,22,D,-43,-40,8480834
2025020393,2,572,08:10,11:50,1451,right,525,takeaway,55,O,-97,15,8476905
2025020393,2,757,14:35,05:25,1551,right,525,takeaway,55,D,83,-30,8477919
2025020393,3,932,09:08,10:52,1551,left,525,takeaway,22,D,98,2,8476967
2025020393,3,968,12:07,07:53,1551,left,525,takeaway,22,O,-98,0,8477498
2025020394,1,170,03:48,16:12,1551,left,525,takeaway,6,N,6,18,8478401
2025020394,1,178,03:51,16:09,1551,left,525,takeaway,17,N,23,41,8477946
2025020394,1,326,12:37,07:23,1541,left,525,takeaway,6,D,-34,-31,8482634
2025020394,2,553,02:53,17:07,1551,right,525,takeaway,17,D,-82,-25,8481607
2025020394,2,648,07:40,12:20,1541,right,525,takeaway,6,D,27,15,8480355
2025020394,2,775,18:11,01:49,1551,right,525,takeaway,6,D,40,-40,8480828
2025020394,3,838,02:03,17:57,1551,left,525,takeaway,17,O,-46,5,8481542
2025020394,3,868,06:34,13:26,1551,left,525,takeaway,6,D,-40,-33,8482177
2025020394,3,948,11:15,08:45,1551,left,525,takeaway,6,D,-96,26,8476854
2025020395,1,207,06:39,13:21,1551,left,525,takeaway,4,N,1,-30,8476461
2025020395,2,581,03:33,16:27,1551,right,525,takeaway,4,D,-49,39,8478439
2025020395,2,618,06:26,13:34,1551,right,525,takeaway,4,D,-98,9,8477948
2025020395,2,630,07:19,12:41,1551,right,525,takeaway,1,O,-59,38,8479407
2025020395,2,720,13:21,06:39,1551,right,525,takeaway,1,D,29,12,8478841
2025020395,2,723,14:05,05:55,1551,right,525,takeaway,4,O,95,-27,8480220
2025020395,3,892,05:51,14:09,1551,left,525,takeaway,1,D,-84,-35,8482110
2025020395,3,948,10:21,09:39,1551,left,525,takeaway,4,O,-89,-32,8481553
2025020396,1,186,04:56,15:04,1551,left,525,takeaway,10,D,64,-32,8476853
2025020396,1,472,13:07,06:53,1551,left,525,takeaway,5,D,-83,25,8478438
2025020396,1,481,14:51,05:09,1551,left,525,takeaway,10,O,-45,22,8476853
2025020396,2,565,01:49,18:11,1551,right,525,takeaway,5,D,39,35,8475810
2025020396,2,785,14:38,05:22,1551,right,525,takeaway,10,D,-46,-41,8479442
2025020396,3,847,00:16,19:44,1541,left,525,takeaway,10,O,-80,-36,8479318
2025020396,3,1098,13:13,06:47,1551,left,525,takeaway,10,O,-51,-12,8481582
2025020396,3,1132,14:28,05:32,1551,left,525,takeaway,10,N,9,38,8479026
2025020397,1,170,04:20,15:40,1551,left,525,takeaway,52,D,53,-32,8477504
2025020397,1,308,10:25,09:35,1551,left,525,takeaway,18,D,-30,38,8481056
2025020397,2,687,08:03,11:57,1551,right,525,takeaway,52,O,69,1,8482149
2025020397,2,844,17:22,02:38,1551,right,525,takeaway,18,N,-21,-37,8475158
2025020397,3,865,00:46,19:14,1551,left,525,takeaway,18,N,23,-21,8482103
2025020397,3,974,08:41,11:19,1551,left,525,takeaway,52,O,-40,0,8474679
2025020397,3,981,09:05,10:55,1551,left,525,takeaway,52,O,-56,-35,8476871
2025020397,3,1046,14:53,05:07,1551,left,525,takeaway,52,D,29,10,8480049
2025020398,1,141,04:09,15:51,1551,left,525,takeaway,19,O,48,-39,8478472
2025020398,1,385,09:31,10:29,1551,left,525,takeaway,19,D,-49,42,8481598
2025020398,2,693,07:25,12:35,1541,right,525,takeaway,68,O,93,-28,8479343
2025020398,2,851,11:16,08:44,1551,right,525,takeaway,19,D,95,-16,8475753
2025020398,2,748,11:38,08:22,1551,right,525,takeaway,19,D,57,40,8476892
2025020398,3,880,00:28,19:32,1451,left,525,takeaway,68,D,50,-37,8478831
2025020398,3,944,05:01,14:59,1551,left,525,takeaway,68,N,15,35,8479410
2025020398,3,965,06:43,13:17,1541,left,525,takeaway,68,N,-6,-2,8479343
2025020398,3,986,09:03,10:57,1541,left,525,takeaway,19,D,-40,-38,8476892
2025020399,1,183,05:41,14:19,1551,right,525,takeaway,30,D,71,-26,8476463
2025020399,1,375,14:02,05:58,1551,right,525,takeaway,30,O,-41,31,8481557
2025020399,2,506,00:06,19:54,1551,left,525,takeaway,30,N,-19,20,8482122
2025020399,2,611,08:57,11:03,1551,left,525,takeaway,7,D,35,-33,8482671
2025020399,2,692,15:50,04:10,1551,left,525,takeaway,30,O,27,-33,8481557
2025020399,2,701,16:38,03:22,1551,left,525,takeaway,7,D,67,-20,8481524
2025020399,2,736,19:26,00:34,1551,left,525,takeaway,7,O,-84,-28,8482896
2025020399,3,896,07:15,12:45,1551,right,525,takeaway,7,D,-91,-4,8481524
2025020399,4,1076,00:38,04:22,1331,left,525,takeaway,7,D,43,40,8477949
2025020399,4,1084,01:36,03:24,1331,left,525,takeaway,7,D,96,-7,8480839
2025020399,4,1086,01:43,03:17,1331,left,525,takeaway,30,O,50,-38,8478493
2025020399,4,1107,04:48,00:12,1331,left,525,takeaway,30,D,-65,23,8478493
2025020400,1,89,00:32,19:28,1551,right,525,takeaway,28,O,88,16,8475906
2025020400,1,222,07:48,12:12,1551,right,525,takeaway,54,N,19,31,8483890
2025020400,1,438,17:31,02:29,1551,right,525,takeaway,28,O,94,9,8482667
2025020400,1,452,18:01,01:59,1551,right,525,takeaway,28,D,-57,30,8484801
2025020400,2,740,13:18,06:42,1551,left,525,takeaway,28,D,66,39,8484801
2025020400,3,932,07:48,12:12,1551,right,525,takeaway,28,D,-46,-10,8479983
2025020400,3,938,07:55,12:05,1551,right,525,takeaway,54,D,75,29,8478396
2025020400,3,959,10:07,09:53,1551,right,525,takeaway,54,O,-58,-38,8482125
2025020400,3,1029,15:42,04:18,1551,right,525,takeaway,54,D,25,1,8475913
2025020401,1,219,03:35,16:25,1551,right,525,takeaway,26,D,41,-40,8476469
2025020401,1,818,08:13,11:47,1551,right,525,takeaway,23,D,-49,-35,8475169
2025020401,1,854,11:23,08:37,1451,right,525,takeaway,23,D,-27,36,8480012
2025020401,2,708,14:10,05:50,1551,left,525,takeaway,23,N,20,-40,8480800
2025020401,2,754,18:03,01:57,1551,left,525,takeaway,26,N,-13,-40,8476879
2025020401,3,822,04:14,15:46,1551,right,525,takeaway,26,O,-98,-9,8476479
2025020401,3,859,07:05,12:55,1451,right,525,takeaway,23,D,-87,37,8474574
2025020401,3,969,14:33,05:27,1551,right,525,takeaway,23,N,-9,-39,8474574
2025020401,3,995,16:52,03:08,1551,right,525,takeaway,23,O,83,-37,8480748
2025020401,3,1033,19:53,00:07,1551,right,525,takeaway,26,N,-1,-10,8482730
2025020402,1,148,05:49,14:11,1551,left,525,takeaway,15,O,-39,-41,8477947
2025020402,1,152,06:41,13:19,1551,left,525,takeaway,2,N,-1,-13,8481601
2025020402,1,202,09:29,10:31,1551,left,525,takeaway,2,O,82,16,8475314
2025020402,1,242,11:55,08:05,1551,left,525,takeaway,2,N,-4,31,8481601
2025020402,1,243,13:08,06:52,1551,left,525,takeaway,2,O,70,-41,8477494
2025020402,1,333,15:27,04:33,1551,left,525,takeaway,15,D,77,-40,8479520
2025020402,1,337,15:43,04:17,1551,left,525,takeaway,15,D,47,-39,8477845
2025020402,1,378,19:16,00:44,1551,left,525,takeaway,2,D,-47,1,8484221
2025020402,2,738,18:42,01:18,1551,right,525,takeaway,2,O,-95,16,8477500
2025020403,1,110,03:14,16:46,1551,right,525,takeaway,16,O,-76,-4,8477444
2025020403,1,140,04:57,15:03,1551,right,525,takeaway,16,D,25,37,8483506
2025020403,1,299,10:07,09:53,1551,right,525,takeaway,24,N,4,27,8481605
2025020403,1,382,12:23,07:37,1551,right,525,takeaway,24,D,-38,-2,8484153
2025020403,1,436,16:02,03:58,1551,right,525,takeaway,16,N,24,7,8476473
2025020403,2,507,01:29,18:31,1551,left,525,takeaway,24,D,72,-22,8483445
2025020403,2,758,12:51,07:09,1551,left,525,takeaway,16,O,80,34,8477450
2025020403,3,845,00:26,19:34,1551,right,525,takeaway,16,D,37,-36,8481568
2025020404,1,67,00:28,19:32,1551,right,525,takeaway,20,N,22,12,8481068
2025020404,1,395,18:01,01:59,1551,right,525,takeaway,20,D,-29,-38,8477346
2025020404,2,541,05:18,14:42,1551,left,525,takeaway,12,N,-9,1,8478970
2025020404,2,562,07:00,13:00,1551,left,525,takeaway,20,D,68,15,8476456
2025020404,2,630,12:47,07:13,1551,left,525,takeaway,12,O,90,33,8482809
2025020404,3,800,00:45,19:15,1551,right,525,takeaway,20,D,-97,13,8480860
2025020404,3,877,07:09,12:51,1551,right,525,takeaway,12,D,29,37,8478970
2025020404,4,1071,01:16,03:44,1331,left,525,takeaway,12,D,-33,5,8478427
2025020404,4,1079,02:23,02:37,1331,left,525,takeaway,12,D,-54,-19,8482809
2025020405,1,150,05:56,14:04,1551,right,525,takeaway,9,O,64,32,8474102
2025020405,1,263,06:12,13:48,1551,right,525,takeaway,25,D,71,40,8476902
2025020405,1,290,08:30,11:30,1451,right,525,takeaway,25,O,-73,-39,8478476
2025020405,1,337,11:57,08:03,1551,right,525,takeaway,9,O,96,-27,8476393
2025020405,1,411,16:05,03:55,1551,right,525,takeaway,25,N,9,41,8475755
2025020405,1,455,18:02,01:58,1551,right,525,takeaway,25,O,-64,19,8478420
2025020405,2,582,04:27,15:33,1551,left,525,takeaway,9,D,65,-40,8482095
2025020405,2,702,10:27,09:33,1551,left,525,takeaway,25,N,11,-41,8476889
2025020405,2,743,12:27,07:33,1541,left,525,takeaway,9,N,4,0,8482116
2025020405,3,980,10:22,09:38,1451,right,525,takeaway,25,D,71,-33,8480036
2025020405,3,982,10:30,09:30,1451,right,525,takeaway,9,D,-46,-42,8482116
2025020406,1,69,00:49,19:11,1451,left,525,takeaway,29,D,59,39,8475745
2025020406,1,253,06:28,13:32,1551,left,525,takeaway,1,D,-91,34,8476462
2025020406,1,317,09:30,10:30,1541,left,525,takeaway,1,N,-11,25,8480002
2025020406,2,675,10:02,09:58,1551,right,525,takeaway,29,O,31,-30,8484166
2025020406,2,698,12:11,07:49,1551,right,525,takeaway,29,D,-25,38,8478460
2025020406,2,704,12:17,07:43,1551,right,525,takeaway,1,O,-31,-33,8481721
2025020406,2,763,16:05,03:55,1551,right,525,takeaway,29,D,-29,-39,8475745
2025020406,2,806,19:00,01:00,1551,right,525,takeaway,29,O,68,-42,8475745
2025020406,3,854,03:03,16:57,1551,left,525,takeaway,29,D,46,-40,8474090
2025020406,3,911,07:07,12:53,1551,left,525,takeaway,1,D,-82,21,8483495
2025020406,3,1019,11:13,08:47,1451,left,525,takeaway,29,D,99,-20,8478500
2025020406,3,1109,18:04,01:56,1560,left,525,takeaway,1,O,91,16,8483495
2025020407,1,89,01:46,18:14,1551,right,525,takeaway,5,N,17,-28,8482758
2025020407,1,352,14:36,05:24,1551,right,525,takeaway,5,O,57,23,8471724
2025020407,2,555,00:44,19:16,1551,left,525,takeaway,5,O,-87,29,8471675
2025020407,2,580,03:25,16:35,1551,left,525,takeaway,4,D,-27,-37,8482159
2025020407,2,598,04:55,15:05,1351,left,525,takeaway,5,D,32,42,8481481
2025020407,3,904,06:05,13:55,1551,right,525,takeaway,5,D,-62,23,8477365
2025020407,3,980,11:37,08:23,1551,right,525,takeaway,5,D,-25,-28,8474578
2025020407,3,1043,17:08,02:52,1551,right,525,takeaway,5,D,-29,31,8482758
2025020407,3,1055,17:14,02:46,1551,right,525,takeaway,4,D,77,-12,8481533
2025020408,1,208,05:57,14:03,1551,left,525,takeaway,7,O,94,-8,8481522
2025020408,1,286,12:11,07:49,1551,left,525,takeaway,7,D,-66,25,8480839
2025020408,1,296,13:03,06:57,1551,left,525,takeaway,7,O,98,-4,8477949
2025020408,2,717,14:51,05:09,1551,right,525,takeaway,7,D,65,-42,8480802
2025020408,3,893,08:14,11:46,1551,left,525,takeaway,52,D,53,1,8480113
2025020408,3,930,11:15,08:45,1551,left,525,takeaway,7,O,82,-36,8475722
2025020408,3,948,12:41,07:19,1551,left,525,takeaway,7,D,-41,-41,8477949
2025020409,1,101,02:50,17:10,1541,left,525,takeaway,24,D,40,-33,8478873
2025020409,1,152,06:44,13:16,1551,left,525,takeaway,24,N,0,31,8478873
2025020409,1,336,16:31,03:29,1551,left,525,takeaway,19,N,24,39,8475764
2025020409,1,425,19:17,00:43,1551,left,525,takeaway,24,D,72,29,8483490
2025020409,1,427,19:36,00:24,1451,left,525,takeaway,24,N,22,-29,8483490
2025020409,2,487,03:50,16:10,1441,right,525,takeaway,19,N,-14,-36,8477402
2025020409,3,971,06:09,13:51,1551,left,525,takeaway,24,O,-59,-40,8484762
2025020409,3,978,06:12,13:48,1551,left,525,takeaway,19,D,-38,-13,8475764
2025020409,3,1108,17:16,02:44,1560,left,525,takeaway,24,D,77,28,8484153
2025020410,1,192,05:50,14:10,1551,left,525,takeaway,28,D,-43,-19,8484227
2025020410,1,388,16:56,03:04,1541,left,525,takeaway,28,O,40,-23,8484911
2025020410,1,503,17:44,02:16,1541,left,525,takeaway,28,D,-60,41,8480798
2025020410,2,732,17:58,02:02,1551,right,525,takeaway,68,D,-78,2,8483431
2025020410,2,742,18:11,01:49,1551,right,525,takeaway,28,O,-92,-15,8479983
2025020410,3,850,02:43,17:17,1551,left,525,takeaway,28,D,-84,-28,8482166
2025020410,3,1017,17:41,02:19,1551,left,525,takeaway,28,O,38,19,8471817
2025020411,1,118,00:42,19:18,1551,right,525,takeaway,8,D,41,-40,8476875
2025020411,1,278,08:06,11:54,1551,right,525,takeaway,9,D,-94,-4,8482245
2025020411,1,406,17:09,02:51,1551,right,525,takeaway,9,O,98,-4,8480208
2025020411,1,408,17:23,02:37,1551,right,525,takeaway,9,D,-55,-32,8475324
2025020411,2,481,02:22,17:38,1551,left,525,takeaway,8,D,-94,-6,8476875
2025020411,2,670,09:03,10:57,1551,left,525,takeaway,9,O,-69,-42,8482095
2025020411,2,766,15:53,04:07,1551,left,525,takeaway,8,O,83,-26,8480813
2025020411,3,1027,03:35,16:25,1441,right,525,takeaway,9,D,-98,1,8481606
2025020411,3,941,07:50,12:10,1551,right,525,takeaway,9,O,65,37,8480801
2025020411,3,1042,15:35,04:25,1551,right,525,takeaway,8,O,-26,-34,8483457
2025020411,3,1056,16:46,03:14,1551,right,525,takeaway,9,O,65,28,8473512
2025020412,1,168,05:51,14:09,1551,right,525,takeaway,6,O,87,-30,8476374
2025020412,1,200,10:02,09:58,1551,right,525,takeaway,17,O,-82,-39,8475279
2025020412,1,461,17:13,02:47,1551,right,525,takeaway,6,D,-57,-41,8479369
2025020412,2,689,12:48,07:12,1551,left,525,takeaway,17,O,28,-40,8483464
2025020412,2,692,13:22,06:38,1551,left,525,takeaway,17,N,-20,-32,8479992
2025020412,3,819,00:57,19:03,1551,right,525,takeaway,6,N,3,5,8482177
2025020412,3,886,06:09,13:51,1551,right,525,takeaway,17,O,-99,-4,8481725
2025020412,3,894,06:48,13:12,1551,right,525,takeaway,17,D,33,-2,8474037
2025020412,3,927,08:48,11:12,1451,right,525,takeaway,6,D,-38,0,8476374
2025020412,3,931,08:57,11:03,1451,right,525,takeaway,6,D,-26,-41,8479369
2025020413,1,237,04:44,15:16,1551,right,525,takeaway,10,D,-59,-4,8484158
2025020413,1,264,06:00,14:00,1551,right,525,takeaway,10,D,-87,37,8481582
2025020413,1,451,12:54,07:06,1551,right,525,takeaway,13,O,-99,10,8477933
2025020413,2,640,02:32,17:28,1551,left,525,takeaway,10,O,-85,-36,8478904
2025020413,2,645,03:06,16:54,1551,left,525,takeaway,10,D,96,16,8479442
2025020413,2,758,11:23,08:37,1551,left,525,takeaway,13,O,62,16,8473419
2025020413,3,887,00:11,19:49,1551,right,525,takeaway,13,O,-70,-39,8482113
2025020413,3,947,04:53,15:07,1551,right,525,takeaway,13,O,-85,-37,8478859
2025020413,3,1068,11:47,08:13,1551,right,525,takeaway,10,D,-85,-15,8476872
2025020413,3,1118,13:33,06:27,1551,right,525,takeaway,10,O,83,28,8478462
2025020413,3,1131,16:12,03:48,1551,right,525,takeaway,10,D,-27,-41,8484158
2025020414,1,137,02:36,17:24,1551,left,525,takeaway,2,N,-23,37,8476917
2025020414,2,444,00:32,19:28,1551,right,525,takeaway,14,D,-72,-33,8482655
2025020414,2,559,05:09,14:51,1541,right,525,takeaway,2,D,47,-23,8481601
2025020414,2,617,08:40,11:20,1551,right,525,takeaway,14,N,7,-35,8478178
2025020414,2,774,19:31,00:29,1451,right,525,takeaway,14,D,-62,-38,8477404
2025020414,3,975,12:44,07:16,1551,left,525,takeaway,2,D,-29,-2,8484958
2025020414,3,1019,19:27,00:33,0651,left,525,takeaway,14,O,-99,5,8477404
2025020415,1,83,01:29,18:31,1551,right,525,takeaway,3,O,-31,-36,8478882
2025020415,1,279,09:24,10:36,1551,right,525,takeaway,25,O,63,-40,8484829
2025020415,1,431,12:53,07:07,1451,right,525,takeaway,25,D,-84,34,8480036
2025020415,1,502,15:24,04:36,1551,right,525,takeaway,3,O,-97,-21,8478882
2025020415,2,717,15:05,04:55,1551,left,525,takeaway,25,O,-65,-26,8478420
2025020415,3,872,05:56,14:04,1451,right,525,takeaway,3,O,-89,32,8478550
2025020415,3,906,07:16,12:44,1451,right,525,takeaway,3,O,-96,24,8476389
2025020415,3,935,09:25,10:35,1551,right,525,takeaway,25,D,-30,25,8482740
2025020415,3,988,11:46,08:14,1551,right,525,takeaway,25,N,-16,21,8476902
2025020416,1,279,08:05,11:55,1541,left,525,takeaway,20,O,-86,30,8480028
2025020416,1,286,08:41,11:19,1541,left,525,takeaway,18,D,-48,-22,8481056
2025020416,1,326,11:40,08:20,1551,left,525,takeaway,20,O,-95,-5,8480797
2025020416,2,498,02:39,17:21,1551,right,525,takeaway,18,O,-99,11,8482103
2025020416,2,667,08:02,11:58,1551,right,525,takeaway,18,D,33,33,8479980
2025020416,2,674,08:21,11:39,1551,right,525,takeaway,20,O,53,-33,8474150
2025020416,2,718,12:06,07:54,1541,right,525,takeaway,18,D,65,40,8474600
2025020416,2,737,13:31,06:29,1551,right,525,takeaway,20,D,-88,33,8480860
2025020416,2,787,17:12,02:48,1551,right,525,takeaway,18,D,92,-30,8475158
2025020416,3,899,00:57,19:03,1551,left,525,takeaway,18,O,66,19,8482146
2025020416,3,943,04:25,15:35,1551,left,525,takeaway,20,D,87,-8,8480860
2025020416,3,988,07:25,12:35,1551,left,525,takeaway,18,O,68,35,8476539
2025020416,3,1116,15:37,04:23,1441,left,525,takeaway,18,N,-6,-31,8476887
2025020417,1,323,06:36,13:24,1551,right,525,takeaway,23,D,-88,-36,8482691
2025020417,1,338,06:39,13:21,1551,right,525,takeaway,21,O,-85,-35,8480069
2025020417,1,413,07:09,12:51,1451,right,525,takeaway,21,N,13,40,8477492
2025020417,2,519,01:01,18:59,1551,left,525,takeaway,23,D,38,32,8474574
2025020417,2,749,15:29,04:31,1551,left,525,takeaway,23,O,-97,-18,8482691
2025020417,2,756,16:22,03:38,1551,left,525,takeaway,21,D,-59,-9,8475754
2025020417,3,811,02:46,17:14,1551,right,525,takeaway,21,O,-98,-6,8480448
2025020417,3,900,06:16,13:44,1551,right,525,takeaway,21,O,-97,6,8480069
2025020417,3,1033,13:14,06:46,1551,right,525,takeaway,23,O,95,-1,8480748
2025020418,1,106,03:31,16:29,1551,left,525,takeaway,30,D,56,-41,8478864
2025020418,1,270,08:55,11:05,1551,left,525,takeaway,22,D,-76,33,8480831
2025020418,1,431,17:16,02:44,1551,left,525,takeaway,22,D,-94,30,8478402
2025020418,1,434,17:21,02:39,1551,left,525,takeaway,30,N,-2,2,8482122
2025020418,1,448,18:29,01:31,1551,left,525,takeaway,30,D,79,31,8478136
2025020418,1,460,19:32,00:28,1551,left,525,takeaway,30,D,34,-42,8476463
2025020418,2,630,13:37,06:23,1451,right,525,takeaway,30,N,-20,27,8481557
2025020418,3,745,02:59,17:01,1551,left,525,takeaway,30,O,-98,10,8482122
2025020418,3,790,06:20,13:40,1551,left,525,takeaway,22,D,-31,-26,8478233
2025020418,3,838,09:25,10:35,1551,left,525,takeaway,22,O,95,-23,8478233
2025020418,3,951,13:35,06:25,1551,left,525,takeaway,30,D,65,29,8475752
2025020418,3,998,17:10,02:50,1551,left,525,takeaway,30,D,87,10,8474716
2025020419,1,359,13:24,06:36,0651,right,525,takeaway,54,D,82,-26,8483890
2025020419,2,412,00:06,19:54,1551,left,525,takeaway,16,O,-77,41,8484144
2025020419,2,437,02:05,17:55,1551,left,525,takeaway,54,N,-12,5,8480727
2025020419,2,503,02:57,17:03,1551,left,525,takeaway,54,N,-5,14,8475188
2025020419,2,553,06:22,13:38,1451,left,525,takeaway,16,D,29,25,8481624
2025020419,2,591,11:18,08:42,1551,left,525,takeaway,16,O,-67,2,8477479
2025020419,3,709,00:42,19:18,1551,right,525,takeaway,54,O,-52,16,8477964
2025020419,3,850,10:49,09:11,1551,right,525,takeaway,54,D,37,11,8476881
2025020419,3,977,17:45,02:15,1551,right,525,takeaway,16,D,-97,-7,8476473
2025020420,1,151,03:14,16:46,1551,right,525,takeaway,26,D,65,41,8477942
2025020420,1,216,07:19,12:41,1551,right,525,takeaway,15,O,82,40,8481656
2025020420,1,434,16:16,03:44,1551,right,525,takeaway,26,O,-95,26,8476469
2025020420,1,473,19:34,00:26,1551,right,525,takeaway,26,N,-20,36,8476469
2025020420,2,556,01:34,18:26,1551,left,525,takeaway,15,O,-77,20,8482088
2025020420,2,558,01:45,18:15,1551,left,525,takeaway,15,D,46,-32,8474590
2025020420,2,715,13:41,06:19,1551,left,525,takeaway,15,O,-41,-7,8482148
2025020420,2,717,13:44,06:16,1551,left,525,takeaway,26,D,-34,3,8471685
2025020420,2,720,13:53,06:07,1551,left,525,takeaway,15,D,28,-37,8480873
2025020420,2,724,14:30,05:30,1551,left,525,takeaway,15,D,40,37,8478463
2025020420,2,756,17:38,02:22,1551,left,525,takeaway,26,O,99,3,8475208
2025020420,3,846,04:55,15:05,1551,right,525,takeaway,26,O,-85,-6,8476469
2025020421,1,103,00:12,19:48,1551,left,525,takeaway,1,O,25,-37,8478414
2025020421,1,137,04:20,15:40,1551,left,525,takeaway,25,O,-94,17,8484829
2025020421,1,145,04:41,15:19,1551,left,525,takeaway,25,D,32,-40,8478476
2025020421,1,476,19:57,00:03,1551,left,525,takeaway,25,D,33,-22,8476902
2025020421,2,507,01:22,18:38,1551,right,525,takeaway,1,D,89,-35,8482684
2025020421,2,701,04:26,15:34,1551,right,525,takeaway,1,O,-94,5,8481032
2025020421,2,823,15:25,04:35,1551,right,525,takeaway,25,N,21,37,8478420
2025020421,2,868,17:49,02:11,1551,right,525,takeaway,25,O,99,-3,8476889
2025020421,3,1058,12:56,07:04,1551,left,525,takeaway,25,D,93,31,8478476
2025020421,3,1062,13:16,06:44,1551,left,525,takeaway,1,D,-28,36,8478399
2025020421,3,1085,15:12,04:48,1551,left,525,takeaway,25,O,-95,8,8473994
2025020422,1,205,04:38,15:22,1551,right,525,takeaway,52,N,-16,-41,8479378
2025020422,1,277,10:45,09:15,1551,right,525,takeaway,52,O,75,41,8473604
2025020422,1,283,11:04,08:56,1551,right,525,takeaway,52,N,-6,-40,8482149
2025020422,1,446,18:18,01:42,1551,right,525,takeaway,8,D,53,-34,8480018
2025020422,2,495,01:08,18:52,1551,left,525,takeaway,52,N,18,36,8480145
2025020422,2,733,13:55,06:05,1551,left,525,takeaway,8,D,-80,40,8476875
2025020422,2,745,15:48,04:12,1551,left,525,takeaway,52,D,60,-28,8480049
2025020422,2,759,18:28,01:32,1551,left,525,takeaway,8,O,65,-39,8476981
2025020422,3,856,06:39,13:21,1551,right,525,takeaway,52,O,76,3,8475799
2025020422,4,1093,03:04,01:56,1331,left,525,takeaway,8,O,79,-15,8484984
2025020422,4,1096,03:21,01:39,1331,left,525,takeaway,8,D,-48,-28,8482775
2025020423,1,253,06:01,13:59,1441,right,525,takeaway,4,D,88,-36,8482126
2025020423,1,321,11:11,08:49,1551,right,525,takeaway,4,O,-99,17,8476372
2025020423,1,344,13:01,06:59,1551,right,525,takeaway,4,D,69,-25,8481546
2025020423,1,397,16:38,03:22,1551,right,525,takeaway,4,N,24,4,8480220
2025020423,2,730,14:29,05:31,1551,left,525,takeaway,4,D,-63,15,8477948
2025020423,2,749,15:31,04:29,1551,left,525,takeaway,7,O,-81,-35,8480807
2025020423,3,991,13:29,06:31,1551,right,525,takeaway,4,O,-93,-13,8483733
2025020423,3,1022,16:08,03:52,1551,right,525,takeaway,7,O,99,19,8483500
2025020423,3,1029,16:14,03:46,1551,right,525,takeaway,4,D,76,39,8477903
2025020423,3,1054,18:40,01:20,1551,right,525,takeaway,7,D,-48,-42,8479359
2025020424,1,200,06:16,13:44,1551,left,525,takeaway,24,D,-84,23,8481563
2025020424,1,318,07:01,12:59,1551,left,525,takeaway,68,D,33,25,8483431
2025020424,2,531,02:30,17:30,1551,right,525,takeaway,68,D,-45,-40,8479619
2025020424,3,927,00:12,19:48,1541,left,525,takeaway,68,D,68,35,8479410
2025020424,3,1022,06:00,14:00,1451,left,525,takeaway,24,D,-67,2,8482803
2025020424,3,1067,09:34,10:26,1541,left,525,takeaway,24,N,-9,-8,8480068
2025020424,3,1111,12:03,07:57,1551,left,525,takeaway,68,O,-76,-30,8482175
2025020425,1,101,02:04,17:56,1551,left,525,takeaway,28,O,59,42,8482667
2025020425,1,525,17:40,02:20,1451,left,525,takeaway,15,D,96,28,8480873
2025020425,1,530,17:43,02:17,1451,left,525,takeaway,28,O,96,-27,8475726
2025020425,2,552,00:41,19:19,1551,right,525,takeaway,15,O,81,-9,8475343
2025020425,2,577,02:11,17:49,1541,right,525,takeaway,15,O,66,-41,8484186
2025020425,2,651,07:23,12:37,1551,right,525,takeaway,28,D,33,39,8482861
2025020425,2,712,11:17,08:43,1551,right,525,takeaway,15,D,-40,40,8479520
2025020425,2,735,13:14,06:46,1551,right,525,takeaway,28,D,89,21,8475906
2025020425,3,936,11:55,08:05,1451,left,525,takeaway,15,O,-52,-32,8478463
2025020425,3,965,13:11,06:49,1451,left,525,takeaway,15,D,38,-36,8481580
2025020425,3,1015,18:14,01:46,1551,left,525,takeaway,28,O,81,-37,8478874
2025020426,1,198,07:00,13:00,1551,left,525,takeaway,6,N,-21,35,8478401
2025020426,1,297,10:46,09:14,1551,left,525,takeaway,19,O,-44,-33,8478472
2025020426,1,457,15:58,04:02,1541,left,525,takeaway,6,O,31,16,8482634
2025020426,2,537,01:53,18:07,1551,right,525,takeaway,19,O,99,-10,8476892
2025020426,2,578,04:11,15:49,1551,right,525,takeaway,6,O,-80,-33,8479987
2025020426,2,679,07:28,12:32,1551,right,525,takeaway,6,D,68,-41,8476374
2025020426,2,791,16:28,03:32,1551,right,525,takeaway,19,O,97,12,8478472
2025020426,3,1100,14:30,05:30,1551,left,525,takeaway,6,N,-23,-30,8481219
2025020426,3,1153,18:23,01:37,1541,left,525,takeaway,6,D,-52,36,8477507
2025020427,1,324,10:14,09:46,1551,left,525,takeaway,9,O,79,38,8480208
2025020427,1,359,13:07,06:53,1551,left,525,takeaway,9,O,63,40,8483676
2025020427,2,573,04:06,15:54,1551,right,525,takeaway,3,N,-2,14,8482109
2025020427,2,641,09:10,10:50,1551,right,525,takeaway,9,D,72,-37,8482116
2025020427,2,703,12:29,07:31,1541,right,525,takeaway,9,N,9,-3,8482092
2025020427,3,810,00:44,19:16,1551,left,525,takeaway,3,N,5,8,8478882
2025020427,3,976,13:44,06:16,1551,left,525,takeaway,9,O,68,41,8481528
2025020427,3,989,14:59,05:01,1551,left,525,takeaway,9,O,99,-8,8480188
2025020428,1,267,06:37,13:23,1551,left,525,takeaway,14,O,85,-13,8477426
2025020428,1,318,08:19,11:41,1551,left,525,takeaway,5,D,42,20,8478438
2025020428,1,319,08:27,11:33,1551,left,525,takeaway,14,N,-20,6,8479542
2025020428,2,627,07:50,12:10,1551,right,525,takeaway,5,D,-42,-20,8471215
2025020428,2,768,12:09,07:51,1541,right,525,takeaway,14,D,82,-27,8477404
2025020428,2,777,13:26,06:34,1551,right,525,takeaway,14,O,-94,27,8482655
2025020428,2,842,19:07,00:53,1551,right,525,takeaway,5,D,-72,39,8477511
2025020428,3,1035,03:28,16:32,1451,left,525,takeaway,14,O,67,3,8477416
2025020428,3,1184,16:04,03:56,1551,left,525,takeaway,5,D,25,17,8478450
2025020429,1,223,07:03,12:57,1551,right,525,takeaway,13,O,-94,-6,8478859
2025020429,1,347,12:28,07:32,1551,right,525,takeaway,13,O,-98,3,8484304
2025020429,2,597,02:22,17:38,1551,left,525,takeaway,13,D,-85,14,8478421
2025020429,2,710,06:57,13:03,1451,left,525,takeaway,18,D,74,29,8483565
2025020429,2,828,17:27,02:33,1451,left,525,takeaway,13,D,-27,42,8482113
2025020429,2,831,17:31,02:29,1451,left,525,takeaway,18,D,41,0,8475158
2025020429,3,962,07:06,12:54,1451,right,525,takeaway,18,D,-75,-30,8475287
2025020429,3,1081,11:52,08:08,1551,right,525,takeaway,13,O,-96,-20,8482131
2025020430,1,64,00:16,19:44,1551,left,525,takeaway,21,O,-92,6,8470613
2025020430,1,356,09:49,10:11,1551,left,525,takeaway,2,O,53,-3,8478445
2025020430,1,532,18:39,01:21,1551,left,525,takeaway,2,D,-37,33,8485366
2025020430,1,533,19:47,00:13,1551,left,525,takeaway,21,O,-46,-37,8480835
2025020430,2,780,11:55,08:05,1551,right,525,takeaway,21,O,73,23,8480039
2025020430,2,827,16:23,03:37,1551,right,525,takeaway,2,N,-13,-20,8475314
2025020430,3,925,01:57,18:03,1551,left,525,takeaway,21,O,-96,25,8480448
2025020430,3,1122,17:22,02:38,0641,left,525,takeaway,21,N,-6,-15,8480069
2025020431,1,80,00:56,19:04,1551,right,525,takeaway,12,O,-31,-26,8477940
2025020431,1,86,01:34,18:26,1551,right,525,takeaway,12,D,62,-37,8478427
2025020431,1,270,10:51,09:09,1551,right,525,takeaway,10,N,-11,-39,8479442
2025020431,2,618,09:58,10:02,1551,left,525,takeaway,12,D,-34,-39,8480336
2025020431,2,626,10:31,09:29,1551,left,525,takeaway,10,D,63,-27,8482720
2025020431,2,633,10:52,09:08,1551,left,525,takeaway,10,O,-90,32,8475166
2025020431,2,751,17:42,02:18,1551,left,525,takeaway,10,D,71,20,8475171
2025020431,3,841,04:28,15:32,1551,right,525,takeaway,12,D,66,-34,8480762
2025020431,3,958,13:43,06:17,1541,right,525,takeaway,12,O,-99,-11,8478427
2025020431,3,981,15:32,04:28,1551,right,525,takeaway,12,N,7,30,8480336
2025020431,3,998,17:07,02:53,1560,right,525,takeaway,10,D,-42,40,8475166
2025020432,1,68,00:28,19:32,1551,left,525,takeaway,29,O,89,28,8480893
2025020432,1,92,00:33,19:27,1551,left,525,takeaway,17,D,29,41,8474141
2025020432,1,467,09:53,10:07,1551,left,525,takeaway,29,O,29,39,8480893
2025020432,1,302,09:54,10:06,1551,left,525,takeaway,17,D,85,37,8482762
2025020432,1,482,16:33,03:27,1551,left,525,takeaway,17,D,54,-31,8477946
2025020432,2,570,02:35,17:25,1551,right,525,takeaway,29,O,-96,-24,8477497
2025020432,2,694,11:17,08:43,1551,right,525,takeaway,29,O,-52,26,8475745
2025020432,2,762,15:36,04:24,1551,right,525,takeaway,29,O,-94,-15,8476923
2025020432,2,763,18:31,01:29,1551,right,525,takeaway,29,D,98,5,8476923
2025020432,3,847,05:33,14:27,1551,left,525,takeaway,17,N,-24,32,8477429
2025020432,3,895,08:42,11:18,1551,left,525,takeaway,17,D,27,28,8481725
2025020433,1,97,02:27,17:33,1551,right,525,takeaway,30,O,75,42,8475752
2025020433,2,512,02:46,17:14,1551,left,525,takeaway,30,D,29,38,8475752
2025020433,2,620,06:00,14:00,1551,left,525,takeaway,30,O,-38,41,8478508
2025020433,2,643,08:18,11:42,1551,left,525,takeaway,30,D,39,-39,8478493
2025020433,2,675,11:31,08:29,1551,left,525,takeaway,30,D,32,39,8478493
2025020433,2,762,17:13,02:47,1551,left,525,takeaway,20,D,-66,36,8477810
2025020433,2,774,18:25,01:35,1551,left,525,takeaway,20,D,-69,-42,8481068
2025020433,3,921,08:46,11:14,1551,right,525,takeaway,20,D,37,-30,8480860
2025020434,1,117,03:45,16:15,1551,left,525,takeaway,55,O,-98,-9,8477955
2025020434,1,133,04:33,15:27,1551,left,525,takeaway,55,D,29,-18,8484800
2025020434,1,156,06:07,13:53,1551,left,525,takeaway,22,D,-64,-28,8478233
2025020434,1,382,06:30,13:30,1551,left,525,takeaway,55,O,-46,41,8477986
2025020434,1,536,19:31,00:29,1551,left,525,takeaway,55,O,-56,-1,8477919
2025020434,2,865,19:34,00:26,1551,right,525,takeaway,22,O,-61,-29,8476454
2025020434,3,1053,11:36,08:24,1551,left,525,takeaway,22,O,52,-26,8479365
2025020434,3,1123,14:49,05:11,1551,left,525,takeaway,55,D,99,13,8476457
2025020434,3,1119,18:43,01:17,1551,left,525,takeaway,55,N,-8,41,8481789
2025020435,1,168,02:11,17:49,1551,right,525,takeaway,26,O,-85,-35,8482155
2025020435,1,289,10:28,09:32,1451,right,525,takeaway,16,D,-76,-29,8481568
2025020435,1,417,16:11,03:49,1451,right,525,takeaway,16,D,-34,-14,8481624
2025020435,1,471,19:11,00:49,1551,right,525,takeaway,16,D,-98,12,8476882
2025020435,2,666,08:38,11:22,1551,left,525,takeaway,16,D,30,32,8484144
2025020435,2,727,15:15,04:45,1551,left,525,takeaway,26,O,83,35,8482124
2025020435,2,776,17:34,02:26,1551,left,525,takeaway,16,N,8,7,8482703
2025020435,3,834,03:23,16:37,1551,right,525,takeaway,16,N,-18,24,8477987
2025020435,3,848,03:40,16:20,1551,right,525,takeaway,26,O,-66,-31,8482124
2025020435,3,933,10:29,09:31,1551,right,525,takeaway,26,N,1,-26,8479675
2025020436,1,65,00:10,19:50,1551,left,525,takeaway,54,O,-96,-21,8478396
2025020436,1,270,07:02,12:58,1551,left,525,takeaway,1,D,-70,38,8482684
2025020436,1,447,16:17,03:43,1551,left,525,takeaway,54,O,-60,-35,8478396
2025020436,2,500,00:52,19:08,1551,right,525,takeaway,1,D,43,-40,8475455
2025020436,2,613,05:41,14:19,1551,right,525,takeaway,1,N,-1,30,8478841
2025020436,2,707,13:29,06:31,1551,right,525,takeaway,1,D,41,37,8476462
2025020436,3,816,01:41,18:19,1551,left,525,takeaway,54,D,82,-36,8477018
2025020436,3,822,01:43,18:17,1551,left,525,takeaway,1,O,95,-25,8481721
2025020436,3,866,05:23,14:37,1551,left,525,takeaway,1,O,44,7,8479996
2025020436,3,874,05:55,14:05,1551,left,525,takeaway,1,D,-39,41,8482684
2025020436,3,923,08:53,11:07,1551,left,525,takeaway,54,O,-89,31,8477964
2025020436,3,931,09:16,10:44,1551,left,525,takeaway,54,D,75,39,8478403
2025020437,1,388,15:01,04:59,1551,right,525,takeaway,7,O,99,0,8477949
2025020437,1,536,19:50,00:10,1551,right,525,takeaway,52,O,-94,17,8480014
2025020437,2,552,00:08,19:52,1551,left,525,takeaway,52,O,89,28,8480049
2025020437,2,595,02:37,17:23,1551,left,525,takeaway,7,O,-29,27,8479359
2025020437,2,667,09:58,10:02,1551,left,525,takeaway,7,O,-63,14,8479359
2025020437,2,694,10:55,09:05,1551,left,525,takeaway,7,D,31,16,8482659
2025020437,3,904,08:50,11:10,1551,right,525,takeaway,7,D,-54,-31,8477949
2025020437,3,1001,16:33,03:27,1551,right,525,takeaway,7,D,-33,-40,8482659
2025020438,1,98,02:39,17:21,1551,right,525,takeaway,28,O,50,26,8478874
2025020438,1,210,07:13,12:47,1551,right,525,takeaway,28,D,-44,40,8475200
2025020438,1,264,11:45,08:15,1551,right,525,takeaway,28,D,-54,12,8484806
2025020438,1,289,13:09,06:51,1451,right,525,takeaway,25,N,15,-37,8480036
2025020438,2,624,08:41,11:19,1551,left,525,takeaway,28,O,-25,-26,8476624
2025020438,2,649,11:04,08:56,1551,left,525,takeaway,25,O,99,3,8480950
2025020438,2,668,12:25,07:35,1551,left,525,takeaway,28,D,54,21,8484911
2025020438,2,722,17:00,03:00,1551,left,525,takeaway,28,O,-96,-11,8484801
2025020438,3,848,06:41,13:19,1551,right,525,takeaway,25,N,6,40,8482145
2025020438,3,921,12:38,07:22,1551,right,525,takeaway,25,O,-51,38,8484829
2025020438,3,939,13:49,06:11,1551,right,525,takeaway,25,D,66,42,8476278
2025020438,3,998,18:49,01:11,1551,right,525,takeaway,25,O,-36,12,8479414
2025020439,1,703,04:00,16:00,1551,right,525,takeaway,23,D,52,-38,8480748
2025020439,1,704,05:13,14:47,1551,right,525,takeaway,23,O,-34,-39,8480012
2025020439,1,831,09:42,10:18,1551,right,525,takeaway,23,D,84,-36,8478444
2025020439,1,850,10:40,09:20,1551,right,525,takeaway,68,O,53,-33,8477951
2025020439,1,855,12:55,07:05,1551,right,525,takeaway,23,O,-31,19,8481024
2025020439,1,856,14:03,05:57,1551,right,525,takeaway,68,D,-95,25,8477951
2025020439,1,857,14:04,05:56,1551,right,525,takeaway,23,O,-92,30,8478856
2025020439,2,733,11:52,08:08,1451,left,525,takeaway,68,D,56,-39,8480855
2025020439,2,806,12:53,07:07,1551,left,525,takeaway,68,D,63,-41,8479977
2025020439,2,819,13:33,06:27,1551,left,525,takeaway,23,D,-96,-13,8481024
2025020439,3,1006,07:20,12:40,1551,right,525,takeaway,68,D,-97,11,8479619
2025020439,3,1138,19:40,00:20,1451,right,525,takeaway,68,D,-29,28,8477951
2025020440,1,281,12:36,07:24,1541,left,525,takeaway,15,O,-91,-30,8479345
2025020440,2,608,14:18,05:42,1551,right,525,takeaway,24,N,2,-21,8481605
2025020440,2,634,15:53,04:07,1551,right,525,takeaway,15,O,37,-40,8478911
2025020440,2,722,18:03,01:57,1551,right,525,takeaway,24,N,1,-40,8482803
2025020440,2,726,18:36,01:24,1551,right,525,takeaway,15,O,68,14,8479345
2025020440,3,784,03:11,16:49,1551,left,525,takeaway,24,D,-50,-20,8478873
2025020440,3,807,05:03,14:57,1551,left,525,takeaway,24,O,96,-23,8473986
2025020440,3,841,07:28,12:32,1551,left,525,takeaway,24,O,35,-33,8478873
2025020440,4,1008,02:03,02:57,1331,right,525,takeaway,24,D,33,30,8483445
2025020440,4,1015,02:34,02:26,1331,right,525,takeaway,24,O,-64,40,8484762
2025020440,4,1018,02:36,02:24,1331,right,525,takeaway,15,D,-49,1,8476880
2025020441,1,215,07:10,12:50,1551,right,525,takeaway,21,D,-71,5,8480069
2025020441,1,398,13:15,06:45,1551,right,525,takeaway,21,O,69,35,8481641
2025020441,1,526,18:42,01:18,1551,right,525,takeaway,21,D,-80,33,8479525
2025020441,2,693,10:34,09:26,1551,left,525,takeaway,3,N,-21,-39,8482073
2025020441,3,975,13:21,06:39,1551,right,525,takeaway,3,O,-26,41,8482109
2025020441,3,1019,16:01,03:59,1551,right,525,takeaway,21,N,19,-38,8480835
2025020441,3,1034,16:19,03:41,1551,right,525,takeaway,3,D,31,16,8478882
2025020442,1,115,03:14,16:46,1551,right,525,takeaway,29,N,13,-36,8480893
2025020442,1,134,04:05,15:55,1551,right,525,takeaway,13,N,-6,-22,8477409
2025020442,1,183,07:43,12:17,1551,right,525,takeaway,13,N,-20,21,8473419
2025020442,1,185,07:44,12:16,1551,right,525,takeaway,29,N,-17,40,8474090
2025020442,1,486,18:53,01:07,1551,right,525,takeaway,13,D,33,7,8478055
2025020442,2,514,01:43,18:17,1551,left,525,takeaway,29,D,37,33,8477497
2025020442,2,556,04:34,15:26,1551,left,525,takeaway,29,N,-10,17,8482660
2025020442,2,708,11:43,08:17,1451,left,525,takeaway,13,O,69,39,8477409
2025020442,3,934,06:00,14:00,1551,right,525,takeaway,29,D,-32,25,8475745
2025020443,1,99,01:22,18:38,1551,left,525,takeaway,6,N,-9,9,8482634
2025020443,1,289,10:56,09:04,1551,left,525,takeaway,6,O,38,-41,8478401
2025020443,1,383,14:10,05:50,1551,left,525,takeaway,1,D,28,4,8476474
2025020443,1,398,15:35,04:25,1551,left,525,takeaway,1,D,26,-22,8483495
2025020443,1,433,19:55,00:05,1551,left,525,takeaway,1,D,37,-1,8478399
2025020443,2,582,04:13,15:47,1551,right,525,takeaway,6,D,98,16,8476854
2025020443,2,578,04:19,15:41,1551,right,525,takeaway,1,O,82,-22,8477015
2025020443,2,723,13:20,06:40,1551,right,525,takeaway,6,D,41,-6,8480355
2025020443,3,902,06:58,13:02,1551,left,525,takeaway,6,O,28,38,8478401
2025020444,1,464,14:47,05:13,1551,right,525,takeaway,10,O,-29,12,8482259
2025020444,1,507,17:00,03:00,1551,right,525,takeaway,8,O,97,10,8482964
2025020444,2,611,03:44,16:16,1551,left,525,takeaway,10,D,-73,-14,8476931
2025020444,2,662,07:28,12:32,1551,left,525,takeaway,8,O,-78,-21,8482737
2025020444,2,716,11:15,08:45,1551,left,525,takeaway,10,D,-43,0,8477939
2025020444,3,857,00:44,19:16,1551,right,525,takeaway,10,D,29,2,8478462
2025020444,3,921,04:36,15:24,1551,right,525,takeaway,8,D,-36,-37,8480865
2025020444,3,970,09:20,10:40,1541,right,525,takeaway,10,D,45,-20,8478904
2025020445,1,164,07:09,12:51,1451,left,525,takeaway,9,O,93,-6,8482105
2025020445,1,338,11:58,08:02,1451,left,525,takeaway,19,D,47,-14,8480459
2025020445,2,547,03:07,16:53,1551,right,525,takeaway,9,D,81,32,8482245
2025020445,2,608,03:43,16:17,1551,right,525,takeaway,9,D,43,-38,8482095
2025020445,2,657,08:09,11:51,1551,right,525,takeaway,9,O,-99,-2,8478020
2025020445,2,682,09:47,10:13,1551,right,525,takeaway,9,D,98,-4,8482105
2025020445,3,1118,15:48,04:12,1551,left,525,takeaway,9,O,75,40,8481528
2025020445,3,1133,18:00,02:00,1551,left,525,takeaway,9,O,89,-19,8482116
2025020446,1,86,01:44,18:16,1551,left,525,takeaway,14,N,-1,1,8476826
2025020446,1,189,07:58,12:02,1551,left,525,takeaway,14,O,98,-2,8476826
2025020446,1,315,09:16,10:44,1551,left,525,takeaway,14,O,34,37,8477404
2025020446,1,310,13:48,06:12,1551,left,525,takeaway,2,N,-12,14,8485366
2025020446,1,311,14:45,05:15,1551,left,525,takeaway,14,O,39,-38,8483752
2025020446,3,760,05:06,14:54,1551,left,525,takeaway,14,N,-22,-30,8477416
2025020446,3,830,10:57,09:03,1541,left,525,takeaway,2,O,-70,-42,8478445
2025020446,3,883,15:30,04:30,1551,left,525,takeaway,14,N,-23,23,8481719
2025020446,3,888,15:45,04:15,1551,left,525,takeaway,14,O,68,-38,8479542
2025020447,1,79,00:19,19:41,1551,right,525,takeaway,12,O,-85,-36,8482093
2025020447,1,136,04:00,16:00,1551,right,525,takeaway,12,O,-97,-3,8482911
2025020447,1,550,19:15,00:45,1551,right,525,takeaway,18,D,-30,14,8474600
2025020447,2,643,04:40,15:20,1551,left,525,takeaway,18,D,99,17,8482482
2025020447,2,657,06:40,13:20,1551,left,525,takeaway,18,O,-49,-41,8475158
2025020447,2,829,18:47,01:13,1551,left,525,takeaway,12,O,80,-34,8478427
2025020447,2,834,18:50,01:10,1551,left,525,takeaway,18,D,37,-31,8476887
2025020447,3,855,00:39,19:21,1451,right,525,takeaway,18,D,-67,39,8476869
2025020447,3,1052,09:36,10:24,1551,right,525,takeaway,12,D,94,-21,8476906
2025020447,3,1099,13:05,06:55,1551,right,525,takeaway,12,O,-43,-1,8476921
2025020448,1,102,02:48,17:12,1551,right,525,takeaway,20,D,65,-36,8483609
2025020448,1,322,10:57,09:03,1551,right,525,takeaway,68,N,-9,-18,8483472
2025020448,1,455,18:07,01:53,1551,right,525,takeaway,20,O,-77,-27,8481556
2025020448,2,619,05:51,14:09,1551,left,525,takeaway,68,N,-11,34,8483472
2025020448,2,709,11:47,08:13,1551,left,525,takeaway,68,O,-70,41,8478474
2025020448,2,726,12:42,07:18,1551,left,525,takeaway,20,D,-67,-30,8477346
2025020448,3,880,03:12,16:48,1551,right,525,takeaway,20,D,91,-5,8477810
2025020448,3,913,05:04,14:56,1551,right,525,takeaway,20,N,-9,18,8479066
2025020448,3,987,11:21,08:39,1551,right,525,takeaway,20,D,30,1,8480797
2025020448,3,1027,14:41,05:19,1551,right,525,takeaway,68,O,94,27,8478507
2025020448,3,1044,15:50,04:10,1551,right,525,takeaway,20,O,-99,-15,8477346
2025020448,3,1073,17:41,02:19,0651,right,525,takeaway,20,D,40,0,8478397
2025020449,1,331,11:39,08:21,1551,right,525,takeaway,26,N,0,25,8477942
2025020449,1,463,18:33,01:27,1551,right,525,takeaway,16,N,22,35,8477479
2025020449,2,559,05:01,14:59,1551,left,525,takeaway,26,N,21,10,8482124
2025020449,2,652,08:06,11:54,1451,left,525,takeaway,16,D,81,-21,8482176
2025020449,2,690,11:59,08:01,1541,left,525,takeaway,26,D,-26,13,8479675
2025020449,2,763,16:50,03:10,1551,left,525,takeaway,26,O,98,17,8476469
2025020449,3,839,03:39,16:21,1551,right,525,takeaway,16,N,1,-41,8483450
2025020449,3,863,05:11,14:49,1551,right,525,takeaway,26,O,-81,-33,8476469
2025020449,3,926,10:12,09:48,1551,right,525,takeaway,16,N,-5,34,8476891
2025020449,3,977,15:30,04:30,1551,right,525,takeaway,26,D,88,34,8476469
2025020449,3,999,18:13,01:47,1551,right,525,takeaway,16,O,76,42,8483450
2025020449,3,1004,18:27,01:33,1551,right,525,takeaway,26,O,-38,-13,8481532
2025020450,1,61,00:13,19:47,1551,left,525,takeaway,52,N,15,-24,8480049
2025020450,1,73,00:24,19:36,1551,left,525,takeaway,52,O,-92,30,8480049
2025020450,2,599,12:43,07:17,1551,right,525,takeaway,52,O,97,2,8476331
2025020450,2,640,14:11,05:49,1551,right,525,takeaway,22,O,-45,41,8478402
2025020450,3,949,11:37,08:23,1441,left,525,takeaway,22,O,87,31,8478402
2025020450,3,1001,17:53,02:07,1551,left,525,takeaway,52,N,-5,40,8480014
2025020450,3,1007,19:24,00:36,1551,left,525,takeaway,52,O,-89,-35,8480049
2025020451,1,164,04:10,15:50,1551,right,525,takeaway,30,O,48,18,8477451
2025020451,1,477,16:23,03:37,1551,right,525,takeaway,30,D,-59,-38,8482122
2025020451,1,498,18:57,01:03,1551,right,525,takeaway,23,O,-85,31,8480800
2025020451,2,635,08:07,11:53,1551,left,525,takeaway,30,O,-99,0,8476463
2025020451,2,702,13:55,06:05,1551,left,525,takeaway,30,O,-28,26,8474567
2025020451,2,721,15:07,04:53,1551,left,525,takeaway,23,D,-42,38,8475169
2025020451,2,763,18:49,01:11,1551,left,525,takeaway,23,D,-42,36,8484136
2025020451,3,1050,19:40,00:20,1451,right,525,takeaway,23,O,-77,21,8480800
2025020452,1,82,02:15,17:45,1551,left,525,takeaway,55,N,-18,-14,8478975
2025020452,1,105,03:38,16:22,1551,left,525,takeaway,17,N,2,20,8480879
2025020452,2,806,13:29,06:31,1551,right,525,takeaway,55,O,-68,40,8477986
2025020452,2,839,15:58,04:02,1451,right,525,takeaway,17,D,-97,-18,8480879
2025020452,2,852,16:44,03:16,1451,right,525,takeaway,55,O,-80,-38,8478407
2025020452,2,891,19:56,00:04,1551,right,525,takeaway,55,O,-87,-32,8478407
2025020452,3,913,00:47,19:13,1441,left,525,takeaway,17,D,88,25,8481542
2025020452,3,947,02:50,17:10,1551,left,525,takeaway,17,O,-94,-21,8479992
2025020452,3,980,06:08,13:52,1551,left,525,takeaway,17,D,39,42,8475279
2025020452,3,1017,08:41,11:19,1551,left,525,takeaway,55,D,-33,-9,8484800
2025020452,3,1032,10:17,09:43,1551,left,525,takeaway,17,O,-96,-9,8482078
2025020452,3,1076,13:59,06:01,1551,left,525,takeaway,55,N,-14,-35,8477986
2025020452,3,1151,19:38,00:22,1560,left,525,takeaway,17,D,67,19,8474037
2025020453,1,169,07:02,12:58,1551,right,525,takeaway,4,O,-37,-39,8480220
2025020453,1,180,07:31,12:29,1551,right,525,takeaway,4,D,73,34,8481533
2025020453,1,191,08:04,11:56,1551,right,525,takeaway,21,D,-57,42,8479398
2025020453,1,220,09:54,10:06,1551,right,525,takeaway,4,D,32,-38,8480220
2025020453,1,255,12:58,07:02,1551,right,525,takeaway,4,N,-11,23,8483733
2025020453,2,648,08:53,11:07,1551,left,525,takeaway,21,O,-99,-15,8480039
2025020453,2,659,09:18,10:42,1551,left,525,takeaway,21,N,9,-3,8480069
2025020453,2,700,15:02,04:58,1541,left,525,takeaway,4,D,-44,29,8477903
2025020453,3,934,10:48,09:12,1551,right,525,takeaway,4,O,-67,-39,8481533
2025020453,3,959,12:48,07:12,1551,right,525,takeaway,21,O,94,-29,8484258
2025020453,3,1020,17:48,02:12,1551,right,525,takeaway,4,D,58,36,8484387
2025020453,3,1036,19:18,00:42,1560,right,525,takeaway,21,D,-26,18,8480448
2025020454,1,606,07:52,12:08,1551,right,525,takeaway,13,O,-46,22,8480185
2025020454,1,367,14:46,05:14,1551,right,525,takeaway,13,O,-54,42,8477935
2025020454,1,418,19:35,00:25,1551,right,525,takeaway,2,O,73,42,8485702
2025020454,2,432,00:31,19:29,1551,left,525,takeaway,2,O,-95,-15,8478445
2025020454,2,582,03:30,16:30,1451,left,525,takeaway,13,O,41,37,8477495
2025020454,2,645,08:14,11:46,1551,left,525,takeaway,2,D,73,-41,8476917
2025020454,2,774,18:59,01:01,1551,left,525,takeaway,13,O,95,16,8478859
2025020454,3,791,00:25,19:35,1551,right,525,takeaway,2,N,20,-21,8478445
2025020454,3,867,05:47,14:13,1551,right,525,takeaway,13,D,29,39,8482713
2025020454,3,914,09:45,10:15,1551,right,525,takeaway,13,O,-66,-41,8478055
2025020455,1,198,09:50,10:10,1551,right,525,takeaway,12,N,12,41,8480336
2025020455,1,303,10:32,09:28,1551,right,525,takeaway,28,D,-66,-41,8484227
2025020455,1,331,12:24,07:36,1551,right,525,takeaway,12,D,34,-2,8476906
2025020455,1,423,15:21,04:39,1551,right,525,takeaway,12,O,-68,35,8478427
2025020455,1,440,17:10,02:50,1551,right,525,takeaway,28,O,74,4,8480848
2025020455,2,648,13:55,06:05,1551,left,525,takeaway,12,O,76,34,8477940
2025020455,3,804,01:21,18:39,1551,right,525,takeaway,12,D,48,30,8482100
2025020455,3,825,02:25,17:35,1551,right,525,takeaway,12,D,84,-21,8480817
2025020455,3,899,09:35,10:25,1551,right,525,takeaway,28,D,-27,40,8479983
2025020455,3,994,15:42,04:18,1551,right,525,takeaway,28,D,-90,33,8484801
2025020456,1,98,02:47,17:13,1551,right,525,takeaway,5,O,45,-34,8478569
2025020456,1,142,06:12,13:48,1551,right,525,takeaway,25,N,0,-24,8475168
2025020456,1,284,10:57,09:03,1551,right,525,takeaway,5,O,33,-36,8475763
2025020456,2,616,08:02,11:58,1551,left,525,takeaway,5,O,-53,-27,8478438
2025020456,2,638,10:12,09:48,1541,left,525,takeaway,25,D,-32,-32,8480840
2025020456,3,968,10:58,09:02,1551,right,525,takeaway,5,N,-22,-28,8479638
2025020456,3,995,12:02,07:58,1551,right,525,takeaway,25,N,24,-41,8475755
2025020456,3,1057,16:24,03:36,1551,right,525,takeaway,5,D,-49,-30,8471724
2025020456,4,1114,00:56,04:04,1331,left,525,takeaway,25,D,-67,-13,8482740
2025020456,4,1136,02:52,02:08,1331,left,525,takeaway,25,D,-51,-3,8476902
2025020457,1,292,12:52,07:08,1551,right,525,takeaway,8,D,58,40,8478133
2025020457,1,367,14:05,05:55,1551,right,525,takeaway,19,O,97,-15,8477402
2025020457,1,390,15:43,04:17,1551,right,525,takeaway,19,N,21,38,8479644
2025020457,1,395,16:23,03:37,1551,right,525,takeaway,8,D,39,-40,8483457
2025020457,2,537,01:34,18:26,1551,left,525,takeaway,19,D,76,-38,8480459
2025020457,3,881,10:16,09:44,1551,right,525,takeaway,19,D,-85,25,8481598
2025020457,3,899,10:49,09:11,1551,right,525,takeaway,19,D,-85,-36,8475753
2025020458,1,60,00:10,19:50,1551,right,525,takeaway,54,O,97,21,8479353
2025020458,2,514,03:14,16:46,1551,left,525,takeaway,54,N,20,2,8477018
2025020458,2,602,09:17,10:43,1551,left,525,takeaway,3,O,47,-41,8478840
2025020458,3,770,01:35,18:25,1551,right,525,takeaway,3,O,-88,36,8476459
2025020458,3,775,02:02,17:58,1551,right,525,takeaway,54,D,-47,-39,8477447
2025020458,3,781,02:17,17:43,1551,right,525,takeaway,54,D,-51,-26,8477447
2025020458,3,872,07:34,12:26,1551,right,525,takeaway,3,D,29,0,8477839
2025020458,3,874,08:36,11:24,1551,right,525,takeaway,54,N,1,19,8478396
2025020458,3,901,09:52,10:08,1551,right,525,takeaway,54,O,74,22,8481527
2025020458,3,950,14:01,05:59,1551,right,525,takeaway,54,O,74,27,8475188
2025020459,1,191,09:32,10:28,1551,right,525,takeaway,15,D,82,26,8479345
2025020459,1,347,17:44,02:16,1551,right,525,takeaway,29,O,27,-39,8484166
2025020459,2,561,02:58,17:02,1551,left,525,takeaway,15,D,-70,-21,8480873
2025020459,2,606,06:12,13:48,1451,left,525,takeaway,29,D,28,6,8478460
2025020459,2,629,07:59,12:01,1551,left,525,takeaway,29,D,43,-33,8474090
2025020459,2,650,10:06,09:54,1551,left,525,takeaway,29,N,11,39,8483485
2025020459,2,709,14:27,05:33,1451,left,525,takeaway,29,D,34,-39,8482705
2025020459,3,959,13:04,06:56,1541,right,525,takeaway,15,D,40,36,8481656
2025020459,3,1010,17:28,02:32,0651,right,525,takeaway,15,D,94,29,8482088
2025020460,1,107,03:13,16:47,1551,left,525,takeaway,16,D,55,-40,8482176
2025020460,1,396,17:24,02:36,1551,left,525,takeaway,24,D,-43,-5,8477527
2025020460,1,397,18:18,01:42,1451,left,525,takeaway,24,O,36,-42,8482803
2025020460,2,806,18:36,01:24,1551,right,525,takeaway,24,O,-69,-36,8476458
2025020460,3,846,01:28,18:32,1551,left,525,takeaway,16,N,-24,36,8483493
2025020460,3,879,02:14,17:46,1551,left,525,takeaway,16,D,78,25,8481806
2025020460,3,950,08:10,11:50,1551,left,525,takeaway,24,D,-40,-20,8476885
2025020460,3,994,13:18,06:42,1451,left,525,takeaway,16,D,50,31,8476882
2025020460,3,1041,16:53,03:07,1551,left,525,takeaway,16,N,-4,22,8484197
2025020461,1,231,07:50,12:10,1551,right,525,takeaway,14,O,84,20,8479542
2025020461,1,342,12:27,07:33,1551,right,525,takeaway,14,D,-80,-37,8479542
2025020461,1,478,17:56,02:04,1551,right,525,takeaway,10,D,89,-23,8475171
2025020461,1,465,18:28,01:32,1551,right,525,takeaway,10,D,32,-40,8476931
2025020461,2,708,13:02,06:58,1551,left,525,takeaway,14,D,29,-37,8480995
2025020461,2,759,16:17,03:43,1551,left,525,takeaway,10,D,-93,-18,8479442
2025020461,2,763,17:34,02:26,1551,left,525,takeaway,10,O,95,-16,8476872
2025020461,3,843,03:34,16:26,1551,right,525,takeaway,10,N,6,6,8479442
2025020461,3,891,07:56,12:04,1551,right,525,takeaway,10,O,-29,-39,8475171
2025020461,3,947,11:56,08:04,1551,right,525,takeaway,10,N,-16,37,8482720
2025020461,3,1073,17:22,02:38,1551,right,525,takeaway,14,D,-79,27,8477404
2025020461,3,1099,19:30,00:30,0651,right,525,takeaway,10,D,41,39,8475166
2025020462,1,166,03:23,16:37,1541,left,525,takeaway,68,D,-81,16,8477220
2025020462,1,474,19:08,00:52,1451,left,525,takeaway,68,D,-27,27,8479410
2025020462,2,510,01:12,18:48,1551,right,525,takeaway,68,O,-86,25,8479619
2025020462,2,537,03:35,16:25,1551,right,525,takeaway,26,D,-93,1,8477998
2025020462,2,608,09:45,10:15,1551,right,525,takeaway,68,D,47,40,8477951
2025020462,2,688,15:41,04:19,1551,right,525,takeaway,68,D,57,40,8477951
2025020462,3,1016,15:18,04:42,1551,left,525,takeaway,26,O,-35,13,8477942
2025020463,1,165,06:32,13:28,1551,right,525,takeaway,20,D,31,-38,8477810
2025020463,1,182,07:04,12:56,1551,right,525,takeaway,20,N,-20,27,8483609
2025020463,1,375,13:48,06:12,1451,right,525,takeaway,7,D,-58,24,8481524
2025020463,2,485,01:47,18:13,1551,left,525,takeaway,20,D,-42,-35,8480797
2025020463,2,649,09:46,10:14,1551,left,525,takeaway,7,O,-99,12,8482896
2025020463,2,714,13:55,06:05,1551,left,525,takeaway,7,N,-1,20,8482671
2025020463,3,827,03:58,16:02,1551,right,525,takeaway,7,O,88,33,8480802
2025020463,3,1055,18:27,01:33,1551,right,525,takeaway,20,O,-97,-20,8476399
2025020464,1,204,04:13,15:47,1551,right,525,takeaway,17,D,-45,-27,8479337
2025020464,1,291,08:11,11:49,1551,right,525,takeaway,23,O,-29,35,8483395
2025020464,2,1121,11:34,08:26,1551,left,525,takeaway,23,D,-75,39,8483678
2025020464,2,795,12:27,07:33,1551,left,525,takeaway,23,D,-64,26,8479425
2025020464,2,813,15:03,04:57,1551,left,525,takeaway,17,O,-28,33,8479337
2025020464,3,967,05:02,14:58,1551,right,525,takeaway,17,D,-77,-39,8477429
2025020464,3,1054,14:28,05:32,1551,right,525,takeaway,17,D,-89,-3,8479337
2025020464,3,1120,19:06,00:54,1441,right,525,takeaway,17,N,-18,-1,8479992
2025020465,1,221,07:53,12:07,1551,left,525,takeaway,55,D,-82,-27,8474586
2025020465,2,614,05:04,14:56,1551,right,525,takeaway,30,N,23,13,8478864
2025020465,2,700,11:12,08:48,1551,right,525,takeaway,30,D,-41,-30,8482122
2025020465,2,779,14:18,05:42,1451,right,525,takeaway,55,D,55,20,8476905
2025020465,3,838,00:44,19:16,1551,left,525,takeaway,30,O,-56,-42,8475765
2025020465,3,923,07:31,12:29,1551,left,525,takeaway,30,D,32,-38,8484798
2025020465,3,935,07:47,12:13,1551,left,525,takeaway,55,N,11,29,8476905
2025020465,3,1069,14:59,05:01,1551,left,525,takeaway,30,D,82,21,8482122
2025020465,3,1073,15:16,04:44,1551,left,525,takeaway,30,O,-97,-2,8478864
2025020465,3,1074,16:24,03:36,1551,left,525,takeaway,55,N,10,-41,8476905
2025020465,3,1078,19:23,00:37,1551,left,525,takeaway,30,D,60,-41,8478508
2025020466,1,118,02:50,17:10,1551,right,525,takeaway,14,O,30,-35,8477426
2025020466,1,228,07:16,12:44,1551,right,525,takeaway,14,N,-6,39,8482655
2025020466,1,304,09:26,10:34,1551,right,525,takeaway,8,D,71,-28,8476875
2025020466,1,357,13:30,06:30,1551,right,525,takeaway,8,O,-35,-35,8482737
2025020466,2,462,02:15,17:45,1551,left,525,takeaway,8,D,-58,-28,8478851
2025020466,3,936,10:17,09:43,1551,right,525,takeaway,14,O,99,-14,8480876
2025020466,3,942,10:41,09:19,1551,right,525,takeaway,14,N,20,-37,8482655
2025020467,1,75,00:55,19:05,1451,left,525,takeaway,1,N,16,22,8480002
2025020467,2,510,01:16,18:44,1551,right,525,takeaway,9,O,-29,5,8480801
2025020467,2,554,03:49,16:11,1441,right,525,takeaway,1,D,-52,41,8478399
2025020467,2,557,04:16,15:44,1441,right,525,takeaway,1,N,16,20,8481032
2025020467,2,690,10:29,09:31,1451,right,525,takeaway,1,D,-84,-37,8477015
2025020467,3,941,09:03,10:57,1551,left,525,takeaway,9,O,77,-41,8481528
2025020467,3,1040,15:37,04:23,1551,left,525,takeaway,1,D,85,36,8482110
2025020468,1,131,03:11,16:49,1551,left,525,takeaway,2,O,38,-4,8476917
2025020468,1,248,07:18,12:42,1551,left,525,takeaway,54,D,78,-40,8475188
2025020468,2,533,00:17,19:43,1441,right,525,takeaway,54,O,71,-18,8478483
2025020468,2,560,03:02,16:58,1451,right,525,takeaway,2,N,18,-14,8485366
2025020468,2,586,05:18,14:42,1551,right,525,takeaway,2,O,-59,37,8477950
2025020468,2,608,06:34,13:26,1551,right,525,takeaway,54,D,-77,30,8475188
2025020468,2,759,18:15,01:45,1551,right,525,takeaway,2,N,23,-41,8485366
2025020468,3,809,02:09,17:51,1551,left,525,takeaway,54,O,-66,-29,8475191
2025020468,3,842,04:00,16:00,1551,left,525,takeaway,54,D,55,38,8475913
2025020468,3,858,04:46,15:14,1551,left,525,takeaway,2,N,2,38,8485366
2025020468,3,906,09:36,10:24,1451,left,525,takeaway,2,O,87,-24,8485366
2025020468,3,948,12:38,07:22,1551,left,525,takeaway,2,O,30,10,8475231
2025020468,3,1043,16:58,03:02,1551,left,525,takeaway,54,D,28,22,8477447
2025020468,4,1116,03:35,01:25,1331,right,525,takeaway,2,N,21,-27,8481601
2025020469,1,173,03:40,16:20,1551,right,525,takeaway,28,D,-75,35,8475200
2025020469,2,656,14:02,05:58,1551,left,525,takeaway,28,D,52,-30,8478874
2025020469,3,768,03:07,16:53,1551,right,525,takeaway,4,O,-98,2,8477903
2025020469,3,816,06:03,13:57,1551,right,525,takeaway,28,N,10,38,8484801
2025020469,3,845,08:27,11:33,1551,right,525,takeaway,4,N,-17,17,8477948
2025020469,3,857,08:56,11:04,1551,right,525,takeaway,4,O,-83,22,8481553
2025020469,3,979,19:30,00:30,1551,right,525,takeaway,4,O,-84,25,8480220
2025020470,1,258,06:43,13:17,1551,left,525,takeaway,5,D,-50,31,8478438
2025020470,1,274,07:35,12:25,1551,left,525,takeaway,24,N,-16,30,8475184
2025020470,1,316,10:57,09:03,1551,left,525,takeaway,24,N,-10,25,8475462
2025020470,1,342,12:49,07:11,1551,left,525,takeaway,5,O,33,-38,8478046
2025020470,1,344,12:59,07:01,1551,left,525,takeaway,24,D,74,-40,8477527
2025020470,1,471,15:25,04:35,1551,left,525,takeaway,5,O,99,-4,8477365
2025020470,2,748,13:19,06:41,1551,right,525,takeaway,5,O,-59,-4,8477511
2025020470,2,876,19:57,00:03,1551,right,525,takeaway,5,O,-86,10,8477365
2025020470,3,886,00:08,19:52,1551,left,525,takeaway,5,O,64,21,8471675
2025020470,3,896,00:37,19:23,1551,left,525,takeaway,24,O,-96,6,8482745
2025020470,3,1021,10:51,09:09,1551,left,525,takeaway,24,O,-37,35,8483445
2025020470,3,1060,13:22,06:38,1551,left,525,takeaway,24,O,-35,19,8481563
2025020470,3,1074,15:11,04:49,1551,left,525,takeaway,5,D,-63,-28,8477365
2025020470,3,1118,18:12,01:48,0651,left,525,takeaway,5,D,-83,39,8471724
2025020470,3,1121,18:39,01:21,0651,left,525,takeaway,24,D,99,0,8482745
2025020470,3,1125,18:58,01:02,0651,left,525,takeaway,5,D,-87,31,8478450
2025020471,1,160,03:27,16:33,1551,right,525,takeaway,12,O,-84,-35,8477478
2025020471,1,174,04:18,15:42,1551,right,525,takeaway,12,O,-28,4,8480817
2025020471,1,269,07:29,12:31,1451,right,525,takeaway,29,D,-82,38,8477425
2025020471,1,319,11:23,08:37,1551,right,525,takeaway,29,O,25,-41,8477425
2025020471,1,476,19:36,00:24,1551,right,525,takeaway,29,N,-10,-30,8484166
2025020471,2,636,08:20,11:40,1551,left,525,takeaway,12,O,94,-23,8480762
2025020471,2,676,12:27,07:33,1551,left,525,takeaway,29,O,-76,38,8480893
2025020471,2,725,16:35,03:25,1551,left,525,takeaway,12,D,-32,-1,8477478
2025020471,2,750,17:50,02:10,1551,left,525,takeaway,12,O,58,8,8482093
2025020471,3,831,03:20,16:40,1551,right,525,takeaway,29,N,-23,-28,8482660
2025020471,3,835,03:24,16:36,1551,right,525,takeaway,12,D,42,38,8478970
2025020471,3,917,10:31,09:29,1451,right,525,takeaway,12,D,62,20,8482809
2025020471,3,985,15:05,04:55,1551,right,525,takeaway,29,D,-89,-35,8478460
2025020471,3,1004,17:30,02:30,0651,right,525,takeaway,12,N,0,12,8477478
2025020472,1,162,04:19,15:41,1451,left,525,takeaway,6,D,32,33,8480355
2025020472,1,227,07:15,12:45,1441,left,525,takeaway,6,D,97,19,8482511
2025020472,1,423,15:01,04:59,1551,left,525,takeaway,6,O,-65,40,8480355
2025020472,1,565,17:52,02:08,1551,left,525,takeaway,19,O,84,-25,8479644
2025020472,1,564,18:10,01:50,1551,left,525,takeaway,6,D,78,-40,8477507
2025020472,2,621,03:34,16:26,1551,right,525,takeaway,6,O,98,12,8477507
2025020472,2,813,15:10,04:50,1551,right,525,takeaway,6,O,73,-22,8483489
2025020472,2,815,16:28,03:32,1551,right,525,takeaway,6,D,-63,33,8481599
2025020472,2,820,19:15,00:45,1551,right,525,takeaway,6,D,-40,-40,8476374
2025020472,3,903,04:48,15:12,1551,left,525,takeaway,19,O,99,11,8477402
2025020472,3,1009,08:03,11:57,1551,left,525,takeaway,6,N,-12,6,8477956
2025020472,3,1069,15:27,04:33,1551,left,525,takeaway,6,D,44,-41,8477507
2025020472,3,1093,18:14,01:46,1560,left,525,takeaway,6,O,-56,40,8477956
2025020472,3,1094,19:49,00:11,1551,left,525,takeaway,6,N,-5,40,8482177
2025020473,1,57,00:05,19:55,1551,right,525,takeaway,25,N,-2,17,8476902
2025020473,1,124,04:46,15:14,1551,right,525,takeaway,25,D,-55,-18,8480878
2025020473,1,207,06:24,13:36,1551,right,525,takeaway,52,O,-96,26,8480289
2025020473,1,217,07:01,12:59,1551,right,525,takeaway,52,O,-69,-35,8476460
2025020473,2,589,02:49,17:11,1551,left,525,takeaway,25,D,93,32,8482145
2025020473,2,592,03:06,16:54,1551,left,525,takeaway,52,D,-90,8,8474568
2025020473,2,675,10:44,09:16,1551,left,525,takeaway,25,O,-73,-32,8480878
2025020473,2,683,11:28,08:32,1551,left,525,takeaway,52,O,54,-40,8476331
2025020473,2,693,11:59,08:01,1551,left,525,takeaway,25,O,-96,-13,8476889
2025020473,2,703,12:47,07:13,1551,left,525,takeaway,52,D,-97,16,8477504
2025020473,3,824,03:12,16:48,1541,right,525,takeaway,52,D,63,28,8480145
2025020474,1,214,06:53,13:07,1551,left,525,takeaway,22,D,-51,-39,8483512
2025020474,1,366,19:17,00:43,1551,left,525,takeaway,7,N,0,28,8478413
2025020474,2,398,01:26,18:34,1551,right,525,takeaway,7,O,97,6,8479420
2025020474,2,650,05:19,14:41,1551,right,525,takeaway,7,O,43,41,8482765
2025020474,2,688,09:12,10:48,1551,right,525,takeaway,22,D,64,40,8475218
2025020474,2,933,11:01,08:59,1551,right,525,takeaway,7,O,86,-6,8479420
2025020474,2,909,16:35,03:25,1451,right,525,takeaway,7,D,-33,36,8480802
2025020474,3,1109,10:40,09:20,1551,left,525,takeaway,22,O,76,-35,8480834
2025020474,3,1220,19:01,00:59,1550,left,525,takeaway,7,D,76,12,8481522
2025020475,1,300,08:30,11:30,1551,left,525,takeaway,21,N,12,34,8480069
2025020475,1,444,15:40,04:20,1551,left,525,takeaway,21,D,65,41,8476455
2025020475,1,536,19:26,00:34,1551,left,525,takeaway,21,O,-93,19,8477476
2025020475,3,842,01:09,18:51,1541,left,525,takeaway,18,D,-36,-36,8475287
2025020475,3,855,02:02,17:58,1551,left,525,takeaway,21,D,54,-40,8478109
2025020475,3,949,08:42,11:18,1551,left,525,takeaway,21,D,79,-30,8480069
2025020475,3,971,10:15,09:45,1551,left,525,takeaway,18,O,69,-38,8482146
2025020475,3,1083,15:08,04:52,1551,left,525,takeaway,18,D,-30,36,8475158
2025020475,3,1115,18:05,01:55,0651,left,525,takeaway,21,N,-16,-22,8480069
2025020475,4,1174,04:15,00:45,1331,right,525,takeaway,21,D,-64,24,8480039
2025020476,1,104,03:18,16:42,1551,right,525,takeaway,16,O,-47,24,8476891
2025020476,1,134,05:04,14:56,1551,right,525,takeaway,16,O,-95,-19,8476882
2025020476,1,188,09:27,10:33,1551,right,525,takeaway,16,N,-3,-41,8484197
2025020476,2,695,13:36,06:24,1551,left,525,takeaway,16,D,-32,33,8477987
2025020476,2,951,15:02,04:58,1551,left,525,takeaway,3,D,31,-18,8477839
2025020476,2,1017,16:56,03:04,1551,left,525,takeaway,3,D,96,-6,8476389
2025020476,3,889,08:04,11:56,1541,right,525,takeaway,16,D,98,-22,8482176
2025020476,3,952,12:08,07:52,1541,right,525,takeaway,16,N,-21,-29,8476473
2025020476,3,958,13:36,06:24,1541,right,525,takeaway,16,D,25,-17,8483450
2025020477,1,371,15:39,04:21,1551,right,525,takeaway,20,O,-99,4,8478397
2025020477,1,375,15:45,04:15,1551,right,525,takeaway,20,O,-99,4,8480860
2025020477,1,488,19:18,00:42,1551,right,525,takeaway,17,D,-72,-30,8481607
2025020477,2,640,05:38,14:22,1441,left,525,takeaway,20,D,-98,-6,8480028
2025020477,2,723,09:50,10:10,1451,left,525,takeaway,20,D,-60,7,8478397
2025020477,2,746,12:46,07:14,1551,left,525,takeaway,20,D,-32,-10,8483609
2025020477,2,797,15:47,04:13,1551,left,525,takeaway,20,D,-63,-39,8481068
2025020477,3,940,07:12,12:48,1541,right,525,takeaway,20,D,89,-19,8480860
2025020477,3,1060,10:11,09:49,1551,right,525,takeaway,17,O,99,-17,8484160
2025020478,1,69,00:09,19:51,1551,left,525,takeaway,68,D,-92,34,8479343
2025020478,1,286,11:31,08:29,1551,left,525,takeaway,13,O,-97,-4,8477935
2025020478,2,685,09:40,10:20,1551,right,525,takeaway,68,O,-67,41,8480849
2025020478,2,721,12:30,07:30,1551,right,525,takeaway,13,O,87,35,8480185
2025020478,2,738,13:53,06:07,1551,right,525,takeaway,68,D,62,-12,8479410
2025020478,2,792,18:30,01:30,1551,right,525,takeaway,13,O,99,-18,8478421
2025020478,3,908,06:44,13:16,1551,left,525,takeaway,13,O,-48,6,8480185
2025020478,3,933,09:04,10:56,1551,left,525,takeaway,13,N,-7,36,8482113
2025020478,3,1041,16:48,03:12,1551,left,525,takeaway,13,N,-16,7,8477495
2025020479,1,184,05:28,14:32,1451,left,525,takeaway,26,D,33,11,8471685
2025020479,1,294,09:30,10:30,1551,left,525,takeaway,55,N,11,32,8476905
2025020479,1,332,12:45,07:15,1551,left,525,takeaway,26,D,54,37,8477942
2025020479,2,557,01:18,18:42,1551,right,525,takeaway,55,D,55,23,8479324
2025020479,2,579,02:50,17:10,1451,right,525,takeaway,26,D,-73,41,8482155
2025020479,2,656,09:47,10:13,1551,right,525,takeaway,55,O,-82,38,8474586
2025020479,2,762,18:17,01:43,1551,right,525,takeaway,55,D,54,34,8480009
2025020479,3,938,12:26,07:34,1551,left,525,takeaway,26,D,92,21,8474563
2025020480,1,229,08:50,11:10,1551,right,525,takeaway,10,O,-60,32,8475166
2025020480,1,245,10:00,10:00,1551,right,525,takeaway,28,O,77,-35,8478874
2025020480,2,580,08:23,11:37,1551,left,525,takeaway,10,O,42,-32,8479318
2025020480,2,598,10:00,10:00,1551,left,525,takeaway,10,N,14,-35,8478462
2025020480,2,699,13:50,06:10,1551,left,525,takeaway,10,D,-42,37,8477939
2025020480,2,713,14:45,05:15,1551,left,525,takeaway,28,O,-83,18,8471817
2025020480,2,762,19:05,00:55,1551,left,525,takeaway,10,N,2,2,8481582
2025020480,3,859,06:04,13:56,1551,right,525,takeaway,10,D,27,0,8481582
2025020480,3,915,10:18,09:42,1451,right,525,takeaway,10,D,47,-40,8475166
2025020480,3,970,13:53,06:07,1551,right,525,takeaway,10,O,-45,-33,8479318
2025020480,3,1083,18:56,01:04,1551,right,525,takeaway,10,D,84,-21,8476853
2025020480,4,1100,01:41,03:19,1331,left,525,takeaway,10,D,-60,-26,8476931
2025020481,1,144,03:51,16:09,1551,left,525,takeaway,1,N,20,5,8481032
2025020481,1,417,14:06,05:54,1541,left,525,takeaway,1,D,-87,16,8477015
2025020481,2,589,01:58,18:02,1551,right,525,takeaway,1,D,30,36,8482684
2025020481,2,652,06:30,13:30,1551,right,525,takeaway,14,O,93,-22,8480876
2025020481,2,655,07:12,12:48,1551,right,525,takeaway,14,D,-60,38,8482655
2025020481,2,714,12:00,08:00,1551,right,525,takeaway,1,O,-37,-38,8481721
2025020481,3,963,12:14,07:46,1551,left,525,takeaway,1,D,-74,-11,8478841
2025020481,3,1101,18:56,01:04,1551,left,525,takeaway,1,D,-95,-18,8482684
2025020482,1,73,01:08,18:52,1551,left,525,takeaway,2,D,-92,-19,8477407
2025020482,1,214,10:53,09:07,1551,left,525,takeaway,2,D,-92,-4,8477950
2025020482,1,309,14:36,05:24,1551,left,525,takeaway,2,D,-64,38,8478445
2025020482,1,417,18:43,01:17,1451,left,525,takeaway,24,D,33,6,8478366
2025020482,2,535,06:48,13:12,1541,right,525,takeaway,2,N,21,34,8476429
2025020482,2,655,07:40,12:20,1551,right,525,takeaway,2,D,34,39,8475231
2025020482,2,698,11:44,08:16,1551,right,525,takeaway,2,N,11,-1,8485702
2025020482,2,791,18:53,01:07,1551,right,525,takeaway,24,D,-57,42,8482803
2025020482,3,874,05:40,14:20,1551,left,525,takeaway,24,D,30,-31,8482803
2025020482,3,1093,16:55,03:05,0651,left,525,takeaway,2,N,-23,-16,8481601
2025020483,1,375,19:34,00:26,1551,right,525,takeaway,4,D,47,15,8482126
2025020483,1,379,19:56,00:04,1451,right,525,takeaway,4,N,21,28,8482142
2025020483,2,403,01:06,18:54,1451,left,525,takeaway,54,D,83,-32,8475188
2025020483,2,493,08:35,11:25,1551,left,525,takeaway,4,N,23,-28,8479022
2025020483,2,553,09:29,10:31,1551,left,525,takeaway,54,N,-1,33,8478483
2025020483,2,685,15:00,05:00,1451,left,525,takeaway,54,D,77,35,8480727
2025020483,3,968,12:58,07:02,1551,right,525,takeaway,4,D,73,37,8479022
2025020483,3,983,15:01,04:59,1551,right,525,takeaway,54,O,95,-11,8479353
2025020484,1,199,05:55,14:05,1551,left,525,takeaway,5,O,54,35,8477435
2025020484,1,370,15:47,04:13,1541,left,525,takeaway,5,D,-34,-36,8474578
2025020484,2,441,00:52,19:08,1551,right,525,takeaway,5,D,54,3,8478854
2025020484,2,581,07:50,12:10,1551,right,525,takeaway,5,D,94,1,8478046
2025020484,2,590,08:42,11:18,1551,right,525,takeaway,8,O,30,-1,8480018
2025020484,2,774,14:42,05:18,1551,right,525,takeaway,5,N,-18,33,8478450
2025020484,2,789,16:11,03:49,1551,right,525,takeaway,5,D,78,17,8477435
2025020484,2,819,17:45,02:15,1551,right,525,takeaway,5,D,30,37,8477511
2025020484,3,944,03:42,16:18,1541,left,525,takeaway,5,D,-80,33,8478854
2025020484,3,1041,12:16,07:44,1551,left,525,takeaway,5,O,87,14,8485414
2025020485,1,274,11:35,08:25,1551,right,525,takeaway,15,N,13,-1,8481656
2025020485,1,327,15:08,04:52,1551,right,525,takeaway,12,O,37,35,8482093
2025020485,2,443,00:50,19:10,1541,left,525,takeaway,15,D,-77,-20,8481656
2025020485,2,529,03:20,16:40,1551,left,525,takeaway,15,D,-53,33,8480796
2025020485,2,538,04:02,15:58,1551,left,525,takeaway,12,D,30,-10,8477940
2025020485,2,647,08:29,11:31,1551,left,525,takeaway,12,O,-92,4,8476873
2025020485,2,653,08:54,11:06,1551,left,525,takeaway,12,N,-18,36,8475791
2025020485,2,766,16:39,03:21,1551,left,525,takeaway,12,D,78,41,8480336
2025020485,3,1068,17:39,02:21,1551,right,525,takeaway,12,N,-17,-9,8478970
2025020485,4,1138,03:46,01:14,1331,left,525,takeaway,12,D,57,12,8480817
2025020486,1,441,15:26,04:34,1551,left,525,takeaway,9,D,79,-35,8473512
2025020486,2,562,00:46,19:14,1551,right,525,takeaway,9,O,99,-11,8482245
2025020486,2,681,09:10,10:50,1551,right,525,takeaway,29,D,78,-27,8476923
2025020486,2,728,11:25,08:35,1551,right,525,takeaway,9,O,67,-28,8474102
2025020486,2,772,14:31,05:29,1551,right,525,takeaway,9,O,91,-13,8481606
2025020486,3,858,01:28,18:32,1551,left,525,takeaway,29,D,-84,33,8480893
2025020486,3,889,03:28,16:32,1551,left,525,takeaway,29,N,2,36,8478460
2025020486,3,910,04:30,15:30,1551,left,525,takeaway,9,O,-97,-13,8480208
2025020486,3,955,05:30,14:30,1551,left,525,takeaway,9,O,-33,33,8474102
2025020486,3,968,08:52,11:08,1551,left,525,takeaway,29,O,32,36,8476432
2025020487,1,186,04:59,15:01,1541,left,525,takeaway,18,D,-38,15,8482482
2025020487,1,558,17:59,02:01,1551,left,525,takeaway,18,D,-31,-8,8482146
2025020487,2,754,08:06,11:54,1551,right,525,takeaway,18,N,19,16,8482482
2025020487,3,1020,13:44,06:16,1451,left,525,takeaway,18,O,97,13,8483565
2025020487,3,1043,16:25,03:35,1541,left,525,takeaway,19,O,-90,31,8475753
2025020487,3,1075,19:27,00:33,1541,left,525,takeaway,19,O,-73,-5,8476892
2025020487,3,1076,19:34,00:26,1541,left,525,takeaway,18,D,-94,12,8483513
2025020488,1,261,06:55,13:05,1551,right,525,takeaway,25,D,-57,-33,8480036
2025020488,1,402,12:48,07:12,1551,right,525,takeaway,25,D,-97,21,8480036
2025020488,1,469,17:23,02:37,1551,right,525,takeaway,25,O,43,-35,8481609
2025020488,1,472,18:31,01:29,1551,right,525,takeaway,25,D,-80,39,8480840
2025020488,2,684,10:52,09:08,1451,left,525,takeaway,25,D,68,33,8480036
2025020488,2,690,11:43,08:17,1551,left,525,takeaway,25,D,44,-7,8478420
2025020488,2,747,15:18,04:42,1551,left,525,takeaway,30,D,-64,39,8483499
2025020488,2,785,18:06,01:54,1551,left,525,takeaway,30,O,63,39,8484798
2025020488,2,786,18:18,01:42,1551,left,525,takeaway,30,N,18,-38,8474567
2025020488,3,901,07:57,12:03,1551,right,525,takeaway,30,D,82,29,8478508
2025020488,3,974,13:20,06:40,1551,right,525,takeaway,30,D,88,10,8475149
2025020488,3,1011,16:21,03:39,1551,right,525,takeaway,25,O,58,37,8475168
2025020488,3,1013,16:31,03:29,1551,right,525,takeaway,30,N,11,-25,8478508
2025020488,3,1036,19:25,00:35,1551,right,525,takeaway,25,O,87,33,8480840
2025020489,1,112,00:59,19:01,1551,right,525,takeaway,52,D,58,34,8476460
2025020489,1,191,06:42,13:18,1551,right,525,takeaway,6,D,-99,18,8479325
2025020489,1,484,15:12,04:48,1551,right,525,takeaway,6,N,-18,39,8479325
2025020489,2,788,12:39,07:21,1551,left,525,takeaway,6,D,96,-8,8479325
2025020489,2,802,14:09,05:51,1551,left,525,takeaway,52,O,37,-27,8474679
2025020489,3,938,04:45,15:15,1551,right,525,takeaway,52,D,92,9,8474679
2025020489,3,1026,09:16,10:44,1551,right,525,takeaway,52,D,58,-41,8480049
2025020489,3,1033,09:55,10:05,1551,right,525,takeaway,52,O,-48,-41,8481043
2025020489,3,1131,18:21,01:39,1551,right,525,takeaway,52,D,51,-32,8474679
2025020490,1,69,00:41,19:19,1551,right,525,takeaway,13,D,-77,-40,8477933
2025020490,1,207,09:27,10:33,1551,right,525,takeaway,21,O,-33,-33,8480448
2025020490,1,453,15:11,04:49,1541,right,525,takeaway,21,N,21,12,8484258
2025020490,1,469,16:09,03:51,1551,right,525,takeaway,13,D,-29,-33,8477932
2025020490,1,495,18:12,01:48,1551,right,525,takeaway,21,O,-64,36,8480448
2025020490,2,672,08:40,11:20,1551,left,525,takeaway,13,O,-67,42,8480021
2025020490,2,695,10:55,09:05,1551,left,525,takeaway,13,D,27,19,8473419
2025020490,2,750,14:11,05:49,1551,left,525,takeaway,21,N,-23,32,8480835
2025020490,3,845,00:49,19:11,1451,right,525,takeaway,13,D,-62,-15,8478859
2025020490,3,872,03:38,16:22,1551,right,525,takeaway,13,O,91,-29,8478542
2025020490,3,985,11:41,08:19,1551,right,525,takeaway,13,N,-10,10,8484304
2025020490,3,1019,15:02,04:58,1551,right,525,takeaway,21,O,-74,-39,8478109
2025020491,1,87,01:51,18:09,1551,left,525,takeaway,17,O,-90,-34,8479337
2025020491,1,138,05:22,14:38,1551,left,525,takeaway,17,D,94,10,8482762
2025020491,1,201,06:20,13:40,1551,left,525,takeaway,17,D,74,33,8477946
2025020491,1,375,16:37,03:23,1551,left,525,takeaway,17,D,31,0,8484471
2025020491,2,556,06:21,13:39,1551,right,525,takeaway,17,D,-92,-22,8477946
2025020491,2,571,07:40,12:20,1551,right,525,takeaway,22,N,-7,-42,8480831
2025020491,3,848,01:14,18:46,1451,left,525,takeaway,22,O,37,16,8475218
2025020491,3,920,05:50,14:10,1551,left,525,takeaway,22,D,-38,30,8477498
2025020491,3,964,09:07,10:53,1551,left,525,takeaway,22,N,14,-42,8475218
2025020491,3,1055,16:23,03:37,1551,left,525,takeaway,22,D,-94,10,8477406
2025020492,1,69,00:14,19:46,1551,right,525,takeaway,7,O,90,27,8482659
2025020492,1,110,02:19,17:41,1551,right,525,takeaway,7,D,-26,-4,8482659
2025020492,1,139,03:17,16:43,1551,right,525,takeaway,23,O,-56,-4,8474574
2025020492,1,159,04:14,15:46,1551,right,525,takeaway,23,D,80,14,8477969
2025020492,1,182,08:42,11:18,1551,right,525,takeaway,7,D,-67,17,8480839
2025020492,1,303,13:18,06:42,1551,right,525,takeaway,7,D,-85,36,8481524
2025020492,1,318,14:19,05:41,1541,right,525,takeaway,23,D,45,-41,8480748
2025020492,2,775,08:43,11:17,1551,left,525,takeaway,7,D,29,39,8480839
2025020492,2,803,10:01,09:59,1551,left,525,takeaway,7,O,-98,0,8484145
2025020492,2,841,12:18,07:42,1551,left,525,takeaway,7,O,-83,-32,8482623
2025020492,2,960,17:55,02:05,1551,left,525,takeaway,7,D,53,42,8482659
2025020492,2,970,19:09,00:51,1551,left,525,takeaway,23,N,-6,30,8478856
2025020493,1,239,09:09,10:51,1451,left,525,takeaway,19,O,98,0,8484164
2025020493,1,421,17:40,02:20,1551,left,525,takeaway,19,O,84,38,8480023
2025020493,2,588,03:21,16:39,1551,right,525,takeaway,19,N,-8,-38,8481006
2025020493,2,710,08:23,11:37,1551,right,525,takeaway,16,D,-73,42,8481568
2025020493,2,820,17:42,02:18,1551,right,525,takeaway,19,O,-98,4,8476892
2025020493,3,937,05:01,14:59,1551,left,525,takeaway,16,O,-94,29,8484197
2025020493,3,948,06:17,13:43,1551,left,525,takeaway,19,D,-31,-41,8481070
2025020493,3,1028,11:17,08:43,1551,left,525,takeaway,16,D,78,40,8482176
2025020493,3,1036,12:00,08:00,1551,left,525,takeaway,19,D,-72,38,8480023
2025020493,3,1041,13:09,06:51,1551,left,525,takeaway,19,D,-43,-13,8482733
2025020493,3,1043,13:39,06:21,1551,left,525,takeaway,16,O,-79,35,8481624
2025020493,3,1115,16:21,03:39,1441,left,525,takeaway,19,D,-54,22,8480459
2025020493,3,1118,18:27,01:33,0651,left,525,takeaway,19,N,15,22,8475170
2025020494,1,178,03:01,16:59,1551,left,525,takeaway,68,D,-43,-40,8477220
2025020494,1,216,05:35,14:25,1551,left,525,takeaway,55,N,10,38,8479324
2025020494,1,255,10:03,09:57,1551,left,525,takeaway,68,O,28,-21,8482699
2025020494,2,663,04:56,15:04,1441,right,525,takeaway,55,D,-28,-29,8477919
2025020494,2,710,08:04,11:56,1551,right,525,takeaway,68,D,34,23,8477951
2025020494,3,1026,10:04,09:56,1551,left,525,takeaway,55,D,36,4,8482665
2025020494,3,1139,15:11,04:49,1551,left,525,takeaway,55,D,51,-36,8476457
2025020494,3,1194,18:41,01:19,0651,left,525,takeaway,68,N,-7,-28,8482699
2025020495,1,61,00:51,19:09,1551,left,525,takeaway,1,N,-21,-25,8482684
2025020495,1,277,12:40,07:20,1551,left,525,takeaway,24,O,-83,-38,8482803
2025020495,1,290,13:01,06:59,1551,left,525,takeaway,1,O,99,0,8476292
2025020495,2,579,07:09,12:51,1451,right,525,takeaway,1,D,70,25,8482684
2025020495,2,620,10:06,09:54,1551,right,525,takeaway,1,D,27,34,8478399
2025020495,3,878,04:10,15:50,1551,left,525,takeaway,24,O,-28,-25,8481605
2025020495,3,945,09:13,10:47,1551,left,525,takeaway,24,O,-88,-33,8482178
2025020495,3,1033,13:14,06:46,1551,left,525,takeaway,1,D,-67,-32,8483841
2025020496,1,367,09:59,10:01,1551,right,525,takeaway,9,D,-60,30,8481528
2025020496,1,378,10:39,09:21,1551,right,525,takeaway,9,D,-95,-16,8481606
2025020496,1,484,18:53,01:07,1551,right,525,takeaway,9,D,-42,30,8482116
2025020496,2,524,01:16,18:44,1551,left,525,takeaway,30,O,71,40,8483525
2025020496,2,707,10:25,09:35,1551,left,525,takeaway,9,O,-96,-10,8482095
2025020496,2,810,16:45,03:15,1551,left,525,takeaway,30,D,-87,34,8477979
2025020496,3,860,00:06,19:54,1551,right,525,takeaway,30,N,0,27,8482122
2025020496,3,1031,08:26,11:34,1441,right,525,takeaway,9,D,-98,-21,8480801
2025020496,3,1198,19:49,00:11,0651,right,525,takeaway,30,D,38,40,8481557
2025020497,1,284,09:24,10:36,1551,left,525,takeaway,28,D,37,13,8484801
2025020497,1,356,10:30,09:30,1551,left,525,takeaway,5,N,-2,36,8477435
2025020497,2,600,04:30,15:30,1551,right,525,takeaway,28,D,-63,-37,8475906
2025020497,2,757,12:03,07:57,1551,right,525,takeaway,5,N,21,37,8477435
2025020497,2,761,12:21,07:39,1551,right,525,takeaway,28,O,31,10,8480848
2025020497,2,803,15:25,04:35,1551,right,525,takeaway,28,O,57,15,8484911
2025020497,3,961,06:01,13:59,1541,left,525,takeaway,28,O,-81,37,8475784
2025020497,3,1018,10:54,09:06,1551,left,525,takeaway,5,O,98,7,8485414
2025020497,3,1155,18:26,01:34,1551,left,525,takeaway,28,N,5,36,8484911
2025020497,4,1180,02:31,02:29,1331,right,525,takeaway,5,D,48,37,8474578
2025020498,1,129,03:54,16:06,1451,left,525,takeaway,14,D,46,30,8478178
2025020498,1,186,07:25,12:35,1551,left,525,takeaway,14,O,-63,-32,8476453
2025020498,1,237,11:12,08:48,1551,left,525,takeaway,2,N,2,34,8475314
2025020498,1,482,18:15,01:45,1551,left,525,takeaway,14,O,-92,-26,8481719
2025020498,1,491,18:40,01:20,1551,left,525,takeaway,14,O,-94,-22,8482655
2025020498,2,515,01:16,18:44,1451,right,525,takeaway,2,D,93,24,8485702
2025020498,3,870,01:18,18:42,1551,left,525,takeaway,2,N,-4,-39,8476419
2025020498,3,1006,05:03,14:57,1451,left,525,takeaway,14,D,42,-29,8479542
2025020498,3,1163,18:03,01:57,1551,left,525,takeaway,14,N,20,-38,8482655
2025020498,4,1210,02:16,02:44,1331,right,525,takeaway,2,D,49,-40,8478445
2025020499,1,168,01:08,18:52,1551,right,525,takeaway,22,D,-76,23,8477934
2025020499,1,218,03:30,16:30,1551,right,525,takeaway,22,D,-55,38,8481617
2025020499,1,511,15:03,04:57,1551,right,525,takeaway,10,O,-79,-40,8475714
2025020499,1,520,19:25,00:35,1551,right,525,takeaway,22,O,52,37,8475218
2025020499,2,768,09:55,10:05,1551,left,525,takeaway,10,D,-65,-8,8481582
2025020499,2,895,18:23,01:37,1551,left,525,takeaway,10,O,38,-19,8475166
2025020499,2,896,19:06,00:54,1551,left,525,takeaway,10,D,-49,40,8478462
2025020499,3,935,01:48,18:12,1551,right,525,takeaway,22,N,14,-33,8483512
2025020499,3,1105,11:44,08:16,1551,right,525,takeaway,22,O,76,41,8479365
2025020500,1,91,01:08,18:52,1551,right,525,takeaway,8,D,-94,30,8482775
2025020500,1,234,06:11,13:49,1551,right,525,takeaway,8,O,48,3,8484984
2025020500,1,294,10:25,09:35,1551,right,525,takeaway,8,N,-2,-19,8483686
2025020500,2,487,01:09,18:51,1541,left,525,takeaway,8,D,36,32,8480018
2025020500,2,571,03:05,16:55,1551,left,525,takeaway,8,N,13,39,8480865
2025020500,2,619,07:07,12:53,1551,left,525,takeaway,3,O,95,-4,8482132
2025020500,2,719,09:07,10:53,1551,left,525,takeaway,3,O,75,-31,8478550
2025020500,3,812,00:26,19:34,1551,right,525,takeaway,8,D,-35,-3,8482737
2025020500,3,866,03:26,16:34,1551,right,525,takeaway,8,O,79,-39,8481540
2025020500,3,868,03:29,16:31,1551,right,525,takeaway,3,D,92,-19,8478840
2025020500,3,949,10:02,09:58,1551,right,525,takeaway,3,O,-26,38,8476389
2025020501,1,127,04:50,15:10,1541,right,525,takeaway,12,O,94,29,8482809
2025020501,1,377,19:18,00:42,1551,right,525,takeaway,4,O,-73,-39,8480220
2025020501,2,431,03:27,16:33,1551,left,525,takeaway,12,D,93,-30,8478970
2025020501,2,522,07:05,12:55,1551,left,525,takeaway,4,D,-92,-33,8482142
2025020501,2,632,11:41,08:19,1551,left,525,takeaway,12,D,99,3,8476906
2025020501,2,634,12:05,07:55,1551,left,525,takeaway,12,O,-71,32,8482809
2025020501,2,686,16:16,03:44,1551,left,525,takeaway,12,D,99,-14,8480817
2025020501,3,801,03:29,16:31,1551,right,525,takeaway,4,D,92,-33,8478454
2025020501,3,864,07:59,12:01,1551,right,525,takeaway,12,N,-2,34,8480817
2025020502,1,132,04:02,15:58,1551,left,525,takeaway,29,O,58,-25,8480893
2025020502,1,136,04:12,15:48,1551,left,525,takeaway,29,D,-47,-2,8483485
2025020502,1,146,05:25,14:35,1551,left,525,takeaway,29,O,77,-34,8481716
2025020502,1,147,05:59,14:01,1551,left,525,takeaway,54,D,31,-39,8478396
2025020502,1,380,19:04,00:56,1551,left,525,takeaway,29,N,-20,-17,8481716
2025020502,1,382,19:50,00:10,1551,left,525,takeaway,54,O,-94,9,8476925
2025020502,2,515,01:03,18:57,1551,right,525,takeaway,54,N,22,33,8481133
2025020502,2,541,03:01,16:59,1541,right,525,takeaway,54,N,-21,10,8478403
2025020502,2,556,04:22,15:38,1541,right,525,takeaway,29,D,40,-40,8478460
2025020502,2,754,17:01,02:59,1551,right,525,takeaway,29,O,-75,-39,8484166
2025020502,3,912,08:15,11:45,1551,left,525,takeaway,29,D,-47,-38,8475745
2025020502,3,932,09:40,10:20,1551,left,525,takeaway,54,D,98,-4,8477018
2025020503,1,461,16:52,03:08,1551,right,525,takeaway,15,N,16,-35,8483573
2025020503,1,475,19:23,00:37,1551,right,525,takeaway,52,N,5,-39,8480014
2025020503,2,534,00:55,19:05,1551,left,525,takeaway,52,O,84,-36,8476460
2025020503,2,656,04:42,15:18,1551,left,525,takeaway,15,D,76,40,8480873
2025020503,2,673,05:27,14:33,1551,left,525,takeaway,52,O,97,5,8482149
2025020503,2,750,15:38,04:22,1551,left,525,takeaway,15,N,1,35,8477845
2025020503,2,766,16:54,03:06,1541,left,525,takeaway,52,D,-34,-25,8474679
2025020503,2,787,18:12,01:48,1541,left,525,takeaway,52,D,-35,5,8474568
2025020503,3,855,05:00,15:00,1551,right,525,takeaway,52,O,-41,37,8476331
2025020504,1,73,01:25,18:35,1551,right,525,takeaway,17,O,96,-9,8482078
2025020504,1,253,06:40,13:20,1551,right,525,takeaway,16,D,80,22,8481806
2025020504,1,323,10:41,09:19,1551,right,525,takeaway,17,N,-2,29,8477946
2025020504,2,553,05:24,14:36,1551,left,525,takeaway,16,N,-3,-21,8481806
2025020504,2,770,19:02,00:58,1451,left,525,takeaway,17,D,55,36,8477456
2025020504,3,891,08:16,11:44,1451,right,525,takeaway,17,D,-63,33,8482762
2025020504,3,992,15:53,04:07,1560,right,525,takeaway,17,D,-44,25,8481607
2025020505,1,71,00:18,19:42,1551,right,525,takeaway,25,D,70,14,8481581
2025020505,1,101,01:49,18:11,1551,right,525,takeaway,25,N,-5,-37,8478476
2025020505,1,124,02:45,17:15,1551,right,525,takeaway,13,O,55,37,8480185
2025020505,1,136,03:31,16:29,1551,right,525,takeaway,25,D,91,31,8480036
2025020505,1,149,03:46,16:14,1551,right,525,takeaway,25,D,54,17,8481581
2025020505,1,369,13:35,06:25,1551,right,525,takeaway,25,O,-97,0,8479351
2025020505,1,472,16:54,03:06,1451,right,525,takeaway,13,N,-16,19,8473419
2025020505,2,691,09:31,10:29,1551,left,525,takeaway,25,N,-10,40,8478476
2025020505,2,760,15:27,04:33,1451,left,525,takeaway,25,D,-43,35,8480036
2025020505,2,815,19:07,00:53,1451,left,525,takeaway,13,N,-11,14,8480185
2025020505,3,1054,18:10,01:50,1541,right,525,takeaway,25,D,66,-42,8476889
2025020506,1,268,15:22,04:38,1551,right,525,takeaway,18,D,-28,14,8476869
2025020506,1,304,17:34,02:26,1551,right,525,takeaway,21,O,-98,-21,8477476
2025020506,1,324,18:58,01:02,1551,right,525,takeaway,18,D,-39,36,8483565
2025020506,2,444,03:05,16:55,1551,left,525,takeaway,18,N,3,40,8476887
2025020506,2,725,16:14,03:46,1551,left,525,takeaway,18,D,71,-21,8474600
2025020506,3,908,04:43,15:17,1551,right,525,takeaway,18,D,-43,-30,8483565
2025020506,3,958,08:18,11:42,1551,right,525,takeaway,21,O,-58,-25,8480069
2025020506,3,1105,18:45,01:15,1551,right,525,takeaway,21,O,-87,29,8484258
2025020507,1,81,01:37,18:23,1551,right,525,takeaway,26,N,0,8,8479675
2025020507,1,172,06:47,13:13,1551,right,525,takeaway,20,O,39,32,8476456
2025020507,1,445,19:25,00:35,1551,right,525,takeaway,26,D,96,-10,8482730
2025020507,2,528,01:44,18:16,1541,left,525,takeaway,26,N,-2,16,8476469
2025020507,2,594,06:35,13:25,1451,left,525,takeaway,20,D,49,-39,8476399
2025020507,2,785,15:27,04:33,1551,left,525,takeaway,26,O,90,-20,8482124
2025020507,3,897,04:50,15:10,1551,right,525,takeaway,20,D,-33,-39,8475172
2025020507,3,963,09:27,10:33,1551,right,525,takeaway,26,D,80,10,8481532
2025020507,3,1008,12:32,07:28,1551,right,525,takeaway,20,D,-79,-41,8475172
2025020507,3,1028,13:08,06:52,1551,right,525,takeaway,26,D,55,40,8476469
2025020507,3,1050,14:55,05:05,1551,right,525,takeaway,26,D,73,-22,8479998
2025020507,4,1170,01:00,04:00,1331,left,525,takeaway,20,D,93,23,8480028
2025020508,1,325,12:28,07:32,1551,left,525,takeaway,23,D,59,31,8477969
2025020508,1,847,12:52,07:08,1551,left,525,takeaway,1,D,-28,-29,8476292
2025020508,2,565,02:27,17:33,1551,right,525,takeaway,23,N,11,39,8483678
2025020508,2,1036,11:08,08:52,1551,right,525,takeaway,1,O,-92,-27,8478399
2025020508,2,670,11:32,08:28,1551,right,525,takeaway,23,D,-29,26,8478498
2025020508,2,716,15:36,04:24,1551,right,525,takeaway,1,O,-85,-33,8479407
2025020508,3,785,00:26,19:34,1551,left,525,takeaway,1,O,83,33,8480002
2025020508,3,850,04:50,15:10,1551,left,525,takeaway,23,D,34,22,8478444
2025020509,1,266,08:16,11:44,1551,left,525,takeaway,68,O,-40,42,8479343
2025020509,1,317,12:33,07:27,1551,left,525,takeaway,68,D,55,-32,8479410
2025020509,1,402,18:11,01:49,1451,left,525,takeaway,68,N,-18,30,8478474
2025020509,1,405,19:27,00:33,1551,left,525,takeaway,5,D,-31,35,8478450
2025020509,2,685,14:02,05:58,1551,right,525,takeaway,68,D,-71,34,8479410
2025020509,2,711,14:46,05:14,1541,right,525,takeaway,68,O,93,-20,8482175
2025020509,2,749,17:10,02:50,1551,right,525,takeaway,5,D,96,3,8477435
2025020509,3,846,01:53,18:07,1551,left,525,takeaway,5,O,93,11,8478450
2025020509,3,882,05:48,14:12,1541,left,525,takeaway,5,D,-41,39,8478450
2025020510,1,198,03:26,16:34,1451,right,525,takeaway,4,D,-82,-37,8477948
2025020510,1,258,04:31,15:29,1451,right,525,takeaway,12,O,-97,24,8476906
2025020510,2,697,10:47,09:13,1441,left,525,takeaway,4,O,-65,13,8482142
2025020510,2,701,10:57,09:03,1441,left,525,takeaway,12,D,-61,38,8475791
2025020510,2,711,11:10,08:50,1441,left,525,takeaway,12,D,-52,-33,8476906
2025020510,2,733,11:50,08:10,1551,left,525,takeaway,4,N,-21,-39,8481533
2025020510,2,734,12:09,07:51,1551,left,525,takeaway,12,D,-33,-15,8480817
2025020510,3,902,06:01,13:59,1551,right,525,takeaway,4,D,-75,-36,8476461
2025020510,3,1059,15:57,04:03,1551,right,525,takeaway,12,D,56,-35,8482100
2025020510,3,1079,18:20,01:40,1551,right,525,takeaway,4,O,98,5,8476461
2025020510,3,1089,19:41,00:19,1551,right,525,takeaway,4,D,-27,-41,8481546
2025020510,4,1186,03:02,01:58,1441,left,525,takeaway,4,D,52,-37,8481533
2025020510,4,1172,03:03,01:57,1441,left,525,takeaway,12,O,50,-29,8482809
2025020511,1,111,03:26,16:34,1551,right,525,takeaway,30,O,-99,7,8474567
2025020511,1,124,04:43,15:17,1551,right,525,takeaway,6,N,-21,9,8477496
2025020511,1,177,08:29,11:31,1451,right,525,takeaway,30,O,-95,-5,8481557
2025020511,2,396,01:09,18:51,1551,left,525,takeaway,30,N,-9,-42,8475149
2025020511,2,551,05:56,14:04,1551,left,525,takeaway,6,N,19,29,8477496
2025020511,2,574,08:06,11:54,1551,left,525,takeaway,30,O,84,-19,8475765
2025020511,3,887,07:35,12:25,1551,right,525,takeaway,30,N,9,37,8475765
2025020511,3,1037,18:53,01:07,1451,right,525,takeaway,6,D,-88,36,8476854
2025020512,1,151,03:13,16:47,1551,right,525,takeaway,8,D,61,16,8478851
2025020512,1,231,08:49,11:11,1551,right,525,takeaway,22,D,-31,34,8477498
2025020512,1,244,09:49,10:11,1551,right,525,takeaway,22,D,-60,-34,8477508
2025020512,1,439,17:02,02:58,1541,right,525,takeaway,8,D,95,-2,8476875
2025020512,2,660,13:34,06:26,1551,left,525,takeaway,8,D,-30,-33,8480018
2025020512,2,713,18:02,01:58,1551,left,525,takeaway,8,D,-48,39,8483457
2025020512,3,851,08:30,11:30,1551,right,525,takeaway,22,D,-99,10,8480803
2025020513,1,171,07:53,12:07,1551,left,525,takeaway,7,N,-4,-25,8482659
2025020513,1,306,09:52,10:08,1551,left,525,takeaway,55,O,89,-32,8483524
2025020513,2,552,05:16,14:44,1551,right,525,takeaway,55,D,49,-39,8479324
2025020513,2,604,10:02,09:58,1551,right,525,takeaway,7,O,49,-33,8477949
2025020513,2,636,12:16,07:44,1551,right,525,takeaway,55,O,-77,-41,8482665
2025020513,2,676,14:55,05:05,1541,right,525,takeaway,7,N,22,37,8480839
2025020513,2,770,18:29,01:31,1551,right,525,takeaway,7,O,68,12,8482659
2025020513,3,861,05:45,14:15,1551,left,525,takeaway,7,D,48,-15,8482671
2025020513,3,919,11:24,08:36,1551,left,525,takeaway,55,O,96,-27,8477986
2025020513,3,1032,18:46,01:14,1560,left,525,takeaway,55,O,83,-36,8482665
2025020514,1,219,06:59,13:01,1551,left,525,takeaway,13,O,-26,-31,8479393
2025020514,1,236,11:05,08:55,1551,left,525,takeaway,14,O,92,31,8478519
2025020514,1,454,17:15,02:45,1551,left,525,takeaway,13,N,-10,-16,8473419
2025020514,1,462,17:19,02:41,1551,left,525,takeaway,14,N,10,16,8477416
2025020514,2,621,09:11,10:49,1451,right,525,takeaway,13,D,-66,27,8478859
2025020514,2,637,09:50,10:10,1451,right,525,takeaway,13,D,-90,22,8477495
2025020514,2,741,18:03,01:57,1541,right,525,takeaway,14,D,82,-36,8480426
2025020514,3,929,09:27,10:33,1551,left,525,takeaway,13,D,35,-41,8482113
2025020514,3,957,11:46,08:14,1551,left,525,takeaway,14,O,59,40,8476453
2025020514,3,990,14:01,05:59,1551,left,525,takeaway,14,D,-41,-4,8476826
2025020515,1,146,06:07,13:53,1451,right,525,takeaway,24,D,-28,13,8478366
2025020515,1,219,07:51,12:09,1551,right,525,takeaway,24,O,53,35,8475462
2025020515,1,224,08:24,11:36,1551,right,525,takeaway,3,D,84,-33,8477839
2025020515,2,681,06:43,13:17,1451,left,525,takeaway,24,D,39,41,8473986
2025020515,2,717,08:53,11:07,1551,left,525,takeaway,3,D,-49,-40,8482460
2025020515,2,744,11:16,08:44,1551,left,525,takeaway,3,O,86,-32,8477839
2025020515,3,880,01:15,18:45,1551,right,525,takeaway,24,O,37,27,8482745
2025020515,3,913,03:43,16:17,1551,right,525,takeaway,24,N,8,-30,8473986
2025020515,3,1012,10:32,09:28,1551,right,525,takeaway,3,D,46,-31,8480001
2025020515,3,1020,11:27,08:33,1551,right,525,takeaway,24,D,-77,25,8481605
2025020515,3,1141,16:26,03:34,1551,right,525,takeaway,24,D,-88,-28,8476885
2025020516,1,477,15:25,04:35,1551,right,525,takeaway,9,D,-37,-34,8475324
2025020516,2,515,02:19,17:41,1541,left,525,takeaway,9,N,-21,-7,8482116
2025020516,2,547,03:29,16:31,1551,left,525,takeaway,9,O,-76,39,8482092
2025020516,2,706,04:56,15:04,1451,left,525,takeaway,9,N,12,-6,8482116
2025020516,2,707,05:12,14:48,1451,left,525,takeaway,9,N,-1,29,8478020
2025020516,3,944,01:08,18:52,1551,right,525,takeaway,9,O,55,23,8482105
2025020516,3,1045,12:25,07:35,1551,right,525,takeaway,9,O,92,-21,8475324
2025020517,1,410,16:56,03:04,1551,left,525,takeaway,18,D,92,-28,8474600
2025020517,1,426,17:48,02:12,1551,left,525,takeaway,19,O,70,34,8484164
2025020517,2,534,02:00,18:00,1541,right,525,takeaway,19,D,30,-1,8477402
2025020517,2,599,07:20,12:40,1551,right,525,takeaway,18,D,-49,24,8474600
2025020517,2,608,08:23,11:37,1551,right,525,takeaway,18,N,20,-40,8482768
2025020517,3,813,04:50,15:10,1551,left,525,takeaway,18,D,92,20,8482482
2025020517,3,919,11:31,08:29,1551,left,525,takeaway,18,D,47,42,8475158
2025020517,3,941,13:58,06:02,1551,left,525,takeaway,18,D,90,-5,8482146
2025020518,1,73,01:11,18:49,1551,right,525,takeaway,25,O,-44,-13,8481581
2025020518,2,656,07:59,12:01,1451,left,525,takeaway,26,D,28,20,8476469
2025020518,2,706,11:02,08:58,1531,left,525,takeaway,26,O,-84,4,8483808
2025020518,2,796,19:02,00:58,1551,left,525,takeaway,26,D,45,-39,8479998
2025020518,3,884,04:35,15:25,1551,right,525,takeaway,26,N,-17,-15,8483808
2025020518,3,928,08:04,11:56,1551,right,525,takeaway,25,N,0,-6,8480036
2025020519,1,287,12:16,07:44,1551,left,525,takeaway,6,D,-92,-1,8479661
2025020519,1,423,16:58,03:02,1551,left,525,takeaway,68,D,29,7,8477951
2025020519,2,832,11:00,09:00,1551,right,525,takeaway,6,N,6,39,8480355
2025020519,2,833,11:50,08:10,1551,right,525,takeaway,68,D,-94,-3,8484388
2025020519,3,891,01:03,18:57,1551,left,525,takeaway,68,O,-84,38,8479343
2025020519,3,990,08:33,11:27,1551,left,525,takeaway,68,O,-59,35,8479343
2025020519,3,1090,15:07,04:53,1551,left,525,takeaway,6,D,-36,-5,8477956
2025020519,3,1116,18:27,01:33,1551,left,525,takeaway,6,D,-57,-35,8481599
2025020520,2,567,02:08,17:52,1551,left,525,takeaway,16,N,13,38,8484185
2025020520,2,611,05:00,15:00,1551,left,525,takeaway,10,O,99,-17,8475171
2025020520,2,678,11:12,08:48,1551,left,525,takeaway,16,O,-34,12,8482703
2025020520,3,871,03:47,16:13,1551,right,525,takeaway,10,O,-86,9,8477939
2025020520,3,923,09:26,10:34,1551,right,525,takeaway,16,D,-29,-38,8482176
2025020520,3,1024,16:31,03:29,1451,right,525,takeaway,16,D,-66,-37,8483450
2025020520,3,1056,18:30,01:30,1551,right,525,takeaway,10,N,-13,-25,8479318
2025020520,3,1057,19:17,00:43,0651,right,525,takeaway,10,N,-2,-3,8475166
2025020521,1,114,03:46,16:14,1551,right,525,takeaway,8,D,57,31,8480865
2025020521,2,560,10:38,09:22,1551,left,525,takeaway,8,O,87,33,8483457
2025020521,2,574,11:49,08:11,1551,left,525,takeaway,4,O,-96,-3,8478439
2025020521,3,750,01:14,18:46,1551,right,525,takeaway,4,D,-73,-41,8477989
2025020521,3,859,08:09,11:51,1551,right,525,takeaway,4,D,-26,-10,8477989
2025020521,3,977,17:52,02:08,1560,right,525,takeaway,4,D,-60,-27,8477499
2025020522,1,76,00:51,19:09,1551,right,525,takeaway,17,O,-40,-15,8477946
2025020522,1,144,04:44,15:16,1551,right,525,takeaway,17,O,-32,-34,8477456
2025020522,1,146,05:23,14:37,1551,right,525,takeaway,17,N,11,2,8479337
2025020522,1,231,08:26,11:34,1551,right,525,takeaway,17,D,35,25,8479337
2025020522,1,258,10:26,09:34,1551,right,525,takeaway,2,D,-86,-27,8477506
2025020522,2,514,03:09,16:51,1551,left,525,takeaway,2,O,-38,-27,8483553
2025020522,2,743,17:36,02:24,1551,left,525,takeaway,17,O,32,-23,8484471
2025020522,3,889,07:11,12:49,1551,right,525,takeaway,2,D,-54,38,8475231
2025020523,1,170,04:21,15:39,1551,right,525,takeaway,3,D,26,-34,8482073
2025020523,1,407,13:55,06:05,1551,right,525,takeaway,23,D,-65,-41,8478856
2025020523,2,654,08:16,11:44,1551,left,525,takeaway,3,D,-43,36,8482109
2025020523,2,742,10:45,09:15,1551,left,525,takeaway,3,O,89,-32,8478840
2025020523,2,752,12:48,07:12,1551,left,525,takeaway,23,O,-80,-27,8481024
2025020523,2,760,15:24,04:36,1551,left,525,takeaway,3,D,-51,29,8476459
2025020523,2,763,16:03,03:57,1551,left,525,takeaway,3,O,69,42,8479390
2025020523,2,765,16:08,03:52,1551,left,525,takeaway,23,D,75,35,8478856
2025020523,3,860,04:38,15:22,1551,right,525,takeaway,3,O,-45,22,8475842
2025020523,3,1028,17:42,02:18,1551,right,525,takeaway,23,O,65,30,8480748
2025020524,1,434,18:03,01:57,1551,left,525,takeaway,5,D,-37,27,8476483
2025020524,1,436,19:54,00:06,1551,left,525,takeaway,5,O,94,-19,8475763
2025020524,2,704,16:38,03:22,1551,right,525,takeaway,22,D,-31,16,8475786
2025020524,2,738,19:42,00:18,1451,right,525,takeaway,22,D,-29,-25,8481056
2025020524,3,1008,09:47,10:13,1451,left,525,takeaway,5,D,-55,20,8476483
2025020524,3,1023,10:19,09:41,1451,left,525,takeaway,22,D,68,18,8483512
2025020524,3,1040,13:01,06:59,1551,left,525,takeaway,22,N,23,-14,8481056
2025020524,3,1075,16:38,03:22,1560,left,525,takeaway,5,O,67,-10,8476483
2025020525,1,117,02:54,17:06,1551,left,525,takeaway,24,O,-96,5,8483490
2025020525,1,122,03:49,16:11,1551,left,525,takeaway,24,D,81,35,8473986
2025020525,1,265,11:27,08:33,1551,left,525,takeaway,29,O,84,-36,8483485
2025020525,2,482,03:10,16:50,1551,right,525,takeaway,29,N,21,40,8479371
2025020525,2,745,11:54,08:06,1551,right,525,takeaway,29,O,-73,-37,8477497
2025020525,2,808,15:44,04:16,1551,right,525,takeaway,29,D,48,-28,8474090
2025020525,4,1127,01:01,03:59,1331,right,525,takeaway,29,D,39,25,8480893
2025020526,1,63,00:10,19:50,1551,right,525,takeaway,15,O,86,24,8479520
2025020526,1,378,16:09,03:51,1551,right,525,takeaway,15,D,-31,29,8481580
2025020526,1,459,18:28,01:32,1451,right,525,takeaway,30,O,-91,31,8478864
2025020526,2,592,04:36,15:24,1551,left,525,takeaway,30,O,50,42,8481557
2025020526,2,779,19:51,00:09,1551,left,525,takeaway,15,O,-42,-3,8478440
2025020526,3,854,05:29,14:31,1551,right,525,takeaway,30,O,-95,18,8477451
2025020526,3,973,13:27,06:33,1541,right,525,takeaway,15,O,77,-40,8479345
2025020527,1,69,00:50,19:10,1551,left,525,takeaway,28,O,94,11,8475784
2025020527,1,441,15:49,04:11,1551,left,525,takeaway,28,D,-29,0,8482206
2025020527,2,564,01:12,18:48,1541,right,525,takeaway,28,D,94,-25,8484911
2025020527,2,585,02:09,17:51,1541,right,525,takeaway,20,O,87,14,8477346
2025020527,2,636,06:48,13:12,1551,right,525,takeaway,20,O,89,-19,8476399
2025020527,2,651,07:08,12:52,1551,right,525,takeaway,20,O,34,31,8481068
2025020527,3,814,00:19,19:41,1551,left,525,takeaway,28,D,-37,7,8475784
2025020527,3,850,02:32,17:28,1551,left,525,takeaway,20,N,13,37,8478397
2025020527,3,938,08:03,11:57,1551,left,525,takeaway,28,O,30,37,8475784
2025020528,1,193,06:47,13:13,1551,left,525,takeaway,55,O,95,-18,8481554
2025020528,1,306,11:33,08:27,1551,left,525,takeaway,21,N,-20,-26,8480448
2025020528,1,366,15:06,04:54,1451,left,525,takeaway,21,D,35,20,8476312
2025020528,2,726,10:02,09:58,1551,right,525,takeaway,55,D,43,-30,8477986
2025020528,2,756,11:56,08:04,1551,right,525,takeaway,21,D,-33,-11,8477492
2025020528,2,758,12:01,07:59,1551,right,525,takeaway,55,D,28,-37,8476457
2025020528,2,798,15:14,04:46,1551,right,525,takeaway,21,O,83,-11,8477501
2025020528,3,889,01:16,18:44,1551,left,525,takeaway,21,O,-65,-40,8475754
2025020528,3,1025,09:50,10:10,1551,left,525,takeaway,55,O,52,40,8478407
2025020528,3,1183,16:26,03:34,1551,left,525,takeaway,21,N,10,-38,8480835
2025020529,1,64,00:16,19:44,1551,right,525,takeaway,13,O,-36,-31,8473419
2025020529,1,120,03:53,16:07,1551,right,525,takeaway,26,D,-80,28,8482124
2025020529,1,125,04:02,15:58,1551,right,525,takeaway,13,D,44,28,8473419
2025020529,1,321,11:45,08:15,1541,right,525,takeaway,13,D,43,-42,8478055
2025020529,1,452,17:29,02:31,1551,right,525,takeaway,26,N,-9,4,8479998
2025020529,2,662,09:28,10:32,1441,left,525,takeaway,26,D,54,36,8479675
2025020529,2,667,09:50,10:10,1451,left,525,takeaway,13,O,83,25,8484304
2025020529,2,806,17:33,02:27,1551,left,525,takeaway,26,N,-11,-15,8476469
2025020529,3,1002,10:24,09:36,1551,right,525,takeaway,13,N,12,16,8477935
2025020529,3,1027,11:54,08:06,1551,right,525,takeaway,26,N,-17,-39,8476879
2025020530,1,125,04:30,15:30,1551,right,525,takeaway,17,O,-89,-32,8477946
2025020530,1,264,10:52,09:08,1551,right,525,takeaway,17,D,50,-34,8482762
2025020530,1,287,13:07,06:53,1551,right,525,takeaway,68,D,-89,35,8474013
2025020530,1,996,15:01,04:59,1551,right,525,takeaway,68,O,98,-1,8477951
2025020530,1,342,17:37,02:23,1551,right,525,takeaway,17,D,60,-30,8481607
2025020530,2,444,00:50,19:10,1551,left,525,takeaway,68,O,-75,42,8480849
2025020530,2,799,18:53,01:07,1541,left,525,takeaway,68,D,83,-38,8480434
2025020530,3,972,07:05,12:55,1551,right,525,takeaway,17,N,7,-19,8481607
2025020531,1,166,06:19,13:41,1551,left,525,takeaway,19,O,98,-15,8476897
2025020531,1,176,07:09,12:51,1551,left,525,takeaway,52,O,-82,37,8476331
2025020531,1,378,19:27,00:33,1541,left,525,takeaway,52,O,-71,42,8480145
2025020531,2,622,01:38,18:22,1541,right,525,takeaway,19,N,20,-18,8480023
2025020531,2,715,18:24,01:36,1451,right,525,takeaway,52,D,-30,36,8480289
2025020531,3,906,08:46,11:14,1551,left,525,takeaway,19,N,23,12,8476892
2025020531,3,934,10:39,09:21,1551,left,525,takeaway,19,D,-46,-39,8481598
2025020532,1,200,05:38,14:22,1551,left,525,takeaway,12,D,25,-16,8476958
2025020532,1,237,07:14,12:46,1551,left,525,takeaway,18,N,-15,4,8474600
2025020532,1,421,14:17,05:43,1451,left,525,takeaway,12,D,73,40,8476958
2025020532,1,449,15:24,04:36,1451,left,525,takeaway,12,N,-14,-41,8482093
2025020532,2,806,17:45,02:15,1551,right,525,takeaway,12,O,95,-8,8482702
2025020532,3,844,02:04,17:56,1541,left,525,takeaway,18,O,27,-5,8475158
2025020532,3,849,02:16,17:44,1541,left,525,takeaway,18,N,2,18,8475287
2025020532,3,959,04:18,15:42,1551,left,525,takeaway,18,O,62,-36,8474600
2025020532,3,967,04:50,15:10,1551,left,525,takeaway,18,O,91,26,8474600
2025020532,3,1015,08:38,11:22,1551,left,525,takeaway,18,O,94,-7,8476887
2025020532,3,1072,11:52,08:08,1551,left,525,takeaway,12,O,-54,37,8480830
2025020532,3,1133,18:02,01:58,1560,left,525,takeaway,12,D,56,39,8480817
2025020532,3,1141,19:11,00:49,1560,left,525,takeaway,12,O,-27,-32,8480830
2025020533,1,199,06:28,13:32,1551,right,525,takeaway,54,D,35,6,8478468
2025020533,1,232,08:38,11:22,1551,right,525,takeaway,54,D,50,-42,8478396
2025020533,1,276,11:40,08:20,1551,right,525,takeaway,1,D,-29,-32,8476462
2025020533,1,292,12:43,07:17,1541,right,525,takeaway,54,D,51,41,8476438
2025020533,2,766,13:00,07:00,1551,left,525,takeaway,54,O,27,35,8477964
2025020533,2,836,18:13,01:47,1451,left,525,takeaway,1,D,29,10,8480002
2025020533,3,897,02:51,17:09,1551,right,525,takeaway,54,O,-42,37,8476881
2025020533,3,1016,10:58,09:02,1551,right,525,takeaway,1,D,-98,-14,8482684
2025020533,3,1064,14:53,05:07,1551,right,525,takeaway,54,O,-67,-23,8478396
2025020533,3,1100,16:18,03:42,1551,right,525,takeaway,1,D,-27,39,8478399
2025020533,3,1106,16:32,03:28,1551,right,525,takeaway,1,O,57,-32,8479407
2025020534,1,124,04:36,15:24,1551,left,525,takeaway,6,N,-22,18,8482177
2025020534,1,140,04:54,15:06,1551,left,525,takeaway,6,D,-49,36,8476854
2025020534,1,274,11:40,08:20,1551,left,525,takeaway,6,N,0,-16,8479999
2025020534,1,371,13:52,06:08,1551,left,525,takeaway,22,O,-74,29,8483512
2025020534,2,705,14:51,05:09,1551,right,525,takeaway,22,O,69,-16,8481056
2025020534,3,882,07:52,12:08,1541,left,525,takeaway,22,O,-35,27,8476454
2025020534,3,899,08:43,11:17,1551,left,525,takeaway,6,D,-83,37,8479325
2025020534,3,1018,18:31,01:29,1560,left,525,takeaway,6,D,-65,-24,8476854
2025020535,1,124,04:19,15:41,1551,left,525,takeaway,7,D,-61,19,8482097
2025020535,1,152,05:33,14:27,1551,left,525,takeaway,7,O,97,-23,8482659
2025020535,1,224,10:06,09:54,1551,left,525,takeaway,7,D,-61,42,8483500
2025020535,1,356,16:54,03:06,1551,left,525,takeaway,7,N,17,33,8480891
2025020535,2,580,05:57,14:03,1541,right,525,takeaway,7,D,47,17,8479359
2025020535,2,599,07:07,12:53,1551,right,525,takeaway,4,D,-40,41,8477948
2025020535,3,926,07:12,12:48,1551,left,525,takeaway,7,O,25,4,8480891
2025020536,1,78,01:29,18:31,1551,right,525,takeaway,16,O,93,1,8477444
2025020536,1,145,07:19,12:41,1551,right,525,takeaway,16,D,-25,36,8483493
2025020536,1,319,13:53,06:07,1551,right,525,takeaway,16,O,68,41,8481624
2025020536,1,337,15:14,04:46,1551,right,525,takeaway,8,N,-1,7,8483457
2025020536,1,355,17:19,02:41,1551,right,525,takeaway,16,N,9,0,8476882
2025020536,2,551,04:01,15:59,1551,left,525,takeaway,8,D,-66,14,8482737
2025020536,2,643,11:29,08:31,1551,left,525,takeaway,16,N,7,-13,8476882
2025020536,2,649,12:27,07:33,1551,left,525,takeaway,16,O,-37,-10,8477444
2025020536,3,847,08:28,11:32,1551,right,525,takeaway,16,O,49,37,8476473
2025020536,3,920,13:41,06:19,1551,right,525,takeaway,16,D,-99,2,8482176
2025020536,3,931,14:41,05:19,1551,right,525,takeaway,8,D,74,-19,8483457
2025020537,1,164,03:47,16:13,1551,left,525,takeaway,9,N,15,41,8482105
2025020537,1,198,06:27,13:33,1551,left,525,takeaway,9,O,40,-26,8482116
2025020537,1,296,14:30,05:30,1551,left,525,takeaway,5,N,16,-30,8478854
2025020537,1,459,19:10,00:50,1541,left,525,takeaway,5,D,58,-41,8478438
2025020537,2,619,06:42,13:18,1551,right,525,takeaway,5,O,36,41,8479638
2025020537,2,761,18:39,01:21,1551,right,525,takeaway,9,D,33,30,8481606
2025020537,3,935,10:16,09:44,1551,left,525,takeaway,5,O,-57,-38,8471675
2025020538,1,86,01:32,18:28,1551,left,525,takeaway,26,N,0,24,8481532
2025020538,1,120,04:10,15:50,1551,left,525,takeaway,26,N,14,1,8477960
2025020538,1,201,05:40,14:20,1551,left,525,takeaway,26,D,82,-13,8479675
2025020538,1,321,14:35,05:25,1551,left,525,takeaway,26,D,34,-30,8476469
2025020538,1,423,19:47,00:13,1551,left,525,takeaway,26,O,-81,-39,8477960
2025020538,2,518,02:48,17:12,1551,right,525,takeaway,14,O,-48,37,8482201
2025020538,2,528,03:01,16:59,1551,right,525,takeaway,14,O,-55,-39,8483752
2025020538,2,563,05:00,15:00,1551,right,525,takeaway,26,D,-73,-40,8471685
2025020538,3,903,08:27,11:33,1451,left,525,takeaway,26,D,49,-41,8479675
2025020538,3,911,08:35,11:25,1451,left,525,takeaway,26,D,37,41,8476441
2025020538,3,931,09:17,10:43,1451,left,525,takeaway,26,D,74,38,8475208
2025020538,3,1005,16:20,03:40,1551,left,525,takeaway,26,O,-45,-40,8470621
2025020538,3,1025,18:00,02:00,1560,left,525,takeaway,26,D,73,-34,8470621
2025020539,1,99,02:53,17:07,1551,right,525,takeaway,10,D,-78,-36,8481582
2025020539,1,156,07:07,12:53,1451,right,525,takeaway,10,D,-41,41,8476872
2025020539,1,189,09:10,10:50,1551,right,525,takeaway,15,D,30,34,8478911
2025020539,1,270,14:47,05:13,1551,right,525,takeaway,10,D,-41,4,8481582
2025020539,2,498,03:58,16:02,1551,left,525,takeaway,15,D,-54,14,8482167
2025020539,2,757,17:05,02:55,1451,left,525,takeaway,10,N,10,-41,8476931
2025020539,2,770,17:44,02:16,1451,left,525,takeaway,15,O,48,-40,8481580
2025020539,3,865,05:31,14:29,1541,right,525,takeaway,15,D,46,-35,8480873
2025020539,3,906,07:48,12:12,1551,right,525,takeaway,10,O,71,41,8478057
2025020539,3,930,09:18,10:42,1551,right,525,takeaway,10,N,17,-31,8475166
2025020540,1,150,05:34,14:26,1551,left,525,takeaway,29,O,66,-41,8477425
2025020540,1,296,13:58,06:02,1551,left,525,takeaway,30,N,13,32,8480800
2025020540,2,686,11:55,08:05,1541,right,525,takeaway,30,O,98,1,8481557
2025020540,2,713,13:54,06:06,1551,right,525,takeaway,29,O,-30,-36,8480893
2025020540,2,780,17:34,02:26,1551,right,525,takeaway,29,N,8,3,8478460
2025020540,2,791,18:53,01:07,1551,right,525,takeaway,29,D,45,34,8476923
2025020540,3,967,12:03,07:57,1551,left,525,takeaway,30,O,-72,-21,8478508
2025020540,3,990,12:25,07:35,1551,left,525,takeaway,29,N,-22,38,8480893
2025020540,3,1000,14:34,05:26,1551,left,525,takeaway,30,D,89,35,8481557
2025020540,3,1021,15:36,04:24,1551,left,525,takeaway,30,D,94,30,8483525
2025020540,3,1114,18:33,01:27,1560,left,525,takeaway,29,O,98,0,8478500
2025020540,3,1121,19:31,00:29,1451,left,525,takeaway,30,D,27,-40,8481477
2025020541,1,91,01:36,18:24,1551,left,525,takeaway,19,D,-59,-41,8481598
2025020541,1,403,17:06,02:54,1551,left,525,takeaway,19,D,-53,31,8481006
2025020541,2,695,12:19,07:41,1551,right,525,takeaway,3,D,-54,38,8476468
2025020541,2,795,19:16,00:44,1451,right,525,takeaway,3,D,-52,37,8482157
2025020541,3,866,04:08,15:52,1551,left,525,takeaway,3,N,12,-28,8476459
2025020541,3,908,07:11,12:49,1551,left,525,takeaway,19,N,14,-17,8482089
2025020541,3,934,07:34,12:26,1551,left,525,takeaway,3,D,54,-6,8478882
2025020541,3,966,09:40,10:20,1551,left,525,takeaway,3,O,-80,-34,8476389
2025020541,3,977,09:44,10:16,1551,left,525,takeaway,19,D,-54,-42,8476892
2025020541,3,1068,16:27,03:33,1551,left,525,takeaway,19,D,-67,37,8475170
2025020542,1,160,06:05,13:55,1551,right,525,takeaway,55,O,85,-31,8481554
2025020542,1,168,06:14,13:46,1551,right,525,takeaway,20,D,54,36,8476456
2025020542,1,273,10:24,09:36,1551,right,525,takeaway,55,O,38,38,8481554
2025020542,1,395,15:49,04:11,1551,right,525,takeaway,20,N,-21,36,8480860
2025020542,2,547,03:22,16:38,1551,left,525,takeaway,20,O,46,-29,8476456
2025020542,2,639,11:03,08:57,1551,left,525,takeaway,55,O,-58,-26,8482874
2025020542,2,742,14:29,05:31,1551,left,525,takeaway,20,N,-1,11,8480797
2025020542,2,743,14:35,05:25,1551,left,525,takeaway,55,D,78,-37,8479324
2025020542,3,918,06:52,13:08,1451,right,525,takeaway,55,D,-35,35,8476467
2025020542,3,1061,16:40,03:20,1551,right,525,takeaway,55,O,54,38,8476467
2025020543,1,78,00:36,19:24,1551,left,525,takeaway,28,O,93,30,8475200
2025020543,2,544,01:26,18:34,1551,right,525,takeaway,28,O,-87,32,8475906
2025020543,2,613,06:36,13:24,1551,right,525,takeaway,28,O,-86,38,8482667
2025020543,3,797,00:16,19:44,1551,left,525,takeaway,25,N,22,-17,8481581
2025020543,3,849,03:17,16:43,1551,left,525,takeaway,25,O,-46,37,8478420
2025020543,3,879,03:41,16:19,1551,left,525,takeaway,25,D,32,35,8478420
2025020543,3,890,05:53,14:07,1551,left,525,takeaway,25,D,90,24,8482145
2025020543,3,902,06:29,13:31,1551,left,525,takeaway,28,D,-65,-21,8477505
2025020543,3,950,09:27,10:33,1551,left,525,takeaway,25,O,-54,28,8478420
2025020543,3,983,13:06,06:54,1451,left,525,takeaway,25,D,29,6,8476902
2025020544,1,125,04:04,15:56,1551,right,525,takeaway,13,D,86,-25,8478542
2025020544,1,164,06:15,13:45,1551,right,525,takeaway,13,O,-81,-37,8484304
2025020544,1,287,12:27,07:33,1551,right,525,takeaway,13,O,-72,-33,8478542
2025020544,1,321,13:51,06:09,1551,right,525,takeaway,12,O,96,16,8477478
2025020544,2,528,00:52,19:08,1551,left,525,takeaway,12,O,-50,-4,8476958
2025020544,2,633,03:23,16:37,1451,left,525,takeaway,12,D,30,38,8478970
2025020544,2,651,05:11,14:49,1551,left,525,takeaway,12,D,78,39,8478970
2025020544,2,714,09:03,10:57,1551,left,525,takeaway,12,D,50,17,8478970
2025020544,3,1007,07:42,12:18,1551,right,525,takeaway,12,O,84,-32,8482702
2025020544,3,1155,12:58,07:02,1441,right,525,takeaway,12,N,19,-40,8477940
2025020544,4,1265,00:37,04:23,1331,left,525,takeaway,12,N,-10,-35,8478427
2025020545,1,87,02:14,17:46,1551,left,525,takeaway,23,O,-87,-31,8480748
2025020545,1,111,04:09,15:51,1451,left,525,takeaway,2,D,-62,30,8485366
2025020545,1,261,10:17,09:43,1551,left,525,takeaway,2,O,98,-19,8477506
2025020545,1,308,15:34,04:26,1541,left,525,takeaway,23,O,-92,-20,8479425
2025020545,2,434,01:45,18:15,1551,right,525,takeaway,23,O,80,33,8482055
2025020545,2,454,02:39,17:21,1551,right,525,takeaway,23,O,99,-12,8481024
2025020545,2,700,19:00,01:00,1551,right,525,takeaway,23,D,-60,41,8479425
2025020545,3,804,08:24,11:36,1551,left,525,takeaway,23,N,6,34,8474574
2025020545,3,808,08:30,11:30,1551,left,525,takeaway,2,N,-21,30,8484221
2025020546,1,245,13:22,06:38,1551,right,525,takeaway,52,O,72,22,8473604
2025020546,2,640,06:53,13:07,1551,left,525,takeaway,52,N,-11,-39,8476460
2025020546,2,681,10:01,09:59,1551,left,525,takeaway,21,D,-41,-36,8484258
2025020546,3,961,04:01,15:59,1551,right,525,takeaway,52,O,99,11,8480289
2025020546,3,965,04:15,15:45,1551,right,525,takeaway,21,O,-74,-33,8484149
2025020546,3,1051,12:00,08:00,1551,right,525,takeaway,52,O,57,-42,8480145
2025020546,3,1108,16:17,03:43,1551,right,525,takeaway,21,N,-21,-3,8478038
2025020547,1,90,02:30,17:30,1551,left,525,takeaway,1,O,-96,11,8475455
2025020547,1,836,11:04,08:56,1541,left,525,takeaway,68,D,-57,-33,8478831
2025020547,1,853,14:31,05:29,1551,left,525,takeaway,1,D,86,26,8478399
2025020547,2,497,02:13,17:47,1541,right,525,takeaway,1,O,82,32,8480002
2025020547,2,746,12:10,07:50,1551,right,525,takeaway,68,O,-36,32,8484388
2025020547,3,885,00:49,19:11,1451,left,525,takeaway,1,D,35,-42,8482110
2025020547,3,1113,19:37,00:23,1460,left,525,takeaway,1,D,43,-39,8477015
2025020548,1,246,06:46,13:14,1551,left,525,takeaway,24,D,-26,-15,8481605
2025020548,1,370,14:51,05:09,1551,left,525,takeaway,25,D,36,41,8478420
2025020548,1,462,18:04,01:56,1551,left,525,takeaway,25,D,64,35,8478420
2025020548,2,591,02:29,17:31,1451,right,525,takeaway,24,D,76,41,8484153
2025020548,2,671,04:44,15:16,1551,right,525,takeaway,24,D,86,12,8482178
2025020548,2,782,05:59,14:01,1551,right,525,takeaway,24,N,20,-16,8484153
2025020548,2,727,09:30,10:30,1551,right,525,takeaway,25,O,77,-37,8475168
2025020548,3,1024,12:34,07:26,1551,left,525,takeaway,25,D,95,0,8478420
2025020549,1,203,05:28,14:32,1551,right,525,takeaway,4,N,-7,31,8475235
2025020549,1,329,11:33,08:27,1551,right,525,takeaway,3,O,-94,-4,8483690
2025020549,1,362,12:26,07:34,1551,right,525,takeaway,3,O,-97,-5,8475842
2025020549,1,482,18:58,01:02,1551,right,525,takeaway,3,N,17,-7,8477369
2025020549,2,742,11:40,08:20,1551,left,525,takeaway,3,O,86,38,8478882
2025020549,3,963,05:43,14:17,1451,right,525,takeaway,3,O,-93,-23,8483690
2025020549,3,979,07:40,12:20,1551,right,525,takeaway,3,O,-90,32,8482109
2025020549,3,1029,09:56,10:04,1551,right,525,takeaway,3,N,16,38,8484210
2025020550,1,186,05:16,14:44,1551,right,525,takeaway,17,O,34,-25,8479337
2025020550,1,264,09:52,10:08,1551,right,525,takeaway,15,O,-98,-16,8474590
2025020550,2,603,03:49,16:11,1551,left,525,takeaway,17,D,46,37,8480879
2025020550,2,604,03:51,16:09,1551,left,525,takeaway,15,O,88,36,8483573
2025020550,2,752,11:14,08:46,1551,left,525,takeaway,17,D,54,32,8481542
2025020550,2,816,15:15,04:45,1551,left,525,takeaway,17,O,-72,-42,8477429
2025020550,3,950,05:11,14:49,1551,right,525,takeaway,17,O,44,-41,8481542
2025020550,3,1039,13:03,06:57,1551,right,525,takeaway,17,D,-30,20,8481077
2025020551,1,92,02:35,17:25,1551,left,525,takeaway,9,N,22,14,8480245
2025020551,1,118,03:48,16:12,1551,left,525,takeaway,9,O,98,-15,8480188
2025020551,1,213,09:24,10:36,1551,left,525,takeaway,9,D,-47,5,8481606
2025020551,1,333,14:05,05:55,1451,left,525,takeaway,16,D,69,24,8476473
2025020551,2,642,07:57,12:03,1541,right,525,takeaway,9,N,8,-20,8482116
2025020551,2,721,09:43,10:17,1541,right,525,takeaway,16,O,66,15,8477444
2025020551,3,902,02:26,17:34,1551,left,525,takeaway,16,D,31,30,8476891
2025020551,3,1017,11:24,08:36,1451,left,525,takeaway,16,D,93,-10,8483450
2025020551,3,1076,15:30,04:30,1551,left,525,takeaway,16,O,-55,38,8477444
2025020551,3,1129,19:43,00:17,0651,left,525,takeaway,9,D,-30,-1,8482092
2025020552,1,158,06:30,13:30,1551,right,525,takeaway,22,O,43,37,8477934
2025020552,1,189,09:18,10:42,1551,right,525,takeaway,22,D,-51,-11,8479368
2025020552,2,531,03:43,16:17,1551,left,525,takeaway,30,D,-59,-28,8477451
2025020552,2,611,09:46,10:14,1551,left,525,takeaway,22,D,43,39,8478402
2025020552,2,618,10:47,09:13,1551,left,525,takeaway,30,D,-30,41,8482122
2025020552,2,624,11:36,08:24,1551,left,525,takeaway,22,O,-30,10,8477406
2025020552,2,648,12:38,07:22,1551,left,525,takeaway,30,O,79,-39,8481477
2025020552,3,824,03:48,16:12,1551,right,525,takeaway,30,D,59,33,8476463
2025020552,3,890,08:07,11:53,1551,right,525,takeaway,30,O,-93,26,8475692
2025020552,3,938,11:26,08:34,1551,right,525,takeaway,30,D,65,28,8482122
2025020552,3,954,12:47,07:13,1551,right,525,takeaway,30,D,82,-37,8478508
2025020553,1,410,17:05,02:55,1551,left,525,takeaway,7,O,95,-18,8483500
2025020553,1,437,19:43,00:17,1551,left,525,takeaway,7,O,96,4,8484145
2025020553,2,531,01:43,18:17,1551,right,525,takeaway,2,O,76,41,8478445
2025020553,2,805,15:57,04:03,1551,right,525,takeaway,2,D,-99,0,8485366
2025020553,3,980,07:36,12:24,1551,left,525,takeaway,7,D,-69,34,8480807
2025020553,3,1031,10:12,09:48,1451,left,525,takeaway,2,D,85,19,8481601
2025020553,3,1057,13:44,06:16,1551,left,525,takeaway,7,N,-14,-36,8480064
2025020553,4,1128,00:15,04:45,1331,right,525,takeaway,2,D,-73,-21,8485366
2025020553,4,1148,02:13,02:47,1331,right,525,takeaway,7,D,42,-40,8480064
2025020554,1,75,01:31,18:29,1551,right,525,takeaway,19,D,-49,-14,8482733
2025020554,1,342,10:45,09:15,1551,right,525,takeaway,19,D,-53,-33,8475753
2025020554,2,689,09:18,10:42,1451,left,525,takeaway,13,O,98,-1,8477935
2025020554,2,773,12:14,07:46,1451,left,525,takeaway,19,D,76,-36,8480023
2025020554,3,1043,06:58,13:02,1551,right,525,takeaway,13,D,56,-36,8478859
2025020554,3,1119,11:59,08:01,1551,right,525,takeaway,19,O,98,1,8475170
2025020555,1,276,15:10,04:50,1551,left,525,takeaway,6,O,71,31,8482177
2025020555,1,413,17:29,02:31,1541,left,525,takeaway,6,D,-96,26,8482177
2025020555,1,436,19:42,00:18,1551,left,525,takeaway,23,O,-88,-35,8481024
2025020555,2,619,08:17,11:43,1551,right,525,takeaway,6,D,76,-41,8479325
2025020555,2,647,10:01,09:59,1441,right,525,takeaway,23,D,-40,-2,8480748
2025020555,2,659,11:41,08:19,1551,right,525,takeaway,6,O,-82,-37,8482511
2025020555,2,775,16:09,03:51,1551,right,525,takeaway,6,D,77,17,8480355
2025020555,3,872,02:58,17:02,1451,left,525,takeaway,23,D,69,-39,8483678
2025020555,3,942,07:54,12:06,1551,left,525,takeaway,23,O,-90,32,8474574
2025020555,3,943,08:01,11:59,1551,left,525,takeaway,23,N,-22,-18,8484798
2025020555,4,1115,01:55,03:05,1331,right,525,takeaway,6,N,6,-42,8479999
2025020556,1,65,00:36,19:24,1551,right,525,takeaway,8,N,-3,-35,8478133
2025020556,1,166,07:24,12:36,1551,right,525,takeaway,8,O,-50,14,8480018
2025020556,1,231,13:01,06:59,1551,right,525,takeaway,5,N,-11,-39,8471724
2025020556,1,259,15:13,04:47,1551,right,525,takeaway,8,D,46,38,8482737
2025020556,2,683,18:20,01:40,1551,left,525,takeaway,8,D,-61,39,8480074
2025020556,3,717,01:27,18:33,1551,right,525,takeaway,5,O,63,41,8478450
2025020556,3,719,01:45,18:15,1551,right,525,takeaway,5,D,-96,-9,8474578
2025020556,3,874,14:13,05:47,0651,right,525,takeaway,5,O,86,-38,8478438
2025020556,3,937,19:27,00:33,1551,right,525,takeaway,8,D,42,-38,8480813
2025020557,1,90,02:18,17:42,1551,left,525,takeaway,12,D,47,-26,8476422
2025020557,1,345,13:17,06:43,1541,left,525,takeaway,12,N,22,0,8482809
2025020557,1,394,18:03,01:57,1551,left,525,takeaway,14,O,81,29,8476453
2025020557,2,608,05:55,14:05,1551,right,525,takeaway,12,D,-62,-34,8480830
2025020557,2,757,13:45,06:15,1551,right,525,takeaway,12,O,40,8,8476422
2025020557,3,984,08:08,11:52,1551,left,525,takeaway,12,D,80,-39,8482100
2025020557,3,1025,11:42,08:18,1551,left,525,takeaway,12,D,72,30,8476873
2025020558,1,150,07:01,12:59,1541,left,525,takeaway,10,O,-97,-10,8484158
2025020558,1,195,08:55,11:05,1551,left,525,takeaway,10,N,6,22,8479318
2025020558,2,653,11:06,08:54,1551,right,525,takeaway,18,O,-71,5,8474564
2025020558,3,963,03:46,16:14,1551,left,525,takeaway,18,D,-62,-28,8482482
2025020558,3,937,07:59,12:01,1551,left,525,takeaway,18,D,-35,17,8483565
2025020558,3,1085,18:21,01:39,0651,left,525,takeaway,18,N,-8,21,8476887
2025020559,1,60,00:22,19:38,1551,right,525,takeaway,54,N,-19,27,8475913
2025020559,1,199,06:07,13:53,1551,right,525,takeaway,20,N,17,-40,8480860
2025020559,1,218,07:32,12:28,1551,right,525,takeaway,54,D,-53,-10,8483890
2025020559,1,222,08:17,11:43,1551,right,525,takeaway,20,D,96,-3,8480860
2025020559,1,238,09:50,10:10,1551,right,525,takeaway,20,D,88,-28,8480860
2025020559,1,420,18:29,01:31,1551,right,525,takeaway,20,D,55,35,8478397
2025020559,3,840,01:00,19:00,1551,right,525,takeaway,20,O,-59,36,8474150
2025020559,3,845,01:22,18:38,1551,right,525,takeaway,54,O,66,19,8475188
2025020559,3,965,09:49,10:11,1551,right,525,takeaway,54,O,91,32,8476438
2025020560,1,253,10:44,09:16,1551,left,525,takeaway,24,D,-84,-23,8476885
2025020560,1,255,10:56,09:04,1551,left,525,takeaway,24,N,-2,-14,8484153
2025020560,1,284,12:42,07:18,1551,left,525,takeaway,24,D,-84,-34,8482178
2025020560,1,292,12:51,07:09,1551,left,525,takeaway,29,D,32,-38,8478500
2025020560,1,385,16:16,03:44,1551,left,525,takeaway,29,D,44,18,8478975
2025020560,1,414,18:44,01:16,1551,left,525,takeaway,29,N,17,-7,8482660
2025020560,2,604,04:20,15:40,1551,right,525,takeaway,24,N,19,-28,8484153
2025020560,2,743,15:44,04:16,1551,right,525,takeaway,29,N,-14,11,8482705
2025020560,3,877,05:32,14:28,1551,left,525,takeaway,24,D,-39,26,8478366
2025020561,1,69,00:18,19:42,1551,left,525,takeaway,28,D,-85,-25,8484911
2025020561,1,191,06:07,13:53,1541,left,525,takeaway,28,D,-64,-20,8482166
2025020561,1,273,08:00,12:00,1551,left,525,takeaway,55,O,-53,-32,8481789
2025020561,1,313,10:05,09:55,1451,left,525,takeaway,55,D,31,-37,8479324
2025020561,1,356,13:42,06:18,1451,left,525,takeaway,55,D,34,-38,8477919
2025020561,1,433,19:39,00:21,1551,left,525,takeaway,28,O,63,40,8479983
2025020561,2,637,07:26,12:34,1551,right,525,takeaway,28,O,-99,-20,8482859
2025020561,2,684,11:03,08:57,1451,right,525,takeaway,28,O,-81,-39,8475784
2025020561,2,748,14:27,05:33,1551,right,525,takeaway,28,D,25,-41,8475784
2025020561,2,765,17:46,02:14,1551,right,525,takeaway,28,D,91,32,8479983
2025020561,3,894,08:45,11:15,1551,left,525,takeaway,55,N,-6,-39,8483524
2025020561,3,924,11:08,08:52,1551,left,525,takeaway,55,D,32,-35,8480009
2025020561,3,934,11:46,08:14,1551,left,525,takeaway,55,N,18,40,8477919
2025020562,1,113,01:29,18:31,1551,right,525,takeaway,17,O,-99,-8,8475279
2025020562,1,463,17:22,02:38,1551,right,525,takeaway,17,D,97,-18,8484223
2025020562,2,497,00:03,19:57,1551,left,525,takeaway,15,D,26,-14,8479345
2025020562,2,518,00:40,19:20,1551,left,525,takeaway,17,N,1,-15,8479337
2025020562,2,565,04:31,15:29,1551,left,525,takeaway,15,O,-79,-27,8483573
2025020562,2,648,07:17,12:43,1551,left,525,takeaway,17,D,-84,20,8474612
2025020562,2,780,13:02,06:58,1551,left,525,takeaway,17,O,94,-5,8484471
2025020562,2,783,15:35,04:25,1551,left,525,takeaway,17,O,97,-1,8484160
2025020562,4,1154,01:21,03:39,1341,left,525,takeaway,15,D,85,17,8480796
2025020562,4,1155,02:53,02:07,1331,left,525,takeaway,17,O,43,28,8482078
2025020562,4,1156,04:23,00:37,1331,left,525,takeaway,17,D,-77,-35,8477429
2025020563,1,383,16:08,03:52,1551,right,525,takeaway,30,N,22,40,8482122
2025020563,2,649,07:18,12:42,1551,left,525,takeaway,30,D,-35,33,8477451
2025020563,2,779,16:40,03:20,1541,left,525,takeaway,21,O,-81,20,8477492
2025020563,3,922,03:03,16:57,1551,right,525,takeaway,21,O,99,12,8476455
2025020563,3,932,03:56,16:04,1551,right,525,takeaway,21,O,93,-13,8477501
2025020563,3,954,05:51,14:09,1551,right,525,takeaway,21,D,-51,7,8480069
2025020563,3,973,07:21,12:39,1551,right,525,takeaway,21,D,-40,-24,8484258
2025020563,3,1006,09:58,10:02,1451,right,525,takeaway,21,D,-85,-38,8480069
2025020564,1,214,06:27,13:33,1551,left,525,takeaway,6,O,76,-40,8477956
2025020564,1,362,11:29,08:31,1451,left,525,takeaway,9,D,98,4,8484321
2025020564,1,376,11:45,08:15,1451,left,525,takeaway,9,D,96,-1,8478469
2025020564,1,389,13:21,06:39,1551,left,525,takeaway,9,O,-96,-14,8481528
2025020564,2,617,03:25,16:35,1551,right,525,takeaway,6,O,-66,-41,8476854
2025020564,2,714,07:34,12:26,1551,right,525,takeaway,9,O,88,-35,8480188
2025020564,3,898,01:44,18:16,1551,left,525,takeaway,9,N,-2,-3,8482105
2025020564,3,1010,08:45,11:15,1551,left,525,takeaway,9,N,-1,42,8482245
2025020565,1,129,04:59,15:01,1551,left,525,takeaway,1,D,-46,38,8482110
2025020565,1,369,11:15,08:45,1551,left,525,takeaway,7,D,49,-20,8483500
2025020565,2,647,08:52,11:08,1551,right,525,takeaway,7,D,-42,-36,8480891
2025020565,2,682,11:14,08:46,1551,right,525,takeaway,7,N,18,14,8480802
2025020565,3,821,01:42,18:18,1551,left,525,takeaway,1,D,-41,37,8478399
2025020565,3,833,01:59,18:01,1551,left,525,takeaway,7,D,83,-24,8480802
2025020565,3,858,04:24,15:36,1551,left,525,takeaway,7,D,57,-31,8477949
2025020565,3,910,07:30,12:30,1551,left,525,takeaway,7,O,-30,33,8483500
2025020565,3,959,12:25,07:35,1551,left,525,takeaway,7,O,-99,-18,8482659
2025020566,1,71,01:15,18:45,1551,left,525,takeaway,5,D,-84,38,8476483
2025020566,1,97,02:26,17:34,1551,left,525,takeaway,5,O,84,26,8480980
2025020566,1,264,07:47,12:13,1551,left,525,takeaway,5,O,59,40,8478450
2025020566,2,568,07:32,12:28,1551,right,525,takeaway,8,D,-63,-38,8483686
2025020566,2,591,09:24,10:36,1551,right,525,takeaway,8,O,99,4,8476981
2025020566,2,672,11:18,08:42,1551,right,525,takeaway,8,D,-50,31,8478851
2025020566,3,1033,02:39,17:21,1551,left,525,takeaway,5,D,-57,41,8478854
2025020566,3,1216,19:20,00:40,1551,left,525,takeaway,8,O,-48,-37,8482775
2025020566,4,1256,04:14,00:46,1331,right,525,takeaway,8,D,-70,-41,8483515
2025020567,1,438,15:32,04:28,1551,left,525,takeaway,18,N,-6,38,8482768
2025020567,1,487,18:44,01:16,1551,left,525,takeaway,18,O,52,0,8476887
2025020567,2,496,00:11,19:49,1551,right,525,takeaway,3,O,72,-38,8482109
2025020567,2,774,17:19,02:41,1551,right,525,takeaway,18,O,-68,38,8482768
2025020567,2,780,18:03,01:57,1551,right,525,takeaway,18,D,61,-20,8474600
2025020567,3,835,01:19,18:41,1551,left,525,takeaway,3,N,6,-30,8477369
2025020567,3,1072,02:50,17:10,1551,left,525,takeaway,18,O,73,34,8474564
2025020567,3,914,05:20,14:40,1551,left,525,takeaway,18,O,35,-2,8478047
2025020568,1,203,06:25,13:35,1551,right,525,takeaway,25,D,61,-37,8476902
2025020568,1,260,08:18,11:42,1551,right,525,takeaway,10,O,29,6,8479318
2025020568,1,277,10:10,09:50,1551,right,525,takeaway,10,O,42,-38,8482259
2025020568,1,309,14:48,05:12,1551,right,525,takeaway,25,D,93,20,8480878
2025020568,2,523,05:47,14:13,1551,left,525,takeaway,25,O,39,3,8482145
2025020568,2,706,16:28,03:32,1541,left,525,takeaway,25,N,22,-42,8476278
2025020568,2,710,16:29,03:31,1541,left,525,takeaway,10,N,0,-39,8475166
2025020568,3,828,04:46,15:14,1551,right,525,takeaway,25,N,1,-24,8481581
2025020568,3,1030,14:54,05:06,1551,right,525,takeaway,25,D,42,6,8484829
2025020569,1,136,04:38,15:22,1551,left,525,takeaway,68,D,-41,-3,8479619
2025020569,1,195,08:40,11:20,1551,left,525,takeaway,68,O,68,16,8482699
2025020569,2,648,06:00,14:00,1551,right,525,takeaway,52,D,-78,40,8476331
2025020569,3,859,01:59,18:01,1551,left,525,takeaway,52,O,-87,29,8482149
2025020569,3,868,02:45,17:15,1551,left,525,takeaway,52,N,-19,42,8473604
2025020569,3,885,04:04,15:56,1551,left,525,takeaway,52,N,-17,35,8476480
2025020569,3,962,09:48,10:12,1451,left,525,takeaway,68,O,99,9,8480849
2025020569,3,1020,13:17,06:43,1551,left,525,takeaway,52,D,56,-42,8480049
2025020569,3,1038,15:08,04:52,1551,left,525,takeaway,52,O,-80,36,8479378
2025020569,3,1047,15:36,04:24,1551,left,525,takeaway,68,D,-91,30,8478507
2025020570,1,72,00:13,19:47,1551,left,525,takeaway,54,N,-20,8,8479353
2025020570,1,395,17:17,02:43,1551,left,525,takeaway,22,D,-99,-9,8474641
2025020570,1,396,18:34,01:26,1541,left,525,takeaway,54,D,90,-14,8475913
2025020570,2,610,03:56,16:04,1551,right,525,takeaway,54,D,-43,-36,8477018
2025020570,2,701,10:48,09:12,1551,right,525,takeaway,22,N,13,-6,8476454
2025020570,3,1012,04:08,15:52,1551,left,525,takeaway,54,D,37,-36,8476925
2025020571,1,164,06:00,14:00,1551,left,525,takeaway,14,O,82,17,8483398
2025020571,1,180,08:26,11:34,1451,left,525,takeaway,14,O,94,-21,8478178
2025020571,2,625,03:24,16:36,1551,right,525,takeaway,19,O,25,38,8481006
2025020571,2,738,11:07,08:53,1551,right,525,takeaway,19,D,-35,37,8480023
2025020571,2,765,14:33,05:27,1551,right,525,takeaway,14,N,-23,-12,8482201
2025020571,3,908,04:26,15:34,1551,left,525,takeaway,14,D,-63,-35,8474151
2025020571,3,982,09:36,10:24,1551,left,525,takeaway,14,O,77,-28,8483398
2025020571,3,1030,12:42,07:18,1551,left,525,takeaway,14,N,-6,-18,8478178
2025020571,3,1048,13:05,06:55,1551,left,525,takeaway,19,D,60,-38,8484230
2025020571,3,1051,14:17,05:43,1551,left,525,takeaway,19,O,-99,14,8475753
2025020572,1,83,01:14,18:46,1551,right,525,takeaway,4,N,-8,-42,8477948
2025020572,2,711,17:12,02:48,1551,left,525,takeaway,23,O,-62,34,8482079
2025020572,3,853,03:35,16:25,1551,right,525,takeaway,23,D,-56,-36,8481024
2025020572,3,986,14:30,05:30,1551,right,525,takeaway,23,O,88,-36,8480748
2025020573,1,218,01:01,18:59,1451,left,525,takeaway,24,D,-86,34,8483445
2025020573,1,131,04:43,15:17,1551,left,525,takeaway,24,D,-44,37,8481605
2025020573,1,230,09:21,10:39,1551,left,525,takeaway,24,D,-98,-3,8482178
2025020573,1,399,18:30,01:30,1551,left,525,takeaway,55,N,-18,8,8477919
2025020573,1,403,18:41,01:19,1551,left,525,takeaway,24,N,14,-30,8480068
2025020573,2,616,05:42,14:18,1551,right,525,takeaway,55,N,21,-36,8476467
2025020573,2,679,11:42,08:18,1551,right,525,takeaway,55,D,-41,-33,8483524
2025020573,2,713,13:46,06:14,1551,right,525,takeaway,24,D,51,41,8482178
2025020573,3,824,00:32,19:28,1551,left,525,takeaway,24,O,64,30,8475184
2025020573,3,999,12:16,07:44,1441,left,525,takeaway,55,D,40,-20,8476905
2025020573,3,1096,19:14,00:46,1560,left,525,takeaway,24,N,7,32,8481605
2025020574,1,106,03:17,16:43,1541,right,525,takeaway,26,N,18,-13,8482124
2025020574,1,308,10:32,09:28,1551,right,525,takeaway,29,O,97,21,8480893
2025020574,1,327,11:56,08:04,1551,right,525,takeaway,26,O,-98,-22,8479675
2025020574,1,461,18:22,01:38,1441,right,525,takeaway,29,O,90,-24,8480893
2025020574,1,481,19:39,00:21,1551,right,525,takeaway,29,N,8,-26,8476923
2025020574,2,499,00:38,19:22,1551,left,525,takeaway,29,D,89,-34,8479371
2025020574,2,694,11:42,08:18,1451,left,525,takeaway,26,O,82,35,8476469
2025020574,3,802,00:22,19:38,1551,right,525,takeaway,26,O,-47,34,8482124
2025020574,3,1038,18:20,01:40,1541,right,525,takeaway,29,O,66,41,8475745
2025020574,3,1052,19:20,00:40,1560,right,525,takeaway,29,D,-52,34,8483485
2025020575,1,95,01:46,18:14,1551,right,525,takeaway,5,O,33,-34,8485414
2025020575,1,188,04:46,15:14,1551,right,525,takeaway,10,O,-93,27,8478904
2025020575,1,221,08:31,11:29,1551,right,525,takeaway,5,O,66,-35,8475763
2025020575,1,227,09:01,10:59,1551,right,525,takeaway,10,D,26,-18,8477939
2025020575,2,666,07:06,12:54,1551,left,525,takeaway,5,N,4,-35,8478450
2025020575,2,672,07:31,12:29,1551,left,525,takeaway,10,D,-36,-37,8478904
2025020575,2,736,11:45,08:15,1551,left,525,takeaway,5,O,-26,7,8476483
2025020575,3,857,00:49,19:11,1551,right,525,takeaway,5,O,85,16,8479638
2025020575,3,880,02:47,17:13,1551,right,525,takeaway,10,O,-45,-29,8482259
2025020575,3,913,06:27,13:33,1551,right,525,takeaway,5,N,18,41,8478438
2025020575,3,972,09:50,10:10,1441,right,525,takeaway,10,D,51,39,8477939
2025020575,3,1019,13:00,07:00,1551,right,525,takeaway,5,O,84,39,8479638
2025020575,3,1095,18:25,01:35,0651,right,525,takeaway,10,D,27,-6,8475166
2025020576,1,410,14:31,05:29,1551,right,525,takeaway,3,D,-73,35,8477380
2025020576,1,414,14:35,05:25,1551,right,525,takeaway,15,O,-71,38,8477947
2025020576,2,467,01:34,18:26,1551,left,525,takeaway,15,O,83,-39,8475343
2025020576,2,719,12:23,07:37,1551,left,525,takeaway,3,O,-98,4,8477380
2025020576,3,800,00:29,19:31,1551,right,525,takeaway,3,D,-29,-36,8482073
2025020577,1,139,04:52,15:08,1551,left,525,takeaway,8,N,-23,36,8475848
2025020577,1,226,06:47,13:13,1551,left,525,takeaway,6,D,-52,-9,8479987
2025020577,1,360,12:16,07:44,1551,left,525,takeaway,6,O,79,38,8482634
2025020577,1,493,18:42,01:18,1451,left,525,takeaway,8,D,33,-37,8476981
2025020577,2,807,12:54,07:06,1551,right,525,takeaway,8,O,89,-34,8482737
2025020577,3,973,07:28,12:32,1541,left,525,takeaway,6,N,-20,38,8480355
2025020577,3,1018,10:28,09:32,1541,left,525,takeaway,6,D,-60,36,8482511
2025020577,3,1034,11:53,08:07,1551,left,525,takeaway,6,O,60,32,8477507
2025020577,3,1117,14:02,05:58,1551,left,525,takeaway,6,N,-10,33,8483489
2025020577,3,1174,18:43,01:17,1551,left,525,takeaway,6,D,-41,16,8477496
2025020578,1,205,04:17,15:43,1551,left,525,takeaway,9,N,20,-35,8480208
2025020578,1,280,12:11,07:49,1551,left,525,takeaway,7,O,-99,11,8484305
2025020578,2,511,01:08,18:52,1551,right,525,takeaway,9,D,86,12,8482245
2025020578,2,533,01:43,18:17,1551,right,525,takeaway,7,O,97,6,8480802
2025020578,2,810,05:24,14:36,1551,right,525,takeaway,7,O,41,-1,8478413
2025020578,2,670,09:03,10:57,1551,right,525,takeaway,9,O,-99,-5,8481606
2025020578,2,808,18:57,01:03,1551,right,525,takeaway,9,O,-30,37,8480208
2025020578,3,952,08:36,11:24,1551,left,525,takeaway,7,O,-98,-8,8478413
2025020578,3,1048,16:20,03:40,1551,left,525,takeaway,9,D,-98,-2,8484321
2025020579,1,291,09:29,10:31,1551,right,525,takeaway,25,O,44,-36,8473994
2025020579,1,354,12:52,07:08,1551,right,525,takeaway,17,O,-99,-2,8483464
2025020579,1,399,15:02,04:58,1551,right,525,takeaway,17,O,-46,37,8481077
2025020579,1,403,15:34,04:26,1551,right,525,takeaway,17,O,-96,-27,8475279
2025020579,2,522,02:51,17:09,1551,left,525,takeaway,25,O,-29,-40,8476889
2025020579,2,569,04:42,15:18,1551,left,525,takeaway,17,D,-34,-4,8482762
2025020579,3,926,09:52,10:08,1551,right,525,takeaway,25,D,-42,-34,8480840
2025020579,3,1010,14:26,05:34,1441,right,525,takeaway,25,D,-90,-34,8481581
2025020580,1,171,07:11,12:49,1551,left,525,takeaway,1,D,26,33,8481559
2025020580,1,189,07:47,12:13,1551,left,525,takeaway,2,N,-14,34,8478445
2025020580,2,577,04:05,15:55,1551,right,525,takeaway,2,D,87,20,8477494
2025020580,2,728,14:47,05:13,1551,right,525,takeaway,2,D,54,-34,8477950
2025020580,2,757,17:31,02:29,1551,right,525,takeaway,2,D,65,-36,8477950
2025020580,2,764,17:49,02:11,1551,right,525,takeaway,2,D,76,28,8476917
2025020580,3,929,10:11,09:49,1551,left,525,takeaway,2,N,-18,-32,8477506
2025020580,3,991,13:49,06:11,1551,left,525,takeaway,2,O,64,41,8483553
2025020580,3,994,14:42,05:18,1551,left,525,takeaway,2,O,58,41,8476419
2025020581,1,170,03:43,16:17,1551,right,525,takeaway,12,N,-21,-14,8480817
2025020581,1,289,08:40,11:20,1551,right,525,takeaway,12,D,47,41,8482100
2025020581,1,483,17:23,02:37,1551,right,525,takeaway,13,O,91,-17,8477932
2025020581,2,830,18:15,01:45,1551,left,525,takeaway,12,N,12,36,8477940
2025020581,2,831,18:28,01:32,1551,left,525,takeaway,13,D,65,-36,8478542
2025020581,3,902,03:45,16:15,1551,right,525,takeaway,13,O,91,20,8480185
2025020581,3,1066,12:18,07:42,1551,right,525,takeaway,12,D,32,23,8480817
2025020581,3,1068,13:24,06:36,1551,right,525,takeaway,13,O,44,-37,8480003
2025020581,3,1128,16:45,03:15,1551,right,525,takeaway,12,D,50,35,8476873
2025020581,3,1147,19:23,00:37,1551,right,525,takeaway,13,N,5,22,8478055
2025020582,1,117,04:10,15:50,1551,right,525,takeaway,30,D,59,-34,8476463
2025020582,1,148,05:49,14:11,1551,right,525,takeaway,18,N,15,42,8476869
2025020582,1,162,06:19,13:41,1551,right,525,takeaway,18,D,-75,39,8475158
2025020582,1,359,11:18,08:42,1551,right,525,takeaway,18,N,-7,41,8474564
2025020582,1,398,15:06,04:54,1551,right,525,takeaway,30,N,12,0,8483525
2025020582,1,426,18:40,01:20,1551,right,525,takeaway,18,N,-11,35,8475158
2025020582,2,652,07:13,12:47,1551,left,525,takeaway,30,D,-80,26,8483525
2025020582,2,653,07:16,12:44,1551,left,525,takeaway,30,D,-62,12,8483525
2025020582,3,824,03:24,16:36,1451,right,525,takeaway,18,D,-51,-7,8475158
2025020583,1,140,06:19,13:41,1551,right,525,takeaway,4,N,18,23,8483733
2025020583,2,569,08:07,11:53,1551,left,525,takeaway,4,D,43,-28,8482142
2025020583,3,812,01:55,18:05,1551,right,525,takeaway,4,N,-4,37,8481553
2025020583,3,1012,17:39,02:21,1551,right,525,takeaway,4,D,-48,-29,8477499
2025020584,1,321,11:16,08:44,1551,right,525,takeaway,21,N,-14,41,8476312
2025020584,2,623,05:59,14:01,1541,left,525,takeaway,68,D,44,-23,8480849
2025020584,2,698,10:21,09:39,1541,left,525,takeaway,21,D,-37,41,8470613
2025020584,2,792,17:16,02:44,1551,left,525,takeaway,21,O,73,38,8480039
2025020584,2,803,17:57,02:03,1551,left,525,takeaway,21,N,-12,41,8478109
2025020584,3,890,03:35,16:25,1551,right,525,takeaway,21,N,17,-37,8478038
2025020584,3,945,06:37,13:23,1551,right,525,takeaway,68,O,80,13,8479343
2025020584,3,999,10:44,09:16,1551,right,525,takeaway,68,O,76,37,8478474
2025020585,1,265,07:51,12:09,1551,left,525,takeaway,20,O,-99,4,8480028
2025020585,1,440,12:17,07:43,1551,left,525,takeaway,22,D,-98,-9,8480831
2025020585,1,487,14:54,05:06,1551,left,525,takeaway,22,O,35,31,8483512
2025020585,1,514,16:19,03:41,1551,left,525,takeaway,22,D,-63,-34,8479365
2025020585,2,545,00:20,19:40,1551,right,525,takeaway,22,D,28,-17,8481056
2025020585,2,666,04:59,15:01,1441,right,525,takeaway,20,N,21,31,8480860
2025020585,2,697,07:15,12:45,1451,right,525,takeaway,20,D,-26,40,8482165
2025020585,2,831,13:52,06:08,1551,right,525,takeaway,22,D,37,-41,8477498
2025020585,3,1032,06:56,13:04,1541,left,525,takeaway,20,O,-76,-37,8478397
2025020585,3,1201,15:53,04:07,1551,left,525,takeaway,20,D,98,-23,8476456
2025020586,1,97,01:38,18:22,1551,right,525,takeaway,54,D,62,31,8480727
2025020586,1,312,10:16,09:44,1551,right,525,takeaway,28,N,8,18,8484801
2025020586,1,459,14:55,05:05,1551,right,525,takeaway,54,O,-97,4,8481604
2025020586,2,552,01:14,18:46,1551,left,525,takeaway,28,N,15,38,8475906
2025020586,2,626,07:37,12:23,1551,left,525,takeaway,28,D,70,34,8477505
2025020586,2,657,08:20,11:40,1451,left,525,takeaway,54,O,88,30,8481604
2025020586,2,673,10:38,09:22,1551,left,525,takeaway,54,D,-29,39,8477018
2025020586,2,765,15:28,04:32,1551,left,525,takeaway,54,D,-47,41,8478483
2025020586,3,864,02:24,17:36,1551,right,525,takeaway,54,D,99,8,8480727
2025020586,3,912,05:05,14:55,1551,right,525,takeaway,28,N,3,-33,8482206
2025020586,3,930,06:03,13:57,1551,right,525,takeaway,28,N,2,24,8484801
2025020586,3,1034,15:04,04:56,1451,right,525,takeaway,28,D,-28,29,8484911
2025020587,1,348,16:03,03:57,1551,right,525,takeaway,55,D,-38,-14,8483524
2025020587,1,415,18:02,01:58,1551,right,525,takeaway,26,D,50,-40,8482730
2025020587,2,452,00:13,19:47,1541,left,525,takeaway,26,D,-28,-2,8477998
2025020587,2,478,01:23,18:37,1551,left,525,takeaway,26,N,-20,-31,8474563
2025020587,2,527,05:39,14:21,1551,left,525,takeaway,26,D,-59,-28,8471685
2025020587,2,635,09:01,10:59,1551,left,525,takeaway,55,D,37,-28,8476457
2025020587,3,863,03:49,16:11,1551,right,525,takeaway,55,D,-58,39,8479324
2025020587,3,955,09:10,10:50,1551,right,525,takeaway,55,O,79,-39,8480009
2025020587,3,996,13:36,06:24,1551,right,525,takeaway,26,O,-59,38,8477998
2025020587,3,1033,15:43,04:17,1451,right,525,takeaway,55,D,-39,-2,8476905
2025020587,3,1061,17:41,02:19,1551,right,525,takeaway,55,D,-58,-41,8477919
2025020588,1,174,05:16,14:44,1451,left,525,takeaway,3,N,8,18,8479390
2025020588,1,215,08:14,11:46,1551,left,525,takeaway,2,O,97,13,8485366
2025020588,1,441,17:34,02:26,1551,left,525,takeaway,2,O,71,-38,8481601
2025020588,2,492,00:28,19:32,1551,right,525,takeaway,2,N,-10,36,8477494
2025020588,2,590,09:04,10:56,1551,right,525,takeaway,2,O,-60,19,8477500
2025020588,2,637,12:45,07:15,1451,right,525,takeaway,3,D,-31,41,8475842
2025020588,2,706,13:36,06:24,1551,right,525,takeaway,2,O,-61,37,8483553
2025020588,2,729,16:22,03:38,1551,right,525,takeaway,2,D,56,14,8478445
2025020588,2,756,18:05,01:55,1551,right,525,takeaway,3,D,-95,5,8478550
2025020588,3,849,03:47,16:13,1441,left,525,takeaway,2,N,22,-16,8481601
2025020588,3,876,05:56,14:04,1551,left,525,takeaway,3,D,60,39,8482109
2025020588,3,936,10:35,09:25,1551,left,525,takeaway,2,O,97,-6,8481237
2025020588,3,1073,17:06,02:54,1541,left,525,takeaway,2,D,-80,4,8477506
2025020589,1,299,09:26,10:34,1551,left,525,takeaway,6,O,-91,27,8482634
2025020589,1,370,10:28,09:32,1551,left,525,takeaway,7,O,43,18,8482659
2025020589,1,520,17:15,02:45,1551,left,525,takeaway,6,D,73,-17,8481609
2025020589,2,631,02:58,17:02,1551,right,525,takeaway,7,O,-79,35,8482659
2025020589,2,663,05:08,14:52,1551,right,525,takeaway,6,D,-97,12,8479987
2025020589,2,778,13:57,06:03,1551,right,525,takeaway,7,O,-35,-10,8477949
2025020589,2,802,15:24,04:36,1551,right,525,takeaway,6,O,34,-37,8482511
2025020589,2,814,16:34,03:26,1551,right,525,takeaway,7,D,53,40,8482659
2025020589,3,906,03:35,16:25,1551,left,525,takeaway,7,D,-60,36,8479420
2025020589,3,930,05:27,14:33,1551,left,525,takeaway,7,D,-70,-16,8480802
2025020589,3,1061,17:39,02:21,0651,left,525,takeaway,7,O,68,10,8481522
2025020589,3,1078,18:38,01:22,0651,left,525,takeaway,7,D,-96,4,8480802
2025020590,1,79,00:34,19:26,1451,right,525,takeaway,9,N,-24,-26,8482245
2025020590,1,361,07:49,12:11,1551,right,525,takeaway,10,D,47,-2,8477939
2025020590,1,388,13:31,06:29,1451,right,525,takeaway,10,D,75,17,8479318
2025020590,2,550,00:32,19:28,1551,left,525,takeaway,10,O,77,-39,8478057
2025020590,2,659,03:23,16:37,1551,left,525,takeaway,10,O,71,8,8477503
2025020590,2,775,05:15,14:45,1551,left,525,takeaway,10,D,-85,-36,8478462
2025020590,2,786,11:33,08:27,1551,left,525,takeaway,9,N,0,15,8482245
2025020590,3,999,06:37,13:23,1551,right,525,takeaway,9,O,83,-34,8480188
2025020590,3,1149,16:18,03:42,1551,right,525,takeaway,10,N,-10,-36,8479318
2025020590,3,1188,18:14,01:46,1551,right,525,takeaway,9,O,66,6,8480188
2025020591,1,155,05:52,14:08,1551,right,525,takeaway,13,N,2,-27,8478859
2025020591,1,172,07:42,12:18,1541,right,525,takeaway,13,N,4,0,8477933
2025020591,1,465,14:12,05:48,1451,right,525,takeaway,14,D,-63,36,8478519
2025020591,1,582,18:11,01:49,1551,right,525,takeaway,13,D,29,-11,8480185
2025020591,1,609,19:56,00:04,1551,right,525,takeaway,14,O,42,8,8477416
2025020591,2,681,03:55,16:05,1541,left,525,takeaway,14,O,-53,-4,8477404
2025020591,3,978,02:14,17:46,1451,right,525,takeaway,14,D,-57,-28,8478519
2025020591,3,1063,05:07,14:53,1451,right,525,takeaway,14,D,-77,31,8483398
2025020592,1,115,03:37,16:23,1551,left,525,takeaway,15,O,-64,-42,8476880
2025020592,1,325,11:58,08:02,1551,left,525,takeaway,1,N,-7,-34,8477488
2025020592,2,531,00:21,19:39,1551,right,525,takeaway,1,D,39,-35,8476462
2025020592,2,535,00:29,19:31,1551,right,525,takeaway,15,D,-49,34,8478911
2025020592,2,548,01:07,18:53,1551,right,525,takeaway,1,D,47,-36,8477488
2025020592,2,559,02:06,17:54,1551,right,525,takeaway,15,D,-41,31,8477845
2025020592,2,750,16:50,03:10,1551,right,525,takeaway,1,O,-48,-30,8481559
2025020592,3,816,02:46,17:14,1551,left,525,takeaway,1,O,26,-30,8478414
2025020592,3,838,04:59,15:01,1551,left,525,takeaway,15,N,15,-37,8474590
2025020592,3,898,08:42,11:18,1551,left,525,takeaway,1,D,-58,-42,8476822
2025020592,3,919,09:45,10:15,1551,left,525,takeaway,1,D,-42,-22,8475455
2025020592,4,1045,01:30,03:30,1331,right,525,takeaway,1,D,63,-41,8482110
2025020593,1,176,03:04,16:56,1551,right,525,takeaway,12,O,-34,26,8477478
2025020593,1,509,15:17,04:43,1551,right,525,takeaway,12,O,-80,27,8482809
2025020593,2,590,01:43,18:17,1551,left,525,takeaway,12,O,63,-41,8480830
2025020593,2,675,07:25,12:35,1551,left,525,takeaway,12,O,55,-33,8480336
2025020593,2,682,07:38,12:22,1551,left,525,takeaway,17,O,-79,-34,8479337
2025020593,2,700,09:44,10:16,1441,left,525,takeaway,12,D,-99,7,8477940
2025020593,2,878,16:28,03:32,1551,left,525,takeaway,17,D,62,-33,8484160
2025020593,2,884,17:20,02:40,1551,left,525,takeaway,12,N,11,26,8482702
2025020593,3,1001,08:37,11:23,1551,right,525,takeaway,12,O,-94,12,8482911
2025020593,3,1143,14:51,05:09,1541,right,525,takeaway,12,D,28,39,8480336
2025020594,1,102,03:06,16:54,1551,right,525,takeaway,30,D,-99,-11,8474716
2025020594,1,259,10:38,09:22,1551,right,525,takeaway,30,N,1,-28,8474716
2025020594,1,389,16:45,03:15,1551,right,525,takeaway,52,D,85,-23,8477504
2025020594,1,483,19:54,00:06,1551,right,525,takeaway,30,N,-18,-36,8476994
2025020594,2,624,06:41,13:19,1551,left,525,takeaway,30,D,64,-40,8483525
2025020594,2,700,13:26,06:34,1451,left,525,takeaway,30,D,60,38,8478493
2025020594,2,766,17:17,02:43,1551,left,525,takeaway,52,O,57,40,8480049
2025020594,3,905,07:53,12:07,1551,right,525,takeaway,52,D,87,-24,8476460
2025020595,1,147,06:39,13:21,1551,left,525,takeaway,18,O,-85,-35,8484241
2025020595,1,363,19:46,00:14,1551,left,525,takeaway,19,D,-55,28,8476892
2025020595,2,566,07:33,12:27,1551,right,525,takeaway,19,O,-27,23,8481598
2025020595,2,575,07:43,12:17,1551,right,525,takeaway,19,O,-90,-8,8475764
2025020595,2,585,08:43,11:17,1551,right,525,takeaway,19,D,31,42,8480023
2025020595,3,752,02:03,17:57,1551,left,525,takeaway,18,O,-73,-41,8477446
2025020595,3,830,07:51,12:09,1551,left,525,takeaway,18,D,82,-25,8479980
2025020595,3,1019,16:01,03:59,1551,left,525,takeaway,19,D,-62,36,8480023
2025020596,1,96,01:53,18:07,1551,right,525,takeaway,16,N,20,-24,8482703
2025020596,1,312,09:17,10:43,1451,right,525,takeaway,16,D,-42,-41,8481806
2025020596,1,397,16:10,03:50,1551,right,525,takeaway,16,O,67,0,8476952
2025020596,2,549,03:50,16:10,1551,left,525,takeaway,16,D,44,-13,8477444
2025020596,2,650,12:36,07:24,1551,left,525,takeaway,25,N,-15,32,8480878
2025020596,2,683,14:14,05:46,1551,left,525,takeaway,25,D,-85,38,8478420
2025020596,2,696,14:57,05:03,1551,left,525,takeaway,25,D,-32,36,8481581
2025020596,3,848,04:29,15:31,1551,right,525,takeaway,16,N,-4,26,8476882
2025020596,3,862,05:20,14:40,1551,right,525,takeaway,25,O,-57,-36,8473994
2025020596,4,1064,01:24,03:36,1331,left,525,takeaway,16,D,67,-13,8481568
2025020596,4,1084,03:50,01:10,1331,left,525,takeaway,25,D,-97,-7,8480036
2025020597,1,257,10:29,09:31,1551,right,525,takeaway,24,O,98,-6,8475462
2025020597,1,363,14:56,05:04,1551,right,525,takeaway,24,O,97,0,8481605
2025020597,2,528,03:53,16:07,1451,left,525,takeaway,24,D,56,-22,8480068
2025020597,2,612,06:49,13:11,1551,left,525,takeaway,26,D,-87,-34,8476879
2025020597,2,744,16:28,03:32,1551,left,525,takeaway,26,D,-40,42,8481532
2025020597,3,892,07:33,12:27,1551,right,525,takeaway,24,D,-59,6,8482745
2025020597,3,929,11:00,09:00,1551,right,525,takeaway,26,O,-73,8,8479675
2025020598,1,228,03:16,16:44,1551,right,525,takeaway,22,O,77,-4,8477406
2025020598,1,304,05:29,14:31,1551,right,525,takeaway,20,O,-55,-40,8475172
2025020598,1,352,07:55,12:05,1541,right,525,takeaway,20,D,69,-3,8476399
2025020598,2,656,02:51,17:09,1551,left,525,takeaway,22,O,-30,-25,8474641
2025020598,2,700,05:30,14:30,1551,left,525,takeaway,20,N,8,-27,8480028
2025020598,2,746,09:29,10:31,1551,left,525,takeaway,20,D,-75,41,8481068
2025020598,2,781,12:19,07:41,1541,left,525,takeaway,20,D,-28,9,8476399
2025020598,2,826,14:14,05:46,1551,left,525,takeaway,22,O,-86,-30,8478458
2025020598,3,896,01:43,18:17,1551,right,525,takeaway,22,D,-48,-8,8480803
2025020598,3,951,02:32,17:28,1551,right,525,takeaway,22,N,2,-32,8480831
2025020598,3,1060,11:03,08:57,1551,right,525,takeaway,22,O,89,30,8481617
2025020598,3,1092,12:37,07:23,1551,right,525,takeaway,20,N,15,-2,8482165
2025020598,3,1100,12:39,07:21,1551,right,525,takeaway,22,O,33,-27,8478233
2025020599,1,167,06:38,13:22,1551,right,525,takeaway,28,O,86,13,8477505
2025020599,1,179,07:42,12:18,1551,right,525,takeaway,28,O,60,-12,8480848
2025020599,2,665,05:02,14:58,1551,left,525,takeaway,28,D,30,13,8471817
2025020599,2,746,11:47,08:13,1551,left,525,takeaway,28,D,94,6,8477505
2025020599,2,842,18:54,01:06,1441,left,525,takeaway,23,O,26,-42,8478498
2025020599,3,870,01:19,18:41,1551,right,525,takeaway,28,O,66,-37,8477505
2025020599,3,1010,12:15,07:45,1451,right,525,takeaway,28,D,-92,30,8479983
2025020599,3,1053,15:19,04:41,1551,right,525,takeaway,28,N,2,11,8475784
2025020599,3,1100,19:46,00:14,1551,right,525,takeaway,23,D,38,-22,8484240
2025020600,1,120,04:05,15:55,1551,right,525,takeaway,21,O,27,-41,8475754
2025020600,1,194,08:56,11:04,1551,right,525,takeaway,54,D,73,34,8475913
2025020600,2,629,02:48,17:12,1551,left,525,takeaway,54,D,-65,40,8475188
2025020600,2,639,03:37,16:23,1551,left,525,takeaway,21,N,19,39,8470613
2025020600,2,791,16:01,03:59,1551,left,525,takeaway,54,D,-67,16,8481527
2025020600,3,889,04:12,15:48,1551,right,525,takeaway,21,O,78,8,8479525
2025020600,3,970,10:26,09:34,1551,right,525,takeaway,21,D,-89,-26,8470613
2025020600,3,1094,19:49,00:11,1551,right,525,takeaway,54,O,-43,-13,8483890
2025020600,4,1127,01:57,03:03,1331,left,525,takeaway,21,O,-92,-6,8477501
2025020600,4,1136,02:12,02:48,1331,left,525,takeaway,54,D,-28,-9,8475913
2025020601,1,185,04:28,15:32,1551,right,525,takeaway,17,D,48,19,8475279
2025020601,1,193,05:26,14:34,1551,right,525,takeaway,10,N,-8,-4,8479026
2025020601,1,322,11:13,08:47,1551,right,525,takeaway,10,O,96,-16,8475166
2025020601,1,433,15:51,04:09,1551,right,525,takeaway,17,D,59,-42,8475279
2025020601,1,462,17:27,02:33,1551,right,525,takeaway,10,D,-26,-9,8477503
2025020601,2,681,04:55,15:05,1551,left,525,takeaway,10,D,81,-23,8475690
2025020601,2,759,11:56,08:04,1551,left,525,takeaway,10,D,98,-8,8482259
2025020601,3,930,04:21,15:39,1551,right,525,takeaway,17,O,-80,39,8479337
2025020601,3,999,08:39,11:21,1551,right,525,takeaway,17,O,-25,-15,8475279
2025020602,1,69,00:40,19:20,1551,left,525,takeaway,14,D,-80,39,8478519
2025020602,1,132,04:54,15:06,1541,left,525,takeaway,8,O,-73,-24,8480865
2025020602,1,305,10:06,09:54,1551,left,525,takeaway,8,O,-91,24,8481540
2025020602,1,354,14:13,05:47,1541,left,525,takeaway,8,D,76,-19,8480865
2025020602,2,580,07:47,12:13,1551,right,525,takeaway,8,D,-41,-5,8482737
2025020602,2,633,11:35,08:25,1551,right,525,takeaway,14,D,30,-41,8478519
2025020602,2,679,15:02,04:58,1551,right,525,takeaway,8,O,54,-24,8478851
2025020602,2,771,18:39,01:21,1551,right,525,takeaway,8,N,-20,-20,8476479
2025020602,3,926,10:04,09:56,1551,left,525,takeaway,14,D,-93,-13,8481719
2025020602,3,959,12:34,07:26,1551,left,525,takeaway,8,D,57,9,8480865
2025020602,3,962,12:47,07:13,1551,left,525,takeaway,8,D,29,-36,8483457
2025020603,1,152,05:15,14:45,1551,left,525,takeaway,2,D,34,0,8485702
2025020603,1,278,09:31,10:29,1451,left,525,takeaway,2,D,88,32,8476917
2025020603,1,372,13:47,06:13,1551,left,525,takeaway,2,O,-81,-38,8478445
2025020603,2,737,12:14,07:46,1551,right,525,takeaway,29,D,57,-31,8479671
2025020603,3,887,03:23,16:37,1551,left,525,takeaway,29,N,-10,14,8474090
2025020603,3,897,04:16,15:44,1551,left,525,takeaway,2,D,44,-37,8481601
2025020603,3,902,04:19,15:41,1551,left,525,takeaway,29,O,68,-34,8480893
2025020603,3,908,04:38,15:22,1551,left,525,takeaway,29,D,-57,-12,8484166
2025020603,3,947,07:28,12:32,1551,left,525,takeaway,2,O,-78,40,8485702
2025020604,1,105,03:29,16:31,1551,right,525,takeaway,5,D,-31,-42,8476483
2025020604,1,218,08:09,11:51,1551,right,525,takeaway,5,O,78,18,8479638
2025020604,1,418,18:34,01:26,1551,right,525,takeaway,16,O,-37,-35,8477444
2025020604,1,423,19:00,01:00,1551,right,525,takeaway,16,N,13,-35,8477987
2025020604,2,552,04:25,15:35,1551,left,525,takeaway,16,D,-65,39,8476473
2025020604,2,574,06:05,13:55,1551,left,525,takeaway,16,O,57,-31,8478043
2025020604,2,695,15:06,04:54,1551,left,525,takeaway,5,D,95,-26,8471724
2025020604,2,696,15:42,04:18,1551,left,525,takeaway,5,D,40,-36,8478438
2025020604,3,852,03:01,16:59,1551,right,525,takeaway,5,O,62,-41,8482758
2025020604,3,964,11:38,08:22,1551,right,525,takeaway,5,N,-23,-30,8476483
2025020605,1,145,04:51,15:09,1551,left,525,takeaway,4,O,-33,31,8480220
2025020605,1,190,09:08,10:52,1541,left,525,takeaway,55,D,-46,36,8480009
2025020605,1,386,15:46,04:14,1551,left,525,takeaway,4,O,-87,-35,8479336
2025020605,2,581,01:55,18:05,1551,right,525,takeaway,55,D,48,-31,8482858
2025020605,2,584,02:33,17:27,1551,right,525,takeaway,4,D,-96,-27,8477989
2025020605,2,698,10:24,09:36,1551,right,525,takeaway,4,D,-44,34,8480220
2025020605,3,979,11:43,08:17,1551,left,525,takeaway,55,D,-76,40,8480009
2025020606,1,126,04:03,15:57,1551,left,525,takeaway,29,D,37,-41,8483485
2025020606,1,217,07:54,12:06,1551,left,525,takeaway,29,O,-40,32,8479671
2025020606,1,225,09:17,10:43,1551,left,525,takeaway,29,O,-81,38,8479944
2025020606,1,282,13:09,06:51,1551,left,525,takeaway,9,D,-59,-2,8480188
2025020606,1,290,13:41,06:19,1541,left,525,takeaway,9,D,-79,18,8482116
2025020606,1,477,19:06,00:54,1541,left,525,takeaway,9,D,-69,-28,8482092
2025020606,2,606,04:46,15:14,1451,right,525,takeaway,29,N,-3,23,8482705
2025020606,3,1057,15:25,04:35,1551,left,525,takeaway,29,D,88,22,8479371
2025020607,1,170,06:10,13:50,1551,right,525,takeaway,15,O,68,-29,8476880
2025020607,1,212,10:41,09:19,1551,right,525,takeaway,15,O,35,39,8478440
2025020607,1,221,11:09,08:51,1551,right,525,takeaway,13,O,-86,-35,8478542
2025020607,1,336,15:50,04:10,1551,right,525,takeaway,15,N,3,-18,8474590
2025020607,2,457,01:30,18:30,1551,left,525,takeaway,15,N,11,-41,8482088
2025020607,2,520,06:12,13:48,1541,left,525,takeaway,13,D,-47,-6,8473419
2025020607,3,954,11:08,08:52,1551,right,525,takeaway,13,O,-94,26,8477409
2025020607,3,964,11:54,08:06,1551,right,525,takeaway,15,D,-70,18,8474590
2025020607,3,1027,14:26,05:34,1551,right,525,takeaway,15,O,50,-38,8474590
2025020607,3,1050,16:12,03:48,1551,right,525,takeaway,13,N,-21,-35,8478542
2025020608,1,381,11:20,08:40,1551,right,525,takeaway,12,O,-99,8,8480762
2025020608,1,578,17:38,02:22,1551,right,525,takeaway,3,O,82,-39,8482073
2025020608,1,596,19:00,01:00,1551,right,525,takeaway,12,N,-7,39,8478427
2025020608,1,598,19:13,00:47,1551,right,525,takeaway,3,N,-1,-38,8484210
2025020608,2,618,00:24,19:36,1551,left,525,takeaway,12,D,-56,29,8480336
2025020608,2,698,07:34,12:26,1551,left,525,takeaway,12,O,61,-16,8480336
2025020608,2,833,18:31,01:29,1551,left,525,takeaway,3,O,-94,1,8479390
2025020608,3,907,05:09,14:51,1551,right,525,takeaway,12,O,-87,-27,8475791
2025020608,3,958,07:59,12:01,1551,right,525,takeaway,3,O,63,41,8477839
2025020609,1,88,01:27,18:33,1551,right,525,takeaway,52,D,60,37,8474568
2025020609,1,126,05:17,14:43,1551,right,525,takeaway,22,D,-73,41,8480834
2025020609,1,257,07:36,12:24,1551,right,525,takeaway,52,N,0,-9,8480145
2025020609,1,260,07:57,12:03,1551,right,525,takeaway,22,N,-15,-33,8480834
2025020609,1,401,14:12,05:48,1551,right,525,takeaway,52,D,54,-36,8480049
2025020609,2,494,00:06,19:54,1551,left,525,takeaway,22,N,14,35,8481056
2025020609,2,506,00:50,19:10,1551,left,525,takeaway,22,O,-40,-39,8477934
2025020609,2,605,05:21,14:39,1551,left,525,takeaway,22,D,58,-12,8477934
2025020609,2,635,07:14,12:46,1551,left,525,takeaway,22,D,95,-15,8477498
2025020609,3,837,02:16,17:44,1551,right,525,takeaway,22,O,28,39,8474641
2025020609,3,924,09:37,10:23,1551,right,525,takeaway,22,D,-80,11,8477498
2025020609,3,1037,18:24,01:36,1560,right,525,takeaway,22,D,-53,-13,8475786
2025020610,1,259,11:51,08:09,1451,left,525,takeaway,7,N,-11,-38,8480802
2025020610,1,385,17:40,02:20,1551,left,525,takeaway,7,D,38,41,8484305
2025020610,2,514,05:15,14:45,1551,right,525,takeaway,7,D,-91,-10,8482659
2025020610,2,663,17:50,02:10,1551,right,525,takeaway,7,O,36,36,8477949
2025020610,3,726,01:24,18:36,1551,left,525,takeaway,19,D,-84,-14,8482733
2025020610,3,738,01:57,18:03,1551,left,525,takeaway,19,N,8,16,8475753
2025020610,3,881,11:50,08:10,1551,left,525,takeaway,19,O,82,-33,8476892
2025020610,3,906,13:38,06:22,1551,left,525,takeaway,7,O,-90,32,8479420
2025020611,1,155,02:12,17:48,1551,right,525,takeaway,26,N,13,2,8477942
2025020611,2,659,03:37,16:23,1541,left,525,takeaway,21,N,-24,-24,8480069
2025020611,2,759,10:59,09:01,1541,left,525,takeaway,21,D,-81,2,8470613
2025020611,2,761,11:49,08:11,1541,left,525,takeaway,26,O,-92,13,8476469
2025020611,3,913,01:03,18:57,1551,right,525,takeaway,26,D,-74,39,8476441
2025020611,3,918,01:36,18:24,1551,right,525,takeaway,21,D,38,-41,8478038
2025020611,3,963,06:36,13:24,1551,right,525,takeaway,26,O,60,41,8477942
2025020612,1,89,02:26,17:34,1551,left,525,takeaway,68,D,-95,20,8480855
2025020612,1,130,04:09,15:51,1551,left,525,takeaway,18,O,-93,-21,8477446
2025020612,2,662,08:00,12:00,1551,right,525,takeaway,18,O,59,-38,8482768
2025020612,2,673,09:26,10:34,1551,right,525,takeaway,18,D,-51,-22,8480246
2025020612,2,725,12:23,07:37,1551,right,525,takeaway,18,D,-72,-23,8480246
2025020612,2,813,19:48,00:12,1551,right,525,takeaway,68,D,27,29,8474013
2025020612,3,1079,15:22,04:38,1451,left,525,takeaway,68,O,73,-37,8479343
2025020613,1,320,07:46,12:14,1551,right,525,takeaway,6,O,99,-8,8478042
2025020613,1,411,13:34,06:26,1551,right,525,takeaway,6,D,-50,29,8482511
2025020613,1,429,14:17,05:43,1551,right,525,takeaway,20,N,-24,25,8479066
2025020613,1,481,18:36,01:24,1541,right,525,takeaway,20,D,28,35,8476399
2025020613,2,522,01:24,18:36,1551,left,525,takeaway,6,D,90,7,8483489
2025020613,2,725,09:37,10:23,1451,left,525,takeaway,6,D,28,-38,8476854
2025020613,2,764,12:17,07:43,1551,left,525,takeaway,20,D,-90,-33,8478397
2025020613,2,773,13:14,06:46,1551,left,525,takeaway,6,O,-80,37,8476374
2025020613,2,784,13:42,06:18,1551,left,525,takeaway,6,O,-96,11,8479987
2025020613,2,787,13:49,06:11,1551,left,525,takeaway,6,O,-86,10,8477496
2025020613,3,917,04:05,15:55,1551,right,525,takeaway,20,O,-44,36,8482679
2025020613,3,944,05:52,14:08,1451,right,525,takeaway,6,D,-41,41,8476374
2025020613,3,1085,15:48,04:12,1551,right,525,takeaway,6,N,23,12,8483489
2025020613,4,1158,00:42,04:18,1341,left,525,takeaway,6,D,31,38,8479325
2025020613,4,1163,00:53,04:07,1341,left,525,takeaway,6,D,33,-37,8477507
2025020614,1,408,19:10,00:50,1551,right,525,takeaway,30,O,96,21,8475692
2025020614,2,546,05:58,14:02,1551,left,525,takeaway,54,O,66,-38,8475913
2025020614,2,584,08:21,11:39,1551,left,525,takeaway,54,D,-34,32,8478483
2025020614,2,660,15:10,04:50,1551,left,525,takeaway,54,D,-34,34,8481527
2025020614,2,667,15:51,04:09,1551,left,525,takeaway,30,D,79,40,8480800
2025020614,3,725,01:30,18:30,1551,right,525,takeaway,30,N,4,12,8480800
2025020614,3,850,06:31,13:29,1551,right,525,takeaway,30,O,53,-41,8478508
2025020614,3,996,18:52,01:08,1551,right,525,takeaway,54,O,-75,-41,8478396
2025020615,1,125,04:51,15:09,1551,left,525,takeaway,28,O,-67,-42,8477505
2025020615,1,325,07:52,12:08,1551,left,525,takeaway,24,D,-42,-34,8482803
2025020615,1,328,09:10,10:50,1551,left,525,takeaway,28,D,26,-25,8484806
2025020615,1,524,19:29,00:31,1551,left,525,takeaway,24,D,-67,-25,8481563
2025020615,2,654,05:12,14:48,1551,right,525,takeaway,24,D,72,27,8482178
2025020615,2,733,12:15,07:45,1551,right,525,takeaway,28,O,86,35,8484801
2025020615,2,803,16:30,03:30,1551,right,525,takeaway,28,O,37,-39,8475726
2025020615,2,824,18:26,01:34,1551,right,525,takeaway,24,O,-97,-21,8473986
2025020615,2,826,19:10,00:50,1551,right,525,takeaway,24,O,-77,-39,8483490
2025020615,3,930,07:26,12:34,1551,left,525,takeaway,24,O,73,-39,8484762
2025020615,3,1032,15:05,04:55,1560,left,525,takeaway,24,O,87,-32,8481605
2025020616,1,97,02:37,17:23,1551,left,525,takeaway,55,O,71,-5,8479324
2025020616,1,179,04:01,15:59,1451,left,525,takeaway,23,D,39,-30,8480012
2025020616,1,199,05:14,14:46,1451,left,525,takeaway,23,D,47,40,8482691
2025020616,1,556,18:48,01:12,1551,left,525,takeaway,23,O,-99,-14,8484798
2025020616,2,734,11:29,08:31,1551,right,525,takeaway,23,D,-45,-37,8480012
2025020616,2,780,14:32,05:28,1551,right,525,takeaway,55,N,22,37,8481554
2025020616,3,886,02:42,17:18,1551,left,525,takeaway,23,D,99,-8,8481535
2025020616,3,1008,11:05,08:55,1551,left,525,takeaway,55,D,-56,-5,8483570
2025020617,1,63,00:18,19:42,1551,right,525,takeaway,1,N,2,18,8480002
2025020617,1,204,07:05,12:55,1551,right,525,takeaway,1,D,-99,-16,8482684
2025020617,1,233,08:34,11:26,1451,right,525,takeaway,1,D,-80,30,8477488
2025020617,2,578,07:05,12:55,1551,left,525,takeaway,1,D,26,-39,8481721
2025020617,2,603,09:11,10:49,1551,left,525,takeaway,10,D,-29,-37,8482259
2025020617,3,901,09:59,10:01,1551,right,525,takeaway,10,N,-18,-38,8484158
2025020617,3,915,10:15,09:45,1551,right,525,takeaway,1,N,18,16,8478414
2025020618,1,103,03:11,16:49,1551,right,525,takeaway,8,D,-37,-41,8480018
2025020618,1,237,12:16,07:44,1551,right,525,takeaway,8,D,-98,-1,8476875
2025020618,2,578,06:38,13:22,1541,left,525,takeaway,8,O,-76,-1,8483515
2025020618,2,666,11:49,08:11,1551,left,525,takeaway,8,O,-25,1,8480813
2025020618,3,851,05:55,14:05,1541,right,525,takeaway,13,D,83,38,8484304
2025020618,3,873,07:53,12:07,1551,right,525,takeaway,8,O,30,32,8480813
2025020618,3,999,16:02,03:58,1551,right,525,takeaway,8,D,-58,-13,8478851
2025020618,4,1109,01:13,03:47,1331,left,525,takeaway,8,D,42,12,8483515
2025020619,1,399,15:49,04:11,1551,left,525,takeaway,5,O,94,-29,8478438
2025020619,2,585,02:55,17:05,1551,right,525,takeaway,5,O,-32,40,8482758
2025020619,2,632,05:11,14:49,1551,right,525,takeaway,12,O,93,25,8480817
2025020619,2,672,10:09,09:51,1551,right,525,takeaway,5,D,96,21,8474578
2025020619,2,726,14:54,05:06,1551,right,525,takeaway,12,D,-47,7,8477478
2025020619,2,745,15:16,04:44,1551,right,525,takeaway,12,O,98,2,8480336
2025020619,3,815,00:36,19:24,1551,left,525,takeaway,5,D,-36,41,8471675
2025020619,3,854,04:24,15:36,1551,left,525,takeaway,5,O,97,-25,8479638
2025020619,3,922,08:08,11:52,1551,left,525,takeaway,12,N,-11,-26,8473533
2025020619,3,945,10:39,09:21,1551,left,525,takeaway,5,D,-98,9,8471675
2025020619,3,1032,17:44,02:16,1551,left,525,takeaway,5,D,-95,-24,8481030
2025020620,1,277,09:54,10:06,1551,right,525,takeaway,16,O,-84,-35,8476891
2025020620,1,298,11:39,08:21,1541,right,525,takeaway,16,D,26,12,8483450
2025020620,2,444,02:21,17:39,1551,left,525,takeaway,2,O,-98,-7,8485366
2025020620,2,711,12:26,07:34,1551,left,525,takeaway,2,O,-30,-16,8475231
2025020620,2,737,14:22,05:38,1551,left,525,takeaway,2,N,3,-27,8477506
2025020620,2,767,15:50,04:10,1551,left,525,takeaway,16,O,34,38,8476891
2025020620,3,859,03:11,16:49,1551,right,525,takeaway,16,D,28,41,8477479
2025020620,3,932,07:57,12:03,1441,right,525,takeaway,2,D,-35,-12,8485366
2025020620,3,984,11:05,08:55,1551,right,525,takeaway,16,N,-4,38,8476882
2025020620,3,1077,17:20,02:40,1551,right,525,takeaway,2,O,86,-37,8477506
2025020620,3,1101,18:51,01:09,1551,right,525,takeaway,2,O,34,40,8475231
2025020621,1,154,05:53,14:07,1451,right,525,takeaway,23,O,-96,0,8478856
2025020621,1,356,12:14,07:46,1551,right,525,takeaway,23,O,-61,-40,8475169
2025020621,2,481,01:25,18:35,1551,left,525,takeaway,23,O,95,-25,8480012
2025020621,2,709,10:43,09:17,1551,left,525,takeaway,4,O,-47,42,8477989
2025020621,2,738,12:47,07:13,1551,left,525,takeaway,4,D,47,-42,8479022
2025020621,2,814,13:40,06:20,1551,left,525,takeaway,4,O,-69,40,8477989
2025020621,3,985,04:08,15:52,1551,right,525,takeaway,23,N,-14,38,8480058
2025020621,3,1098,07:17,12:43,1551,right,525,takeaway,23,D,35,-40,8484798
2025020622,1,87,01:28,18:32,1551,right,525,takeaway,3,O,92,29,8477369
2025020622,1,125,03:35,16:25,1551,right,525,takeaway,15,O,-80,-32,8476880
2025020622,1,320,15:03,04:57,1551,right,525,takeaway,3,O,38,12,8482109
2025020622,2,485,01:51,18:09,1551,left,525,takeaway,15,O,75,40,8480796
2025020622,2,490,02:19,17:41,1551,left,525,takeaway,3,O,-44,-23,8479390
2025020622,2,824,04:05,15:55,1551,left,525,takeaway,3,D,35,41,8478840
2025020622,3,846,00:53,19:07,1551,right,525,takeaway,3,O,60,-33,8478550
2025020622,3,864,02:17,17:43,1551,right,525,takeaway,15,O,-79,-40,8471214
2025020622,3,978,09:40,10:20,1551,right,525,takeaway,15,D,77,37,8481580
2025020622,3,1043,13:59,06:01,1551,right,525,takeaway,15,D,64,-40,8481656
2025020623,1,82,01:59,18:01,1551,right,525,takeaway,18,D,-97,15,8482146
2025020623,1,208,06:20,13:40,1551,right,525,takeaway,54,D,44,-40,8475188
2025020623,1,314,10:27,09:33,1551,right,525,takeaway,18,O,72,41,8474564
2025020623,1,367,14:07,05:53,1551,right,525,takeaway,54,D,43,31,8478396
2025020623,2,499,04:04,15:56,1541,left,525,takeaway,18,N,5,-3,8476887
2025020623,2,611,05:09,14:51,1541,left,525,takeaway,18,N,-21,23,8483565
2025020623,2,679,09:57,10:03,1541,left,525,takeaway,54,N,-7,38,8478468
2025020623,2,827,18:25,01:35,1551,left,525,takeaway,18,O,-39,-39,8478047
2025020623,3,924,05:19,14:41,1551,right,525,takeaway,54,D,64,-11,8480727
2025020623,3,948,07:00,13:00,1551,right,525,takeaway,18,D,-35,-39,8476887
2025020623,3,1190,19:46,00:14,1560,right,525,takeaway,18,D,-34,-29,8477446
2025020624,1,295,11:35,08:25,1551,left,525,takeaway,14,D,95,-27,8477426
2025020624,1,486,18:24,01:36,1551,left,525,takeaway,14,D,95,2,8478519
2025020624,2,507,00:20,19:40,1551,right,525,takeaway,14,O,25,37,8480995
2025020624,2,528,01:32,18:28,1551,right,525,takeaway,14,O,37,-41,8478519
2025020624,2,632,06:52,13:08,1551,right,525,takeaway,24,D,82,-15,8475798
2025020624,2,696,11:43,08:17,1551,right,525,takeaway,24,D,96,7,8483490
2025020624,3,881,02:28,17:32,1551,left,525,takeaway,24,D,-97,-7,8481563
2025020624,3,959,08:32,11:28,1551,left,525,takeaway,24,O,85,-32,8475184
2025020624,3,1016,12:56,07:04,1451,left,525,takeaway,14,D,47,-30,8477404
2025020624,3,1079,17:36,02:24,1551,left,525,takeaway,14,O,-33,37,8480995
2025020624,3,1100,19:51,00:09,1551,left,525,takeaway,24,O,33,20,8478873
2025020624,4,1125,01:55,03:05,1331,right,525,takeaway,24,D,83,10,8476885
2025020625,1,79,00:38,19:22,1551,left,525,takeaway,30,O,-30,-25,8480800
2025020625,1,102,02:09,17:51,1551,left,525,takeaway,28,O,50,36,8482859
2025020625,1,288,07:32,12:28,1551,left,525,takeaway,28,D,-37,-10,8475726
2025020625,2,619,07:44,12:16,1551,right,525,takeaway,30,O,67,-40,8478864
2025020625,2,643,09:58,10:02,1551,right,525,takeaway,28,O,-29,-24,8484801
2025020625,3,901,08:53,11:07,1551,left,525,takeaway,30,N,6,19,8474716
2025020625,3,955,13:42,06:18,1551,left,525,takeaway,28,O,56,39,8484911
2025020625,4,1048,04:53,00:07,1331,right,525,takeaway,28,D,30,-35,8484801
2025020626,1,213,06:44,13:16,1551,right,525,takeaway,17,O,-89,-18,8484160
2025020626,1,268,10:30,09:30,1551,right,525,takeaway,52,O,27,-35,8480289
2025020626,1,297,12:16,07:44,1551,right,525,takeaway,17,N,-19,40,8474037
2025020626,1,305,12:18,07:42,1551,right,525,takeaway,52,D,-30,19,8476480
2025020626,1,353,17:59,02:01,1551,right,525,takeaway,17,D,60,-21,8482762
2025020626,2,771,10:53,09:07,1551,left,525,takeaway,17,O,67,41,8475279
2025020626,2,883,18:43,01:17,1551,left,525,takeaway,52,O,-99,-5,8480049
2025020626,3,927,02:42,17:18,1551,right,525,takeaway,52,O,85,31,8475799
2025020626,3,1001,03:37,16:23,1551,right,525,takeaway,52,O,84,29,8473604
2025020626,3,1149,12:40,07:20,1551,right,525,takeaway,52,O,90,-21,8480145
2025020627,1,64,00:14,19:46,1551,left,525,takeaway,29,D,-37,38,8482705
2025020627,1,198,05:59,14:01,1551,left,525,takeaway,29,D,-46,7,8480893
2025020627,1,246,06:55,13:05,1551,left,525,takeaway,29,O,81,-18,8479671
2025020627,1,375,09:34,10:26,1551,left,525,takeaway,29,N,18,35,8476867
2025020627,2,497,00:13,19:47,1551,right,525,takeaway,29,N,-19,-13,8482705
2025020627,2,653,04:10,15:50,1551,right,525,takeaway,1,D,-53,37,8475455
2025020627,2,661,05:33,14:27,1551,right,525,takeaway,1,D,-48,-1,8481559
2025020627,2,669,05:38,14:22,1551,right,525,takeaway,29,N,12,-38,8480893
2025020627,2,700,08:21,11:39,1551,right,525,takeaway,29,D,73,-38,8476432
2025020627,2,731,09:13,10:47,1551,right,525,takeaway,1,D,-41,-28,8477488
2025020627,2,748,13:37,06:23,1551,right,525,takeaway,29,O,-94,0,8479371
2025020627,3,978,07:05,12:55,1551,left,525,takeaway,1,D,43,-36,8478399
2025020627,3,1008,09:44,10:16,1551,left,525,takeaway,1,N,-18,-38,8476822
2025020628,1,83,00:48,19:12,1541,right,525,takeaway,25,D,84,-37,8476902
2025020628,1,201,09:57,10:03,1551,right,525,takeaway,25,O,-56,-15,8476278
2025020628,1,306,15:26,04:34,1551,right,525,takeaway,7,O,98,-24,8482097
2025020628,2,638,11:42,08:18,1551,left,525,takeaway,7,N,14,18,8481524
2025020628,2,692,15:52,04:08,1551,left,525,takeaway,7,N,-16,-36,8482659
2025020628,3,773,01:55,18:05,1551,right,525,takeaway,25,O,-80,38,8484829
2025020628,3,938,14:24,05:36,1551,right,525,takeaway,7,D,-41,36,8482623
2025020629,1,167,03:02,16:58,1551,right,525,takeaway,21,N,4,-25,8476455
2025020629,1,386,10:32,09:28,1551,right,525,takeaway,19,D,-50,-41,8477402
2025020629,2,613,03:04,16:56,1551,left,525,takeaway,21,N,0,37,8478038
2025020629,2,650,06:01,13:59,1551,left,525,takeaway,19,D,33,-18,8479385
2025020629,2,813,17:53,02:07,1551,left,525,takeaway,19,O,-60,-16,8484230
2025020629,3,899,03:00,17:00,1551,right,525,takeaway,21,N,-11,11,8482947
2025020629,3,904,03:56,16:04,1551,right,525,takeaway,19,D,-31,24,8476892
2025020629,3,912,04:55,15:05,1551,right,525,takeaway,21,N,24,41,8475754
2025020629,3,1015,13:20,06:40,1551,right,525,takeaway,21,D,64,-32,8480039
2025020630,1,113,02:55,17:05,1551,right,525,takeaway,4,O,96,0,8479022
2025020630,1,127,03:55,16:05,1551,right,525,takeaway,4,D,-50,39,8477948
2025020630,1,289,07:01,12:59,1551,right,525,takeaway,20,O,-51,10,8482679
2025020630,1,443,17:25,02:35,1551,right,525,takeaway,20,D,77,34,8478397
2025020630,2,596,05:26,14:34,1541,left,525,takeaway,20,D,-28,24,8481068
2025020630,2,598,06:18,13:42,1551,left,525,takeaway,20,D,-61,18,8480860
2025020630,2,664,06:58,13:02,1551,left,525,takeaway,4,D,31,-33,8484387
2025020630,2,732,13:18,06:42,1551,left,525,takeaway,20,O,86,-16,8478397
2025020630,2,830,19:50,00:10,1551,left,525,takeaway,20,D,-32,-40,8480797
2025020630,3,865,01:08,18:52,1551,right,525,takeaway,20,O,-48,42,8474150
2025020630,3,949,07:37,12:23,1551,right,525,takeaway,4,D,-91,29,8477948
2025020630,3,1032,12:59,07:01,1551,right,525,takeaway,4,D,-83,35,8477948
2025020630,3,1041,13:23,06:37,1551,right,525,takeaway,4,D,-58,36,8476461
2025020631,1,149,06:24,13:36,1541,left,525,takeaway,6,D,53,1,8479987
2025020631,1,248,13:42,06:18,1551,left,525,takeaway,22,D,-95,19,8480803
2025020631,1,275,14:59,05:01,1451,left,525,takeaway,6,D,51,40,8480355
2025020631,2,454,00:08,19:52,1551,right,525,takeaway,6,D,-62,-11,8479325
2025020631,2,485,02:58,17:02,1451,right,525,takeaway,22,O,-77,-36,8483512
2025020631,2,568,05:14,14:46,1541,right,525,takeaway,22,D,78,13,8483512
2025020631,2,612,07:54,12:06,1551,right,525,takeaway,6,D,-43,15,8482634
2025020631,2,615,08:15,11:45,1551,right,525,takeaway,6,O,96,20,8482634
2025020631,3,858,05:20,14:40,1451,left,525,takeaway,6,D,27,-32,8476374
2025020631,3,978,13:34,06:26,1551,left,525,takeaway,22,N,-3,-31,8479368
2025020632,1,657,04:06,15:54,1551,left,525,takeaway,15,O,-65,-37,8471214
2025020632,1,691,06:53,13:07,1551,left,525,takeaway,9,D,-76,-37,8482245
2025020632,1,502,15:11,04:49,1551,left,525,takeaway,15,O,-86,-22,8478440
2025020632,2,921,05:51,14:09,1551,right,525,takeaway,15,O,32,-31,8478911
2025020632,2,719,13:01,06:59,1551,right,525,takeaway,9,O,-52,-33,8478020
2025020632,2,746,13:38,06:22,1551,right,525,takeaway,9,O,-66,-38,8480208
2025020632,2,763,14:24,05:36,1551,right,525,takeaway,9,D,95,28,8482095
2025020632,2,783,15:18,04:42,1551,right,525,takeaway,9,D,30,18,8482116
2025020632,3,884,03:32,16:28,1551,left,525,takeaway,9,O,96,13,8480801
2025020632,3,896,04:44,15:16,1451,left,525,takeaway,15,D,47,14,8481580
2025020632,3,1002,12:31,07:29,1451,left,525,takeaway,15,D,95,-9,8477845
2025020633,1,95,02:40,17:20,1551,left,525,takeaway,68,N,-12,38,8480849
2025020633,1,228,08:14,11:46,1551,left,525,takeaway,2,N,6,-6,8482476
2025020633,1,275,12:26,07:34,1551,left,525,takeaway,2,D,-42,20,8476429
2025020633,1,333,16:46,03:14,1551,left,525,takeaway,2,D,-32,-35,8482476
2025020633,2,612,07:06,12:54,1451,right,525,takeaway,68,D,-63,41,8477021
2025020633,2,621,07:41,12:19,1551,right,525,takeaway,68,O,82,38,8477951
2025020633,2,672,10:37,09:23,1551,right,525,takeaway,2,D,40,-38,8477506
2025020633,2,696,12:26,07:34,1551,right,525,takeaway,2,O,-43,-40,8485702
2025020633,3,835,04:11,15:49,1551,left,525,takeaway,2,O,78,-9,8478445
2025020634,1,89,01:16,18:44,1551,right,525,takeaway,10,O,-92,32,8477503
2025020634,1,283,12:01,07:59,1551,right,525,takeaway,10,N,-17,-37,8482720
2025020634,2,722,12:06,07:54,1551,left,525,takeaway,52,O,-96,-26,8480113
2025020634,2,724,13:09,06:51,1551,left,525,takeaway,10,D,-55,-41,8477503
2025020634,2,760,15:41,04:19,1551,left,525,takeaway,52,D,62,-18,8478398
2025020634,3,884,03:50,16:10,1551,right,525,takeaway,10,N,-17,16,8482720
2025020634,3,920,06:59,13:01,1551,right,525,takeaway,52,O,86,-11,8476460
2025020634,3,934,07:32,12:28,1541,right,525,takeaway,10,D,27,28,8476872
2025020634,3,991,11:15,08:45,1551,right,525,takeaway,52,D,-61,-26,8476525
2025020634,3,1030,14:54,05:06,1551,right,525,takeaway,10,D,69,-27,8476853
2025020635,1,281,07:50,12:10,1551,left,525,takeaway,17,D,30,-30,8484471
2025020635,1,323,11:42,08:18,1541,left,525,takeaway,17,O,-54,2,8484160
2025020635,1,345,12:54,07:06,1541,left,525,takeaway,5,N,-15,-39,8474578
2025020635,1,374,15:18,04:42,1551,left,525,takeaway,5,D,-51,40,8476483
2025020635,2,435,00:12,19:48,1551,right,525,takeaway,5,O,-96,5,8476483
2025020635,3,827,01:15,18:45,1551,left,525,takeaway,17,D,91,-31,8479337
2025020635,3,906,04:09,15:51,1451,left,525,takeaway,5,O,94,-14,8477511
2025020635,3,1156,19:19,00:41,1551,left,525,takeaway,17,O,-94,-31,8482078
2025020636,1,139,03:48,16:12,1551,right,525,takeaway,12,D,95,-26,8480830
2025020636,1,334,06:33,13:27,1551,right,525,takeaway,8,O,62,41,8475848
2025020636,1,557,12:39,07:21,1551,right,525,takeaway,12,O,-96,-9,8482702
2025020636,1,555,18:28,01:32,1551,right,525,takeaway,12,N,21,-8,8482809
2025020636,2,661,05:36,14:24,1551,left,525,takeaway,12,N,-14,-28,8480336
2025020636,2,664,05:46,14:14,1551,left,525,takeaway,12,N,-22,13,8482100
2025020636,2,666,07:50,12:10,1551,left,525,takeaway,8,D,99,-5,8480865
2025020636,2,700,09:24,10:36,1551,left,525,takeaway,12,D,-98,20,8482100
2025020636,2,814,12:37,07:23,1551,left,525,takeaway,8,D,42,38,8478851
2025020636,2,865,17:51,02:09,1551,left,525,takeaway,12,O,99,-5,8478970
2025020636,3,1026,07:17,12:43,1551,right,525,takeaway,12,D,33,34,8478970
2025020636,3,1034,07:51,12:09,1551,right,525,takeaway,12,O,-98,-13,8480336
2025020636,3,1049,08:06,11:54,1551,right,525,takeaway,8,N,-4,39,8483515
2025020637,1,115,01:45,18:15,1551,right,525,takeaway,16,N,-22,-3,8476891
2025020637,1,302,12:17,07:43,1551,right,525,takeaway,16,D,57,11,8476882
2025020637,1,408,15:02,04:58,1551,right,525,takeaway,16,O,-97,-25,8477479
2025020637,1,417,17:16,02:44,1551,right,525,takeaway,16,N,3,-3,8482172
2025020637,2,561,04:47,15:13,1551,left,525,takeaway,25,D,87,-21,8481581
2025020637,2,573,05:13,14:47,1551,left,525,takeaway,25,O,-49,-13,8476902
2025020637,2,768,10:47,09:13,1451,left,525,takeaway,16,D,-47,-37,8483450
2025020637,2,752,15:28,04:32,1551,left,525,takeaway,25,O,-67,10,8482740
2025020637,3,894,08:14,11:46,1551,right,525,takeaway,25,O,55,33,8478449
2025020637,3,1049,14:52,05:08,1551,right,525,takeaway,16,D,54,-39,8476891
2025020637,3,1017,16:48,03:12,0651,right,525,takeaway,16,D,74,-26,8481568
2025020638,1,246,10:25,09:35,1551,left,525,takeaway,55,O,31,40,8482858
2025020638,1,281,11:59,08:01,1551,left,525,takeaway,18,N,-23,7,8474564
2025020638,1,287,12:48,07:12,1551,left,525,takeaway,55,O,95,27,8484800
2025020638,1,381,15:08,04:52,1551,left,525,takeaway,18,D,86,37,8474564
2025020638,1,425,18:29,01:31,1551,left,525,takeaway,55,O,94,-10,8484800
2025020638,2,687,10:33,09:27,1551,right,525,takeaway,18,O,61,30,8475158
2025020638,2,853,19:50,00:10,1551,right,525,takeaway,55,D,38,-36,8477919
2025020638,3,885,01:27,18:33,1551,left,525,takeaway,18,O,-96,26,8475287
2025020638,3,886,01:53,18:07,1551,left,525,takeaway,18,O,-53,34,8477446
2025020638,3,955,06:58,13:02,1551,left,525,takeaway,18,O,-89,-29,8475287
2025020639,1,258,10:32,09:28,1551,right,525,takeaway,26,N,8,-2,8476469
2025020639,1,364,17:21,02:39,1551,right,525,takeaway,14,O,81,23,8478519
2025020639,2,492,03:23,16:37,1551,left,525,takeaway,26,D,-86,37,8471685
2025020639,2,521,06:07,13:53,1551,left,525,takeaway,14,N,17,-1,8476878
2025020639,3,754,00:40,19:20,1551,right,525,takeaway,26,D,75,17,8482730
2025020639,3,761,01:29,18:31,1451,right,525,takeaway,26,O,-39,34,8483808
2025020639,3,875,10:16,09:44,1551,right,525,takeaway,26,D,40,38,8482155
2025020639,3,937,15:14,04:46,1551,right,525,takeaway,26,D,73,38,8477998
2025020640,1,129,05:33,14:27,1551,left,525,takeaway,54,D,29,9,8477964
2025020640,1,343,11:54,08:06,1551,left,525,takeaway,54,D,92,-30,8478396
2025020640,1,433,18:58,01:02,1551,left,525,takeaway,19,N,17,33,8482089
2025020640,2,471,02:32,17:28,1551,right,525,takeaway,54,N,15,-29,8483890
2025020640,2,482,02:33,17:27,1551,right,525,takeaway,19,O,-42,-37,8480281
2025020640,2,492,02:57,17:03,1551,right,525,takeaway,54,D,-30,3,8483890
2025020640,2,641,06:59,13:01,1551,right,525,takeaway,19,O,-45,1,8479385
2025020640,2,669,09:06,10:54,1551,right,525,takeaway,54,O,82,31,8479353
2025020640,2,674,10:24,09:36,1551,right,525,takeaway,19,N,-17,30,8475764
2025020640,3,886,05:15,14:45,1551,left,525,takeaway,54,D,64,-42,8478396
2025020640,3,904,08:15,11:45,1551,left,525,takeaway,19,D,-49,2,8475753
2025020640,3,990,12:35,07:25,1551,left,525,takeaway,19,D,-73,27,8483516
2025020641,1,103,01:27,18:33,1551,left,525,takeaway,13,D,-71,33,8482113
2025020641,1,131,03:51,16:09,1451,left,525,takeaway,3,N,11,-10,8478882
2025020641,1,914231,07:33,12:27,1551,left,525,takeaway,13,D,-72,-39,8480003
2025020641,1,914372,12:55,07:05,1451,left,525,takeaway,3,D,31,30,8476459
2025020641,2,914602,02:40,17:20,1451,right,525,takeaway,3,D,-49,19,8476389
2025020641,2,914604,02:44,17:16,1451,right,525,takeaway,13,D,63,-28,8477932
2025020641,2,914646,04:55,15:05,1551,right,525,takeaway,13,O,-80,-34,8482113
2025020641,3,915067,14:36,05:24,1551,left,525,takeaway,13,D,-55,-19,8478542
2025020642,1,140,03:27,16:33,1551,right,525,takeaway,55,O,99,-20,8477919
2025020642,1,318,08:34,11:26,1551,right,525,takeaway,23,N,-19,-19,8484798
2025020642,1,382,14:39,05:21,1551,right,525,takeaway,55,O,94,30,8482751
2025020642,2,556,01:50,18:10,1551,left,525,takeaway,23,O,54,-35,8478444
2025020642,2,601,06:39,13:21,1551,left,525,takeaway,23,O,61,41,8483499
2025020642,2,623,08:24,11:36,1541,left,525,takeaway,23,D,-27,31,8482055
2025020642,3,929,05:19,14:41,1551,right,525,takeaway,55,N,-17,-10,8476905
2025020642,3,966,08:42,11:18,1551,right,525,takeaway,55,D,-69,38,8478407
2025020642,3,978,09:04,10:56,1551,right,525,takeaway,23,O,-87,-11,8480748
2025020642,3,988,09:51,10:09,1551,right,525,takeaway,55,D,-90,24,8479985
2025020643,1,107,03:21,16:39,1551,left,525,takeaway,24,O,93,-14,8478873
2025020643,1,331,08:07,11:53,1551,left,525,takeaway,24,D,-64,-16,8483490
2025020643,1,378,10:42,09:18,1551,left,525,takeaway,30,D,99,10,8478864
2025020643,1,501,16:43,03:17,1551,left,525,takeaway,30,O,-36,-31,8475149
2025020643,2,609,05:38,14:22,1541,right,525,takeaway,24,D,43,33,8476885
2025020643,2,684,13:06,06:54,1551,right,525,takeaway,24,D,49,-42,8482803
2025020643,2,776,18:04,01:56,1551,right,525,takeaway,24,D,42,38,8478873
2025020643,3,994,17:18,02:42,1551,left,525,takeaway,24,O,97,22,8480068
2025020644,1,100,02:27,17:33,1551,right,525,takeaway,5,N,-19,17,8478569
2025020644,1,212,10:13,09:47,1541,right,525,takeaway,5,O,84,-32,8475810
2025020644,1,388,19:39,00:21,1551,right,525,takeaway,17,N,-1,11,8477456
2025020644,2,525,04:39,15:21,1551,left,525,takeaway,5,O,-71,-38,8474578
2025020644,2,642,14:18,05:42,1551,left,525,takeaway,5,D,73,-24,8481030
2025020644,2,753,18:17,01:43,1451,left,525,takeaway,5,D,30,41,8471724
2025020644,3,916,11:03,08:57,1551,right,525,takeaway,5,D,-36,-36,8471724
2025020644,3,919,11:33,08:27,1551,right,525,takeaway,17,O,-62,41,8477456
2025020644,3,940,12:10,07:50,1551,right,525,takeaway,5,D,-68,41,8478438
2025020644,3,963,13:05,06:55,1551,right,525,takeaway,5,D,-56,-41,8479638
2025020645,1,123,04:17,15:43,1551,left,525,takeaway,1,N,-20,-39,8476462
2025020645,1,162,06:56,13:04,1551,left,525,takeaway,68,O,-67,35,8477951
2025020645,1,233,11:29,08:31,1551,left,525,takeaway,1,O,97,11,8481721
2025020645,1,483,18:52,01:08,1541,left,525,takeaway,68,O,-95,27,8480849
2025020645,2,548,04:03,15:57,1551,right,525,takeaway,1,D,49,39,8476474
2025020645,3,825,01:20,18:40,1551,left,525,takeaway,1,O,75,35,8482110
2025020645,3,832,01:35,18:25,1551,left,525,takeaway,1,O,73,-38,8482110
2025020645,3,1051,14:20,05:40,1551,left,525,takeaway,68,D,64,0,8477951
2025020645,3,1108,18:44,01:16,1551,left,525,takeaway,68,O,-92,21,8482699
2025020646,1,213,07:11,12:49,1551,left,525,takeaway,29,O,53,-28,8478975
2025020646,1,362,10:10,09:50,1441,left,525,takeaway,29,D,-41,-8,8476923
2025020646,1,384,11:46,08:14,1551,left,525,takeaway,29,O,88,16,8476867
2025020646,2,563,03:17,16:43,1551,right,525,takeaway,7,O,43,33,8482659
2025020646,2,782,18:39,01:21,1551,right,525,takeaway,29,N,1,8,8476867
2025020646,3,875,04:36,15:24,1551,left,525,takeaway,29,D,-46,36,8481161
2025020646,3,985,14:38,05:22,1541,left,525,takeaway,7,O,-93,-23,8480839
2025020647,1,73,01:01,18:59,1551,left,525,takeaway,4,D,88,-34,8477989
2025020647,1,284,12:45,07:15,1551,left,525,takeaway,22,D,-66,-35,8477934
2025020647,2,700,08:14,11:46,1551,right,525,takeaway,22,O,-92,32,8478458
2025020647,2,752,13:46,06:14,1551,right,525,takeaway,22,N,18,34,8477498
2025020647,2,786,16:14,03:46,1551,right,525,takeaway,22,O,-93,30,8478402
2025020647,2,812,19:44,00:16,1551,right,525,takeaway,4,D,-51,13,8476461
2025020647,3,1033,12:26,07:34,1551,left,525,takeaway,22,D,-98,0,8477934
2025020647,3,1056,13:59,06:01,1551,left,525,takeaway,4,O,-43,-11,8476461
2025020648,1,63,00:06,19:54,1551,left,525,takeaway,8,O,-37,19,8480074
2025020648,1,128,05:48,14:12,1551,left,525,takeaway,8,D,63,-28,8476875
2025020648,1,281,12:30,07:30,1551,left,525,takeaway,19,O,56,-39,8480023
2025020648,1,354,17:55,02:05,1551,left,525,takeaway,8,D,65,32,8478851
2025020648,2,513,06:02,13:58,1551,right,525,takeaway,19,D,68,-42,8481006
2025020648,2,522,06:23,13:37,1551,right,525,takeaway,8,N,11,34,8476479
2025020648,2,546,08:36,11:24,1551,right,525,takeaway,19,O,-98,3,8480023
2025020648,2,565,09:19,10:41,1541,right,525,takeaway,19,D,95,-4,8481598
2025020648,2,692,19:28,00:32,1551,right,525,takeaway,8,D,-99,13,8483457
2025020649,1,428,16:28,03:32,1551,left,525,takeaway,14,D,54,40,8476826
2025020649,2,584,04:41,15:19,1551,right,525,takeaway,28,O,-77,30,8479983
2025020649,2,598,05:31,14:29,1551,right,525,takeaway,28,N,-10,-1,8482861
2025020649,2,649,10:03,09:57,1551,right,525,takeaway,28,D,58,-1,8475726
2025020649,2,774,19:07,00:53,1551,right,525,takeaway,28,D,92,22,8483630
2025020649,3,842,05:08,14:52,1551,left,525,takeaway,28,N,15,29,8484806
2025020649,3,882,08:25,11:35,1551,left,525,takeaway,14,D,47,20,8478010
2025020649,3,908,10:14,09:46,1451,left,525,takeaway,28,O,93,21,8475784
2025020649,3,955,13:54,06:06,1541,left,525,takeaway,28,D,-50,0,8475200
2025020650,1,83,01:30,18:30,1551,left,525,takeaway,9,D,-34,-39,8475324
2025020650,1,259,10:39,09:21,1551,left,525,takeaway,52,O,-29,38,8480113
2025020650,1,267,10:50,09:10,1551,left,525,takeaway,9,D,-66,-30,8482116
2025020650,1,365,14:34,05:26,1451,left,525,takeaway,52,D,53,-31,8476392
2025020650,2,565,02:12,17:48,1551,right,525,takeaway,9,D,31,-18,8478020
2025020650,2,606,05:08,14:52,1551,right,525,takeaway,52,D,-65,-33,8476460
2025020650,2,632,07:03,12:57,1551,right,525,takeaway,9,O,-27,42,8476393
2025020650,2,655,09:56,10:04,1541,right,525,takeaway,52,D,-54,-3,8480113
2025020650,2,706,14:13,05:47,1451,right,525,takeaway,52,D,-25,-13,8476871
2025020650,2,759,19:14,00:46,1541,right,525,takeaway,9,N,-2,-28,8481596
2025020650,3,903,09:56,10:04,1551,left,525,takeaway,52,N,-1,37,8476331
2025020650,3,920,11:11,08:49,1551,left,525,takeaway,52,O,-99,12,8473604
2025020651,1,247,10:25,09:35,1551,left,525,takeaway,2,O,74,-38,8478445
2025020651,1,284,12:24,07:36,1341,left,525,takeaway,10,D,70,21,8479442
2025020651,1,314,14:36,05:24,1551,left,525,takeaway,2,N,-4,38,8475231
2025020651,2,660,12:29,07:31,1551,right,525,takeaway,2,D,35,-13,8476429
2025020651,2,745,18:38,01:22,1551,right,525,takeaway,2,D,47,30,8485366
2025020651,3,849,01:41,18:19,1551,left,525,takeaway,2,D,-84,24,8478445
2025020651,3,956,08:51,11:09,1551,left,525,takeaway,10,D,75,-39,8476931
2025020651,3,973,10:12,09:48,1551,left,525,takeaway,2,D,-66,-23,8484287
2025020652,1,159,05:30,14:30,1551,right,525,takeaway,16,O,87,-32,8482176
2025020652,1,182,07:53,12:07,1551,right,525,takeaway,15,N,7,-31,8477845
2025020652,1,190,08:18,11:42,1551,right,525,takeaway,15,O,-53,-18,8478440
2025020652,1,358,17:14,02:46,1551,right,525,takeaway,16,O,63,-41,8481624
2025020652,2,553,04:28,15:32,1551,left,525,takeaway,16,N,2,23,8481806
2025020652,2,720,18:25,01:35,1551,left,525,takeaway,16,O,-85,36,8484783
2025020652,3,762,00:56,19:04,1551,right,525,takeaway,16,N,-17,-37,8484783
2025020652,3,765,01:21,18:39,1551,right,525,takeaway,16,N,-1,26,8482176
2025020652,3,897,06:47,13:13,1551,right,525,takeaway,16,O,64,40,8477450
2025020652,3,1076,15:56,04:04,1551,right,525,takeaway,16,O,53,42,8476891
2025020652,3,1090,16:43,03:17,1551,right,525,takeaway,16,D,-42,6,8477479
2025020653,1,127,04:22,15:38,1451,right,525,takeaway,21,D,-67,-42,8475754
2025020653,2,562,01:00,19:00,1551,left,525,takeaway,12,D,-96,-1,8480336
2025020653,2,610,05:21,14:39,1551,left,525,takeaway,12,D,-50,33,8480817
2025020653,2,632,06:44,13:16,1551,left,525,takeaway,21,O,-71,24,8477501
2025020653,2,676,09:38,10:22,1551,left,525,takeaway,21,D,55,13,8478038
2025020653,3,846,01:59,18:01,1551,right,525,takeaway,21,D,-61,-40,8470613
2025020653,3,1060,18:24,01:36,1560,right,525,takeaway,21,N,11,0,8476455
2025020654,1,347,11:28,08:32,1551,right,525,takeaway,18,O,98,0,8476887
2025020654,1,459,14:30,05:30,1551,right,525,takeaway,18,O,91,34,8476887
2025020654,1,514,19:16,00:44,1551,right,525,takeaway,20,O,-92,26,8478397
2025020654,1,516,19:17,00:43,1551,right,525,takeaway,18,D,-38,30,8479980
2025020654,2,653,05:04,14:56,1551,left,525,takeaway,18,O,-89,33,8483565
2025020654,2,744,11:25,08:35,1551,left,525,takeaway,18,O,-30,35,8478047
2025020654,2,824,14:54,05:06,1441,left,525,takeaway,20,D,-40,-13,8480860
2025020654,2,825,14:55,05:05,1441,left,525,takeaway,18,N,-23,-40,8476887
2025020654,2,857,15:55,04:05,1441,left,525,takeaway,20,D,-65,-28,8475172
2025020654,3,974,02:07,17:53,1451,right,525,takeaway,20,O,-79,-35,8478397
2025020654,3,1044,08:06,11:54,1551,right,525,takeaway,18,N,3,-25,8482062
2025020655,1,293,13:01,06:59,1551,right,525,takeaway,30,D,-96,16,8474567
2025020655,1,398,18:00,02:00,1551,right,525,takeaway,26,D,60,-34,8481532
2025020655,1,400,18:26,01:34,1551,right,525,takeaway,26,N,-11,-36,8477942
2025020655,2,519,03:38,16:22,1551,left,525,takeaway,30,D,58,-9,8478508
2025020655,2,553,05:22,14:38,1451,left,525,takeaway,30,D,32,-39,8476463
2025020655,2,578,07:54,12:06,1541,left,525,takeaway,26,D,-31,35,8482124
2025020655,2,588,09:15,10:45,1551,left,525,takeaway,26,O,76,41,8477960
2025020655,2,636,12:53,07:07,1551,left,525,takeaway,30,D,27,-16,8475692
2025020655,4,1044,01:36,03:24,1331,left,525,takeaway,30,N,10,-4,8481557
2025020656,1,86,01:34,18:26,1551,right,525,takeaway,23,O,-99,12,8480144
2025020656,1,141,04:17,15:43,1551,right,525,takeaway,6,O,37,9,8483489
2025020656,1,187,08:45,11:15,1551,right,525,takeaway,23,D,46,-39,8483678
2025020656,1,276,12:14,07:46,1551,right,525,takeaway,23,N,-15,33,8483678
2025020656,2,663,12:41,07:19,1551,left,525,takeaway,23,O,80,38,8482055
2025020656,2,672,13:22,06:38,1551,left,525,takeaway,6,O,-46,-8,8477956
2025020656,2,718,17:05,02:55,1551,left,525,takeaway,23,O,33,-11,8482691
2025020656,3,908,02:30,17:30,1551,right,525,takeaway,23,D,27,33,8474574
2025020656,3,1046,12:05,07:55,1551,right,525,takeaway,6,N,2,12,8479369
2025020657,1,129,04:13,15:47,1551,right,525,takeaway,25,D,34,35,8481581
2025020657,1,237,08:11,11:49,1551,right,525,takeaway,8,N,2,-39,8480018
2025020657,1,273,10:45,09:15,1551,right,525,takeaway,8,O,92,32,8481540
2025020657,1,333,14:26,05:34,1551,right,525,takeaway,25,O,-91,32,8480950
2025020657,2,411,00:54,19:06,1541,left,525,takeaway,25,D,-64,-39,8479351
2025020657,2,661,12:28,07:32,1551,left,525,takeaway,25,N,-3,-23,8480027
2025020657,2,726,18:44,01:16,1551,left,525,takeaway,25,N,8,30,8482145
2025020657,3,799,05:45,14:15,1551,right,525,takeaway,8,O,73,-33,8475848
2025020657,3,846,07:27,12:33,1551,right,525,takeaway,25,D,40,0,8478420
2025020657,3,1013,18:30,01:30,1551,right,525,takeaway,25,N,-1,41,8480950
2025020658,1,91,00:35,19:25,1551,left,525,takeaway,5,N,0,30,8479638
2025020658,1,327,10:39,09:21,1541,left,525,takeaway,29,D,-27,-32,8475745
2025020658,1,339,11:07,08:53,1541,left,525,takeaway,29,D,-29,19,8476432
2025020658,1,350,12:22,07:38,1551,left,525,takeaway,29,D,-67,-36,8480893
2025020658,1,455,17:11,02:49,1551,left,525,takeaway,29,N,7,-21,8478046
2025020658,2,587,02:53,17:07,1551,right,525,takeaway,5,N,2,-14,8471724
2025020658,2,620,05:21,14:39,1551,right,525,takeaway,29,O,-90,28,8478975
2025020658,2,638,07:51,12:09,1551,right,525,takeaway,29,N,-22,-27,8475745
2025020658,2,687,12:10,07:50,1551,right,525,takeaway,5,O,99,14,8476483
2025020658,2,689,12:46,07:14,1551,right,525,takeaway,5,D,-65,2,8474578
2025020658,3,875,05:56,14:04,1551,left,525,takeaway,5,O,-97,-24,8485414
2025020658,3,985,13:54,06:06,1551,left,525,takeaway,29,N,5,40,8478975
2025020659,1,184,04:37,15:23,1551,right,525,takeaway,13,O,-92,-24,8478421
2025020659,1,201,06:24,13:36,1551,right,525,takeaway,13,O,-86,27,8477935
2025020659,1,421,12:34,07:26,1551,right,525,takeaway,21,D,-74,42,8477492
2025020659,1,422,13:14,06:46,1551,right,525,takeaway,21,O,75,37,8478109
2025020659,1,477,18:16,01:44,1551,right,525,takeaway,21,D,-67,39,8479398
2025020659,1,478,18:18,01:42,1551,right,525,takeaway,13,O,-55,40,8484304
2025020659,2,515,01:05,18:55,1551,left,525,takeaway,13,O,73,24,8478055
2025020659,2,549,01:46,18:14,1551,left,525,takeaway,13,O,29,36,8477933
2025020659,2,610,07:36,12:24,1551,left,525,takeaway,13,O,92,21,8478421
2025020659,3,920,07:40,12:20,1451,right,525,takeaway,21,N,-7,-31,8477501
2025020659,3,1125,19:16,00:44,0651,right,525,takeaway,13,D,53,-30,8478055
2025020660,1,614,12:03,07:57,1551,left,525,takeaway,12,O,-68,35,8480336
2025020660,2,599,04:40,15:20,1551,right,525,takeaway,12,N,-2,-9,8473533
2025020660,2,857,04:51,15:09,1551,right,525,takeaway,1,D,25,13,8478841
2025020660,3,789,00:36,19:24,1551,left,525,takeaway,1,O,41,-26,8481721
2025020660,3,809,02:18,17:42,1551,left,525,takeaway,12,D,37,-16,8482100
2025020660,3,875,06:29,13:31,1541,left,525,takeaway,1,N,-24,-30,8477488
2025020660,3,1018,12:15,07:45,1551,left,525,takeaway,12,N,-2,-41,8475791
2025020660,3,982,14:53,05:07,1551,left,525,takeaway,12,D,43,-35,8482100
2025020660,3,993,15:28,04:32,1551,left,525,takeaway,12,O,-49,-42,8482809
2025020661,1,288,14:13,05:47,1551,right,525,takeaway,54,O,64,-7,8476438
2025020661,2,432,01:46,18:14,1551,left,525,takeaway,16,O,98,4,8477987
2025020661,2,534,06:04,13:56,1551,left,525,takeaway,16,D,-81,24,8476473
2025020661,2,571,09:36,10:24,1551,left,525,takeaway,16,O,65,38,8484783
2025020661,2,595,11:27,08:33,1451,left,525,takeaway,16,D,-80,-25,8476891
2025020661,2,673,18:27,01:33,1551,left,525,takeaway,16,O,68,-40,8476882
2025020661,2,686,19:54,00:06,1551,left,525,takeaway,54,D,27,-19,8478483
2025020661,3,778,06:22,13:38,1551,right,525,takeaway,16,O,-31,-2,8477987
2025020661,3,992,18:53,01:07,1551,right,525,takeaway,16,N,12,10,8473422
2025020662,1,112,03:21,16:39,1551,right,525,takeaway,68,D,-98,-21,8477220
2025020662,1,164,06:50,13:10,1551,right,525,takeaway,3,D,57,24,8477369
2025020662,1,223,11:00,09:00,1551,right,525,takeaway,68,O,69,-19,8479619
2025020662,1,246,12:40,07:20,1551,right,525,takeaway,3,N,19,-7,8478840
2025020662,2,543,05:48,14:12,1551,left,525,takeaway,3,D,-41,41,8479323
2025020662,2,672,11:10,08:50,1551,left,525,takeaway,68,O,-93,-11,8479410
2025020662,2,724,14:58,05:02,1551,left,525,takeaway,68,D,29,-36,8479293
2025020662,3,860,00:43,19:17,1551,right,525,takeaway,68,O,65,39,8479343
2025020662,3,879,01:26,18:34,1551,right,525,takeaway,68,O,59,-40,8478507
2025020662,3,967,07:28,12:32,1551,right,525,takeaway,68,O,55,41,8479410
2025020662,3,1038,13:35,06:25,1551,right,525,takeaway,3,D,29,17,8482073
2025020662,3,1087,17:37,02:23,1451,right,525,takeaway,3,O,-80,38,8479323
2025020663,1,216,06:49,13:11,1551,right,525,takeaway,15,O,-44,-34,8477947
2025020663,1,232,08:03,11:57,1551,right,525,takeaway,24,O,43,-30,8482745
2025020663,1,335,15:36,04:24,1551,right,525,takeaway,15,O,-97,26,8482088
2025020663,2,649,06:02,13:58,1551,left,525,takeaway,15,O,61,-34,8471214
2025020663,2,875,17:30,02:30,1551,left,525,takeaway,24,N,-2,41,8478873
2025020663,3,947,03:05,16:55,1551,right,525,takeaway,24,N,7,14,8475798
2025020663,3,980,05:37,14:23,1551,right,525,takeaway,24,D,-57,-4,8473986
2025020663,3,1020,08:52,11:08,1551,right,525,takeaway,24,N,-4,5,8475462
2025020663,3,1030,09:37,10:23,1551,right,525,takeaway,24,O,98,13,8473986
2025020664,1,214,07:01,12:59,1551,left,525,takeaway,17,N,10,-36,8477429
2025020664,1,490,14:14,05:46,1551,left,525,takeaway,9,O,98,-10,8475324
2025020664,2,627,03:42,16:18,1551,right,525,takeaway,17,D,-78,36,8481607
2025020664,2,667,06:10,13:50,1541,right,525,takeaway,9,D,74,13,8482116
2025020664,2,814,17:06,02:54,1551,right,525,takeaway,9,O,-70,42,8478469
2025020664,3,888,03:00,17:00,1541,left,525,takeaway,9,D,-41,12,8481596
2025020664,3,906,04:09,15:51,1541,left,525,takeaway,17,O,-90,-25,8484223
2025020664,3,1094,14:16,05:44,1541,left,525,takeaway,17,D,41,26,8482078
2025020664,3,1155,19:05,00:55,1560,left,525,takeaway,9,N,15,-5,8480208
2025020665,1,81,00:31,19:29,1551,right,525,takeaway,20,O,-47,-34,8476399
2025020665,1,254,08:06,11:54,1551,right,525,takeaway,55,D,-36,0,8477919
2025020665,1,255,08:09,11:51,1551,right,525,takeaway,20,O,-50,-13,8482074
2025020665,2,504,00:23,19:37,1541,left,525,takeaway,20,D,-52,-40,8476399
2025020665,2,668,08:55,11:05,1551,left,525,takeaway,20,D,-57,-18,8477346
2025020665,2,720,11:53,08:07,1551,left,525,takeaway,20,D,-39,-38,8474150
2025020665,2,807,18:31,01:29,1551,left,525,takeaway,55,N,17,-29,8478407
2025020665,3,1128,18:48,01:12,1551,right,525,takeaway,20,O,-48,-40,8474150
2025020666,1,125,04:00,16:00,1551,right,525,takeaway,30,O,46,-32,8482122
2025020666,1,227,08:10,11:50,1551,right,525,takeaway,30,D,-65,37,8480800
2025020666,1,247,08:24,11:36,1551,right,525,takeaway,30,O,27,-37,8482122
2025020666,1,253,10:45,09:15,1551,right,525,takeaway,26,D,73,33,8482408
2025020666,1,356,15:18,04:42,1551,right,525,takeaway,26,D,49,-41,8475208
2025020666,1,416,17:10,02:50,1551,right,525,takeaway,30,D,-31,28,8476994
2025020666,2,431,00:21,19:39,1551,left,525,takeaway,26,O,99,18,8477942
2025020666,2,509,01:39,18:21,1541,left,525,takeaway,30,O,-91,28,8475692
2025020666,2,666,10:53,09:07,1551,left,525,takeaway,30,D,82,34,8475220
2025020666,2,762,19:17,00:43,1551,left,525,takeaway,26,O,98,-9,8482726
2025020666,3,799,01:45,18:15,1451,right,525,takeaway,26,N,7,-40,8477942
2025020666,3,953,11:41,08:19,1541,right,525,takeaway,30,O,77,-39,8481557
2025020667,1,339,12:11,07:49,1541,left,525,takeaway,23,O,-38,39,8481024
2025020667,1,426,18:00,02:00,1551,left,525,takeaway,23,D,31,38,8479425
2025020667,2,460,00:43,19:17,1551,right,525,takeaway,7,D,52,-10,8482671
2025020667,2,560,03:47,16:13,1551,right,525,takeaway,7,D,57,-36,8483500
2025020667,2,563,04:03,15:57,1551,right,525,takeaway,23,N,-9,10,8479425
2025020667,2,702,16:47,03:13,1551,right,525,takeaway,7,O,-97,0,8480807
2025020667,3,785,02:50,17:10,1551,left,525,takeaway,7,N,12,25,8477949
2025020667,3,932,13:32,06:28,1551,left,525,takeaway,7,N,-5,34,8481522
2025020667,3,939,13:39,06:21,1551,left,525,takeaway,23,D,29,-1,8481024
2025020668,1,294,12:46,07:14,1551,left,525,takeaway,21,O,-73,-36,8480835
2025020668,1,329,15:29,04:31,1551,left,525,takeaway,14,O,50,40,8478010
2025020668,1,356,17:04,02:56,1551,left,525,takeaway,14,O,82,39,8483398
2025020668,2,470,01:14,18:46,1551,right,525,takeaway,14,D,80,-38,8480426
2025020668,2,699,19:43,00:17,1551,right,525,takeaway,21,O,87,-8,8480835
2025020668,3,909,04:15,15:45,1551,left,525,takeaway,21,D,90,-35,8477492
2025020668,3,982,10:36,09:24,1551,left,525,takeaway,21,D,96,8,8479398
2025020668,3,1030,14:09,05:51,1551,left,525,takeaway,14,O,35,41,8476826
2025020668,3,1112,18:41,01:19,1551,left,525,takeaway,14,O,72,42,8482201
2025020669,1,133,02:30,17:30,1541,left,525,takeaway,1,O,-86,-26,8480002
2025020669,1,177,04:13,15:47,1551,left,525,takeaway,2,N,24,-27,8477506
2025020669,1,266,07:29,12:31,1551,left,525,takeaway,2,O,58,11,8477506
2025020669,2,624,07:00,13:00,1551,right,525,takeaway,2,D,95,-24,8477950
2025020669,2,692,11:45,08:15,1551,right,525,takeaway,1,N,-16,17,8480002
2025020669,3,903,08:29,11:31,1551,left,525,takeaway,1,O,-92,-33,8482110
2025020669,3,1016,16:06,03:54,1551,left,525,takeaway,1,O,-84,-18,8476292
2025020669,3,1024,17:43,02:17,1551,left,525,takeaway,1,D,42,39,8477488
2025020670,1,81,00:55,19:05,1551,right,525,takeaway,24,D,-73,-6,8484153
2025020670,1,83,01:10,18:50,1551,right,525,takeaway,4,D,86,33,8477948
2025020670,1,99,02:24,17:36,1551,right,525,takeaway,4,D,83,20,8482126
2025020670,1,310,12:43,07:17,1551,right,525,takeaway,4,N,-22,37,8481533
2025020670,1,328,14:15,05:45,1451,right,525,takeaway,4,O,-36,28,8480015
2025020670,2,497,01:34,18:26,1551,left,525,takeaway,4,D,-46,-9,8480015
2025020670,2,498,01:52,18:08,1551,left,525,takeaway,4,D,-36,36,8480015
2025020670,2,677,08:54,11:06,1551,left,525,takeaway,4,N,-22,-37,8476461
2025020670,2,794,16:49,03:11,1551,left,525,takeaway,24,D,89,27,8481563
2025020671,1,126,03:44,16:16,1551,right,525,takeaway,12,D,93,-29,8481491
2025020671,1,213,06:55,13:05,1551,right,525,takeaway,12,N,-1,-34,8477940
2025020671,1,453,15:20,04:40,1551,right,525,takeaway,12,D,28,-36,8478970
2025020671,1,456,15:41,04:19,1551,right,525,takeaway,25,O,95,13,8476278
2025020671,2,583,05:04,14:56,1551,left,525,takeaway,12,O,61,29,8478427
2025020671,2,725,15:03,04:57,1541,left,525,takeaway,12,D,-37,-33,8478970
2025020671,2,742,17:08,02:52,1551,left,525,takeaway,25,O,-73,40,8481581
2025020671,3,839,00:15,19:45,1551,right,525,takeaway,25,D,-30,31,8476902
2025020671,3,924,05:58,14:02,1551,right,525,takeaway,25,N,-20,-17,8476889
2025020671,3,1061,13:21,06:39,1551,right,525,takeaway,25,O,83,7,8476902
2025020671,3,1125,19:10,00:50,1551,right,525,takeaway,12,D,34,6,8482809
2025020672,1,231,07:27,12:33,1551,right,525,takeaway,13,D,-81,-26,8477933
2025020672,1,275,11:06,08:54,1551,right,525,takeaway,13,N,-7,-32,8478859
2025020672,1,449,19:18,00:42,1551,right,525,takeaway,13,O,62,40,8482713
2025020672,2,672,10:00,10:00,1551,left,525,takeaway,10,N,0,39,8478462
2025020672,2,700,11:38,08:22,1551,left,525,takeaway,13,O,-70,40,8477409
2025020672,3,905,02:59,17:01,1541,right,525,takeaway,13,O,88,-10,8477935
2025020672,3,1028,11:36,08:24,1551,right,525,takeaway,13,O,79,-7,8477409
2025020672,3,1092,15:32,04:28,1551,right,525,takeaway,10,O,-47,32,8482259
2025020672,3,1109,18:09,01:51,0651,right,525,takeaway,13,O,98,-1,8478542
2025020672,3,1115,18:33,01:27,0651,right,525,takeaway,13,O,86,-10,8477933
2025020673,1,259,12:34,07:26,1551,right,525,takeaway,54,O,59,29,8477018
2025020673,2,387,00:56,19:04,1551,left,525,takeaway,52,D,-64,31,8476460
2025020673,2,572,07:43,12:17,1551,left,525,takeaway,54,O,-79,41,8475913
2025020673,2,611,10:38,09:22,1551,left,525,takeaway,54,D,70,20,8478483
2025020673,3,928,05:42,14:18,1551,right,525,takeaway,52,D,61,-37,8480049
2025020673,3,1009,10:31,09:29,1451,right,525,takeaway,54,D,-97,-15,8481527
2025020673,3,1014,11:06,08:54,1451,right,525,takeaway,54,N,5,29,8478403
2025020673,3,1079,15:27,04:33,1551,right,525,takeaway,52,D,98,6,8473604
2025020674,1,384,02:43,17:17,1551,left,525,takeaway,22,D,-68,-34,8483512
2025020674,1,238,11:57,08:03,1551,left,525,takeaway,18,D,89,-19,8479980
2025020674,1,247,12:21,07:39,1551,left,525,takeaway,18,O,-97,-1,8474564
2025020674,1,308,12:25,07:35,1551,left,525,takeaway,18,O,-52,27,8476887
2025020674,1,368,16:26,03:34,1551,left,525,takeaway,22,D,-97,-13,8477934
2025020674,2,667,12:52,07:08,1551,right,525,takeaway,22,D,42,41,8475218
2025020674,2,735,17:22,02:38,1551,right,525,takeaway,22,D,28,16,8480831
2025020674,2,741,17:42,02:18,1551,right,525,takeaway,22,O,-54,2,8483455
2025020674,2,801,19:57,00:03,1551,right,525,takeaway,22,O,-98,12,8477406
2025020674,3,907,02:27,17:33,1551,left,525,takeaway,18,O,-98,8,8482062
2025020674,3,995,10:04,09:56,1551,left,525,takeaway,18,D,54,-36,8478047
2025020674,3,1051,13:36,06:24,1551,left,525,takeaway,22,D,-99,14,8475218
2025020674,3,1081,15:16,04:44,1551,left,525,takeaway,18,O,-40,-16,8477446
2025020675,1,252,08:30,11:30,1451,left,525,takeaway,28,O,92,-23,8475200
2025020675,1,321,13:00,07:00,1551,left,525,takeaway,29,D,26,6,8479671
2025020675,1,416,17:17,02:43,1541,left,525,takeaway,28,D,-32,40,8484801
2025020675,2,582,05:49,14:11,1541,right,525,takeaway,28,D,54,39,8480043
2025020675,2,597,07:18,12:42,1541,right,525,takeaway,28,N,12,-22,8484806
2025020675,2,607,08:09,11:51,1551,right,525,takeaway,29,O,80,10,8476867
2025020675,2,702,15:45,04:15,1451,right,525,takeaway,29,D,-80,-39,8478500
2025020675,3,808,02:25,17:35,1541,left,525,takeaway,28,D,-32,-26,8484911
2025020675,3,913,10:19,09:41,1551,left,525,takeaway,28,D,-31,26,8482667
2025020675,3,1048,16:39,03:21,1551,left,525,takeaway,28,D,-34,32,8484801
2025020676,1,90,02:41,17:19,1551,left,525,takeaway,55,D,-54,40,8476467
2025020676,1,210,05:09,14:51,1551,left,525,takeaway,55,O,30,-28,8484800
2025020676,1,305,09:22,10:38,1451,left,525,takeaway,6,N,21,-37,8477507
2025020676,1,364,15:37,04:23,1551,left,525,takeaway,55,O,73,11,8477919
2025020676,1,400,18:19,01:41,1551,left,525,takeaway,55,O,98,-5,8474586
2025020676,1,501,18:57,01:03,1551,left,525,takeaway,55,N,-16,39,8482751
2025020676,2,577,03:18,16:42,1551,right,525,takeaway,6,D,-60,30,8480035
2025020676,2,595,04:52,15:08,1551,right,525,takeaway,6,D,-30,39,8477507
2025020676,2,621,06:58,13:02,1551,right,525,takeaway,55,D,93,26,8483570
2025020676,2,748,18:20,01:40,1551,right,525,takeaway,55,O,-99,-4,8481789
2025020676,3,1007,11:39,08:21,1551,left,525,takeaway,55,D,-43,-33,8482874
2025020676,3,1090,19:08,00:52,0651,left,525,takeaway,55,D,-59,27,8476905
2025020677,1,63,00:12,19:48,1551,right,525,takeaway,15,D,53,-36,8480796
2025020677,1,365,15:05,04:55,1551,right,525,takeaway,15,D,97,-17,8479345
2025020677,1,393,17:02,02:58,1551,right,525,takeaway,25,D,-33,37,8480036
2025020677,2,445,01:08,18:52,1551,left,525,takeaway,15,O,48,40,8479345
2025020677,2,694,08:32,11:28,1551,left,525,takeaway,25,D,30,-39,8476278
2025020677,2,721,10:27,09:33,1551,left,525,takeaway,25,O,-49,-40,8476889
2025020677,2,729,11:17,08:43,1551,left,525,takeaway,15,D,-61,25,8480873
2025020677,2,768,14:00,06:00,1551,left,525,takeaway,15,D,-69,-31,8478911
2025020677,3,968,09:05,10:55,1551,right,525,takeaway,15,O,-82,11,8482088
2025020678,1,65,00:32,19:28,1551,right,525,takeaway,20,D,-64,-24,8480860
2025020678,1,325,11:02,08:58,1551,right,525,takeaway,20,D,-28,30,8483609
2025020678,2,521,00:32,19:28,1551,left,525,takeaway,20,O,-86,35,8477346
2025020678,2,646,08:21,11:39,1551,left,525,takeaway,8,O,97,20,8478104
2025020678,2,773,19:25,00:35,1551,left,525,takeaway,8,D,-60,-15,8484984
2025020678,3,797,00:16,19:44,1551,right,525,takeaway,8,N,-17,-3,8480018
2025020678,3,883,08:18,11:42,1551,right,525,takeaway,20,O,97,-24,8480797
2025020678,3,1019,17:58,02:02,1551,right,525,takeaway,20,D,-85,-37,8481068
2025020678,3,1035,19:19,00:41,1551,right,525,takeaway,8,D,26,5,8480813
2025020679,1,64,00:25,19:35,1551,right,525,takeaway,19,O,96,-10,8475170
2025020679,1,75,00:49,19:11,1551,right,525,takeaway,16,N,-12,-36,8476891
2025020679,1,120,04:01,15:59,1541,right,525,takeaway,16,D,82,20,8476473
2025020679,1,155,06:34,13:26,1541,right,525,takeaway,16,D,99,14,8481806
2025020679,1,351,12:10,07:50,1551,right,525,takeaway,19,O,81,-19,8476897
2025020679,2,709,10:55,09:05,1551,left,525,takeaway,16,O,63,-17,8484197
2025020679,3,902,05:53,14:07,1451,right,525,takeaway,19,D,-86,-8,8477402
2025020679,3,970,09:56,10:04,1551,right,525,takeaway,19,N,-14,1,8476897
2025020679,3,980,11:09,08:51,1551,right,525,takeaway,16,D,90,29,8477450
2025020679,3,1101,15:53,04:07,1551,right,525,takeaway,16,O,-84,-39,8483450
2025020679,3,1112,16:30,03:30,1551,right,525,takeaway,16,O,-83,-35,8476882
2025020680,1,346,16:26,03:34,1551,left,525,takeaway,68,D,-94,-1,8479410
2025020680,1,501,19:00,01:00,1551,left,525,takeaway,68,O,43,35,8479619
2025020680,2,708,10:02,09:58,1551,right,525,takeaway,68,D,31,-3,8478507
2025020680,2,808,16:55,03:05,1551,right,525,takeaway,68,O,-93,-18,8478474
2025020680,2,820,17:35,02:25,1551,right,525,takeaway,9,O,79,-36,8481528
2025020680,3,925,04:04,15:56,1551,left,525,takeaway,68,D,-37,-39,8480084
2025020680,3,1075,14:31,05:29,1551,left,525,takeaway,9,D,88,-26,8482116
2025020681,1,197,07:19,12:41,1551,right,525,takeaway,28,D,-80,30,8482667
2025020681,1,210,08:49,11:11,1551,right,525,takeaway,28,O,37,41,8475200
2025020681,1,246,11:12,08:48,1551,right,525,takeaway,26,D,32,-9,8477998
2025020681,1,285,15:18,04:42,1551,right,525,takeaway,28,O,99,-6,8475726
2025020681,2,581,06:20,13:40,1441,left,525,takeaway,28,O,-50,-14,8480043
2025020681,2,780,15:57,04:03,1551,left,525,takeaway,28,O,-99,-4,8476624
2025020681,3,834,01:44,18:16,1551,right,525,takeaway,26,N,7,12,8476879
2025020681,3,849,02:52,17:08,1551,right,525,takeaway,28,O,53,-42,8478874
2025020681,3,1041,18:49,01:11,0651,right,525,takeaway,28,O,96,-7,8484801
2025020681,3,1052,19:51,00:09,1551,right,525,takeaway,26,D,50,-34,8482730
2025020681,4,1065,01:28,03:32,1331,left,525,takeaway,28,D,64,-17,8475200
2025020682,1,214,04:04,15:56,1551,left,525,takeaway,20,D,47,37,8477346
2025020682,1,270,07:17,12:43,1551,left,525,takeaway,6,N,-22,40,8483489
2025020682,1,295,09:08,10:52,1551,left,525,takeaway,20,D,31,-40,8477993
2025020682,1,298,09:19,10:41,1551,left,525,takeaway,20,D,26,-23,8480860
2025020682,1,462,18:36,01:24,1551,left,525,takeaway,20,O,-98,-18,8483609
2025020682,2,687,08:53,11:07,1441,right,525,takeaway,20,O,28,39,8480860
2025020682,2,696,09:14,10:46,1441,right,525,takeaway,6,D,29,-35,8477507
2025020682,3,1007,08:27,11:33,1551,left,525,takeaway,6,N,-20,5,8479325
2025020682,3,1016,09:38,10:22,1551,left,525,takeaway,20,O,-41,35,8474150
2025020682,3,1082,12:26,07:34,1451,left,525,takeaway,20,N,-12,-4,8477993
2025020682,3,1120,16:24,03:36,1551,left,525,takeaway,20,D,46,-6,8480797
2025020683,1,304,09:12,10:48,1551,right,525,takeaway,8,D,88,-31,8483424
2025020683,1,308,10:26,09:34,1551,right,525,takeaway,8,N,19,41,8478851
2025020683,1,341,11:51,08:09,1451,right,525,takeaway,8,D,96,-2,8481540
2025020683,1,412,13:54,06:06,1551,right,525,takeaway,8,D,33,-17,8484984
2025020683,1,434,15:02,04:58,1551,right,525,takeaway,13,D,-68,35,8478542
2025020683,2,609,08:40,11:20,1551,left,525,takeaway,13,D,89,-18,8480003
2025020683,2,618,08:45,11:15,1551,left,525,takeaway,8,N,-5,13,8484984
2025020683,2,665,10:31,09:29,1551,left,525,takeaway,8,O,79,32,8480018
2025020683,2,703,15:39,04:21,1551,left,525,takeaway,13,D,37,38,8477935
2025020683,2,734,19:00,01:00,1451,left,525,takeaway,8,O,78,-19,8480865
2025020683,3,1050,19:51,00:09,1551,right,525,takeaway,13,O,85,19,8479316
2025020684,1,257,07:02,12:58,1551,right,525,takeaway,17,D,40,-41,8482762
2025020684,1,306,10:13,09:47,1551,right,525,takeaway,17,D,69,26,8484223
2025020684,1,405,16:52,03:08,1551,right,525,takeaway,17,O,-98,-3,8474037
2025020684,2,555,00:22,19:38,1551,left,525,takeaway,17,O,52,41,8482762
2025020684,2,605,03:52,16:08,1551,left,525,takeaway,23,O,-95,4,8484798
2025020684,3,881,03:47,16:13,1551,right,525,takeaway,17,O,-83,34,8477429
2025020684,3,935,08:27,11:33,1551,right,525,takeaway,23,O,33,12,8483499
2025020684,3,1015,14:39,05:21,1551,right,525,takeaway,23,O,99,-3,8480012
2025020685,1,186,04:19,15:41,1551,right,525,takeaway,7,D,-38,20,8481522
2025020685,1,190,04:43,15:17,1551,right,525,takeaway,3,D,70,38,8479390
2025020685,1,203,05:42,14:18,1551,right,525,takeaway,7,O,96,-28,8483500
2025020685,1,288,12:17,07:43,1551,right,525,takeaway,7,D,-38,40,8483500
2025020685,1,297,12:38,07:22,1551,right,525,takeaway,3,O,-80,4,8484210
2025020685,2,583,01:37,18:23,1551,left,525,takeaway,3,O,60,-39,8477380
2025020685,2,643,05:29,14:31,1551,left,525,takeaway,7,D,71,29,8482671
2025020685,2,690,07:18,12:42,1541,left,525,takeaway,7,O,-70,-36,8479420
2025020685,2,754,12:52,07:08,1551,left,525,takeaway,7,N,-14,22,8484145
2025020685,2,821,19:11,00:49,1451,left,525,takeaway,7,D,49,-36,8481524
2025020685,3,921,06:11,13:49,1551,right,525,takeaway,3,D,98,-1,8477369
2025020685,3,1034,12:29,07:31,1551,right,525,takeaway,7,N,10,-14,8477949
2025020685,3,1082,14:48,05:12,1451,right,525,takeaway,7,D,-58,32,8479359
2025020685,3,1096,15:49,04:11,1451,right,525,takeaway,3,O,-97,13,8476459
2025020686,1,82,01:21,18:39,1551,right,525,takeaway,10,O,81,-24,8482720
2025020686,1,134,04:46,15:14,1551,right,525,takeaway,10,D,-96,-14,8479026
2025020686,1,149,06:12,13:48,1551,right,525,takeaway,10,O,81,28,8475714
2025020686,1,286,11:53,08:07,1551,right,525,takeaway,10,O,84,-13,8482259
2025020686,1,443,19:46,00:14,1451,right,525,takeaway,10,D,-37,-41,8476872
2025020686,2,482,02:03,17:57,1551,left,525,takeaway,10,D,92,-12,8478443
2025020686,2,560,04:10,15:50,1551,left,525,takeaway,4,O,85,33,8479336
2025020686,2,709,11:56,08:04,1541,left,525,takeaway,4,D,-80,-26,8476461
2025020686,3,953,10:50,09:10,1551,right,525,takeaway,4,D,62,42,8479022
2025020686,4,1108,00:13,04:47,1331,left,525,takeaway,4,N,0,16,8481533
2025020686,4,1121,01:24,03:36,1331,left,525,takeaway,4,D,-65,42,8480015
2025020687,1,217,06:47,13:13,1551,left,525,takeaway,5,O,45,-39,8482475
2025020687,1,338,10:54,09:06,1551,left,525,takeaway,5,O,37,-7,8482475
2025020687,1,449,17:35,02:25,1551,left,525,takeaway,5,D,-57,34,8471675
2025020687,2,619,05:59,14:01,1551,right,525,takeaway,5,D,67,-40,8471215
2025020687,2,672,10:06,09:54,1551,right,525,takeaway,5,O,-64,38,8471215
2025020687,3,805,00:14,19:46,1551,left,525,takeaway,1,D,26,-11,8482684
2025020687,3,859,03:36,16:24,1551,left,525,takeaway,1,N,13,23,8476822
2025020687,3,868,04:18,15:42,1551,left,525,takeaway,1,D,99,-15,8478399
2025020687,3,876,04:47,15:13,1551,left,525,takeaway,1,D,65,17,8483495
2025020687,3,915,08:19,11:41,1551,left,525,takeaway,1,D,95,24,8480002
2025020687,3,1024,16:26,03:34,1551,left,525,takeaway,1,D,49,41,8482110
2025020688,1,84,02:00,18:00,1451,right,525,takeaway,24,N,-11,25,8475798
2025020688,1,190,05:15,14:45,1551,right,525,takeaway,12,N,17,-25,8480817
2025020688,1,344,13:13,06:47,1551,right,525,takeaway,24,D,-36,14,8483445
2025020688,2,530,02:34,17:26,1551,left,525,takeaway,24,D,96,21,8481563
2025020688,2,700,11:53,08:07,1551,left,525,takeaway,24,N,22,-6,8475798
2025020688,2,720,13:06,06:54,1551,left,525,takeaway,12,O,27,-22,8482911
2025020688,2,753,15:52,04:08,1551,left,525,takeaway,12,O,95,-26,8476921
2025020688,2,804,18:43,01:17,1541,left,525,takeaway,12,N,-19,-19,8478427
2025020688,3,910,06:59,13:01,1551,right,525,takeaway,12,O,-99,-7,8478427
2025020688,3,1055,17:50,02:10,1551,right,525,takeaway,12,N,-2,41,8480830
2025020689,1,225,06:57,13:03,1551,left,525,takeaway,18,O,26,-10,8477446
2025020689,1,330,15:59,04:01,1551,left,525,takeaway,2,D,60,-3,8484287
2025020689,1,344,16:42,03:18,1551,left,525,takeaway,2,D,70,22,8485366
2025020689,2,593,06:24,13:36,1551,right,525,takeaway,18,D,62,41,8483513
2025020689,2,620,08:47,11:13,1441,right,525,takeaway,2,D,-56,37,8485702
2025020689,2,646,10:43,09:17,1551,right,525,takeaway,18,O,-31,24,8478047
2025020689,2,725,15:44,04:16,1551,right,525,takeaway,18,D,99,-9,8476887
2025020689,3,862,04:10,15:50,1551,left,525,takeaway,18,D,-37,-37,8483565
2025020689,3,874,04:43,15:17,1551,left,525,takeaway,18,O,33,-15,8476887
2025020689,3,991,14:08,05:52,1551,left,525,takeaway,18,D,-63,-37,8477446
2025020689,4,1203,03:20,01:40,1331,right,525,takeaway,18,D,71,20,8483565
2025020689,4,1209,04:38,00:22,1331,right,525,takeaway,2,D,-35,-37,8481601
2025020690,1,288,09:13,10:47,1551,right,525,takeaway,52,D,36,36,8474568
2025020690,1,351,13:51,06:09,1551,right,525,takeaway,22,D,-34,-22,8477406
2025020690,2,551,01:56,18:04,1551,left,525,takeaway,52,D,-57,-41,8473604
2025020690,2,628,08:20,11:40,1551,left,525,takeaway,52,N,9,21,8476460
2025020690,2,708,15:57,04:03,1551,left,525,takeaway,52,O,67,-6,8476392
2025020690,3,795,02:30,17:30,1551,right,525,takeaway,52,N,-22,14,8480289
2025020690,3,1060,19:34,00:26,1560,right,525,takeaway,22,D,-68,-38,8475786
2025020691,1,443,12:58,07:02,1551,right,525,takeaway,9,O,25,2,8482092
2025020691,1,521,15:20,04:40,1551,right,525,takeaway,21,O,-99,-7,8475754
2025020691,2,737,09:44,10:16,1551,left,525,takeaway,21,D,-99,-13,8476312
2025020691,2,750,10:49,09:11,1551,left,525,takeaway,9,D,62,34,8484321
2025020691,2,909,16:06,03:54,1551,left,525,takeaway,9,D,70,-14,8482095
2025020691,2,920,18:31,01:29,1551,left,525,takeaway,9,D,59,-36,8478469
2025020691,3,1041,06:53,13:07,1451,right,525,takeaway,9,D,-74,40,8482095
2025020691,3,1083,10:21,09:39,1551,right,525,takeaway,21,O,-80,-27,8476312
2025020691,3,1169,15:06,04:54,1451,right,525,takeaway,21,N,9,40,8476312
2025020692,1,224,05:02,14:58,1551,right,525,takeaway,54,O,-92,-10,8478468
2025020692,1,242,05:44,14:16,1551,right,525,takeaway,29,N,10,22,8482705
2025020692,1,252,07:03,12:57,1551,right,525,takeaway,54,O,-92,26,8478403
2025020692,1,403,12:54,07:06,1551,right,525,takeaway,29,D,-60,-40,8480893
2025020692,1,408,14:00,06:00,1551,right,525,takeaway,54,D,83,35,8477964
2025020692,2,629,09:08,10:52,1551,left,525,takeaway,54,D,-64,36,8478396
2025020692,2,653,11:03,08:57,1551,left,525,takeaway,29,N,13,-19,8482705
2025020692,2,700,14:36,05:24,1551,left,525,takeaway,54,D,-65,-28,8480727
2025020692,2,704,14:48,05:12,1551,left,525,takeaway,54,O,98,-4,8479353
2025020692,2,754,19:54,00:06,1551,left,525,takeaway,54,O,26,9,8475913
2025020692,3,831,03:51,16:09,1451,right,525,takeaway,29,D,-35,4,8475745
2025020692,3,954,13:16,06:44,1551,right,525,takeaway,54,N,18,26,8476881
2025020693,1,198,09:47,10:13,1551,left,525,takeaway,30,D,32,-30,8482122
2025020693,1,280,12:08,07:52,1551,left,525,takeaway,55,D,-30,38,8482858
2025020693,1,334,16:42,03:18,1451,left,525,takeaway,55,O,86,36,8478407
2025020693,1,407,17:34,02:26,1451,left,525,takeaway,30,D,58,-35,8478136
2025020693,2,518,02:16,17:44,1551,right,525,takeaway,55,O,-93,0,8483524
2025020693,2,526,02:46,17:14,1551,right,525,takeaway,30,D,-46,-42,8478508
2025020693,2,594,09:29,10:31,1551,right,525,takeaway,55,N,-22,33,8476457
2025020693,2,681,16:10,03:50,1551,right,525,takeaway,30,D,-34,-2,8475692
2025020693,3,838,04:35,15:25,1551,left,525,takeaway,55,D,-94,-25,8479985
2025020693,3,1035,18:53,01:07,1551,left,525,takeaway,30,D,34,30,8482122
2025020693,4,1102,01:05,03:55,1331,right,525,takeaway,30,D,-71,-23,8481557
2025020694,1,143,03:35,16:25,1551,right,525,takeaway,15,N,-12,-32,8474590
2025020694,1,166,06:21,13:39,1551,right,525,takeaway,16,D,25,-39,8483466
2025020694,1,172,07:25,12:35,1551,right,525,takeaway,16,D,80,32,8477479
2025020694,1,288,09:47,10:13,1351,right,525,takeaway,15,D,-60,20,8475343
2025020694,2,517,00:47,19:13,1551,left,525,takeaway,16,O,35,-16,8484783
2025020694,2,683,13:41,06:19,1541,left,525,takeaway,16,D,-78,-14,8476473
2025020694,2,691,15:54,04:06,1551,left,525,takeaway,15,D,28,33,8475343
2025020694,3,881,02:43,17:17,1551,right,525,takeaway,16,O,-80,32,8484185
2025020694,3,964,11:57,08:03,1551,right,525,takeaway,15,N,-22,31,8479345
2025020694,3,1032,17:08,02:52,1551,right,525,takeaway,15,N,-7,-35,8479520
2025020695,1,143,05:30,14:30,1551,right,525,takeaway,26,O,99,-1,8482124
2025020695,1,237,09:24,10:36,1551,right,525,takeaway,26,D,-85,-33,8477998
2025020695,2,395,01:09,18:51,1551,left,525,takeaway,26,O,-96,8,8482124
2025020695,2,583,07:03,12:57,1551,left,525,takeaway,52,D,-39,-40,8476331
2025020695,2,698,15:20,04:40,1551,left,525,takeaway,52,O,83,-38,8482149
2025020695,2,730,18:19,01:41,1551,left,525,takeaway,26,N,-16,-39,8477942
2025020695,3,804,01:05,18:55,1551,right,525,takeaway,26,O,96,-22,8477998
2025020695,3,907,08:44,11:16,1551,right,525,takeaway,26,O,85,29,8482408
2025020695,3,1002,15:13,04:47,1551,right,525,takeaway,26,D,-96,3,8481732
2025020696,1,358,11:15,08:45,1551,left,525,takeaway,19,O,-50,-34,8481013
2025020696,1,369,11:41,08:19,1551,left,525,takeaway,68,D,-44,-39,8480434
2025020696,1,569,18:42,01:18,1551,left,525,takeaway,68,O,77,39,8479293
2025020696,2,797,14:07,05:53,1451,right,525,takeaway,68,O,-70,-11,8479410
2025020696,2,1139,18:05,01:55,1541,right,525,takeaway,68,D,33,-12,8477951
2025020696,3,959,05:26,14:34,1551,left,525,takeaway,68,N,-10,-26,8480434
2025020696,3,989,07:32,12:28,1551,left,525,takeaway,19,D,96,-24,8475764
2025020696,3,1099,14:35,05:25,1551,left,525,takeaway,68,N,0,39,8482175
2025020697,1,278,05:58,14:02,1551,left,525,takeaway,3,N,1,6,8482157
2025020697,1,268,07:21,12:39,1551,left,525,takeaway,3,N,11,-41,8477369
2025020697,2,502,00:06,19:54,1451,right,525,takeaway,6,O,-68,32,8479325
2025020697,2,799,09:49,10:11,1551,right,525,takeaway,6,D,35,-33,8482177
2025020697,2,915,16:58,03:02,1551,right,525,takeaway,3,O,87,-36,8484210
2025020697,3,987,03:36,16:24,1551,left,525,takeaway,6,O,99,-5,8477956
2025020697,3,1120,08:49,11:11,1541,left,525,takeaway,3,D,53,19,8476459
2025020697,3,1125,09:14,10:46,1541,left,525,takeaway,6,D,-40,-40,8479325
2025020697,3,1188,13:07,06:53,1551,left,525,takeaway,3,D,33,33,8482666
2025020698,1,86,02:28,17:32,1551,left,525,takeaway,20,D,32,31,8482074
2025020698,1,242,06:15,13:45,1551,left,525,takeaway,5,O,47,41,8478438
2025020698,1,246,06:26,13:34,1551,left,525,takeaway,20,D,54,-41,8482679
2025020698,3,1013,08:47,11:13,1551,left,525,takeaway,20,D,27,14,8480797
2025020699,1,453,16:34,03:26,1551,right,525,takeaway,21,D,58,-40,8470613
2025020699,1,492,18:22,01:38,1551,right,525,takeaway,29,N,21,-27,8482451
2025020699,2,593,06:01,13:59,1551,left,525,takeaway,21,D,-29,-29,8480039
2025020699,2,738,13:11,06:49,1541,left,525,takeaway,29,O,-97,-14,8478460
2025020699,3,939,09:53,10:07,1551,right,525,takeaway,21,D,53,-29,8479525
2025020700,1,124,04:25,15:35,1551,left,525,takeaway,28,D,-72,30,8475200
2025020700,1,226,07:28,12:32,1551,left,525,takeaway,25,D,31,-16,8484829
2025020700,1,331,11:18,08:42,1551,left,525,takeaway,25,D,66,-42,8480036
2025020700,1,402,17:20,02:40,1551,left,525,takeaway,28,O,91,-29,8475726
2025020700,2,688,08:19,11:41,1551,right,525,takeaway,25,D,-63,34,8478420
2025020700,2,720,11:19,08:41,1551,right,525,takeaway,25,D,-69,-36,8478449
2025020700,2,775,16:48,03:12,1551,right,525,takeaway,28,N,-24,21,8484801
2025020700,3,831,02:25,17:35,1551,left,525,takeaway,25,O,-40,34,8484829
2025020700,3,970,12:36,07:24,1551,left,525,takeaway,28,D,-56,-38,8477505
2025020701,1,192,08:24,11:36,1551,left,525,takeaway,24,D,47,-37,8484153
2025020701,1,244,11:27,08:33,1551,left,525,takeaway,24,N,24,-42,8481605
2025020701,1,398,15:03,04:57,1551,left,525,takeaway,7,O,32,36,8480064
2025020701,1,557,19:15,00:45,1551,left,525,takeaway,24,O,-71,-32,8475184
2025020701,2,632,04:56,15:04,1541,right,525,takeaway,7,D,36,-12,8480802
2025020701,2,669,07:17,12:43,1551,right,525,takeaway,7,O,-47,-22,8482659
2025020701,2,737,11:47,08:13,1551,right,525,takeaway,7,D,39,19,8480839
2025020701,3,1205,19:16,00:44,1551,left,525,takeaway,24,O,-25,0,8475184
2025020702,1,140,04:39,15:21,1551,right,525,takeaway,23,D,-83,21,8482055
2025020702,1,255,05:20,14:40,1551,right,525,takeaway,23,D,-40,-35,8478498
2025020702,1,267,07:15,12:45,1551,right,525,takeaway,10,O,-69,-36,8479318
2025020702,1,363,14:00,06:00,1541,right,525,takeaway,10,D,27,-27,8478462
2025020702,2,520,01:53,18:07,1451,left,525,takeaway,23,N,14,38,8479425
2025020702,2,577,05:51,14:09,1551,left,525,takeaway,10,D,-35,-19,8478904
2025020702,2,802,14:54,05:06,1551,left,525,takeaway,10,O,96,0,8475171
2025020702,2,803,15:08,04:52,1551,left,525,takeaway,23,O,-92,4,8478498
2025020702,2,814,16:46,03:14,1551,left,525,takeaway,23,D,86,-38,8478444
2025020702,2,816,16:54,03:06,1551,left,525,takeaway,23,O,-68,36,8480012
2025020702,3,946,05:55,14:05,1551,right,525,takeaway,23,D,-37,-36,8477969
2025020703,1,92,02:51,17:09,1551,right,525,takeaway,8,O,-90,-11,8478104
2025020703,1,148,06:49,13:11,1551,right,525,takeaway,17,O,61,41,8481725
2025020703,1,406,18:32,01:28,1551,right,525,takeaway,8,D,63,-37,8480074
2025020703,2,437,01:01,18:59,1551,left,525,takeaway,8,D,-55,37,8482087
2025020703,2,573,03:38,16:22,1551,left,525,takeaway,8,O,69,34,8480813
2025020703,2,612,06:32,13:28,1551,left,525,takeaway,8,O,84,29,8480865
2025020703,2,699,13:14,06:46,1551,left,525,takeaway,8,O,51,42,8483457
2025020703,2,775,18:18,01:42,1551,left,525,takeaway,8,O,84,-32,8480865
2025020703,3,832,01:45,18:15,1551,right,525,takeaway,8,N,20,-15,8482087
2025020703,3,954,11:04,08:56,1541,right,525,takeaway,8,N,-17,-12,8478851
2025020704,1,217,10:45,09:15,1541,left,525,takeaway,13,O,-33,42,8477935
2025020704,1,308,13:22,06:38,1551,left,525,takeaway,13,N,-11,-23,8477409
2025020704,1,346,15:54,04:06,1551,left,525,takeaway,13,D,61,32,8477932
2025020704,1,360,16:59,03:01,1551,left,525,takeaway,9,D,-66,26,8482245
2025020704,1,369,17:39,02:21,1541,left,525,takeaway,9,D,-61,42,8482095
2025020704,2,652,03:55,16:05,1551,right,525,takeaway,9,N,-3,-31,8478469
2025020704,2,802,15:38,04:22,1551,right,525,takeaway,13,O,91,-33,8480021
2025020704,2,813,16:16,03:44,1551,right,525,takeaway,13,D,-49,-17,8483771
2025020704,2,867,19:37,00:23,1441,right,525,takeaway,9,D,96,-10,8482105
2025020704,3,884,00:43,19:17,1451,left,525,takeaway,13,D,91,22,8480185
2025020704,3,968,06:18,13:42,1551,left,525,takeaway,9,O,56,25,8478020
2025020705,1,167,03:40,16:20,1551,right,525,takeaway,4,O,-57,-37,8479336
2025020705,1,192,06:13,13:47,1551,right,525,takeaway,14,N,7,-39,8478178
2025020705,1,276,12:10,07:50,1551,right,525,takeaway,14,O,64,-25,8476826
2025020705,2,551,01:36,18:24,1551,left,525,takeaway,4,O,95,-28,8483733
2025020705,2,651,09:26,10:34,1551,left,525,takeaway,4,O,71,-39,8478454
2025020705,3,839,03:42,16:18,1551,right,525,takeaway,4,N,5,39,8477499
2025020705,3,853,03:44,16:16,1551,right,525,takeaway,14,O,25,39,8482201
2025020705,3,898,08:23,11:37,1551,right,525,takeaway,14,D,-70,37,8476453
2025020705,3,971,15:33,04:27,1551,right,525,takeaway,14,D,-43,32,8483752
2025020705,3,1022,19:27,00:33,1551,right,525,takeaway,4,D,95,25,8477499
2025020706,1,114,03:19,16:41,1551,right,525,takeaway,12,O,-61,16,8480817
2025020706,1,123,03:30,16:30,1551,right,525,takeaway,12,O,-98,5,8476921
2025020706,1,350,12:49,07:11,1551,right,525,takeaway,55,O,60,41,8482751
2025020706,2,472,01:19,18:41,1551,left,525,takeaway,55,D,31,-38,8475768
2025020706,2,481,02:11,17:49,1551,left,525,takeaway,55,D,98,-4,8483524
2025020706,2,655,04:19,15:41,1551,left,525,takeaway,55,O,-98,-4,8477955
2025020706,2,699,08:21,11:39,1551,left,525,takeaway,12,O,82,-20,8476921
2025020706,2,727,10:26,09:34,1551,left,525,takeaway,55,O,-70,40,8475768
2025020706,2,858,17:20,02:40,1551,left,525,takeaway,12,O,29,-33,8480830
2025020706,2,875,18:15,01:45,1451,left,525,takeaway,12,D,-72,0,8476906
2025020706,3,950,04:27,15:33,1551,right,525,takeaway,12,N,17,3,8482093
2025020706,3,1109,12:12,07:48,1551,right,525,takeaway,55,D,-50,20,8477919
2025020706,3,1124,13:10,06:50,1551,right,525,takeaway,55,D,-80,39,8476457
2025020706,3,1199,19:47,00:13,0651,right,525,takeaway,12,N,1,39,8480830
2025020707,1,227,07:30,12:30,1551,left,525,takeaway,16,D,66,-29,8484783
2025020707,1,310,10:38,09:22,1551,left,525,takeaway,18,D,-28,31,8476887
2025020707,1,433,15:04,04:56,1551,left,525,takeaway,18,N,22,-39,8482768
2025020707,1,525,17:39,02:21,1551,left,525,takeaway,18,D,-89,-11,8474600
2025020707,2,577,03:26,16:34,1551,right,525,takeaway,16,O,97,8,8482176
2025020707,2,599,04:53,15:07,1551,right,525,takeaway,18,N,-23,5,8482146
2025020707,3,812,00:22,19:38,1551,left,525,takeaway,18,O,97,7,8483513
2025020707,3,848,03:14,16:46,1551,left,525,takeaway,18,D,-99,6,8479980
2025020707,3,868,03:55,16:05,1541,left,525,takeaway,18,N,-21,-39,8477446
2025020708,1,276,07:44,12:16,1551,right,525,takeaway,30,O,-36,-27,8481557
2025020708,1,476,19:04,00:56,1551,right,525,takeaway,30,D,76,-40,8475220
2025020708,2,531,02:45,17:15,1551,left,525,takeaway,30,O,70,11,8476994
2025020708,2,765,17:25,02:35,1551,left,525,takeaway,30,N,-23,31,8480800
2025020708,3,912,04:33,15:27,1551,right,525,takeaway,2,D,-99,1,8477950
2025020708,3,1084,13:54,06:06,1551,right,525,takeaway,30,O,-77,23,8481477
2025020708,3,1205,19:08,00:52,1551,right,525,takeaway,2,D,-96,-15,8477506
2025020709,1,129,04:43,15:17,1551,left,525,takeaway,22,D,-48,35,8481056
2025020709,1,217,07:23,12:37,1551,left,525,takeaway,26,D,95,30,8476879
2025020709,1,289,12:45,07:15,1551,left,525,takeaway,22,O,75,-12,8477934
2025020709,2,464,00:27,19:33,1551,right,525,takeaway,22,O,-59,-36,8477508
2025020709,2,512,02:48,17:12,1551,right,525,takeaway,26,D,-67,-18,8474563
2025020709,2,549,06:15,13:45,1551,right,525,takeaway,26,D,-76,41,8482155
2025020709,2,707,18:55,01:05,1551,right,525,takeaway,26,O,98,-9,8482726
2025020709,3,809,01:58,18:02,1551,left,525,takeaway,22,N,19,-28,8483512
2025020709,3,874,07:35,12:25,1551,left,525,takeaway,22,D,-45,-12,8477934
2025020709,3,1002,17:44,02:16,1551,left,525,takeaway,22,D,-42,41,8477498
2025020710,1,137,04:38,15:22,1551,right,525,takeaway,19,N,-7,-39,8480023
2025020710,1,142,04:51,15:09,1551,right,525,takeaway,19,O,75,-12,8479385
2025020710,2,602,03:32,16:28,1551,left,525,takeaway,19,O,-96,-26,8477402
2025020710,2,632,05:34,14:26,1551,left,525,takeaway,54,O,69,42,8476925
2025020710,2,697,11:22,08:38,1551,left,525,takeaway,54,O,97,-7,8478483
2025020710,3,856,02:55,17:05,1541,right,525,takeaway,54,D,97,-20,8478396
2025020710,3,889,05:17,14:43,1551,right,525,takeaway,54,D,39,-7,8477964
2025020710,3,922,07:32,12:28,1551,right,525,takeaway,54,D,47,-19,8481133
2025020710,3,963,09:41,10:19,1551,right,525,takeaway,54,O,-90,33,8475913
2025020710,3,1066,17:38,02:22,1551,right,525,takeaway,54,N,0,32,8480727
2025020711,1,164,05:01,14:59,1551,right,525,takeaway,1,D,-34,-25,8482684
2025020711,1,192,07:19,12:41,1551,right,525,takeaway,52,O,-39,17,8476460
2025020711,1,199,07:21,12:39,1551,right,525,takeaway,1,D,-34,40,8482684
2025020711,1,368,16:08,03:52,1551,right,525,takeaway,52,O,-75,-8,8482149
2025020711,2,537,04:35,15:25,1551,left,525,takeaway,1,O,-47,-6,8478414
2025020711,2,670,11:10,08:50,1551,left,525,takeaway,52,O,83,-38,8473604
2025020711,2,733,16:34,03:26,1551,left,525,takeaway,1,O,-70,-29,8480002
2025020711,3,837,04:44,15:16,1551,right,525,takeaway,52,N,-15,33,8480049
2025020711,3,914,10:41,09:19,1551,right,525,takeaway,52,N,21,-32,8476871
2025020712,1,118,05:24,14:36,1551,left,525,takeaway,5,N,-9,17,8471215
2025020712,1,334,14:24,05:36,1551,left,525,takeaway,6,D,-92,-31,8478401
2025020712,1,368,17:06,02:54,1551,left,525,takeaway,6,D,-87,-30,8477507
2025020712,2,496,02:03,17:57,1551,right,525,takeaway,5,D,-90,-24,8477365
2025020712,2,686,08:52,11:08,1451,right,525,takeaway,6,O,-53,-38,8479325
2025020712,2,725,12:28,07:32,1541,right,525,takeaway,6,D,28,29,8483489
2025020712,3,868,02:48,17:12,1441,left,525,takeaway,6,D,-97,-2,8477507
2025020712,3,932,08:42,11:18,1551,left,525,takeaway,5,O,-38,-41,8471215
2025020712,3,966,11:45,08:15,1551,left,525,takeaway,6,O,42,-34,8477956
2025020713,1,224,11:16,08:44,1551,left,525,takeaway,18,O,53,33,8474564
2025020713,1,703,12:43,07:17,1551,left,525,takeaway,18,O,56,-36,8479370
2025020713,1,383,18:08,01:52,1451,left,525,takeaway,15,D,26,-41,8480990
2025020713,2,659,11:43,08:17,1551,right,525,takeaway,15,D,-80,-41,8474590
2025020713,2,759,18:57,01:03,1451,right,525,takeaway,15,D,-48,32,8480796
2025020713,3,776,00:13,19:47,1451,left,525,takeaway,15,D,56,36,8475343
2025020713,3,1071,19:06,00:54,0651,left,525,takeaway,15,O,-96,-26,8478440
2025020714,1,133,04:12,15:48,1551,left,525,takeaway,68,D,-26,-39,8482175
2025020714,1,364,14:28,05:32,1551,left,525,takeaway,68,D,-98,-14,8478507
2025020714,2,609,04:12,15:48,1551,right,525,takeaway,68,D,30,38,8477951
2025020714,2,659,07:12,12:48,1551,right,525,takeaway,29,N,-3,-39,8478046
2025020714,2,781,16:52,03:08,1551,right,525,takeaway,29,N,-20,16,8482705
2025020714,3,835,01:27,18:33,1541,left,525,takeaway,68,N,6,39,8477951
2025020714,3,925,07:27,12:33,1551,left,525,takeaway,68,N,1,-38,8477220
2025020715,1,243,08:58,11:02,1551,left,525,takeaway,28,D,-31,36,8482859
2025020715,1,302,09:37,10:23,1551,left,525,takeaway,54,N,9,21,8478403
2025020715,1,466,17:59,02:01,1551,left,525,takeaway,28,D,-93,-18,8482861
2025020715,1,481,19:51,00:09,1451,left,525,takeaway,54,N,10,7,8478483
2025020715,2,535,03:21,16:39,1551,right,525,takeaway,28,D,56,-33,8475906
2025020715,2,615,06:18,13:42,1551,right,525,takeaway,28,O,-91,-6,8476624
2025020715,2,711,15:04,04:56,1541,right,525,takeaway,54,D,-57,41,8475913
2025020715,3,921,11:55,08:05,1551,left,525,takeaway,54,D,43,-32,8481604
2025020715,3,949,14:12,05:48,1551,left,525,takeaway,28,O,46,39,8477505
2025020716,1,333,11:28,08:32,1551,left,525,takeaway,13,O,-61,39,8477932
2025020716,1,401,11:38,08:22,1551,left,525,takeaway,13,O,-88,-32,8477409
2025020716,1,538,16:32,03:28,1551,left,525,takeaway,7,O,33,31,8484145
2025020716,1,540,19:41,00:19,1551,left,525,takeaway,13,O,-72,42,8478542
2025020716,2,555,00:04,19:56,1551,right,525,takeaway,7,O,-32,22,8477949
2025020716,2,649,07:07,12:53,1551,right,525,takeaway,7,O,-98,3,8479420
2025020716,2,718,11:45,08:15,1551,right,525,takeaway,13,D,-60,-38,8478055
2025020716,2,747,15:47,04:13,1451,right,525,takeaway,7,D,39,-9,8482097
2025020716,3,945,08:56,11:04,1551,left,525,takeaway,13,O,-98,9,8480185
2025020716,3,1057,12:27,07:33,1551,left,525,takeaway,13,O,-85,29,8477409
2025020717,1,77,01:13,18:47,1451,right,525,takeaway,17,O,-98,-6,8474037
2025020717,1,450,14:16,05:44,1551,right,525,takeaway,17,D,51,39,8482078
2025020717,1,499,18:13,01:47,1551,right,525,takeaway,12,O,95,-24,8480830
2025020717,2,629,03:02,16:58,1551,left,525,takeaway,17,O,66,-39,8482078
2025020717,2,658,05:18,14:42,1551,left,525,takeaway,12,O,-65,-38,8480336
2025020717,3,884,03:13,16:47,1541,right,525,takeaway,17,D,90,28,8477946
2025020717,3,888,03:23,16:37,1541,right,525,takeaway,12,D,-85,-23,8476906
2025020717,3,921,05:41,14:19,1551,right,525,takeaway,12,O,99,-11,8473533
2025020717,3,1000,12:31,07:29,1551,right,525,takeaway,17,O,-92,-13,8479337
2025020717,3,1016,12:48,07:12,1551,right,525,takeaway,12,O,68,25,8482093
2025020717,4,1135,01:53,03:07,1331,left,525,takeaway,17,D,-59,17,8481607
2025020718,1,127,04:36,15:24,1551,right,525,takeaway,55,D,-40,30,8479985
2025020718,1,195,09:46,10:14,1551,right,525,takeaway,3,N,5,19,8477369
2025020718,1,214,10:27,09:33,1551,right,525,takeaway,3,D,66,-38,8481525
2025020718,1,301,17:23,02:37,1551,right,525,takeaway,55,N,-24,41,8478407
2025020718,2,396,03:42,16:18,1551,left,525,takeaway,55,N,-7,-5,8482751
2025020718,2,475,04:41,15:19,1551,left,525,takeaway,3,O,64,27,8483690
2025020718,2,484,04:51,15:09,1551,left,525,takeaway,55,D,63,-32,8477955
2025020718,2,505,07:29,12:31,1551,left,525,takeaway,3,D,-56,-9,8482073
2025020718,2,550,10:37,09:23,1551,left,525,takeaway,3,D,-55,33,8482666
2025020718,2,613,10:47,09:13,1551,left,525,takeaway,55,D,33,12,8479324
2025020718,3,931,13:02,06:58,1451,right,525,takeaway,55,N,15,12,8475768
2025020718,3,941,14:30,05:30,1551,right,525,takeaway,3,O,-98,-6,8478550
2025020718,3,971,16:35,03:25,1551,right,525,takeaway,55,D,-54,42,8481554
2025020718,3,1016,19:48,00:12,1560,right,525,takeaway,55,N,-5,36,8477955
2025020719,1,66,00:13,19:47,1551,right,525,takeaway,4,N,3,-32,8477499
2025020719,1,161,03:54,16:06,1551,right,525,takeaway,14,O,82,-37,8477404
2025020719,1,343,14:23,05:37,1551,right,525,takeaway,14,O,74,-40,8476826
2025020719,2,625,07:51,12:09,1451,left,525,takeaway,14,D,95,-28,8479542
2025020719,2,783,11:23,08:37,1551,left,525,takeaway,14,D,79,-30,8480995
2025020719,3,974,00:40,19:20,1441,right,525,takeaway,14,D,-76,-41,8477404
2025020719,3,906,07:41,12:19,1551,right,525,takeaway,14,D,-80,39,8482201
2025020720,1,127,02:22,17:38,1551,right,525,takeaway,8,O,-99,2,8475848
2025020720,1,141,03:35,16:25,1551,right,525,takeaway,8,D,67,41,8483424
2025020720,1,471,19:15,00:45,1551,right,525,takeaway,23,D,-79,33,8480058
2025020720,2,653,09:56,10:04,1551,left,525,takeaway,8,O,75,-30,8481540
2025020720,2,687,13:13,06:47,1551,left,525,takeaway,23,O,-98,-5,8480058
2025020720,3,729,00:41,19:19,1551,right,525,takeaway,23,O,97,11,8480144
2025020720,3,760,01:30,18:30,1551,right,525,takeaway,8,D,31,-36,8480865
2025020720,3,776,02:52,17:08,1551,right,525,takeaway,23,D,-30,29,8478498
2025020721,1,110,03:07,16:53,1551,right,525,takeaway,1,O,83,4,8482110
2025020721,1,349,16:57,03:03,1551,right,525,takeaway,30,O,-96,12,8481557
2025020721,1,348,19:57,00:03,1551,right,525,takeaway,1,D,-38,-4,8478399
2025020721,2,450,00:37,19:23,1551,left,525,takeaway,30,O,42,22,8478864
2025020721,2,594,05:10,14:50,1551,left,525,takeaway,30,D,-47,36,8478864
2025020721,2,659,08:11,11:49,1551,left,525,takeaway,30,O,59,12,8483525
2025020721,3,964,14:04,05:56,1551,right,525,takeaway,1,O,43,4,8481559
2025020722,1,151,06:57,13:03,1551,right,525,takeaway,16,D,64,-36,8484197
2025020722,1,335,17:43,02:17,1551,right,525,takeaway,16,O,-53,-34,8476882
2025020722,1,405,18:42,01:18,1551,right,525,takeaway,22,D,-27,-40,8478402
2025020722,2,445,02:22,17:38,1551,left,525,takeaway,22,D,50,-38,8481056
2025020722,2,623,04:23,15:37,1551,left,525,takeaway,16,N,-14,35,8484197
2025020722,2,746,13:53,06:07,1551,left,525,takeaway,16,D,-48,39,8477450
2025020722,2,766,16:32,03:28,1541,left,525,takeaway,16,D,-98,-4,8481806
2025020722,3,856,03:48,16:12,1551,right,525,takeaway,16,O,-97,19,8483450
2025020723,1,183,08:03,11:57,1551,right,525,takeaway,10,D,-28,41,8479442
2025020723,1,233,09:29,10:31,1551,right,525,takeaway,10,O,69,-31,8479318
2025020723,1,505,17:01,02:59,1551,right,525,takeaway,10,O,77,36,8481122
2025020723,2,642,10:06,09:54,1541,left,525,takeaway,21,N,-16,-36,8480448
2025020723,2,714,12:14,07:46,1551,left,525,takeaway,10,O,-98,-22,8478904
2025020723,3,836,00:43,19:17,1551,right,525,takeaway,21,N,5,-35,8477492
2025020723,3,838,00:46,19:14,1551,right,525,takeaway,10,N,13,-20,8482720
2025020723,3,969,08:50,11:10,1551,right,525,takeaway,10,O,46,34,8479318
2025020723,3,1109,18:52,01:08,1451,right,525,takeaway,10,D,-72,42,8478904
2025020723,3,1112,19:26,00:34,1551,right,525,takeaway,10,D,-47,37,8477939
2025020723,4,1161,03:30,01:30,1331,left,525,takeaway,21,D,-50,-2,8477476
2025020724,1,124,05:46,14:14,1551,right,525,takeaway,26,O,-52,40,8481732
2025020724,1,229,14:42,05:18,1551,right,525,takeaway,25,D,-93,-6,8478476
2025020724,2,416,02:00,18:00,1551,left,525,takeaway,25,D,40,24,8482145
2025020724,2,430,02:09,17:51,1551,left,525,takeaway,25,D,46,-17,8475755
2025020724,2,449,03:53,16:07,1551,left,525,takeaway,26,D,-87,-29,8474563
2025020724,2,515,04:30,15:30,1551,left,525,takeaway,26,D,-52,34,8477960
2025020724,2,596,11:09,08:51,1441,left,525,takeaway,25,O,-32,40,8476902
2025020724,2,679,19:10,00:50,1551,left,525,takeaway,25,N,-17,-23,8476889
2025020724,3,792,03:23,16:37,1551,right,525,takeaway,25,O,43,-41,8482740
2025020724,3,885,09:27,10:33,1551,right,525,takeaway,25,D,-26,-41,8480036
2025020725,1,389,14:20,05:40,1551,left,525,takeaway,23,D,74,-38,8475169
2025020725,1,440,16:50,03:10,1551,left,525,takeaway,23,D,75,-28,8474574
2025020725,1,452,19:15,00:45,1551,left,525,takeaway,9,O,99,1,8481606
2025020725,2,480,01:08,18:52,1551,right,525,takeaway,9,O,-98,0,8473512
2025020725,2,765,12:07,07:53,1551,right,525,takeaway,9,O,-99,-12,8478469
2025020725,2,803,13:44,06:16,1541,right,525,takeaway,9,D,29,20,8478469
2025020725,3,941,05:11,14:49,1551,left,525,takeaway,23,O,-91,19,8478856
2025020725,3,1039,08:24,11:36,1551,left,525,takeaway,9,O,96,27,8473512
2025020725,3,1040,09:05,10:55,1551,left,525,takeaway,23,O,-51,35,8481535
2025020725,3,1069,13:24,06:36,1551,left,525,takeaway,23,D,86,-32,8477969
2025020726,1,1341,11:46,08:14,1551,left,525,takeaway,14,D,64,7,8483752
2025020726,1,377,14:43,05:17,1551,left,525,takeaway,5,D,-37,-20,8478438
2025020726,1,430,18:15,01:45,1551,left,525,takeaway,14,N,-16,38,8480426
2025020726,2,517,00:39,19:21,1551,right,525,takeaway,5,D,37,33,8478569
2025020726,2,582,05:08,14:52,1551,right,525,takeaway,5,D,28,35,8485414
2025020726,2,603,07:00,13:00,1551,right,525,takeaway,5,O,-30,42,8476483
2025020726,2,689,15:05,04:55,1551,right,525,takeaway,5,O,-94,-25,8471215
2025020726,2,724,17:29,02:31,1551,right,525,takeaway,5,D,61,-41,8485414
2025020726,3,923,05:33,14:27,1541,left,525,takeaway,5,D,-52,37,8478450
2025020726,3,999,11:33,08:27,1551,left,525,takeaway,14,D,96,25,8476453
2025020726,3,1046,14:54,05:06,1551,left,525,takeaway,14,D,45,4,8478416
2025020726,4,1187,02:23,02:37,1331,right,525,takeaway,5,D,75,-19,8471675
2025020726,4,1198,04:54,00:06,1331,right,525,takeaway,5,O,-96,-2,8471675
2025020727,1,97,01:53,18:07,1541,right,525,takeaway,15,D,73,-38,8478463
2025020727,1,367,11:47,08:13,1551,right,525,takeaway,8,O,95,-26,8483515
2025020727,1,406,15:11,04:49,1551,right,525,takeaway,15,O,-52,36,8481656
2025020727,2,631,05:41,14:19,1551,left,525,takeaway,15,O,92,27,8471214
2025020727,2,657,07:14,12:46,1551,left,525,takeaway,15,D,-52,-28,8480873
2025020727,2,722,11:19,08:41,1451,left,525,takeaway,8,D,78,38,8476875
2025020727,3,1089,19:50,00:10,1551,right,525,takeaway,15,D,33,33,8478463
2025020728,1,139,04:42,15:18,1551,left,525,takeaway,20,D,59,-24,8475172
2025020728,1,217,07:13,12:47,1551,left,525,takeaway,20,D,36,24,8476456
2025020728,1,263,09:25,10:35,1551,left,525,takeaway,29,N,24,4,8480893
2025020728,2,654,08:25,11:35,1551,right,525,takeaway,20,D,-29,-35,8480860
2025020728,2,719,12:19,07:41,1551,right,525,takeaway,29,D,27,-9,8480893
2025020728,3,970,07:24,12:36,1551,left,525,takeaway,20,O,-96,11,8480028
2025020728,3,1048,12:39,07:21,1551,left,525,takeaway,20,O,-98,2,8475172
2025020728,3,1084,15:22,04:38,1551,left,525,takeaway,29,D,-31,-42,8484166
2025020729,1,221,05:38,14:22,1551,left,525,takeaway,6,N,3,-31,8479987
2025020729,1,262,07:05,12:55,1551,left,525,takeaway,17,D,68,34,8477456
2025020729,1,446,15:54,04:06,1551,left,525,takeaway,6,O,94,20,8482511
2025020729,1,473,18:29,01:31,1551,left,525,takeaway,17,N,14,4,8482762
2025020729,2,575,04:49,15:11,1551,right,525,takeaway,17,O,98,-5,8477429
2025020729,2,635,07:57,12:03,1551,right,525,takeaway,17,D,-27,-20,8479337
2025020729,3,837,04:11,15:49,1551,left,525,takeaway,6,N,3,-21,8478042
2025020729,3,916,06:16,13:44,1551,left,525,takeaway,17,O,-88,29,8477429
2025020730,1,155,04:34,15:26,1551,left,525,takeaway,19,N,-8,-38,8475753
2025020730,1,198,08:10,11:50,1551,left,525,takeaway,12,O,-70,-41,8480817
2025020730,1,480,19:15,00:45,1551,left,525,takeaway,19,N,24,-40,8476892
2025020730,2,520,01:12,18:48,1551,right,525,takeaway,12,D,-95,22,8477940
2025020730,2,540,03:00,17:00,1541,right,525,takeaway,19,D,32,40,8475753
2025020730,2,636,08:07,11:53,1551,right,525,takeaway,12,D,-57,1,8475791
2025020730,2,646,08:57,11:03,1551,right,525,takeaway,19,D,71,25,8475170
2025020730,2,681,10:42,09:18,1551,right,525,takeaway,12,O,58,-41,8473533
2025020730,2,791,17:14,02:46,1551,right,525,takeaway,12,D,-92,30,8480762
2025020730,2,794,19:52,00:08,1451,right,525,takeaway,19,O,-98,-4,8479385
2025020730,3,837,00:52,19:08,1551,left,525,takeaway,12,O,-90,-29,8480336
2025020730,3,967,08:17,11:43,1551,left,525,takeaway,12,D,48,-25,8477940
2025020730,3,1007,13:43,06:17,1451,left,525,takeaway,12,D,59,39,8480817
2025020731,1,181,08:01,11:59,1551,left,525,takeaway,18,N,-17,-30,8480246
2025020731,1,229,11:30,08:30,1541,left,525,takeaway,22,D,49,41,8480803
2025020731,1,240,12:57,07:03,1541,left,525,takeaway,18,D,-56,-25,8483565
2025020731,1,352,15:10,04:50,1551,left,525,takeaway,22,D,74,37,8475218
2025020731,1,355,15:27,04:33,1551,left,525,takeaway,22,D,88,21,8477498
2025020731,1,387,17:19,02:41,1551,left,525,takeaway,18,D,-40,-27,8480246
2025020731,2,623,10:19,09:41,1551,right,525,takeaway,22,O,70,31,8481617
2025020731,2,695,15:43,04:17,1551,right,525,takeaway,18,O,-98,11,8476887
2025020731,2,759,16:44,03:16,1551,right,525,takeaway,18,O,-77,-35,8479370
2025020731,3,983,10:17,09:43,1551,left,525,takeaway,18,D,-45,24,8474600
2025020731,3,1075,16:10,03:50,1551,left,525,takeaway,18,D,-46,39,8482482
2025020732,1,288,09:43,10:17,1551,right,525,takeaway,2,N,-23,36,8477494
2025020732,1,315,11:14,08:46,1551,right,525,takeaway,2,D,-85,38,8476917
2025020732,2,428,00:42,19:18,1551,left,525,takeaway,2,D,63,-19,8477506
2025020732,2,444,01:42,18:18,1551,left,525,takeaway,52,O,64,-36,8480014
2025020732,2,555,01:49,18:11,1551,left,525,takeaway,52,N,17,-13,8476331
2025020732,2,582,04:55,15:05,1551,left,525,takeaway,52,D,-34,-21,8476331
2025020732,2,586,05:26,14:34,1551,left,525,takeaway,52,D,-45,32,8476331
2025020732,2,680,11:55,08:05,1551,left,525,takeaway,52,D,-34,-33,8480145
2025020732,3,852,05:37,14:23,1551,right,525,takeaway,2,D,-66,-31,8477950
2025020732,3,880,08:11,11:49,1551,right,525,takeaway,2,D,-79,-27,8478445
2025020732,3,922,10:28,09:32,1551,right,525,takeaway,2,D,-68,-35,8476419
2025020733,1,336,11:59,08:01,1551,left,525,takeaway,68,O,64,41,8477951
2025020733,1,442,18:49,01:11,1551,left,525,takeaway,10,D,51,-40,8482259
2025020733,2,617,06:35,13:25,1551,right,525,takeaway,68,D,76,37,8482699
2025020733,2,655,08:40,11:20,1551,right,525,takeaway,10,D,-35,26,8477503
2025020733,2,680,10:36,09:24,1541,right,525,takeaway,10,O,77,-38,8476853
2025020733,2,718,14:18,05:42,1551,right,525,takeaway,10,D,-48,32,8475171
2025020733,2,833,19:42,00:18,1551,right,525,takeaway,68,N,-16,-41,8484388
2025020733,3,1088,14:58,05:02,1551,left,525,takeaway,68,O,69,39,8477951
2025020733,3,1094,15:14,04:46,1551,left,525,takeaway,10,N,7,-14,8476853
2025020733,3,1184,16:44,03:16,1551,left,525,takeaway,68,O,93,-12,8482175
2025020734,1,209,06:06,13:54,1551,left,525,takeaway,24,D,-34,-39,8481563
2025020734,1,382,14:33,05:27,1551,left,525,takeaway,24,O,92,-2,8475798
2025020734,1,408,15:43,04:17,1551,left,525,takeaway,24,O,93,20,8475798
2025020734,2,652,03:52,16:08,1441,right,525,takeaway,24,D,77,-31,8475184
2025020734,2,666,04:47,15:13,1551,right,525,takeaway,24,N,9,-40,8485512
2025020734,2,693,07:26,12:34,1551,right,525,takeaway,24,D,41,42,8480068
2025020734,2,722,11:09,08:51,1551,right,525,takeaway,25,O,63,20,8481581
2025020734,2,751,14:01,05:59,1551,right,525,takeaway,24,D,95,-15,8476885
2025020734,3,1030,12:46,07:14,1551,left,525,takeaway,24,O,38,-33,8482178
2025020735,1,94,01:26,18:34,1551,left,525,takeaway,1,D,-38,-20,8477015
2025020735,1,158,05:42,14:18,1551,left,525,takeaway,1,O,60,2,8477488
2025020735,1,351,18:02,01:58,1551,left,525,takeaway,1,N,12,9,8477488
2025020735,2,602,03:43,16:17,1551,right,525,takeaway,1,O,-95,26,8481721
2025020735,2,604,03:53,16:07,1551,right,525,takeaway,55,D,-71,-39,8479324
2025020735,2,672,11:02,08:58,1551,right,525,takeaway,1,D,99,0,8479407
2025020735,3,811,01:40,18:20,1551,left,525,takeaway,55,N,-1,-5,8482665
2025020735,3,876,07:18,12:42,1551,left,525,takeaway,1,N,-17,-7,8478399
2025020735,3,907,09:25,10:35,1551,left,525,takeaway,1,D,-87,27,8481559
2025020735,3,980,14:11,05:49,1551,left,525,takeaway,55,D,94,31,8483570
2025020735,3,993,15:49,04:11,1551,left,525,takeaway,1,O,99,4,8477015
2025020735,4,1074,02:15,02:45,1331,right,525,takeaway,1,O,-37,-41,8481559
2025020736,1,218,10:33,09:27,1551,left,525,takeaway,4,D,75,-36,8482142
2025020736,1,337,14:35,05:25,1551,left,525,takeaway,4,N,-2,36,8477989
2025020736,1,344,15:06,04:54,1551,left,525,takeaway,7,N,16,-14,8482659
2025020736,2,639,11:05,08:55,1551,right,525,takeaway,7,O,-50,-18,8481522
2025020736,2,741,18:03,01:57,1551,right,525,takeaway,7,N,9,39,8481522
2025020736,3,858,06:11,13:49,1541,left,525,takeaway,7,D,-44,34,8479359
2025020736,3,936,11:49,08:11,1551,left,525,takeaway,7,D,-98,15,8477949
2025020737,1,147,04:39,15:21,1551,right,525,takeaway,9,O,72,-37,8480801
2025020737,1,191,07:31,12:29,1551,right,525,takeaway,3,O,-97,24,8476389
2025020737,1,262,09:33,10:27,1551,right,525,takeaway,3,O,-67,-41,8475842
2025020737,2,592,00:20,19:40,1551,left,525,takeaway,3,O,88,28,8476459
2025020737,2,824,17:42,02:18,1551,left,525,takeaway,9,D,36,21,8478020
2025020737,3,854,00:12,19:48,1541,right,525,takeaway,3,N,13,20,8476459
2025020737,3,934,05:19,14:41,1551,right,525,takeaway,3,D,62,33,8476468
2025020737,3,1032,11:47,08:13,1551,right,525,takeaway,3,N,-12,30,8482666
2025020737,3,1157,18:05,01:55,1551,right,525,takeaway,9,N,-2,-40,8481528
2025020738,1,160,02:06,17:54,1551,right,525,takeaway,54,D,-58,-24,8481527
2025020738,1,262,06:07,13:53,1551,right,525,takeaway,26,O,-68,-16,8481532
2025020738,1,289,08:39,11:21,1551,right,525,takeaway,26,D,27,-41,8477942
2025020738,1,360,15:00,05:00,1551,right,525,takeaway,26,N,-9,-37,8477998
2025020738,1,388,16:59,03:01,1551,right,525,takeaway,54,O,82,-37,8475913
2025020738,2,481,05:02,14:58,1551,left,525,takeaway,26,D,-88,12,8482155
2025020738,2,561,07:39,12:21,1551,left,525,takeaway,26,O,96,-2,8482726
2025020738,2,583,09:46,10:14,1551,left,525,takeaway,54,N,14,-40,8478403
2025020739,1,111,03:35,16:25,1551,left,525,takeaway,6,D,-98,16,8481219
2025020739,1,282,10:25,09:35,1551,left,525,takeaway,55,D,77,-14,8476457
2025020739,1,290,10:41,09:19,1551,left,525,takeaway,55,O,-25,36,8482665
2025020739,1,324,13:22,06:38,1551,left,525,takeaway,6,D,-34,33,8482511
2025020739,2,486,02:10,17:50,1551,right,525,takeaway,6,O,-66,32,8483489
2025020739,2,559,04:08,15:52,1541,right,525,takeaway,6,D,82,-6,8482177
2025020739,2,563,04:38,15:22,1541,right,525,takeaway,6,N,-20,26,8480355
2025020739,2,627,09:07,10:53,1551,right,525,takeaway,6,D,61,35,8479325
2025020739,2,655,10:37,09:23,1541,right,525,takeaway,55,O,97,-14,8477955
2025020739,3,939,04:47,15:13,1551,left,525,takeaway,6,N,-3,38,8482511
2025020739,3,1025,10:23,09:37,1551,left,525,takeaway,6,D,-27,-19,8479987
2025020739,3,1074,13:08,06:52,1551,left,525,takeaway,55,O,-69,27,8476467
2025020739,3,1115,16:23,03:37,1551,left,525,takeaway,6,D,-72,19,8477507
2025020739,3,1123,16:56,03:04,1551,left,525,takeaway,55,O,-31,-40,8474586
2025020740,1,194,04:51,15:09,1551,left,525,takeaway,7,D,-38,-33,8482896
2025020740,1,199,05:01,14:59,1551,left,525,takeaway,7,N,-18,31,8482671
2025020740,1,355,12:11,07:49,1551,left,525,takeaway,8,N,-13,34,8482775
2025020740,2,656,07:48,12:12,1551,right,525,takeaway,7,N,-10,29,8482659
2025020740,2,773,15:53,04:07,1551,right,525,takeaway,7,O,-61,-34,8482896
2025020740,2,794,17:03,02:57,1551,right,525,takeaway,8,D,-37,-40,8478104
2025020740,3,832,00:15,19:45,1551,left,525,takeaway,8,O,-89,-27,8481540
2025020740,3,872,02:49,17:11,1551,left,525,takeaway,7,O,73,33,8484145
2025020740,3,911,06:24,13:36,1551,left,525,takeaway,8,N,13,-29,8482087
2025020740,3,929,07:58,12:02,1441,left,525,takeaway,7,D,-57,-1,8482671
2025020741,1,357,15:12,04:48,1551,left,525,takeaway,5,O,80,24,8479638
2025020741,1,524,19:54,00:06,1551,left,525,takeaway,5,D,-40,17,8478438
2025020741,2,588,03:51,16:09,1551,right,525,takeaway,5,D,45,-16,8481030
2025020741,2,659,08:49,11:11,1551,right,525,takeaway,5,D,70,35,8477511
2025020741,2,685,11:03,08:57,1551,right,525,takeaway,4,D,-71,23,8478454
2025020741,3,852,00:32,19:28,1551,left,525,takeaway,5,D,-98,2,8471724
2025020741,3,873,01:29,18:31,1551,left,525,takeaway,4,D,51,-11,8476461
2025020741,3,888,02:21,17:39,1451,left,525,takeaway,5,O,75,-28,8471724
2025020741,3,890,02:50,17:10,1451,left,525,takeaway,5,O,89,18,8471215
2025020741,3,1051,11:44,08:16,1541,left,525,takeaway,4,O,-83,-29,8482142
2025020742,1,204,01:16,18:44,1551,right,525,takeaway,15,D,80,40,8479345
2025020742,1,305,05:43,14:17,1551,right,525,takeaway,28,D,-45,40,8482861
2025020742,1,396,14:00,06:00,1551,right,525,takeaway,15,O,-93,-9,8484186
2025020742,1,399,14:31,05:29,1551,right,525,takeaway,28,D,-79,28,8484911
2025020742,2,678,08:26,11:34,1551,left,525,takeaway,28,N,21,-22,8484911
2025020742,3,963,05:42,14:18,1551,right,525,takeaway,28,O,82,40,8484806
2025020742,3,980,08:43,11:17,1551,right,525,takeaway,15,O,-77,-10,8474590
2025020743,1,100,01:13,18:47,1551,left,525,takeaway,23,N,4,29,8474574
2025020743,1,538,04:01,15:59,1551,left,525,takeaway,23,D,56,41,8484240
2025020743,1,354,13:19,06:41,1551,left,525,takeaway,23,N,14,39,8483499
2025020743,2,567,01:44,18:16,1551,right,525,takeaway,29,D,95,-11,8476923
2025020743,2,597,03:56,16:04,1551,right,525,takeaway,29,O,-72,30,8475790
2025020743,2,744,14:12,05:48,1551,right,525,takeaway,29,O,-31,0,8475790
2025020743,2,751,14:31,05:29,1551,right,525,takeaway,23,N,-13,-40,8474574
2025020743,2,764,14:52,05:08,1551,right,525,takeaway,29,O,-92,-31,8480893
2025020743,3,905,06:23,13:37,1541,left,525,takeaway,29,D,-35,-36,8476923
2025020743,3,925,07:20,12:40,1541,left,525,takeaway,29,N,-12,36,8476432
2025020743,3,1027,15:20,04:40,1551,left,525,takeaway,23,D,58,-20,8484240
2025020743,3,1039,15:32,04:28,1551,left,525,takeaway,23,O,-98,-14,8483499
2025020744,1,157,03:25,16:35,1551,right,525,takeaway,30,O,-75,-39,8475752
2025020744,1,244,11:04,08:56,1551,right,525,takeaway,30,D,31,-41,8478864
2025020744,2,576,05:00,15:00,1551,left,525,takeaway,30,O,96,-1,8478508
2025020744,2,623,08:24,11:36,1541,left,525,takeaway,52,D,51,-27,8473604
2025020744,2,644,10:18,09:42,1551,left,525,takeaway,30,D,-65,35,8477451
2025020744,2,648,10:59,09:01,1551,left,525,takeaway,30,D,-32,-37,8480800
2025020744,3,1005,13:37,06:23,1551,right,525,takeaway,52,D,-81,-21,8483510
2025020745,1,75,01:09,18:51,1551,right,525,takeaway,16,D,56,37,8477444
2025020745,1,234,05:59,14:01,1451,right,525,takeaway,20,N,-16,-16,8474150
2025020745,2,513,00:24,19:36,1551,left,525,takeaway,16,O,76,-31,8477987
2025020745,2,518,00:37,19:23,1551,left,525,takeaway,20,D,38,-38,8474150
2025020745,2,721,11:13,08:47,1451,left,525,takeaway,16,O,95,4,8484144
2025020745,3,919,06:20,13:40,1551,right,525,takeaway,20,O,92,-7,8475172
2025020745,3,942,07:23,12:37,1551,right,525,takeaway,16,D,32,-38,8482176
2025020745,3,987,09:32,10:28,1551,right,525,takeaway,16,D,47,32,8484185
2025020745,3,1029,11:48,08:12,1441,right,525,takeaway,16,D,69,39,8484197
2025020745,3,1039,13:15,06:45,1441,right,525,takeaway,16,N,-20,10,8484185
2025020745,3,1046,13:43,06:17,1551,right,525,takeaway,20,D,-78,-28,8478397
2025020746,1,362,11:06,08:54,1551,left,525,takeaway,25,D,59,-29,8481581
2025020746,2,731,13:18,06:42,1551,right,525,takeaway,68,N,-10,-25,8478474
2025020746,2,750,14:12,05:48,1551,right,525,takeaway,68,O,-99,4,8479619
2025020746,2,774,15:51,04:09,1441,right,525,takeaway,25,O,91,-15,8482740
2025020746,2,776,17:37,02:23,1441,right,525,takeaway,25,O,77,-31,8475168
2025020746,3,820,00:10,19:50,1551,left,525,takeaway,68,O,48,38,8478474
2025020746,3,896,03:12,16:48,1551,left,525,takeaway,25,O,-36,34,8473994
2025020746,3,1003,11:41,08:19,1551,left,525,takeaway,68,N,7,-30,8474013
2025020746,3,1022,12:53,07:07,1551,left,525,takeaway,25,O,-82,-26,8481581
2025020746,3,1029,13:44,06:16,1551,left,525,takeaway,68,O,89,-33,8479343
2025020746,3,1087,19:10,00:50,0651,left,525,takeaway,25,O,-96,-16,8482740
2025020747,1,206,07:33,12:27,1551,left,525,takeaway,22,N,-12,-38,8478402
2025020747,1,401,18:11,01:49,1551,left,525,takeaway,22,O,30,38,8477934
2025020747,2,539,05:31,14:29,1551,right,525,takeaway,2,O,78,-32,8475314
2025020747,2,631,12:45,07:15,1551,right,525,takeaway,2,N,-7,40,8480871
2025020747,2,634,13:09,06:51,1551,right,525,takeaway,2,O,57,-29,8477407
2025020747,3,736,00:45,19:15,1551,left,525,takeaway,2,D,79,-12,8477506
2025020747,3,886,11:57,08:03,1551,left,525,takeaway,2,D,28,-26,8485366
2025020747,3,983,16:29,03:31,1551,left,525,takeaway,22,O,72,-38,8477934
2025020747,3,1017,18:46,01:14,1560,left,525,takeaway,2,O,-82,-22,8476917
2025020748,1,97,02:23,17:37,1551,right,525,takeaway,10,O,51,-33,8484158
2025020748,1,175,03:13,16:47,1551,right,525,takeaway,54,D,31,27,8478483
2025020748,1,363,12:50,07:10,1551,right,525,takeaway,10,O,73,40,8476931
2025020748,2,646,09:10,10:50,1551,left,525,takeaway,10,D,29,-29,8481711
2025020748,2,686,12:11,07:49,1541,left,525,takeaway,10,D,68,12,8476853
2025020748,2,715,14:51,05:09,1551,left,525,takeaway,10,D,80,-37,8479318
2025020748,3,1030,16:01,03:59,1551,right,525,takeaway,54,D,78,-41,8478396
2025020748,3,1037,16:42,03:18,1551,right,525,takeaway,54,D,99,-14,8478468
2025020748,4,1205,01:28,03:32,1331,left,525,takeaway,54,D,-98,11,8478396
2025020749,1,75,00:59,19:01,1551,right,525,takeaway,28,O,98,2,8484801
2025020749,1,230,12:06,07:54,1551,right,525,takeaway,17,N,1,41,8477429
2025020749,2,603,06:22,13:38,1551,left,525,takeaway,17,O,96,-15,8477456
2025020749,2,698,14:48,05:12,1551,left,525,takeaway,17,D,-73,-34,8477429
2025020749,3,895,10:26,09:34,1551,right,525,takeaway,17,N,22,-37,8474037
2025020749,3,904,11:02,08:58,1551,right,525,takeaway,28,N,17,28,8484801
2025020749,3,945,13:59,06:01,1551,right,525,takeaway,17,D,72,10,8480879
2025020750,1,492,00:51,19:09,1551,right,525,takeaway,12,D,36,34,8473533
2025020750,1,263,06:12,13:48,1551,right,525,takeaway,12,D,77,38,8478970
2025020750,1,353,09:10,10:50,1551,right,525,takeaway,12,D,74,33,8480817
2025020750,2,601,02:23,17:37,1551,left,525,takeaway,13,O,-52,40,8480003
2025020750,2,634,05:43,14:17,1551,left,525,takeaway,12,O,70,39,8482093
2025020750,2,675,08:37,11:23,1541,left,525,takeaway,13,O,-85,-36,8477409
2025020750,2,731,12:59,07:01,1551,left,525,takeaway,12,D,-74,36,8480830
2025020750,2,812,17:42,02:18,1551,left,525,takeaway,13,D,27,-40,8478542
2025020750,3,838,00:35,19:25,1441,right,525,takeaway,12,D,40,-15,8478427
2025020750,3,977,06:52,13:08,1551,right,525,takeaway,13,D,-82,-10,8478542
2025020750,3,985,06:59,13:01,1551,right,525,takeaway,12,D,63,28,8482702
2025020750,3,998,08:00,12:00,1551,right,525,takeaway,13,N,17,36,8477933
2025020750,3,1149,18:19,01:41,1551,right,525,takeaway,12,O,-69,1,8482809
2025020751,1,349,17:29,02:31,1551,left,525,takeaway,19,O,90,30,8477402
2025020751,2,399,00:13,19:47,1451,right,525,takeaway,19,O,-97,-3,8475170
2025020751,2,511,06:05,13:55,1551,right,525,takeaway,14,D,-69,0,8482655
2025020751,2,531,07:36,12:24,1551,right,525,takeaway,14,O,77,39,8479542
2025020751,2,547,08:27,11:33,1541,right,525,takeaway,19,D,26,4,8477402
2025020751,2,561,09:49,10:11,1541,right,525,takeaway,14,D,-65,37,8477416
2025020751,3,807,03:55,16:05,1551,left,525,takeaway,19,O,74,33,8481013
2025020751,3,828,04:41,15:19,1551,left,525,takeaway,19,O,97,-9,8476897
2025020751,3,923,12:16,07:44,1551,left,525,takeaway,19,N,-14,36,8481598
2025020751,3,982,17:32,02:28,1551,left,525,takeaway,19,N,-17,35,8481598
2025020751,4,1036,01:35,03:25,1331,right,525,takeaway,19,O,-82,-36,8475753
2025020752,1,83,00:43,19:17,1551,right,525,takeaway,21,D,94,-11,8482470
2025020752,1,252,05:27,14:33,1551,right,525,takeaway,21,N,0,30,8482947
2025020752,1,274,07:00,13:00,1551,right,525,takeaway,18,O,84,-38,8482146
2025020752,1,298,09:04,10:56,1551,right,525,takeaway,21,D,55,38,8482947
2025020752,1,353,09:28,10:32,1551,right,525,takeaway,18,O,77,-33,8479370
2025020752,1,504,16:41,03:19,1551,right,525,takeaway,21,O,-66,34,8484258
2025020752,2,622,04:47,15:13,1551,left,525,takeaway,18,O,-98,-23,8482146
2025020752,2,727,12:06,07:54,1551,left,525,takeaway,21,D,-87,-33,8479398
2025020752,2,755,14:14,05:46,1451,left,525,takeaway,18,N,7,-25,8475158
2025020752,2,764,14:40,05:20,1451,left,525,takeaway,21,D,-64,20,8480039
2025020752,3,1053,16:28,03:32,1551,right,525,takeaway,18,N,24,3,8476887
2025020753,1,281,08:45,11:15,1551,right,525,takeaway,26,D,48,-40,8476441
2025020753,1,294,09:10,10:50,1551,right,525,takeaway,24,D,-83,-27,8481563
2025020753,1,298,10:04,09:56,1551,right,525,takeaway,26,D,29,-23,8474563
2025020753,1,370,12:58,07:02,1551,right,525,takeaway,24,O,60,-41,8482118
2025020753,1,373,13:53,06:07,1551,right,525,takeaway,24,N,0,-14,8475798
2025020753,2,805,16:16,03:44,1551,left,525,takeaway,26,O,98,-2,8481532
2025020753,2,819,19:48,00:12,1441,left,525,takeaway,26,D,-43,25,8482155
2025020753,3,853,01:36,18:24,1551,right,525,takeaway,26,O,-27,-22,8481732
2025020753,3,859,02:12,17:48,1551,right,525,takeaway,26,O,-93,-14,8476469
2025020753,3,969,09:27,10:33,1551,right,525,takeaway,24,O,32,36,8484762
2025020753,3,1030,13:29,06:31,1551,right,525,takeaway,24,D,-53,-33,8485512
2025020754,1,78,00:49,19:11,1551,left,525,takeaway,7,O,98,-2,8477949
2025020754,1,215,06:37,13:23,1551,left,525,takeaway,30,N,21,-40,8480800
2025020754,1,317,13:58,06:02,1551,left,525,takeaway,30,D,44,39,8478508
2025020754,2,568,04:15,15:45,1541,right,525,takeaway,30,O,84,-34,8478864
2025020754,3,858,00:14,19:46,1551,left,525,takeaway,7,O,50,-33,8479420
2025020754,3,876,01:44,18:16,1551,left,525,takeaway,7,O,30,37,8482097
2025020754,3,1055,14:56,05:04,1551,left,525,takeaway,30,O,-78,14,8483452
2025020754,3,1100,18:33,01:27,1551,left,525,takeaway,30,O,-74,0,8482122
2025020754,3,1111,19:11,00:49,1551,left,525,takeaway,30,D,46,-26,8481477
2025020755,1,157,01:01,18:59,1551,right,525,takeaway,3,D,-46,11,8478550
2025020755,1,193,04:53,15:07,1551,right,525,takeaway,4,D,73,-39,8476461
2025020755,1,364,13:48,06:12,1551,right,525,takeaway,3,N,13,-32,8482666
2025020755,1,366,14:19,05:41,1551,right,525,takeaway,4,N,-15,-26,8480015
2025020755,1,368,14:53,05:07,1551,right,525,takeaway,4,O,-25,-20,8479336
2025020755,2,771,19:12,00:48,1551,left,525,takeaway,3,D,52,34,8476459
2025020756,2,505,02:19,17:41,1551,left,525,takeaway,2,D,33,40,8480871
2025020756,2,526,03:59,16:01,1551,left,525,takeaway,20,D,-29,37,8481068
2025020756,2,539,04:27,15:33,1551,left,525,takeaway,2,D,43,-39,8476917
2025020756,2,651,13:21,06:39,1551,left,525,takeaway,2,O,-73,-18,8483553
2025020756,3,789,03:21,16:39,1551,right,525,takeaway,20,D,27,37,8477346
2025020756,3,830,06:17,13:43,1551,right,525,takeaway,2,O,97,20,8481237
2025020756,3,873,09:15,10:45,1451,right,525,takeaway,20,O,-77,-25,8482074
2025020756,3,1048,19:25,00:35,0641,right,525,takeaway,20,N,0,15,8474150
2025020757,1,201,06:01,13:59,1551,left,525,takeaway,68,D,-60,-35,8478474
2025020757,1,469,12:50,07:10,1551,left,525,takeaway,68,D,-36,35,8480084
2025020757,1,474,12:51,07:09,1551,left,525,takeaway,55,O,-51,-5,8483524
2025020757,1,572,19:44,00:16,1551,left,525,takeaway,55,N,21,-2,8477955
2025020757,2,642,02:39,17:21,1551,right,525,takeaway,55,D,-37,-39,8478407
2025020757,2,831,19:53,00:07,1551,right,525,takeaway,55,D,-56,29,8482665
2025020757,3,881,02:12,17:48,1551,left,525,takeaway,68,N,0,38,8479293
2025020757,3,904,04:00,16:00,1551,left,525,takeaway,55,O,-89,-16,8477955
2025020757,3,1100,19:28,00:32,1551,left,525,takeaway,68,N,-19,-6,8480434
2025020758,1,125,04:43,15:17,1551,left,525,takeaway,8,O,-93,29,8482737
2025020758,1,157,06:51,13:09,1551,left,525,takeaway,8,D,50,32,8483457
2025020758,1,275,11:26,08:34,1551,left,525,takeaway,9,N,-7,36,8482095
2025020758,2,691,10:34,09:26,1541,right,525,takeaway,9,D,95,25,8482245
2025020758,2,735,13:23,06:37,1541,right,525,takeaway,8,O,50,42,8480018
2025020758,3,837,00:36,19:24,1551,left,525,takeaway,9,D,-63,-24,8482105
2025020758,3,850,01:09,18:51,1551,left,525,takeaway,8,D,26,39,8484984
2025020758,3,860,01:55,18:05,1551,left,525,takeaway,8,O,-99,7,8476479
2025020758,3,990,10:31,09:29,1551,left,525,takeaway,9,N,-7,30,8482095
2025020758,3,1113,18:19,01:41,1551,left,525,takeaway,9,O,92,27,8480208
2025020759,1,124,02:34,17:26,1451,left,525,takeaway,12,D,91,16,8476958
2025020759,1,127,03:26,16:34,1451,left,525,takeaway,12,D,28,26,8476921
2025020759,1,149,07:03,12:57,1551,left,525,takeaway,12,O,-95,27,8482809
2025020759,1,258,07:21,12:39,1551,left,525,takeaway,12,D,48,-19,8480762
2025020759,1,376,11:53,08:07,1551,left,525,takeaway,12,O,-64,34,8480830
2025020759,1,403,14:26,05:34,1551,left,525,takeaway,12,O,-31,40,8476873
2025020759,2,581,02:19,17:41,1551,right,525,takeaway,1,O,-92,-31,8477488
2025020759,2,750,13:43,06:17,1551,right,525,takeaway,12,D,-68,42,8476873
2025020759,2,757,14:17,05:43,1551,right,525,takeaway,1,O,-91,-31,8476822
2025020759,3,840,00:56,19:04,1551,left,525,takeaway,12,D,85,23,8482093
2025020759,3,1029,15:48,04:12,1551,left,525,takeaway,12,N,-15,41,8482093
2025020760,1,302,08:47,11:13,1551,left,525,takeaway,29,O,-96,18,8484166
2025020760,1,359,11:39,08:21,1551,left,525,takeaway,29,D,37,34,8479371
2025020760,1,375,12:37,07:23,1551,left,525,takeaway,5,O,94,9,8477511
2025020760,2,521,00:49,19:11,1551,right,525,takeaway,5,D,27,-19,8478438
2025020760,2,522,00:56,19:04,1551,right,525,takeaway,29,D,-26,9,8478500
2025020760,2,581,04:56,15:04,1551,right,525,takeaway,29,O,66,22,8480893
2025020760,2,594,06:30,13:30,1551,right,525,takeaway,29,O,85,-24,8475745
2025020760,2,636,08:17,11:43,1551,right,525,takeaway,29,N,-16,-7,8478460
2025020760,2,856,18:25,01:35,1551,right,525,takeaway,29,D,-68,-19,8475790
2025020760,2,860,19:18,00:42,1551,right,525,takeaway,29,O,63,-27,8478046
2025020760,3,1011,10:54,09:06,1551,left,525,takeaway,29,O,-71,-13,8478046
2025020760,3,1075,16:11,03:49,1551,left,525,takeaway,29,O,-39,1,8480893
2025020760,4,1139,00:40,04:20,1331,right,525,takeaway,5,O,-96,6,8485414
2025020761,1,283,12:21,07:39,1551,right,525,takeaway,13,N,16,41,8477933
2025020761,1,523,17:39,02:21,1551,right,525,takeaway,13,D,-86,34,8484304
2025020761,2,565,00:04,19:56,1551,left,525,takeaway,13,O,-29,-34,8480185
2025020761,2,618,03:56,16:04,1551,left,525,takeaway,13,D,98,10,8477932
2025020761,2,718,11:14,08:46,1551,left,525,takeaway,13,N,8,-12,8477409
2025020761,2,735,12:17,07:43,1551,left,525,takeaway,15,N,-5,18,8481580
2025020761,2,767,14:54,05:06,1541,left,525,takeaway,13,O,-72,-39,8484304
2025020761,3,932,08:13,11:47,1551,right,525,takeaway,13,O,69,-37,8477932
2025020761,3,975,10:54,09:06,1551,right,525,takeaway,13,O,57,9,8480185
2025020761,3,1020,15:02,04:58,1551,right,525,takeaway,13,O,40,29,8477409
2025020761,3,1040,15:54,04:06,1551,right,525,takeaway,15,O,-89,-27,8478463
2025020762,1,311,09:52,10:08,1551,right,525,takeaway,10,O,54,-41,8476872
2025020762,1,452,16:04,03:56,1551,right,525,takeaway,10,O,70,37,8475166
2025020762,2,646,05:21,14:39,1551,left,525,takeaway,10,O,-78,-14,8479318
2025020762,2,671,07:07,12:53,1451,left,525,takeaway,10,D,64,-23,8476872
2025020762,2,720,10:29,09:31,1541,left,525,takeaway,52,D,-52,0,8480289
2025020762,2,817,18:11,01:49,1551,left,525,takeaway,52,D,-41,-37,8473604
2025020762,3,1114,18:00,02:00,1451,right,525,takeaway,10,D,-93,28,8476853
2025020763,1,67,01:05,18:55,1551,right,525,takeaway,16,D,97,20,8481568
2025020763,1,168,04:26,15:34,1551,right,525,takeaway,6,D,-25,-30,8477956
2025020763,1,344,14:30,05:30,1451,right,525,takeaway,6,D,-69,-37,8476854
2025020763,2,422,00:25,19:35,1551,left,525,takeaway,16,D,-48,17,8483450
2025020763,2,591,05:42,14:18,1551,left,525,takeaway,6,D,27,26,8476854
2025020763,2,720,09:24,10:36,1551,left,525,takeaway,6,O,-77,33,8477956
2025020763,2,742,11:21,08:39,1551,left,525,takeaway,6,D,31,-17,8479999
2025020763,3,869,03:51,16:09,1551,right,525,takeaway,6,O,98,19,8482634
2025020763,3,880,05:07,14:53,1551,right,525,takeaway,16,D,36,-27,8481806
2025020763,3,1069,10:36,09:24,1551,right,525,takeaway,6,D,-56,-41,8477507
2025020763,3,1026,13:32,06:28,1551,right,525,takeaway,6,D,-59,25,8481219
2025020764,1,104,02:26,17:34,1551,right,525,takeaway,22,N,-9,-29,8477508
2025020764,1,172,07:25,12:35,1551,right,525,takeaway,22,D,-89,23,8480834
2025020764,2,641,09:35,10:25,1551,left,525,takeaway,22,O,-33,35,8475786
2025020764,2,665,10:15,09:45,1551,left,525,takeaway,23,O,51,-42,8480144
2025020764,2,696,13:11,06:49,1551,left,525,takeaway,23,N,-24,-34,8479425
2025020764,3,1012,10:28,09:32,1551,right,525,takeaway,23,O,-99,-1,8480144
2025020764,3,1037,12:02,07:58,1541,right,525,takeaway,22,O,81,-37,8480803
2025020764,3,1128,18:56,01:04,1551,right,525,takeaway,22,N,-13,-14,8478402
2025020765,1,64,00:38,19:22,1551,right,525,takeaway,18,D,-89,-24,8474600
2025020765,1,87,01:26,18:34,1551,right,525,takeaway,18,D,-91,-13,8479980
2025020765,1,178,08:41,11:19,1551,right,525,takeaway,18,D,-32,-36,8478047
2025020765,1,222,11:35,08:25,1551,right,525,takeaway,54,D,95,-27,8480727
2025020765,1,233,12:04,07:56,1551,right,525,takeaway,54,D,66,35,8478483
2025020765,1,239,12:09,07:51,1551,right,525,takeaway,18,N,4,16,8476869
2025020765,2,590,02:30,17:30,1551,left,525,takeaway,18,D,42,41,8474600
2025020765,2,599,04:08,15:52,1551,left,525,takeaway,54,D,-45,39,8477964
2025020765,2,750,15:19,04:41,1551,left,525,takeaway,18,D,93,-31,8480246
2025020765,2,758,15:52,04:08,1551,left,525,takeaway,18,D,34,30,8482062
2025020765,3,828,01:09,18:51,1551,right,525,takeaway,54,D,26,4,8475191
2025020766,1,117,03:50,16:10,1551,left,525,takeaway,26,D,36,40,8483808
2025020766,1,142,05:25,14:35,1551,left,525,takeaway,26,N,3,36,8479998
2025020766,2,669,09:33,10:27,1551,right,525,takeaway,26,D,-31,-34,8482408
2025020766,2,688,10:24,09:36,1551,right,525,takeaway,26,D,-48,-39,8482730
2025020766,2,798,18:48,01:12,1451,right,525,takeaway,24,O,-96,-26,8481605
2025020766,3,893,05:11,14:49,1451,left,525,takeaway,26,D,31,35,8482124
2025020766,3,949,09:25,10:35,1551,left,525,takeaway,24,O,74,-33,8481563
2025020766,3,964,10:52,09:08,1551,left,525,takeaway,26,D,31,-24,8482124
2025020766,3,1078,15:54,04:06,1551,left,525,takeaway,26,D,45,-39,8475208
2025020766,3,1139,19:45,00:15,1551,left,525,takeaway,26,O,-87,-35,8477998
2025020766,4,1188,03:55,01:05,1331,right,525,takeaway,24,D,70,12,8484762
2025020767,1,112,03:52,16:08,1551,right,525,takeaway,25,O,-45,-30,8480840
2025020767,1,149,06:09,13:51,1451,right,525,takeaway,14,D,-37,-26,8476826
2025020767,1,206,06:37,13:23,1451,right,525,takeaway,14,D,-34,-23,8478178
2025020767,2,514,01:19,18:41,1551,left,525,takeaway,25,O,95,4,8479351
2025020767,2,707,11:15,08:45,1551,left,525,takeaway,14,O,-93,-20,8477416
2025020767,3,851,04:00,16:00,1551,right,525,takeaway,14,O,39,-30,8476826
2025020767,3,914,08:51,11:09,1541,right,525,takeaway,25,D,56,-12,8484829
2025020767,3,944,11:17,08:43,1551,right,525,takeaway,14,O,28,-5,8480426
2025020767,3,997,15:03,04:57,1551,right,525,takeaway,14,D,-25,36,8483752
2025020768,1,126,04:29,15:31,1551,right,525,takeaway,9,N,-3,38,8478469
2025020768,1,352,10:05,09:55,1551,right,525,takeaway,9,D,-35,-36,8481596
2025020768,1,419,13:58,06:02,1551,right,525,takeaway,9,O,88,-36,8482116
2025020768,2,636,02:54,17:06,1551,left,525,takeaway,17,N,0,40,8475279
2025020768,2,725,12:15,07:45,1551,left,525,takeaway,9,O,-90,-6,8476393
2025020768,2,778,15:14,04:46,1551,left,525,takeaway,17,O,36,37,8482762
2025020768,3,1109,13:30,06:30,1551,right,525,takeaway,17,N,5,41,8483464
2025020769,1,237,11:17,08:43,1551,left,525,takeaway,19,O,-71,39,8475753
2025020769,1,906,12:02,07:58,1551,left,525,takeaway,19,N,-4,13,8475760
2025020769,1,392,13:41,06:19,1451,left,525,takeaway,19,D,86,35,8480281
2025020769,1,433,17:32,02:28,1551,left,525,takeaway,19,N,-15,7,8482089
2025020769,2,682,13:27,06:33,1551,right,525,takeaway,19,O,94,-26,8483516
2025020769,2,802,18:30,01:30,1541,right,525,takeaway,22,D,49,-40,8476454
2025020769,3,1023,09:26,10:34,1551,left,525,takeaway,22,D,-90,-30,8480834
2025020769,3,1007,11:01,08:59,1551,left,525,takeaway,22,O,57,-2,8475786
2025020770,1,302,08:38,11:22,1551,right,525,takeaway,7,O,91,-34,8484145
2025020770,1,418,12:43,07:17,1551,right,525,takeaway,7,D,-83,14,8484145
2025020770,2,530,02:37,17:23,1551,left,525,takeaway,12,N,15,40,8480817
2025020770,2,695,06:26,13:34,1551,left,525,takeaway,12,N,3,-6,8480336
2025020770,2,707,07:39,12:21,1541,left,525,takeaway,12,D,-50,-42,8478970
2025020770,2,725,09:11,10:49,1541,left,525,takeaway,12,D,-47,25,8478970
2025020770,2,782,12:59,07:01,1441,left,525,takeaway,12,D,-34,13,8482100
2025020770,2,845,19:25,00:35,1551,left,525,takeaway,7,D,65,38,8480839
2025020770,3,923,03:42,16:18,1551,right,525,takeaway,7,D,-33,-41,8480802
2025020770,3,963,06:22,13:38,1551,right,525,takeaway,7,O,82,-28,8484797
2025020770,3,1018,09:08,10:52,1551,right,525,takeaway,7,D,-96,12,8477949
2025020770,3,1044,12:38,07:22,1551,right,525,takeaway,12,D,84,-23,8473533
2025020770,3,1105,19:52,00:08,0651,right,525,takeaway,12,D,27,-24,8476958
2025020771,1,74,00:17,19:43,1551,right,525,takeaway,21,D,99,13,8484258
2025020771,1,146,04:48,15:12,1551,right,525,takeaway,21,N,22,-20,8484258
2025020771,1,161,06:20,13:40,1551,right,525,takeaway,15,O,82,-38,8475343
2025020771,1,228,09:57,10:03,1551,right,525,takeaway,15,D,-31,-40,8474590
2025020771,1,377,17:19,02:41,1541,right,525,takeaway,15,O,90,32,8474590
2025020771,1,392,18:19,01:41,1551,right,525,takeaway,15,D,-83,24,8481656
2025020771,2,462,00:24,19:36,1551,left,525,takeaway,21,O,56,-28,8480069
2025020771,2,485,01:46,18:14,1551,left,525,takeaway,15,O,-87,-29,8483573
2025020771,2,654,09:35,10:25,1441,left,525,takeaway,21,D,-39,-11,8470613
2025020771,2,668,11:01,08:59,1551,left,525,takeaway,15,D,36,-25,8479345
2025020771,3,836,01:21,18:39,1551,right,525,takeaway,21,O,-27,-12,8479525
2025020771,3,965,10:25,09:35,1551,right,525,takeaway,15,N,15,30,8481580
2025020771,3,1107,16:27,03:33,1551,right,525,takeaway,21,O,-97,5,8480039
2025020772,1,109,02:37,17:23,1551,left,525,takeaway,5,D,55,-42,8471724
2025020772,1,194,09:54,10:06,1551,left,525,takeaway,5,O,-55,33,8471215
2025020772,1,351,13:02,06:58,1551,left,525,takeaway,55,O,28,35,8476905
2025020772,1,410,19:05,00:55,1551,left,525,takeaway,5,O,-29,33,8471215
2025020772,2,773,00:41,19:19,1551,right,525,takeaway,55,D,30,-28,8476905
2025020772,2,594,08:55,11:05,1451,right,525,takeaway,5,D,-34,33,8485414
2025020772,3,981,08:26,11:34,1551,left,525,takeaway,5,D,87,35,8476967
2025020772,3,1007,15:24,04:36,1551,left,525,takeaway,55,D,-64,-12,8477986
2025020772,3,1028,16:45,03:15,1551,left,525,takeaway,5,O,-98,2,8471675
2025020773,1,353,09:10,10:50,1451,right,525,takeaway,28,D,-75,36,8479983
2025020773,2,651,04:17,15:43,1551,left,525,takeaway,13,D,-43,39,8478055
2025020773,2,746,10:50,09:10,1451,left,525,takeaway,28,D,84,-39,8476624
2025020773,2,750,11:17,08:43,1451,left,525,takeaway,13,O,95,-9,8480185
2025020773,2,793,14:14,05:46,1551,left,525,takeaway,13,D,-79,35,8477409
2025020773,3,983,06:57,13:03,1451,right,525,takeaway,13,O,-99,-6,8477409
2025020773,3,1008,08:41,11:19,1551,right,525,takeaway,13,O,-94,11,8478421
2025020773,3,1133,13:14,06:46,1441,right,525,takeaway,28,D,-53,-21,8475906
2025020774,1,127,05:01,14:59,1551,right,525,takeaway,30,O,99,-13,8482122
2025020774,1,135,05:42,14:18,1551,right,525,takeaway,10,D,57,16,8482720
2025020774,1,201,06:19,13:41,1551,right,525,takeaway,30,D,-68,38,8475220
2025020774,2,755,16:23,03:37,1551,left,525,takeaway,30,O,-30,-11,8480800
2025020774,2,790,19:02,00:58,1541,left,525,takeaway,30,O,-73,35,8482122
2025020774,3,876,05:23,14:37,1551,right,525,takeaway,10,D,28,7,8481711
2025020774,3,956,11:54,08:06,1551,right,525,takeaway,10,D,61,-19,8481122
2025020774,3,1020,16:20,03:40,1551,right,525,takeaway,10,D,37,27,8475714
2025020774,3,1056,19:06,00:54,1551,right,525,takeaway,10,N,-14,27,8479442
2025020774,3,1057,19:13,00:47,1551,right,525,takeaway,30,N,15,-40,8476994
2025020775,1,70,00:17,19:43,1551,right,525,takeaway,54,O,-99,-7,8478396
2025020775,1,93,01:11,18:49,1551,right,525,takeaway,4,D,-84,31,8477989
2025020775,1,116,02:37,17:23,1551,right,525,takeaway,4,N,14,-41,8476461
2025020775,1,233,07:02,12:58,1551,right,525,takeaway,54,D,61,-41,8477018
2025020775,1,260,09:48,10:12,1551,right,525,takeaway,4,D,-73,-37,8482142
2025020775,1,417,16:29,03:31,1551,right,525,takeaway,54,O,-92,-33,8479550
2025020775,2,645,11:09,08:51,1551,left,525,takeaway,54,N,-9,3,8478468
2025020775,2,725,17:14,02:46,1551,left,525,takeaway,54,O,51,-41,8483890
2025020775,2,737,18:11,01:49,1451,left,525,takeaway,54,D,-62,-24,8478483
2025020775,3,977,12:20,07:40,1551,right,525,takeaway,54,D,37,41,8477447
2025020776,1,102,03:09,16:51,1551,right,525,takeaway,52,O,61,-39,8476331
2025020776,1,225,08:51,11:09,1551,right,525,takeaway,52,O,98,-11,8476480
2025020776,2,528,00:11,19:49,1551,left,525,takeaway,16,O,98,-7,8484144
2025020776,3,777,01:11,18:49,1551,right,525,takeaway,52,N,-18,-39,8476460
2025020776,3,913,12:46,07:14,1551,right,525,takeaway,16,N,5,-33,8477987
2025020776,3,925,13:32,06:28,1551,right,525,takeaway,16,D,87,34,8484185
2025020776,3,926,14:13,05:47,1551,right,525,takeaway,16,D,31,-16,8482703
2025020777,1,174,08:06,11:54,1541,right,525,takeaway,1,D,-76,16,8481559
2025020777,1,261,09:56,10:04,1451,right,525,takeaway,1,N,-2,25,8479996
2025020777,1,263,10:42,09:18,1551,right,525,takeaway,1,O,66,19,8481559
2025020777,2,463,00:51,19:09,1551,left,525,takeaway,20,O,43,30,8480028
2025020777,2,762,16:27,03:33,1551,left,525,takeaway,20,D,-29,-6,8481068
2025020777,3,883,04:44,15:16,1441,right,525,takeaway,20,D,63,38,8475172
2025020777,3,894,05:08,14:52,1441,right,525,takeaway,1,D,-53,39,8481559
2025020778,1,366,13:51,06:09,1551,right,525,takeaway,23,D,88,11,8474574
2025020778,1,395,16:01,03:59,1551,right,525,takeaway,2,N,-3,-11,8477506
2025020778,2,530,02:14,17:46,1551,left,525,takeaway,23,O,93,30,8482691
2025020778,2,776,13:35,06:25,1541,left,525,takeaway,23,D,-47,-42,8478856
2025020778,3,901,03:38,16:22,1551,right,525,takeaway,2,O,42,26,8484221
2025020778,3,959,07:22,12:38,1451,right,525,takeaway,2,O,62,-18,8476419
2025020778,3,1108,15:37,04:23,1551,right,525,takeaway,2,D,-95,-3,8477950
2025020779,1,85,01:35,18:25,1551,left,525,takeaway,3,D,74,41,8480001
2025020779,1,95,02:29,17:31,1551,left,525,takeaway,24,N,-3,41,8485512
2025020779,1,232,08:41,11:19,1551,left,525,takeaway,3,D,58,-31,8482747
2025020779,1,315,14:00,06:00,1551,left,525,takeaway,3,O,-37,0,8479390
2025020779,1,336,15:21,04:39,1551,left,525,takeaway,24,O,78,39,8476458
2025020779,2,597,06:52,13:08,1551,right,525,takeaway,24,D,40,-37,8483490
2025020779,2,671,11:41,08:19,1551,right,525,takeaway,3,N,6,8,8476468
2025020779,3,807,02:04,17:56,1551,left,525,takeaway,3,D,28,-26,8478550
2025020779,3,818,02:31,17:29,1551,left,525,takeaway,24,O,63,41,8476458
2025020779,3,838,04:08,15:52,1551,left,525,takeaway,24,D,-39,34,8475798
2025020779,3,1008,12:59,07:01,1551,left,525,takeaway,24,N,10,-31,8475184
2025020779,3,1015,13:20,06:40,1551,left,525,takeaway,24,D,-29,-40,8476458
2025020780,1,117,04:23,15:37,1551,right,525,takeaway,8,O,-86,-12,8482775
2025020780,1,403,18:57,01:03,1551,right,525,takeaway,8,N,0,39,8478851
2025020780,2,420,00:16,19:44,1551,left,525,takeaway,30,D,71,34,8478864
2025020780,2,569,07:09,12:51,1551,left,525,takeaway,30,O,-88,18,8477451
2025020780,2,622,12:18,07:42,1551,left,525,takeaway,8,N,-22,-4,8481593
2025020780,3,821,09:13,10:47,1551,right,525,takeaway,8,O,-26,-12,8484984
2025020780,3,960,19:14,00:46,1551,right,525,takeaway,8,O,-77,-39,8481540
2025020781,1,327,13:44,06:16,1551,left,525,takeaway,14,N,-10,16,8478178
2025020781,2,750,11:16,08:44,1551,right,525,takeaway,28,D,-45,-22,8484801
2025020781,2,774,13:15,06:45,1541,right,525,takeaway,28,O,70,-34,8482667
2025020781,2,848,19:57,00:03,1551,right,525,takeaway,28,D,-72,6,8479576
2025020781,3,882,02:22,17:38,1551,left,525,takeaway,28,O,-65,-34,8483630
2025020781,3,909,04:21,15:39,1551,left,525,takeaway,28,O,-31,-18,8484801
2025020781,3,1016,12:40,07:20,1551,left,525,takeaway,28,D,37,38,8471817
2025020781,3,1062,15:47,04:13,1551,left,525,takeaway,28,O,-70,-31,8482859
2025020782,1,228,07:53,12:07,1551,left,525,takeaway,9,O,-78,-13,8481528
2025020782,1,235,08:09,11:51,1551,left,525,takeaway,9,N,20,36,8480801
2025020782,1,244,08:52,11:08,1551,left,525,takeaway,29,O,99,16,8481178
2025020782,2,678,09:19,10:41,1551,right,525,takeaway,9,N,15,-26,8482095
2025020782,2,723,12:39,07:21,1441,right,525,takeaway,9,D,-34,-39,8481606
2025020782,3,954,08:30,11:30,1551,left,525,takeaway,29,D,-62,-20,8481178
2025020782,3,1015,14:05,05:55,1541,left,525,takeaway,29,D,-45,-37,8475790
2025020782,3,1083,18:22,01:38,1551,left,525,takeaway,9,D,31,-42,8482095
2025020782,3,1094,19:37,00:23,1551,left,525,takeaway,9,N,10,-23,8482095
2025020783,1,252,07:03,12:57,1551,right,525,takeaway,25,N,15,32,8481581
2025020783,1,264,08:06,11:54,1541,right,525,takeaway,6,O,70,-25,8477496
2025020783,2,612,01:23,18:37,1551,left,525,takeaway,25,D,-70,-35,8479351
2025020783,2,732,09:35,10:25,1551,left,525,takeaway,25,O,83,-38,8480027
2025020783,2,741,10:14,09:46,1551,left,525,takeaway,25,O,92,-27,8482740
2025020783,2,817,16:54,03:06,1551,left,525,takeaway,25,D,-40,31,8481581
2025020783,3,944,06:06,13:54,1551,right,525,takeaway,25,D,52,-28,8476889
2025020783,3,957,06:45,13:15,1551,right,525,takeaway,25,O,-99,7,8484829
2025020783,3,995,09:20,10:40,1551,right,525,takeaway,6,N,-13,-39,8479987
2025020783,3,1022,11:27,08:33,1541,right,525,takeaway,25,D,73,25,8480840
2025020783,3,1119,19:53,00:07,1551,right,525,takeaway,6,O,66,41,8483489
2025020784,1,133,04:53,15:07,1551,left,525,takeaway,7,D,38,41,8480802
2025020784,1,280,12:06,07:54,1551,left,525,takeaway,7,D,53,-38,8480807
2025020784,2,558,06:03,13:57,1551,right,525,takeaway,18,D,57,-30,8475158
2025020784,2,582,08:23,11:37,1551,right,525,takeaway,18,D,98,-10,8475158
2025020784,2,588,08:40,11:20,1551,right,525,takeaway,7,O,47,-32,8480802
2025020784,2,624,11:48,08:12,1551,right,525,takeaway,18,O,-92,13,8475158
2025020784,2,656,13:45,06:15,1551,right,525,takeaway,18,N,-21,32,8482103
2025020784,3,898,09:57,10:03,1551,left,525,takeaway,18,D,-32,25,8482062
2025020784,3,970,11:38,08:22,1551,left,525,takeaway,18,O,93,-29,8475158
2025020784,3,1003,14:29,05:31,1551,left,525,takeaway,7,D,49,-24,8477949
2025020785,1,350,11:44,08:16,1551,right,525,takeaway,52,O,-42,-36,8480289
2025020785,1,361,13:22,06:38,1551,right,525,takeaway,19,O,95,-21,8476892
2025020785,2,521,03:56,16:04,1551,left,525,takeaway,19,O,-58,-12,8481006
2025020785,2,523,04:26,15:34,1551,left,525,takeaway,52,D,-69,42,8482149
2025020785,2,629,11:34,08:26,1551,left,525,takeaway,52,O,40,-21,8476460
2025020785,2,664,14:26,05:34,1551,left,525,takeaway,19,D,96,23,8481006
2025020785,2,733,19:18,00:42,1541,left,525,takeaway,52,O,81,-34,8476392
2025020785,3,872,10:21,09:39,1551,right,525,takeaway,19,N,-13,-33,8482733
2025020785,3,897,12:14,07:46,1551,right,525,takeaway,19,D,-88,36,8479385
2025020786,1,158,03:13,16:47,1551,left,525,takeaway,22,O,82,-38,8478233
2025020786,2,494,06:14,13:46,1551,right,525,takeaway,22,O,-85,-36,8475218
2025020786,2,518,08:17,11:43,1551,right,525,takeaway,1,N,8,-2,8477015
2025020786,2,548,10:41,09:19,1451,right,525,takeaway,22,O,-63,-32,8480803
2025020786,2,553,11:18,08:42,1451,right,525,takeaway,1,D,-34,5,8477015
2025020786,2,645,17:43,02:17,1551,right,525,takeaway,1,O,98,5,8478414
2025020786,3,958,09:57,10:03,1551,left,525,takeaway,1,O,-81,-34,8481559
2025020787,1,429,18:42,01:18,1551,right,525,takeaway,3,N,-23,27,8482073
2025020787,2,455,00:23,19:37,1551,left,525,takeaway,26,D,-28,-41,8482730
2025020787,2,480,03:08,16:52,1551,left,525,takeaway,26,O,76,39,8470621
2025020787,2,625,05:31,14:29,1551,left,525,takeaway,3,D,61,-22,8481525
2025020787,2,639,05:59,14:01,1551,left,525,takeaway,26,O,86,-35,8481532
2025020787,3,841,01:25,18:35,1551,right,525,takeaway,26,O,-95,29,8481532
2025020787,3,922,04:20,15:40,1551,right,525,takeaway,26,D,92,-12,8476879
2025020787,3,1020,11:20,08:40,1551,right,525,takeaway,26,D,26,5,8477998
2025020787,3,1046,13:19,06:41,1551,right,525,takeaway,26,D,25,0,8483406
2025020788,1,257,04:14,15:46,1551,right,525,takeaway,10,D,94,29,8479442
2025020788,1,271,04:39,15:21,1551,right,525,takeaway,10,O,-99,17,8476872
2025020788,1,289,07:48,12:12,1551,right,525,takeaway,17,D,-79,-14,8484223
2025020788,1,423,16:57,03:03,1551,right,525,takeaway,17,D,-36,14,8482078
2025020788,2,702,11:17,08:43,1451,left,525,takeaway,17,D,67,37,8481607
2025020788,2,755,16:31,03:29,1541,left,525,takeaway,10,D,-55,41,8478904
2025020788,2,773,17:26,02:34,1551,left,525,takeaway,10,O,29,-36,8479318
2025020788,2,784,17:49,02:11,1551,left,525,takeaway,17,D,99,9,8482762
2025020788,4,1169,03:05,01:55,1331,left,525,takeaway,17,N,1,32,8481542
2025020789,1,167,04:21,15:39,1451,right,525,takeaway,24,D,-43,-35,8480068
2025020789,1,212,06:08,13:52,1551,right,525,takeaway,21,N,-14,11,8482953
2025020789,1,215,07:18,12:42,1551,right,525,takeaway,24,O,98,6,8485512
2025020789,1,382,11:01,08:59,1551,right,525,takeaway,21,N,-8,42,8480039
2025020789,1,391,11:44,08:16,1551,right,525,takeaway,21,N,2,20,8479398
2025020789,1,398,12:31,07:29,1551,right,525,takeaway,21,O,-80,30,8479525
2025020789,1,426,14:37,05:23,1541,right,525,takeaway,21,D,71,39,8476312
2025020789,2,707,12:05,07:55,1551,left,525,takeaway,24,D,97,25,8481563
2025020789,3,890,05:27,14:33,1551,right,525,takeaway,21,O,-85,-34,8479398
2025020789,3,899,06:29,13:31,1551,right,525,takeaway,24,O,36,-28,8473986
2025020789,3,937,09:09,10:51,1551,right,525,takeaway,21,O,-95,12,8480069
2025020789,4,1169,00:15,04:45,1331,left,525,takeaway,24,D,52,-40,8475798
2025020790,1,62,00:07,19:53,1551,left,525,takeaway,4,O,-91,-34,8481533
2025020790,1,138,04:28,15:32,1551,left,525,takeaway,4,D,50,39,8478454
2025020790,1,902,08:46,11:14,1551,left,525,takeaway,68,D,-57,0,8477951
2025020790,1,432,19:09,00:51,1551,left,525,takeaway,68,D,-66,41,8479410
2025020790,1,440,19:52,00:08,1551,left,525,takeaway,4,D,77,-35,8481546
2025020790,3,914,05:49,14:11,1551,left,525,takeaway,68,O,82,-38,8479343
2025020790,3,926,05:53,14:07,1551,left,525,takeaway,4,D,47,-40,8477989
2025020790,3,928,06:34,13:26,1551,left,525,takeaway,4,O,-62,-41,8483733
2025020791,1,274,05:09,14:51,1551,right,525,takeaway,20,O,-67,13,8480797
2025020791,1,300,07:18,12:42,1551,right,525,takeaway,5,O,62,36,8478854
2025020791,1,326,08:55,11:05,1551,right,525,takeaway,5,N,-24,-10,8481030
2025020791,1,353,11:24,08:36,1551,right,525,takeaway,20,D,42,38,8483609
2025020791,1,370,13:12,06:48,1551,right,525,takeaway,5,D,-72,42,8478854
2025020791,2,591,02:40,17:20,1551,left,525,takeaway,5,D,58,29,8485414
2025020791,2,668,08:22,11:38,1551,left,525,takeaway,5,O,-92,-14,8478438
2025020791,2,674,09:48,10:12,1551,left,525,takeaway,5,D,97,6,8478450
2025020791,2,727,14:47,05:13,1551,left,525,takeaway,20,O,90,22,8474150
2025020792,1,86,01:10,18:50,1551,right,525,takeaway,23,N,8,35,8479425
2025020792,1,113,02:35,17:25,1551,right,525,takeaway,15,D,-80,-31,8480873
2025020792,1,142,03:41,16:19,1551,right,525,takeaway,23,O,-93,-18,8482055
2025020792,1,340,13:27,06:33,1551,right,525,takeaway,23,O,-87,-29,8480144
2025020792,2,723,16:42,03:18,1451,left,525,takeaway,15,D,49,-4,8481580
2025020792,2,746,18:19,01:41,1551,left,525,takeaway,15,D,64,33,8482088
2025020792,3,788,01:02,18:58,1551,right,525,takeaway,23,D,55,32,8480012
2025020792,3,1012,18:55,01:05,0651,right,525,takeaway,15,O,91,-35,8474590
2025020792,3,1013,19:39,00:21,0651,right,525,takeaway,15,O,98,3,8479345
2025020793,1,163,05:00,15:00,1541,left,525,takeaway,2,D,45,-31,8478445
2025020793,1,249,13:19,06:41,1551,left,525,takeaway,55,D,-29,-36,8481554
2025020793,1,252,13:26,06:34,1551,left,525,takeaway,2,D,69,34,8478445
2025020793,3,1011,10:44,09:16,1551,left,525,takeaway,2,O,-76,-33,8476917
2025020793,3,1013,12:01,07:59,1551,left,525,takeaway,55,D,-44,-26,8481554
2025020793,3,1035,13:38,06:22,1551,left,525,takeaway,55,O,49,-7,8477919
2025020793,3,1046,14:18,05:42,1551,left,525,takeaway,55,D,-94,-27,8477986
2025020793,3,1052,15:35,04:25,0651,left,525,takeaway,55,D,-64,-40,8476457
2025020793,3,1081,17:32,02:28,1551,left,525,takeaway,2,D,79,40,8476917
2025020794,1,110,02:42,17:18,1551,left,525,takeaway,6,O,58,36,8483489
2025020794,1,289,12:05,07:55,1551,left,525,takeaway,6,D,-33,-6,8478401
2025020794,1,389,16:39,03:21,1551,left,525,takeaway,6,O,92,-4,8478042
2025020794,2,796,16:44,03:16,1541,right,525,takeaway,6,D,97,22,8477496
2025020794,2,820,18:14,01:46,1551,right,525,takeaway,54,D,-74,22,8478396
2025020794,2,826,18:25,01:35,1551,right,525,takeaway,6,D,51,-20,8479999
2025020794,3,888,02:12,17:48,1541,left,525,takeaway,6,D,-30,29,8477496
2025020794,3,937,05:48,14:12,1551,left,525,takeaway,6,D,-30,34,8482177
2025020794,3,979,09:05,10:55,1551,left,525,takeaway,6,D,-60,41,8476854
2025020794,3,996,09:18,10:42,1551,left,525,takeaway,54,N,0,39,8477447
2025020794,3,1080,12:30,07:30,1551,left,525,takeaway,6,D,-32,-38,8479325
2025020794,3,1128,16:30,03:30,1551,left,525,takeaway,54,O,-89,-29,8483890
2025020795,1,348,12:31,07:29,1551,right,525,takeaway,7,O,35,-15,8478413
2025020795,1,459,16:23,03:37,1551,right,525,takeaway,7,O,48,31,8480807
2025020795,2,592,04:42,15:18,1551,left,525,takeaway,7,D,34,25,8483500
2025020795,2,640,07:57,12:03,1451,left,525,takeaway,7,D,46,-33,8480802
2025020795,2,648,08:50,11:10,1451,left,525,takeaway,8,O,93,25,8475848
2025020795,3,787,00:21,19:39,1551,right,525,takeaway,8,O,-66,-42,8481523
2025020795,3,909,07:11,12:49,1451,right,525,takeaway,7,N,-23,-25,8477949
2025020795,3,968,14:05,05:55,1551,right,525,takeaway,8,N,17,-6,8476875
2025020796,1,315,08:06,11:54,1551,right,525,takeaway,16,O,90,20,8484144
2025020796,1,323,08:42,11:18,1551,right,525,takeaway,16,D,-89,35,8482176
2025020796,1,349,11:05,08:55,1451,right,525,takeaway,16,D,-40,-22,8481624
2025020796,1,414,12:07,07:53,1551,right,525,takeaway,12,D,51,31,8476958
2025020796,2,570,03:37,16:23,1551,left,525,takeaway,16,D,66,-34,8484783
2025020796,2,663,06:47,13:13,1451,left,525,takeaway,16,D,45,-33,8481624
2025020796,2,732,12:05,07:55,1551,left,525,takeaway,16,O,-41,-27,8483450
2025020796,2,800,17:27,02:33,1551,left,525,takeaway,12,O,99,-13,8476873
2025020796,3,895,04:07,15:53,1551,right,525,takeaway,12,D,49,-21,8477940
2025020796,3,1149,19:55,00:05,1551,right,525,takeaway,12,N,-7,23,8482093
2025020797,1,299,05:30,14:30,1551,left,525,takeaway,25,O,-95,-14,8480027
2025020797,1,365,11:17,08:43,1551,left,525,takeaway,25,O,-59,41,8478449
2025020797,2,797,02:30,17:30,1541,right,525,takeaway,25,D,-90,31,8480027
2025020797,2,581,03:35,16:25,1551,right,525,takeaway,29,O,-97,-24,8478500
2025020797,2,632,06:39,13:21,1551,right,525,takeaway,29,D,39,7,8484166
2025020797,2,794,19:25,00:35,1551,right,525,takeaway,29,O,-59,41,8477497
2025020797,3,892,06:25,13:35,1551,left,525,takeaway,25,D,93,31,8480036
2025020797,3,938,08:56,11:04,1551,left,525,takeaway,25,D,29,39,8481581
2025020797,3,1081,19:06,00:54,0651,left,525,takeaway,29,D,-93,-31,8476923
2025020798,1,376,11:55,08:05,1551,left,525,takeaway,18,D,-77,-40,8474600
2025020798,1,448,15:26,04:34,1551,left,525,takeaway,18,O,81,35,8484241
2025020798,2,542,02:34,17:26,1551,right,525,takeaway,9,N,-21,-41,8475324
2025020798,2,701,10:34,09:26,1551,right,525,takeaway,9,O,64,-23,8481596
2025020798,2,775,14:56,05:04,1541,right,525,takeaway,18,D,82,-24,8476869
2025020798,3,939,09:22,10:38,1551,left,525,takeaway,18,D,-43,-30,8474600
2025020798,3,941,09:31,10:29,1551,left,525,takeaway,18,O,98,-2,8475158
2025020798,3,997,11:30,08:30,1541,left,525,takeaway,9,D,41,-29,8482116
2025020798,3,1035,16:19,03:41,1551,left,525,takeaway,18,O,27,17,8476887
2025020798,3,1070,17:56,02:04,1551,left,525,takeaway,9,N,22,38,8478020
2025020799,1,91,02:22,17:38,1551,right,525,takeaway,52,O,-50,41,8483510
2025020799,1,304,10:32,09:28,1551,right,525,takeaway,52,O,-93,-5,8480289
2025020799,2,567,05:49,14:11,1551,left,525,takeaway,13,N,22,-18,8478055
2025020799,2,712,17:26,02:34,1551,left,525,takeaway,52,O,97,-3,8480289
2025020799,2,729,18:39,01:21,1551,left,525,takeaway,52,D,-98,5,8477504
2025020799,3,774,01:28,18:32,1551,right,525,takeaway,52,O,-38,32,8473604
2025020799,3,824,05:21,14:39,1441,right,525,takeaway,52,O,-89,-23,8473604
2025020799,3,1053,17:51,02:09,1551,right,525,takeaway,52,N,15,10,8476331
2025020800,1,141,05:51,14:09,1551,left,525,takeaway,22,D,-80,-37,8480834
2025020800,1,220,07:47,12:13,1551,left,525,takeaway,5,D,42,41,8478569
2025020800,1,221,07:48,12:12,1551,left,525,takeaway,22,N,24,39,8478402
2025020800,1,277,11:57,08:03,1441,left,525,takeaway,5,D,58,-14,8478854
2025020800,1,373,15:51,04:09,1551,left,525,takeaway,5,N,-2,-42,8485414
2025020800,2,660,11:15,08:45,1551,right,525,takeaway,5,D,-98,-14,8476967
2025020800,3,840,05:15,14:45,1551,left,525,takeaway,22,N,8,26,8478013
2025020801,1,193,04:54,15:06,1551,right,525,takeaway,17,D,-40,-34,8481542
2025020801,2,766,00:36,19:24,1551,left,525,takeaway,17,N,19,22,8479337
2025020801,2,814,05:04,14:56,1551,left,525,takeaway,30,D,-26,20,8476994
2025020801,3,808,01:05,18:55,1551,right,525,takeaway,30,O,-53,2,8475149
2025020801,3,861,05:51,14:09,1551,right,525,takeaway,30,N,-4,-40,8477451
2025020801,3,881,06:46,13:14,1541,right,525,takeaway,17,O,32,-34,8482078
2025020801,3,974,15:15,04:45,1551,right,525,takeaway,17,D,-28,40,8477946
2025020802,1,112,02:48,17:12,1551,right,525,takeaway,54,D,-51,38,8478396
2025020802,1,155,04:44,15:16,1551,right,525,takeaway,54,O,95,-24,8483890
2025020802,1,159,06:05,13:55,1551,right,525,takeaway,10,O,-72,-26,8475166
2025020802,1,304,15:30,04:30,1551,right,525,takeaway,54,O,81,40,8477018
2025020802,1,342,18:49,01:11,1551,right,525,takeaway,54,N,20,-33,8478483
2025020802,2,741,17:59,02:01,1551,left,525,takeaway,10,O,67,-42,8477503
2025020802,2,762,19:41,00:19,1551,left,525,takeaway,54,D,66,-41,8478396
2025020802,3,1018,14:45,05:15,1551,right,525,takeaway,54,N,9,26,8477964
2025020803,1,198,08:42,11:18,1541,right,525,takeaway,14,O,87,14,8479542
2025020803,1,326,10:34,09:26,1551,right,525,takeaway,16,D,41,31,8481806
2025020803,1,379,15:39,04:21,1451,right,525,takeaway,16,O,-93,15,8477444
2025020803,2,428,00:10,19:50,1551,left,525,takeaway,14,N,23,-17,8482655
2025020803,2,707,12:35,07:25,1551,left,525,takeaway,16,D,-56,-24,8481568
2025020803,2,709,14:01,05:59,1551,left,525,takeaway,16,O,77,39,8477479
2025020803,2,748,18:38,01:22,1551,left,525,takeaway,14,O,-82,-39,8478519
2025020803,3,870,06:35,13:25,1541,right,525,takeaway,16,N,10,41,8481624
2025020803,3,938,11:47,08:13,1551,right,525,takeaway,14,O,33,39,8477426
2025020803,4,1124,03:45,01:15,1331,left,525,takeaway,16,D,-91,27,8483493
2025020804,1,268,10:25,09:35,1541,right,525,takeaway,19,O,99,4,8481598
2025020804,1,313,15:00,05:00,1551,right,525,takeaway,19,D,-30,41,8481598
2025020804,1,403,18:00,02:00,1551,right,525,takeaway,25,O,-55,-34,8484829
2025020804,2,463,02:37,17:23,1551,left,525,takeaway,19,O,-97,2,8480281
2025020804,2,530,08:43,11:17,1551,left,525,takeaway,25,N,-20,29,8476902
2025020804,2,759,19:26,00:34,1451,left,525,takeaway,19,D,78,-39,8476892
2025020804,3,781,00:39,19:21,1451,right,525,takeaway,19,D,-41,-41,8475753
2025020804,3,785,01:15,18:45,1551,right,525,takeaway,25,O,-40,-33,8482145
2025020804,3,826,04:19,15:41,1551,right,525,takeaway,19,O,26,34,8475170
2025020804,3,846,06:03,13:57,1551,right,525,takeaway,25,D,30,41,8484829
2025020804,3,881,08:51,11:09,1541,right,525,takeaway,25,D,62,39,8476278
2025020804,3,908,11:20,08:40,1551,right,525,takeaway,19,O,46,35,8478472
2025020804,3,984,16:54,03:06,1551,right,525,takeaway,19,O,46,-41,8481013
2025020805,1,217,05:57,14:03,1451,right,525,takeaway,4,D,-55,-34,8478439
2025020805,1,368,11:00,09:00,1551,right,525,takeaway,21,O,-87,34,8476312
2025020805,2,563,02:06,17:54,1541,left,525,takeaway,21,D,-30,-19,8480835
2025020805,2,779,13:33,06:27,1551,left,525,takeaway,4,N,-3,-34,8478439
2025020805,3,937,04:43,15:17,1451,right,525,takeaway,4,D,-26,35,8476461
2025020805,3,950,05:41,14:19,1451,right,525,takeaway,4,N,-7,21,8476461
2025020805,3,997,10:18,09:42,1451,right,525,takeaway,4,D,-47,-21,8480015
2025020805,3,1034,13:44,06:16,1551,right,525,takeaway,21,D,38,23,8476312
2025020806,1,245,08:07,11:53,1551,right,525,takeaway,15,N,17,-39,8481656
2025020806,1,472,19:10,00:50,1551,right,525,takeaway,15,D,-42,10,8475343
2025020806,2,763,09:32,10:28,1441,left,525,takeaway,20,O,84,26,8475172
2025020806,2,813,13:18,06:42,1541,left,525,takeaway,15,D,72,-19,8479345
2025020806,2,823,13:51,06:09,1541,left,525,takeaway,20,D,-51,41,8480860
2025020806,3,949,05:02,14:58,1551,right,525,takeaway,20,O,-72,-39,8481028
2025020806,3,1226,15:08,04:52,1541,right,525,takeaway,20,D,56,-40,8480860
2025020807,2,682,11:51,08:09,1541,left,525,takeaway,23,D,-40,-5,8482055
2025020807,2,735,16:39,03:21,1551,left,525,takeaway,1,O,-47,30,8481559
2025020807,2,751,17:52,02:08,1551,left,525,takeaway,23,O,53,-39,8474574
2025020807,3,791,01:15,18:45,1551,right,525,takeaway,23,N,-14,6,8479425
2025020807,3,879,04:33,15:27,1551,right,525,takeaway,1,O,38,9,8478414
2025020807,3,908,06:43,13:17,1551,right,525,takeaway,23,O,-96,-4,8479425
2025020807,3,1047,18:11,01:49,1560,right,525,takeaway,23,N,20,27,8477969
2025020808,1,128,04:05,15:55,1551,left,525,takeaway,28,O,96,-15,8484801
2025020808,1,274,07:29,12:31,1551,left,525,takeaway,28,O,28,-32,8484911
2025020808,1,388,11:36,08:24,1551,left,525,takeaway,28,O,95,-11,8477505
2025020808,1,435,12:23,07:37,1551,left,525,takeaway,28,O,98,11,8475200
2025020808,2,815,19:26,00:34,1551,right,525,takeaway,3,O,97,8,8482747
2025020808,3,953,08:24,11:36,1551,left,525,takeaway,28,D,-93,-25,8479983
2025020808,3,986,09:29,10:31,1451,left,525,takeaway,3,N,15,23,8476468
2025020808,3,1061,16:34,03:26,0651,left,525,takeaway,3,O,-99,-4,8478882
2025020809,1,145,06:38,13:22,1551,left,525,takeaway,55,N,-14,36,8476467
2025020809,1,191,10:25,09:35,1551,left,525,takeaway,55,N,2,-19,8482858
2025020809,1,452,18:23,01:37,1551,left,525,takeaway,24,D,58,39,8481563
2025020809,2,545,04:27,15:33,1551,right,525,takeaway,24,N,2,26,8482178
2025020809,2,689,14:51,05:09,1541,right,525,takeaway,55,D,74,29,8482751
2025020809,3,941,11:14,08:46,1551,left,525,takeaway,55,O,58,-40,8482665
2025020810,1,74,01:18,18:42,1551,left,525,takeaway,7,D,77,27,8482671
2025020810,1,91,02:39,17:21,1551,left,525,takeaway,7,N,-11,-7,8479420
2025020810,1,170,07:05,12:55,1551,left,525,takeaway,2,D,-99,6,8477950
2025020810,1,316,11:09,08:51,1551,left,525,takeaway,2,N,-14,-1,8478445
2025020810,1,468,15:28,04:32,1551,left,525,takeaway,2,D,-43,-32,8477950
2025020810,2,684,08:04,11:56,1551,right,525,takeaway,2,O,-90,-32,8477494
2025020810,2,729,11:17,08:43,1551,right,525,takeaway,2,O,-59,40,8476419
2025020810,2,730,11:36,08:24,1551,right,525,takeaway,7,D,-77,33,8483500
2025020810,2,781,15:00,05:00,1451,right,525,takeaway,7,D,-39,-29,8477949
2025020810,2,824,19:18,00:42,1551,right,525,takeaway,7,O,44,12,8479420
2025020810,3,935,07:00,13:00,1551,left,525,takeaway,7,D,70,-33,8480807
2025020810,3,1060,16:43,03:17,1451,left,525,takeaway,7,D,31,-15,8480802
2025020811,1,212,04:21,15:39,1551,left,525,takeaway,68,D,53,-41,8477220
2025020811,1,222,04:50,15:10,1551,left,525,takeaway,68,D,98,3,8480849
2025020811,1,339,15:02,04:58,1551,left,525,takeaway,18,N,13,30,8476539
2025020811,2,620,04:46,15:14,1551,right,525,takeaway,18,O,-92,-29,8476887
2025020811,2,780,17:08,02:52,1551,right,525,takeaway,68,D,-53,15,8478507
2025020811,3,819,00:16,19:44,1551,left,525,takeaway,68,N,15,30,8477951
2025020811,3,862,02:40,17:20,1551,left,525,takeaway,68,O,-96,12,8479977
2025020811,3,1028,13:20,06:40,1551,left,525,takeaway,18,O,84,31,8482062
2025020811,3,1052,14:47,05:13,1551,left,525,takeaway,18,O,97,-22,8474564
2025020812,1,130,03:16,16:44,1551,left,525,takeaway,8,D,77,36,8480018
2025020812,1,364,14:39,05:21,1551,left,525,takeaway,6,O,99,-9,8479987
2025020812,1,379,15:35,04:25,1551,left,525,takeaway,8,O,-89,-34,8483457
2025020812,1,432,19:52,00:08,1551,left,525,takeaway,8,D,28,-11,8476875
2025020812,2,877,09:36,10:24,1451,right,525,takeaway,6,D,78,0,8477496
2025020812,2,721,10:12,09:48,1551,right,525,takeaway,8,O,48,28,8484984
2025020812,3,903,01:31,18:29,1551,left,525,takeaway,8,D,59,24,8482087
2025020812,3,937,04:00,16:00,1551,left,525,takeaway,8,D,37,34,8480865
2025020813,1,224,10:15,09:45,1451,left,525,takeaway,12,D,52,26,8480817
2025020813,1,331,13:53,06:07,1551,left,525,takeaway,9,O,92,-24,8480188
2025020813,1,426,16:07,03:53,1551,left,525,takeaway,12,D,36,38,8480830
2025020813,1,432,17:13,02:47,1551,left,525,takeaway,9,O,96,-25,8480208
2025020813,2,638,06:31,13:29,1551,right,525,takeaway,9,D,75,29,8482245
2025020813,2,669,08:07,11:53,1551,right,525,takeaway,9,D,26,9,8482245
2025020813,2,686,09:11,10:49,1531,right,525,takeaway,9,D,49,-37,8482095
2025020813,2,761,14:26,05:34,1451,right,525,takeaway,12,D,-94,27,8478970
2025020813,3,876,03:15,16:45,1551,left,525,takeaway,12,N,-8,-41,8480830
2025020813,3,919,06:15,13:45,1551,left,525,takeaway,9,D,-69,34,8478469
2025020813,3,1018,13:43,06:17,1551,left,525,takeaway,9,D,-56,31,8482095
2025020813,3,1072,17:29,02:31,1560,left,525,takeaway,9,O,69,-9,8481596
2025020814,1,284,11:50,08:10,1551,left,525,takeaway,14,D,36,-39,8480426
2025020814,1,297,12:06,07:54,1551,left,525,takeaway,14,O,-62,41,8479542
2025020814,1,405,13:10,06:50,1551,left,525,takeaway,29,O,92,-19,8481716
2025020814,1,324,15:08,04:52,1541,left,525,takeaway,29,D,-64,22,8480806
2025020814,1,429,19:10,00:50,1551,left,525,takeaway,14,O,-91,19,8480995
2025020814,1,430,19:45,00:15,1551,left,525,takeaway,29,O,29,-27,8481716
2025020814,2,687,12:55,07:05,1551,right,525,takeaway,29,D,27,-40,8482705
2025020814,3,797,01:04,18:56,1551,left,525,takeaway,29,D,-37,-4,8482705
2025020814,3,850,05:47,14:13,1551,left,525,takeaway,14,D,74,-23,8483398
2025020814,3,1080,15:31,04:29,1551,left,525,takeaway,14,O,-55,-5,8477426
2025020815,2,624,03:22,16:38,1451,left,525,takeaway,17,D,38,-11,8479992
2025020815,2,651,05:44,14:16,1551,left,525,takeaway,17,D,86,-20,8477456
2025020815,2,788,11:55,08:05,1551,left,525,takeaway,52,D,-86,-38,8477504
2025020815,2,801,12:29,07:31,1551,left,525,takeaway,52,O,80,-39,8478398
2025020815,2,846,16:33,03:27,1551,left,525,takeaway,17,D,77,-38,8475279
2025020815,3,963,05:45,14:15,1541,right,525,takeaway,52,D,82,-36,8476331
2025020815,3,976,06:47,13:13,1541,right,525,takeaway,52,N,15,-9,8480049
2025020815,3,1010,09:25,10:35,1551,right,525,takeaway,17,D,-36,-32,8474612
2025020815,3,1020,10:16,09:44,1551,right,525,takeaway,17,D,-83,35,8475279
2025020815,3,1102,15:53,04:07,1551,right,525,takeaway,17,D,-77,41,8481542
2025020816,1,72,00:38,19:22,1551,left,525,takeaway,26,O,-86,-38,8482124
2025020816,1,132,05:00,15:00,1551,left,525,takeaway,26,N,-4,-38,8479998
2025020816,1,145,05:51,14:09,1551,left,525,takeaway,19,O,78,13,8477402
2025020816,1,338,12:26,07:34,1551,left,525,takeaway,19,D,-47,10,8475170
2025020816,1,384,15:20,04:40,1551,left,525,takeaway,19,O,89,-24,8482733
2025020816,3,842,02:29,17:31,1551,left,525,takeaway,26,O,-99,13,8483808
2025020817,1,122,03:46,16:14,1541,right,525,takeaway,30,N,13,-15,8481557
2025020817,1,140,04:56,15:04,1541,right,525,takeaway,30,N,-9,-8,8478508
2025020817,1,161,06:17,13:43,1551,right,525,takeaway,30,D,54,-20,8480800
2025020817,1,191,07:17,12:43,1551,right,525,takeaway,13,D,-46,33,8480185
2025020817,2,523,02:36,17:24,1541,left,525,takeaway,30,N,-20,23,8481557
2025020817,2,588,07:52,12:08,1451,left,525,takeaway,13,N,-18,-8,8478542
2025020817,3,851,02:56,17:04,1551,right,525,takeaway,13,O,85,38,8482113
2025020817,3,942,09:55,10:05,1451,right,525,takeaway,30,O,-81,23,8475692
2025020818,1,86,01:11,18:49,1551,left,525,takeaway,15,O,-38,39,8484186
2025020818,1,133,05:17,14:43,1551,left,525,takeaway,22,D,-46,-4,8477934
2025020818,1,247,09:41,10:19,1551,left,525,takeaway,15,O,-98,15,8480873
2025020818,1,366,11:51,08:09,1551,left,525,takeaway,22,D,-28,-17,8480803
2025020818,1,331,15:52,04:08,1551,left,525,takeaway,15,D,47,-41,8480873
2025020818,2,699,12:32,07:28,1551,right,525,takeaway,22,O,-60,-39,8475218
2025020818,3,877,03:47,16:13,1551,left,525,takeaway,22,D,-39,-36,8478013
2025020818,3,1037,12:27,07:33,1551,left,525,takeaway,15,D,51,-35,8480796
2025020818,3,1045,12:44,07:16,1551,left,525,takeaway,15,D,78,-15,8474590
2025020819,1,93,00:22,19:38,1551,right,525,takeaway,10,D,72,-39,8476931
2025020819,1,316,11:41,08:19,1451,right,525,takeaway,21,D,-67,-39,8481641
2025020819,1,328,12:36,07:24,1551,right,525,takeaway,21,D,-37,-8,8480069
2025020819,1,494,17:02,02:58,1541,right,525,takeaway,10,D,90,30,8478443
2025020819,1,496,17:06,02:54,1541,right,525,takeaway,21,O,91,-9,8477492
2025020819,2,685,07:25,12:35,1551,left,525,takeaway,10,N,24,-30,8481582
2025020819,2,742,11:51,08:09,1551,left,525,takeaway,10,O,95,8,8482720
2025020819,2,773,14:08,05:52,1551,left,525,takeaway,10,D,-56,-37,8482259
2025020819,3,1030,13:14,06:46,1551,right,525,takeaway,10,D,59,-36,8476853
2025020820,1,98,00:23,19:37,1551,left,525,takeaway,55,D,-55,15,8483524
2025020820,1,140,03:13,16:47,1551,left,525,takeaway,1,D,44,22,8476462
2025020820,1,288,12:15,07:45,1451,left,525,takeaway,1,D,33,-21,8481559
2025020820,1,474,18:33,01:27,1551,left,525,takeaway,55,O,79,-35,8482751
2025020820,2,766,18:32,01:28,1551,right,525,takeaway,55,O,-45,37,8477986
2025020820,3,959,12:47,07:13,1551,left,525,takeaway,1,N,0,31,8483495
2025020820,3,1017,16:55,03:05,1551,left,525,takeaway,55,N,16,26,8477986
2025020821,1,103,02:46,17:14,1551,left,525,takeaway,9,O,97,4,8480188
2025020821,1,289,08:19,11:41,1551,left,525,takeaway,54,O,-98,-1,8478397
2025020821,1,359,10:55,09:05,1551,left,525,takeaway,54,O,-59,-14,8481604
2025020821,1,412,15:11,04:49,1551,left,525,takeaway,54,D,34,7,8475913
2025020821,1,421,16:17,03:43,1551,left,525,takeaway,54,D,68,31,8478396
2025020821,2,526,02:49,17:11,1551,right,525,takeaway,54,D,-51,25,8478483
2025020821,3,921,05:14,14:46,1551,left,525,takeaway,54,D,91,33,8479550
2025020821,3,924,06:45,13:15,1551,left,525,takeaway,54,N,-11,-21,8480007
2025020821,3,976,10:35,09:25,1551,left,525,takeaway,54,O,-66,41,8475191
2025020821,3,1027,12:45,07:15,1551,left,525,takeaway,54,D,32,-3,8478396
2025020821,3,1069,15:13,04:47,1551,left,525,takeaway,9,D,-44,42,8482095
2025020821,3,1074,16:04,03:56,1551,left,525,takeaway,9,N,-13,-26,8478469
2025020821,3,1112,19:34,00:26,1551,left,525,takeaway,54,D,72,-40,8481604
2025020822,1,64,00:20,19:40,1551,right,525,takeaway,5,O,58,32,8475810
2025020822,1,193,08:38,11:22,1551,right,525,takeaway,23,D,44,-41,8474574
2025020822,1,452,12:24,07:36,1551,right,525,takeaway,23,D,30,-39,8478856
2025020822,1,502,15:53,04:07,1551,right,525,takeaway,5,D,-57,41,8485414
2025020822,2,616,00:34,19:26,1551,left,525,takeaway,23,N,-15,18,8475169
2025020822,2,756,08:52,11:08,1551,left,525,takeaway,23,O,78,39,8478856
2025020822,2,763,10:54,09:06,1551,left,525,takeaway,23,D,-29,40,8482055
2025020822,3,886,00:25,19:35,1551,right,525,takeaway,23,O,-45,23,8480012
2025020822,3,900,00:59,19:01,1551,right,525,takeaway,23,D,29,-31,8482055
2025020823,1,64,00:38,19:22,1551,right,525,takeaway,13,D,-95,2,8478055
2025020823,1,152,07:33,12:27,1451,right,525,takeaway,13,N,-12,-32,8477935
2025020823,1,238,13:03,06:57,1551,right,525,takeaway,13,O,79,-34,8478542
2025020823,2,708,13:37,06:23,1551,left,525,takeaway,13,N,12,-17,8483771
2025020823,2,761,16:51,03:09,1551,left,525,takeaway,16,D,-85,-24,8484197
2025020823,3,880,06:19,13:41,1551,right,525,takeaway,13,O,97,-14,8478859
2025020823,3,930,08:54,11:06,1551,right,525,takeaway,16,N,-14,35,8477987
2025020823,3,941,09:04,10:56,1551,right,525,takeaway,13,D,-78,0,8483771
2025020823,3,989,14:01,05:59,1451,right,525,takeaway,13,D,-76,32,8478055
2025020824,1,384,14:40,05:20,1551,right,525,takeaway,24,D,-78,39,8478424
2025020824,1,471,16:27,03:33,1551,right,525,takeaway,20,O,-90,30,8481028
2025020824,2,777,15:00,05:00,1551,left,525,takeaway,20,N,-9,-3,8474150
2025020824,3,977,07:53,12:07,1551,right,525,takeaway,24,O,86,-38,8482178
2025020824,3,1003,09:47,10:13,1551,right,525,takeaway,20,N,-21,-29,8484860
2025020824,3,1154,19:38,00:22,1551,right,525,takeaway,24,O,93,13,8478424
2025020825,1,145,05:43,14:17,1551,left,525,takeaway,68,O,-70,-35,8484388
2025020825,1,346,17:29,02:31,1451,left,525,takeaway,68,D,81,-38,8477220
2025020825,2,789,19:05,00:55,1551,right,525,takeaway,68,O,87,32,8482699
2025020825,3,814,00:12,19:48,1551,left,525,takeaway,14,O,95,-24,8476878
2025020825,3,922,08:50,11:10,1551,left,525,takeaway,68,D,61,26,8479293
2025020825,3,990,13:28,06:32,1541,left,525,takeaway,14,D,-64,-38,8478519
2025020825,3,1009,14:11,05:49,1541,left,525,takeaway,14,D,-37,28,8476826
2025020825,3,1110,19:24,00:36,1551,left,525,takeaway,68,D,96,-5,8477951
2025020826,1,339,11:34,08:26,1551,right,525,takeaway,6,O,92,17,8482177
2025020826,1,348,12:26,07:34,1551,right,525,takeaway,3,D,44,-28,8476468
2025020826,1,501,18:56,01:04,1551,right,525,takeaway,6,O,99,1,8481219
2025020826,2,710,10:56,09:04,1541,left,525,takeaway,3,D,-70,-42,8478882
2025020826,2,755,13:40,06:20,1451,left,525,takeaway,3,O,51,38,8476389
2025020826,3,907,06:57,13:03,1551,right,525,takeaway,3,D,37,17,8478550
2025020826,3,1036,15:51,04:09,1551,right,525,takeaway,6,D,-48,-34,8478042
2025020826,3,1056,17:05,02:55,1551,right,525,takeaway,3,O,-98,-8,8478550
2025020827,1,248,13:52,06:08,1551,right,525,takeaway,2,O,34,39,8483448
2025020827,1,250,14:12,05:48,1551,right,525,takeaway,2,N,-21,35,8477494
2025020827,2,537,03:56,16:04,1451,left,525,takeaway,2,D,86,-34,8477500
2025020827,2,545,04:17,15:43,1451,left,525,takeaway,2,N,17,3,8476917
2025020827,2,618,06:25,13:35,1551,left,525,takeaway,4,D,-65,27,8477499
2025020827,2,670,11:08,08:52,0651,left,525,takeaway,4,D,-28,-28,8478439
2025020827,2,725,15:30,04:30,1551,left,525,takeaway,2,D,41,21,8485366
2025020827,2,779,19:27,00:33,1551,left,525,takeaway,2,D,42,-40,8477950
2025020827,3,850,05:13,14:47,1551,right,525,takeaway,4,O,-36,2,8481533
2025020827,3,929,10:56,09:04,1551,right,525,takeaway,2,N,22,-41,8481237
2025020827,3,1007,15:02,04:58,1551,right,525,takeaway,4,N,11,-39,8477948
2025020827,3,1020,16:42,03:18,1551,right,525,takeaway,4,O,-65,41,8478967
2025020827,3,1042,18:14,01:46,1551,right,525,takeaway,4,O,-34,10,8484387
2025020828,1,120,05:01,14:59,1551,left,525,takeaway,26,D,48,-35,8479998
2025020828,1,143,06:03,13:57,1551,left,525,takeaway,29,N,9,-39,8484166
2025020828,2,515,01:35,18:25,1551,right,525,takeaway,26,D,-58,-26,8477960
2025020828,2,699,11:55,08:05,1551,right,525,takeaway,29,N,22,-36,8478500
2025020828,2,783,16:39,03:21,1551,right,525,takeaway,26,O,54,-40,8483756
2025020828,3,843,02:23,17:37,1551,left,525,takeaway,29,O,78,38,8478975
2025020828,3,904,06:57,13:03,1551,left,525,takeaway,26,O,-39,-36,8476872
2025020828,3,967,10:38,09:22,1551,left,525,takeaway,29,O,71,-24,8476923
2025020829,1,138,04:41,15:19,1551,left,525,takeaway,22,D,-50,-37,8481617
2025020829,2,764,09:54,10:06,1551,right,525,takeaway,22,O,-61,-42,8478402
2025020829,2,841,14:32,05:28,1551,right,525,takeaway,24,D,-60,40,8479705
2025020829,2,855,17:32,02:28,1551,right,525,takeaway,24,N,-19,39,8476885
2025020829,3,930,01:29,18:31,1551,left,525,takeaway,22,O,79,33,8483512
2025020829,3,938,02:23,17:37,1551,left,525,takeaway,22,O,26,-37,8479365
2025020829,3,972,05:36,14:24,1551,left,525,takeaway,24,O,-84,-29,8483445
2025020829,3,1029,08:22,11:38,1551,left,525,takeaway,24,O,-68,-19,8475184
2025020829,3,1027,10:28,09:32,1551,left,525,takeaway,22,D,-41,41,8481617
2025020829,3,1154,17:37,02:23,1551,left,525,takeaway,24,O,-86,-37,8483490
2025020829,3,1180,18:49,01:11,0651,left,525,takeaway,24,O,-90,-26,8484762
2025020829,3,1181,18:57,01:03,0651,left,525,takeaway,22,D,-94,-6,8478013
2025020830,1,111,03:53,16:07,1551,left,525,takeaway,18,D,72,19,8474564
2025020830,1,133,05:25,14:35,1551,left,525,takeaway,18,N,-9,-4,8477446
2025020830,1,299,13:53,06:07,1541,left,525,takeaway,6,N,0,-38,8476374
2025020830,1,385,16:07,03:53,1451,left,525,takeaway,6,D,-92,-33,8477956
2025020830,1,400,17:45,02:15,1551,left,525,takeaway,18,D,61,-33,8476869
2025020830,2,591,04:29,15:31,1551,right,525,takeaway,18,O,81,16,8476539
2025020830,2,760,17:46,02:14,1551,right,525,takeaway,6,O,-81,-38,8480355
2025020830,3,934,10:33,09:27,1551,left,525,takeaway,6,D,-58,40,8483489
2025020830,3,1066,19:34,00:26,1551,left,525,takeaway,18,N,-12,-8,8475158
2025020831,1,211,04:26,15:34,1551,right,525,takeaway,10,O,-56,-11,8481582
2025020831,1,240,08:30,11:30,1551,right,525,takeaway,10,N,-4,-34,8479318
2025020831,1,400,16:54,03:06,1551,right,525,takeaway,10,D,30,-36,8481122
2025020831,1,405,17:14,02:46,1551,right,525,takeaway,10,N,1,-39,8482720
2025020831,2,443,01:12,18:48,1551,left,525,takeaway,7,O,-95,10,8480802
2025020831,2,468,03:10,16:50,1551,left,525,takeaway,7,D,41,-38,8484145
2025020831,2,615,06:26,13:34,1551,left,525,takeaway,10,N,14,-40,8481582
2025020831,2,714,10:21,09:39,1551,left,525,takeaway,7,O,-66,42,8481522
2025020831,2,738,11:54,08:06,1551,left,525,takeaway,10,D,-29,35,8476931
2025020831,3,923,04:55,15:05,1551,right,525,takeaway,10,O,-82,-27,8479318
2025020831,3,999,10:41,09:19,1551,right,525,takeaway,7,D,-29,-36,8483500
2025020831,3,1087,17:01,02:59,1551,right,525,takeaway,10,D,49,-24,8476931
2025020831,3,1102,18:37,01:23,1560,right,525,takeaway,7,D,-52,-16,8479420
2025020832,1,280,13:35,06:25,1551,right,525,takeaway,8,O,-69,-42,8482087
2025020832,2,435,04:11,15:49,1551,left,525,takeaway,8,O,34,41,8482087
2025020832,2,577,06:44,13:16,1551,left,525,takeaway,8,N,-20,32,8483457
2025020832,2,585,07:03,12:57,1551,left,525,takeaway,54,O,-85,-38,8476881
2025020832,2,656,13:11,06:49,1551,left,525,takeaway,54,O,-85,38,8481604
2025020832,2,727,18:51,01:09,1551,left,525,takeaway,8,O,83,-37,8481523
2025020832,2,728,19:13,00:47,1551,left,525,takeaway,54,D,38,-28,8477964
2025020832,2,731,19:23,00:37,1541,left,525,takeaway,8,D,-56,-37,8478133
2025020832,3,876,11:08,08:52,1551,right,525,takeaway,54,D,-78,-41,8478403
2025020833,1,286,12:54,07:06,1541,right,525,takeaway,17,D,42,-32,8481542
2025020833,1,299,14:03,05:57,1451,right,525,takeaway,26,D,-36,-8,8476469
2025020833,1,307,14:08,05:52,1451,right,525,takeaway,17,D,63,19,8484223
2025020833,1,320,15:11,04:49,1551,right,525,takeaway,26,D,-86,-34,8475208
2025020833,2,532,02:58,17:02,1551,left,525,takeaway,17,D,-35,18,8479992
2025020833,2,609,04:39,15:21,1551,left,525,takeaway,17,N,-9,38,8474141
2025020833,2,614,05:10,14:50,1551,left,525,takeaway,26,O,-98,-17,8477942
2025020833,2,715,12:05,07:55,1551,left,525,takeaway,17,O,33,-40,8474141
2025020833,2,768,17:09,02:51,1551,left,525,takeaway,26,D,29,39,8482155
2025020833,3,916,00:06,19:54,1451,right,525,takeaway,17,O,-59,-39,8479337
2025020833,3,1023,14:58,05:02,1551,right,525,takeaway,26,N,14,-27,8482408
2025020834,1,132,05:00,15:00,1551,right,525,takeaway,13,N,3,-26,8478055
2025020834,1,159,07:32,12:28,1551,right,525,takeaway,68,D,-77,-27,8480434
2025020834,1,404,18:33,01:27,1551,right,525,takeaway,68,N,12,34,8479619
2025020834,2,438,01:09,18:51,1551,left,525,takeaway,68,D,93,-25,8479410
2025020834,2,523,03:03,16:57,1551,left,525,takeaway,13,O,98,23,8480185
2025020834,2,710,14:46,05:14,1541,left,525,takeaway,68,O,-83,33,8477951
2025020834,2,738,17:00,03:00,1451,left,525,takeaway,13,O,90,15,8484304
2025020834,3,958,06:22,13:38,1551,right,525,takeaway,13,D,48,19,8484304
2025020835,1,145,06:44,13:16,1551,left,525,takeaway,52,D,61,1,8481043
2025020835,1,420,18:57,01:03,1551,left,525,takeaway,1,N,-14,-27,8483495
2025020835,1,429,19:44,00:16,1551,left,525,takeaway,1,O,59,-1,8481559
2025020835,2,499,03:58,16:02,1551,right,525,takeaway,1,D,58,-36,8483495
2025020835,2,667,08:02,11:58,1551,right,525,takeaway,1,D,97,-21,8477488
2025020835,2,746,14:52,05:08,1551,right,525,takeaway,52,O,92,12,8481043
2025020835,3,1046,19:16,00:44,1560,left,525,takeaway,1,D,-64,-35,8481559
2025020836,1,231,09:23,10:37,1551,left,525,takeaway,19,O,99,-20,8479385
2025020836,1,356,15:13,04:47,1541,left,525,takeaway,19,D,-25,1,8477573
2025020836,1,371,15:55,04:05,1541,left,525,takeaway,25,O,-56,18,8480027
2025020836,2,634,03:33,16:27,1551,right,525,takeaway,25,O,92,-31,8481581
2025020836,2,754,13:08,06:52,1451,right,525,takeaway,19,O,-43,-40,8481598
2025020836,2,755,13:26,06:34,1551,right,525,takeaway,25,D,-29,17,8479351
2025020836,2,798,17:33,02:27,1551,right,525,takeaway,19,D,59,28,8483516
2025020836,3,1007,11:55,08:05,1551,left,525,takeaway,19,O,97,-9,8476892
2025020837,1,119,03:01,16:59,1551,right,525,takeaway,16,D,-89,-33,8477987
2025020837,1,194,07:11,12:49,1551,right,525,takeaway,16,N,23,-30,8477987
2025020837,1,239,11:23,08:37,1551,right,525,takeaway,30,O,-86,15,8481477
2025020837,1,306,13:52,06:08,1551,right,525,takeaway,16,D,-54,34,8476882
2025020837,1,366,19:55,00:05,1551,right,525,takeaway,16,D,-29,-15,8476882
2025020837,2,393,01:40,18:20,1551,left,525,takeaway,30,O,99,7,8477451
2025020837,3,818,00:18,19:42,1551,right,525,takeaway,16,O,99,13,8484144
2025020837,3,891,06:16,13:44,1451,right,525,takeaway,30,O,-34,38,8475765
2025020837,4,1083,03:23,01:37,1431,left,525,takeaway,16,O,-85,-22,8483493
2025020838,1,176,06:27,13:33,1551,right,525,takeaway,23,N,-7,13,8482691
2025020838,1,177,06:54,13:06,1551,right,525,takeaway,28,O,98,-7,8482667
2025020838,1,180,07:08,12:52,1551,right,525,takeaway,23,N,2,-36,8483476
2025020838,1,404,14:18,05:42,1541,right,525,takeaway,23,D,77,37,8479425
2025020838,2,707,15:20,04:40,1551,left,525,takeaway,23,O,97,0,8474574
2025020838,2,715,16:01,03:59,1551,left,525,takeaway,23,D,-96,27,8479425
2025020838,3,846,05:50,14:10,1551,right,525,takeaway,23,D,75,-42,8483678
2025020838,3,981,12:43,07:17,1551,right,525,takeaway,23,N,0,-38,8481024
2025020838,3,1061,19:45,00:15,1551,right,525,takeaway,28,O,74,38,8471817
2025020839,1,163,08:09,11:51,1551,left,525,takeaway,15,D,31,30,8482088
2025020839,1,182,09:13,10:47,1551,left,525,takeaway,15,D,35,-42,8475343
2025020839,2,497,02:21,17:39,1551,right,525,takeaway,55,D,46,-35,8476905
2025020839,2,612,08:17,11:43,1541,right,525,takeaway,55,D,39,24,8482665
2025020839,2,664,12:04,07:56,1551,right,525,takeaway,55,O,-92,21,8482751
2025020839,3,871,06:12,13:48,1551,left,525,takeaway,15,D,50,22,8479345
2025020839,3,923,11:32,08:28,1551,left,525,takeaway,55,D,-31,-19,8482665
2025020840,1,233,08:24,11:36,1551,left,525,takeaway,4,D,69,36,8480220
2025020840,1,345,13:15,06:45,1551,left,525,takeaway,4,O,-51,37,8484142
2025020840,1,357,14:41,05:19,1551,left,525,takeaway,29,D,-35,-15,8483485
2025020840,1,388,16:58,03:02,1551,left,525,takeaway,4,D,96,-4,8478454
2025020840,1,431,18:53,01:07,1541,left,525,takeaway,29,D,-69,-35,8477497
2025020840,1,438,19:17,00:43,1441,left,525,takeaway,4,D,66,25,8480015
2025020840,2,738,13:53,06:07,1551,right,525,takeaway,29,O,-32,-33,8475745
2025020840,2,830,17:19,02:41,1551,right,525,takeaway,29,O,-93,30,8480893
2025020840,3,941,05:54,14:06,1551,left,525,takeaway,29,D,-42,41,8478500
2025020840,3,1150,18:52,01:08,0651,left,525,takeaway,4,D,86,-27,8481546
2025020841,1,154,06:44,13:16,1551,left,525,takeaway,9,O,93,7,8480188
2025020841,1,164,06:59,13:01,1551,left,525,takeaway,21,O,-71,41,8481641
2025020841,1,284,16:20,03:40,1551,left,525,takeaway,9,N,11,28,8478020
2025020841,2,335,00:23,19:37,1551,right,525,takeaway,9,O,-80,16,8480801
2025020841,2,454,05:52,14:08,1551,right,525,takeaway,9,O,-29,-37,8473512
2025020841,2,496,09:29,10:31,1551,right,525,takeaway,9,D,47,27,8478469
2025020841,2,544,12:51,07:09,1551,right,525,takeaway,9,O,-56,36,8482245
2025020841,3,759,01:26,18:34,1551,left,525,takeaway,9,N,-6,37,8482116
2025020841,3,793,03:00,17:00,1551,left,525,takeaway,9,N,21,-5,8480801
2025020841,3,862,03:40,16:20,1551,left,525,takeaway,21,O,-49,-36,8477501
2025020841,3,1005,13:10,06:50,1551,left,525,takeaway,21,D,71,41,8480069
2025020842,1,172,07:53,12:07,1551,left,525,takeaway,2,N,-13,36,8477407
2025020842,1,192,08:24,11:36,1551,left,525,takeaway,2,O,41,-17,8481601
2025020842,1,299,12:10,07:50,1441,left,525,takeaway,3,N,20,3,8476468
2025020842,1,426,17:05,02:55,1551,left,525,takeaway,3,D,52,-36,8482109
2025020842,1,562,18:44,01:16,1551,left,525,takeaway,3,D,39,16,8479390
2025020842,2,859,14:37,05:23,1551,right,525,takeaway,3,O,49,36,8476459
2025020842,3,933,04:19,15:41,1551,left,525,takeaway,3,D,64,35,8484210
2025020842,3,951,06:34,13:26,1551,left,525,takeaway,3,D,48,-36,8478882
2025020842,3,1082,14:53,05:07,1551,left,525,takeaway,3,N,13,-37,8480001
2025020842,3,1084,15:01,04:59,1551,left,525,takeaway,2,N,-16,37,8476917
2025020842,3,1101,16:45,03:15,1551,left,525,takeaway,3,O,-82,-39,8476389
2025020843,1,142,05:50,14:10,1451,left,525,takeaway,4,D,33,39,8477903
2025020843,1,149,06:15,13:45,1451,left,525,takeaway,6,D,-45,37,8476854
2025020843,1,251,10:01,09:59,1551,left,525,takeaway,4,O,-65,-7,8481553
2025020843,1,421,15:02,04:58,1551,left,525,takeaway,6,O,98,23,8476854
2025020843,1,431,15:31,04:29,1551,left,525,takeaway,6,N,-15,31,8476854
2025020843,2,565,01:34,18:26,1551,right,525,takeaway,4,O,96,-19,8475235
2025020843,2,698,11:16,08:44,1551,right,525,takeaway,6,D,57,-35,8479325
2025020843,2,726,14:25,05:35,1551,right,525,takeaway,4,O,50,40,8480015
2025020843,2,797,19:34,00:26,1551,right,525,takeaway,6,O,-89,-35,8477956
2025020843,3,888,05:39,14:21,1551,left,525,takeaway,6,D,-60,-21,8480355
2025020844,1,168,04:09,15:51,1551,left,525,takeaway,7,N,-5,-40,8477949
2025020844,1,380,12:09,07:51,1551,left,525,takeaway,7,O,33,33,8480891
2025020844,1,575,18:59,01:01,1551,left,525,takeaway,7,D,-97,-19,8480891
2025020844,2,734,10:13,09:47,1551,right,525,takeaway,7,O,-60,-40,8479359
2025020844,2,751,11:53,08:07,1551,right,525,takeaway,26,N,-7,-2,8482124
2025020844,2,833,17:38,02:22,1551,right,525,takeaway,26,O,94,16,8476469
2025020844,3,880,01:03,18:57,1551,left,525,takeaway,26,D,88,-35,8474563
2025020844,3,908,03:42,16:18,1551,left,525,takeaway,26,D,75,11,8479998
2025020844,3,959,06:39,13:21,1551,left,525,takeaway,7,N,10,40,8479359
2025020844,3,960,06:53,13:07,1551,left,525,takeaway,7,D,-29,-31,8482896
2025020844,3,1050,13:13,06:47,1551,left,525,takeaway,26,D,67,31,8470621
2025020845,1,61,00:11,19:49,1551,right,525,takeaway,21,N,-20,-42,8480069
2025020845,1,70,00:43,19:17,1551,right,525,takeaway,8,D,73,14,8482087
2025020845,1,351,13:49,06:11,1551,right,525,takeaway,21,O,92,-17,8480069
2025020845,1,451,18:02,01:58,1551,right,525,takeaway,21,D,-69,37,8478109
2025020845,2,618,10:39,09:21,1551,left,525,takeaway,8,D,-36,36,8483457
2025020845,3,810,05:11,14:49,1551,right,525,takeaway,8,D,44,27,8480865
2025020845,3,828,06:29,13:31,1551,right,525,takeaway,8,D,64,26,8483457
2025020845,3,843,07:26,12:34,1551,right,525,takeaway,8,D,43,15,8478133
2025020845,3,870,09:00,11:00,1551,right,525,takeaway,8,O,-54,-35,8480018
2025020845,3,924,12:40,07:20,1551,right,525,takeaway,21,N,-18,38,8479525
2025020846,1,130,05:07,14:53,1551,right,525,takeaway,17,O,-34,-19,8479337
2025020846,1,336,17:31,02:29,1551,right,525,takeaway,15,D,-62,-37,8479345
2025020846,2,614,08:21,11:39,1551,left,525,takeaway,15,O,-83,-35,8483573
2025020846,2,661,11:47,08:13,1551,left,525,takeaway,15,O,-75,-21,8478463
2025020846,2,755,19:54,00:06,1551,left,525,takeaway,17,N,-12,-29,8481542
2025020846,3,1012,18:40,01:20,1560,right,525,takeaway,15,D,-86,34,8474590
2025020846,4,1042,02:06,02:54,1331,left,525,takeaway,17,D,-47,-22,8479337
2025020847,1,284,07:04,12:56,1551,left,525,takeaway,52,N,-3,-6,8475799
2025020847,1,531,15:05,04:55,1551,left,525,takeaway,14,O,93,30,8477404
2025020847,2,625,04:41,15:19,1551,right,525,takeaway,14,N,0,23,8479542
2025020847,2,734,13:18,06:42,1551,right,525,takeaway,52,O,65,-11,8476480
2025020847,3,909,03:48,16:12,1551,left,525,takeaway,52,D,61,-8,8477504
2025020847,3,941,06:50,13:10,1541,left,525,takeaway,14,D,-75,-40,8478519
2025020847,3,945,07:03,12:57,1541,left,525,takeaway,14,O,39,-12,8478519
2025020848,1,91,02:24,17:36,1551,left,525,takeaway,1,D,-82,35,8484177
2025020848,1,127,03:58,16:02,1551,left,525,takeaway,1,N,-24,27,8481559
2025020848,2,530,01:26,18:34,1551,right,525,takeaway,18,O,41,-36,8476887
2025020848,2,550,01:58,18:02,1551,right,525,takeaway,1,O,-45,-37,8483495
2025020848,2,695,08:54,11:06,1551,right,525,takeaway,18,D,-91,-32,8483565
2025020848,2,706,10:16,09:44,1551,right,525,takeaway,1,D,41,-42,8482110
2025020848,2,785,16:39,03:21,1551,right,525,takeaway,18,O,62,-38,8482146
2025020848,3,891,02:54,17:06,1551,left,525,takeaway,1,D,-91,6,8480192
2025020848,3,976,11:28,08:32,1551,left,525,takeaway,1,O,94,2,8477015
2025020849,1,232,08:29,11:31,1551,right,525,takeaway,3,D,27,39,8482073
2025020849,2,778,18:38,01:22,1551,left,525,takeaway,2,N,18,-18,8476917
2025020849,3,878,06:53,13:07,1551,right,525,takeaway,3,O,-62,35,8476459
2025020849,3,926,09:45,10:15,1551,right,525,takeaway,2,O,85,-35,8477494
2025020849,3,1006,14:55,05:05,1551,right,525,takeaway,2,D,-88,-31,8478445
2025020850,1,166,03:52,16:08,1551,left,525,takeaway,16,D,96,21,8481568
2025020850,1,186,05:00,15:00,1551,left,525,takeaway,16,D,76,-38,8483493
2025020850,1,257,10:16,09:44,1551,left,525,takeaway,5,D,-97,1,8478854
2025020850,1,262,10:37,09:23,1551,left,525,takeaway,5,N,4,40,8471675
2025020850,2,731,05:32,14:28,1551,right,525,takeaway,5,N,19,34,8477511
2025020850,2,822,14:04,05:56,1551,right,525,takeaway,5,D,85,36,8476967
2025020850,3,937,02:16,17:44,1551,left,525,takeaway,16,O,-60,16,8482176
2025020850,3,1003,02:37,17:23,1551,left,525,takeaway,5,O,26,25,8477511
2025020850,3,1017,03:54,16:06,1551,left,525,takeaway,5,O,46,-36,8474578
2025020850,3,1113,07:49,12:11,1551,left,525,takeaway,16,D,27,6,8481568
2025020850,3,1135,11:26,08:34,1551,left,525,takeaway,5,O,61,17,8482475
2025020850,3,1156,14:13,05:47,1551,left,525,takeaway,5,N,14,-34,8471675
2025020851,1,61,00:11,19:49,1551,right,525,takeaway,12,N,-4,-18,8476958
2025020851,1,130,03:42,16:18,1551,right,525,takeaway,68,D,-58,37,8479977
2025020851,1,482,11:13,08:47,1551,right,525,takeaway,12,D,30,-41,8475791
2025020851,2,684,05:14,14:46,1551,left,525,takeaway,12,D,-86,-23,8476906
2025020851,2,693,05:34,14:26,1551,left,525,takeaway,68,O,-65,-18,8479343
2025020851,2,705,05:54,14:06,1551,left,525,takeaway,12,D,-99,-14,8476906
2025020851,2,707,06:20,13:40,1551,left,525,takeaway,12,D,-86,29,8480830
2025020851,2,747,09:32,10:28,1551,left,525,takeaway,68,D,54,-34,8478507
2025020851,2,781,12:54,07:06,1551,left,525,takeaway,68,O,-98,8,8479343
2025020851,3,928,03:34,16:26,1551,right,525,takeaway,12,O,-96,-26,8482702
2025020851,3,1125,18:24,01:36,1560,right,525,takeaway,68,D,-99,-9,8478831
2025020852,1,112,04:12,15:48,1551,left,525,takeaway,19,D,-40,38,8482733
2025020852,1,214,07:45,12:15,1551,left,525,takeaway,19,O,56,-36,8481598
2025020852,2,570,05:21,14:39,1541,right,525,takeaway,19,O,-56,-17,8480281
2025020852,3,852,01:25,18:35,1551,left,525,takeaway,19,N,-23,-27,8482089
2025020852,3,865,02:02,17:58,1551,left,525,takeaway,13,O,-39,-14,8477933
2025020852,3,876,03:11,16:49,1551,left,525,takeaway,13,O,-98,-1,8482713
2025020852,3,960,09:31,10:29,1551,left,525,takeaway,19,N,0,-25,8482089
2025020852,3,1060,13:09,06:51,1541,left,525,takeaway,13,D,46,41,8484304
2025020852,3,1082,15:10,04:50,1551,left,525,takeaway,13,O,-42,-17,8478542
2025020853,1,92,02:07,17:53,1551,right,525,takeaway,30,N,23,39,8474716
2025020853,1,199,04:14,15:46,1551,right,525,takeaway,20,N,-11,-9,8482679
2025020853,1,221,06:21,13:39,1541,right,525,takeaway,20,O,86,-14,8481068
2025020853,2,545,02:27,17:33,1551,left,525,takeaway,20,O,-95,-21,8480028
2025020853,2,586,07:27,12:33,1551,left,525,takeaway,20,D,91,-20,8480028
2025020853,2,595,07:50,12:10,1551,left,525,takeaway,20,O,-52,36,8477346
2025020853,2,607,08:41,11:19,1551,left,525,takeaway,30,O,64,35,8481557
2025020853,3,761,00:45,19:15,1551,right,525,takeaway,30,O,-76,31,8478864
2025020853,3,943,11:24,08:36,1551,right,525,takeaway,20,O,66,-42,8474150
2025020854,1,101,01:29,18:31,1551,left,525,takeaway,28,N,-10,38,8482667
2025020854,1,276,10:29,09:31,1551,left,525,takeaway,22,O,98,4,8477498
2025020854,1,369,14:15,05:45,1441,left,525,takeaway,22,D,-99,-5,8480803
2025020854,2,509,01:36,18:24,1551,right,525,takeaway,22,D,95,16,8480803
2025020854,2,520,02:51,17:09,1551,right,525,takeaway,28,O,99,2,8482667
2025020854,2,759,18:20,01:40,1551,right,525,takeaway,28,D,-61,26,8477505
2025020854,3,861,05:17,14:43,1551,left,525,takeaway,28,D,62,-39,8484806
2025020854,3,932,08:48,11:12,1451,left,525,takeaway,28,D,62,19,8476624
2025020855,2,581,06:47,13:13,1551,left,525,takeaway,24,D,92,26,8476885
2025020855,2,582,06:50,13:10,1551,left,525,takeaway,23,O,92,21,8480144
2025020855,2,620,09:29,10:31,1551,left,525,takeaway,24,D,90,-14,8481605
2025020855,3,846,06:09,13:51,1551,right,525,takeaway,24,D,-37,37,8482803
2025020856,1,207,06:40,13:20,1551,right,525,takeaway,25,N,0,-41,8482740
2025020856,1,422,18:09,01:51,1551,right,525,takeaway,25,D,-28,27,8482740
2025020856,1,441,19:30,00:30,1551,right,525,takeaway,25,D,-44,5,8481581
2025020856,2,550,03:04,16:56,1551,left,525,takeaway,25,D,84,34,8480878
2025020856,2,632,05:54,14:06,1551,left,525,takeaway,25,O,-99,-20,8482145
2025020856,2,766,16:25,03:35,1551,left,525,takeaway,25,O,-60,42,8475168
2025020856,3,871,03:59,16:01,1541,right,525,takeaway,54,D,36,41,8478434
2025020856,3,897,04:42,15:18,1541,right,525,takeaway,25,O,79,39,8481581
2025020856,3,942,08:19,11:41,1551,right,525,takeaway,25,O,75,-42,8482740
2025020857,1,69,00:36,19:24,1551,left,525,takeaway,10,D,84,-18,8482259
2025020857,1,151,01:56,18:04,1551,left,525,takeaway,10,D,32,-37,8478462
2025020857,1,158,02:17,17:43,1551,left,525,takeaway,10,D,43,-38,8476931
2025020857,1,174,03:49,16:11,1551,left,525,takeaway,55,D,-33,-37,8482665
2025020857,2,556,02:50,17:10,1551,right,525,takeaway,55,O,-86,-34,8475768
2025020857,2,715,14:39,05:21,1551,right,525,takeaway,10,D,-45,41,8477503
2025020857,3,854,03:13,16:47,1551,left,525,takeaway,55,O,78,-37,8477919
2025020857,3,882,06:20,13:40,1551,left,525,takeaway,55,O,74,-39,8483524
2025020857,3,963,10:16,09:44,1451,left,525,takeaway,10,N,5,27,8478904
2025020858,1,98,03:14,16:46,1551,right,525,takeaway,16,D,29,-9,8484144
2025020858,1,292,10:04,09:56,1551,right,525,takeaway,16,N,17,33,8483506
2025020858,1,382,13:00,07:00,1551,right,525,takeaway,29,D,-50,41,8477497
2025020858,2,583,03:54,16:06,1551,left,525,takeaway,29,D,38,-16,8478500
2025020858,2,593,05:17,14:43,1551,left,525,takeaway,29,D,64,-41,8481161
2025020858,2,678,11:42,08:18,1551,left,525,takeaway,16,N,-22,20,8482176
2025020858,2,694,13:10,06:50,1551,left,525,takeaway,29,O,-39,20,8479671
2025020858,3,813,01:57,18:03,1551,right,525,takeaway,29,O,74,36,8477497
2025020858,3,885,07:37,12:23,1551,right,525,takeaway,29,D,-70,37,8478975
2025020859,1,63,00:11,19:49,1551,right,525,takeaway,26,D,-39,14,8479675
2025020859,1,68,00:35,19:25,1551,right,525,takeaway,4,N,-8,-19,8480220
2025020859,1,270,09:38,10:22,1551,right,525,takeaway,26,D,-60,-40,8476879
2025020859,2,563,04:43,15:17,1551,left,525,takeaway,4,O,68,36,8480015
2025020859,3,864,05:44,14:16,1551,right,525,takeaway,4,D,39,-42,8476372
2025020859,3,867,05:54,14:06,1551,right,525,takeaway,4,D,50,-26,8483733
2025020860,1,60,00:21,19:39,1551,right,525,takeaway,21,O,55,-32,8477501
2025020860,1,285,09:20,10:40,1451,right,525,takeaway,21,D,-54,-42,8480835
2025020860,2,438,00:05,19:55,1551,left,525,takeaway,21,N,14,-23,8480069
2025020860,2,608,04:35,15:25,1541,left,525,takeaway,21,O,-96,-22,8475754
2025020860,2,642,07:15,12:45,1551,left,525,takeaway,17,D,-43,4,8482078
2025020860,2,657,07:51,12:09,1551,left,525,takeaway,17,O,86,22,8481725
2025020860,2,786,15:55,04:05,1551,left,525,takeaway,17,D,-87,-36,8481607
2025020860,2,817,17:00,03:00,1551,left,525,takeaway,21,O,-42,35,8480835
2025020860,3,1073,15:23,04:37,1551,right,525,takeaway,17,O,-97,16,8482078
2025020860,3,1094,16:54,03:06,1551,right,525,takeaway,21,N,-20,-40,8480448
2025020861,1,66,00:44,19:16,1551,left,525,takeaway,3,D,64,-19,8476459
2025020861,1,273,11:29,08:31,1551,left,525,takeaway,3,D,93,-15,8478882
2025020861,1,279,12:16,07:44,1551,left,525,takeaway,5,D,-97,23,8471215
2025020861,2,476,03:11,16:49,1551,right,525,takeaway,5,N,-16,-34,8471675
2025020861,2,744,13:39,06:21,1551,right,525,takeaway,5,D,85,20,8482475
2025020861,2,763,15:21,04:39,1551,right,525,takeaway,5,D,43,34,8474578
2025020861,3,1056,16:52,03:08,1551,left,525,takeaway,5,O,57,-33,8471675
2025020862,1,62,00:22,19:38,1551,right,525,takeaway,52,O,29,-25,8482149
2025020862,1,147,06:02,13:58,1551,right,525,takeaway,13,O,-84,25,8477932
2025020862,1,462,16:40,03:20,1541,right,525,takeaway,52,O,57,38,8480014
2025020862,2,673,06:11,13:49,1551,left,525,takeaway,13,O,96,24,8483771
2025020862,2,790,15:42,04:18,1551,left,525,takeaway,52,D,75,37,8477504
2025020862,3,924,05:11,14:49,1551,right,525,takeaway,13,O,-40,-37,8482713
2025020862,3,984,10:03,09:57,1551,right,525,takeaway,13,O,-76,-40,8480185
2025020862,3,1017,13:36,06:24,1551,right,525,takeaway,52,O,42,-5,8478398
2025020863,1,154,03:04,16:56,1541,right,525,takeaway,20,D,41,36,8480727
2025020863,2,694,06:53,13:07,1551,left,525,takeaway,20,O,93,15,8484860
2025020863,2,797,15:12,04:48,1551,left,525,takeaway,28,D,37,-23,8484801
2025020863,3,954,06:19,13:41,1451,right,525,takeaway,28,N,-19,-2,8477505
2025020863,3,976,07:47,12:13,1541,right,525,takeaway,20,O,-34,-36,8481068
2025020863,3,1015,10:15,09:45,1551,right,525,takeaway,28,O,98,15,8479983
2025020863,3,1069,14:33,05:27,1541,right,525,takeaway,20,D,36,-36,8483609
2025020863,3,1196,19:54,00:06,0651,right,525,takeaway,20,D,83,-28,8474150
2025020864,1,89,01:16,18:44,1551,right,525,takeaway,12,O,79,38,8478970
2025020864,1,485,19:11,00:49,1551,right,525,takeaway,12,D,-82,-38,8476873
2025020864,2,617,04:20,15:40,1551,left,525,takeaway,12,O,-51,16,8480829
2025020864,2,679,09:19,10:41,1551,left,525,takeaway,15,D,-89,33,8479345
2025020864,2,773,16:15,03:45,1551,left,525,takeaway,15,O,97,-5,8482088
2025020864,3,951,05:57,14:03,1551,right,525,takeaway,12,N,-10,-39,8476958
2025020864,3,971,08:22,11:38,1551,right,525,takeaway,12,O,74,25,8476906
2025020864,3,1006,11:16,08:44,1551,right,525,takeaway,12,D,-98,-17,8480830
2025020865,1,273,10:50,09:10,1541,left,525,takeaway,8,O,-83,-39,8483457
2025020865,1,519,17:34,02:26,1551,left,525,takeaway,7,O,69,26,8480807
2025020865,1,525,19:05,00:55,1551,left,525,takeaway,7,D,-87,-17,8481524
2025020865,2,601,00:30,19:30,1541,right,525,takeaway,8,D,-51,-41,8483515
2025020865,2,637,03:16,16:44,1541,right,525,takeaway,7,D,25,-41,8477949
2025020865,2,655,05:03,14:57,1551,right,525,takeaway,8,D,-43,40,8480018
2025020865,2,683,07:05,12:55,1551,right,525,takeaway,7,O,-39,-16,8477949
2025020865,2,706,08:25,11:35,1551,right,525,takeaway,8,D,-32,35,8483457
2025020865,2,799,15:48,04:12,1451,right,525,takeaway,8,D,-80,32,8476981
2025020866,1,148,04:40,15:20,1551,left,525,takeaway,9,O,90,-33,8476393
2025020866,1,190,06:51,13:09,1541,left,525,takeaway,9,N,-24,39,8482092
2025020866,1,384,14:02,05:58,1551,left,525,takeaway,1,D,70,-30,8483495
2025020866,1,412,17:57,02:03,1551,left,525,takeaway,1,D,62,-22,8478414
2025020866,1,438,18:58,01:02,1551,left,525,takeaway,9,O,81,-39,8478020
2025020866,2,533,04:52,15:08,1551,right,525,takeaway,9,O,-81,-7,8476393
2025020866,2,543,06:24,13:36,1551,right,525,takeaway,1,D,-72,23,8478399
2025020866,2,580,08:14,11:46,1551,right,525,takeaway,1,O,39,-38,8484177
2025020866,2,737,15:54,04:06,1451,right,525,takeaway,9,O,-97,-18,8481596
2025020866,3,881,05:42,14:18,1551,left,525,takeaway,1,D,96,10,8483495
2025020866,3,896,05:57,14:03,1551,left,525,takeaway,9,O,99,9,8481528
2025020866,3,934,07:21,12:39,1551,left,525,takeaway,9,D,-48,39,8478020
2025020867,1,71,00:31,19:29,1551,left,525,takeaway,18,D,43,37,8475158
2025020867,1,262,09:45,10:15,1551,left,525,takeaway,18,D,87,-23,8477446
2025020867,1,319,10:51,09:09,1551,left,525,takeaway,18,O,-94,0,8476887
2025020867,1,324,11:33,08:27,1551,left,525,takeaway,18,D,44,-36,8482146
2025020867,1,345,13:10,06:50,1551,left,525,takeaway,18,N,-7,-32,8474564
2025020867,1,389,18:42,01:18,1551,left,525,takeaway,2,D,-25,30,8483553
2025020867,2,589,05:13,14:47,1551,right,525,takeaway,18,O,98,-21,8482062
2025020867,2,598,06:26,13:34,1551,right,525,takeaway,2,N,0,5,8478445
2025020867,2,680,12:11,07:49,1551,right,525,takeaway,2,D,84,-6,8477500
2025020867,2,687,12:42,07:18,1551,right,525,takeaway,18,D,-51,-24,8482482
2025020867,3,928,07:12,12:48,1551,left,525,takeaway,18,N,-13,0,8482062
2025020867,3,952,08:45,11:15,1441,left,525,takeaway,2,D,-37,-37,8477506
2025020868,1,269,11:51,08:09,1551,left,525,takeaway,19,D,-87,37,8475753
2025020868,2,515,04:41,15:19,1551,right,525,takeaway,29,O,46,-22,8477497
2025020868,2,552,07:11,12:49,1551,right,525,takeaway,29,D,-40,-8,8478460
2025020868,2,599,11:10,08:50,1551,right,525,takeaway,29,D,-89,11,8481716
2025020868,2,681,17:13,02:47,1551,right,525,takeaway,19,O,-51,39,8476897
2025020868,3,743,01:56,18:04,1551,left,525,takeaway,19,D,-51,29,8477402
2025020868,3,876,08:33,11:27,1451,left,525,takeaway,29,D,96,23,8476432
2025020868,3,1071,19:56,00:04,1551,left,525,takeaway,29,D,87,20,8481178
2025020869,1,191,09:07,10:53,1551,right,525,takeaway,23,D,52,42,8480078
2025020869,1,203,09:59,10:01,1551,right,525,takeaway,10,N,-1,31,8482259
2025020869,2,555,04:02,15:58,1551,left,525,takeaway,23,O,96,26,8481024
2025020869,2,559,04:15,15:45,1551,left,525,takeaway,23,O,73,-32,8480078
2025020869,2,592,06:48,13:12,1551,left,525,takeaway,23,O,53,8,8478856
2025020869,2,702,12:01,07:59,1551,left,525,takeaway,23,D,-39,15,8480012
2025020869,2,798,19:00,01:00,1551,left,525,takeaway,23,D,-91,16,8477969
2025020869,2,800,19:00,01:00,1551,left,525,takeaway,10,O,-98,14,8479318
2025020869,3,1046,13:36,06:24,1551,right,525,takeaway,10,O,95,29,8478462
2025020869,4,1190,03:08,01:52,1331,left,525,takeaway,23,O,97,-6,8478498
2025020869,4,1180,04:06,00:54,1331,left,525,takeaway,10,D,77,-23,8475166
2025020870,1,108,01:43,18:17,1541,left,525,takeaway,68,N,8,34,8477951
2025020870,1,194,06:27,13:33,1551,left,525,takeaway,25,O,-47,20,8473994
2025020870,1,354,11:33,08:27,1451,left,525,takeaway,25,D,86,-38,8476902
2025020870,1,440,17:08,02:52,1551,left,525,takeaway,68,D,-31,-6,8482175
2025020870,2,596,04:49,15:11,1551,right,525,takeaway,68,N,2,-32,8474013
2025020870,2,775,16:38,03:22,1551,right,525,takeaway,25,D,-39,4,8478420
2025020870,3,883,01:15,18:45,1551,left,525,takeaway,68,D,-99,-9,8478507
2025020870,3,1078,17:24,02:36,1551,left,525,takeaway,25,N,21,-27,8481581
2025020871,1,363,13:38,06:22,1551,left,525,takeaway,22,N,7,-26,8477934
2025020871,2,543,03:10,16:50,1551,right,525,takeaway,30,D,-30,28,8476994
2025020871,2,690,11:53,08:07,1551,right,525,takeaway,22,N,7,40,8480803
2025020871,2,726,14:06,05:54,1551,right,525,takeaway,22,N,-13,-32,8484509
2025020871,3,789,00:17,19:43,1451,left,525,takeaway,30,D,69,22,8478493
2025020871,3,821,01:56,18:04,1551,left,525,takeaway,22,O,95,-17,8478458
2025020871,3,896,07:42,12:18,1551,left,525,takeaway,22,N,-17,11,8481056
2025020871,3,934,10:36,09:24,1551,left,525,takeaway,30,N,-14,-42,8475149
2025020872,1,103,01:30,18:30,1551,right,525,takeaway,55,O,46,39,8475768
2025020872,1,401,16:34,03:26,1551,right,525,takeaway,54,O,-90,-18,8475191
2025020872,2,538,02:14,17:46,1551,left,525,takeaway,55,O,-26,-39,8481554
2025020872,2,618,04:46,15:14,1551,left,525,takeaway,55,O,-42,-21,8476905
2025020872,2,812,06:11,13:49,1551,left,525,takeaway,54,N,-22,-38,8475913
2025020872,3,829,00:08,19:52,1551,right,525,takeaway,55,N,19,-41,8481554
2025020872,3,938,06:14,13:46,1551,right,525,takeaway,55,N,19,2,8477986
2025020873,1,153,05:14,14:46,1441,right,525,takeaway,14,O,-65,36,8479542
2025020873,1,155,05:39,14:21,1441,right,525,takeaway,14,D,97,10,8479542
2025020873,2,845394,01:15,18:45,1551,left,525,takeaway,14,O,51,35,8480995
2025020873,2,845473,06:00,14:00,1551,left,525,takeaway,6,D,41,40,8479999
2025020873,2,845718,17:18,02:42,1451,left,525,takeaway,6,D,79,-15,8480355
2025020873,2,845719,18:48,01:12,1551,left,525,takeaway,14,O,97,-7,8474151
2025020873,3,845957,16:18,03:42,1551,right,525,takeaway,14,D,42,39,8478416
2025020874,1,305,11:05,08:55,1551,right,525,takeaway,12,D,41,-41,8478970
2025020874,2,449,01:43,18:17,1451,left,525,takeaway,26,D,67,39,8482155
2025020874,2,566,06:52,13:08,1551,left,525,takeaway,12,D,-43,41,8475791
2025020874,2,587,07:58,12:02,1551,left,525,takeaway,12,D,-73,-42,8480336
2025020874,2,715,14:05,05:55,1551,left,525,takeaway,26,D,50,41,8475208
2025020874,2,730,14:50,05:10,1551,left,525,takeaway,12,D,-82,-19,8476958
2025020874,2,772,18:32,01:28,1551,left,525,takeaway,12,O,80,1,8478427
2025020874,3,795,00:31,19:29,1441,right,525,takeaway,26,D,-98,1,8475208
2025020874,3,796,00:33,19:27,1441,right,525,takeaway,12,O,-85,10,8480817
2025020874,3,902,08:01,11:59,1441,right,525,takeaway,26,D,-98,3,8475208
2025020874,3,1062,16:20,03:40,1551,right,525,takeaway,26,D,-84,-33,8482730
2025020875,1,135,03:31,16:29,1541,left,525,takeaway,24,D,-26,11,8475798
2025020875,1,430,16:48,03:12,1551,left,525,takeaway,24,N,11,-8,8484762
2025020875,1,433,16:58,03:02,1551,left,525,takeaway,54,D,77,-40,8478396
2025020875,1,434,17:14,02:46,1551,left,525,takeaway,24,D,-57,0,8480068
2025020875,2,773,17:53,02:07,1551,right,525,takeaway,24,O,-53,-34,8479705
2025020875,3,831,01:22,18:38,1551,left,525,takeaway,24,D,-53,39,8480068
2025020875,3,927,04:06,15:54,1551,left,525,takeaway,54,D,67,36,8481527
2025020875,3,930,04:13,15:47,1551,left,525,takeaway,24,D,-80,6,8476885
2025020875,3,934,04:52,15:08,1551,left,525,takeaway,54,D,52,-30,8481604
2025020876,1,108,03:32,16:28,1551,right,525,takeaway,13,D,82,40,8481600
2025020876,1,405,13:06,06:54,1551,right,525,takeaway,7,O,71,31,8484305
2025020876,2,659,07:51,12:09,1551,left,525,takeaway,13,O,90,33,8478542
2025020876,2,692,10:34,09:26,1551,left,525,takeaway,13,O,63,-36,8479314
2025020876,2,699,11:29,08:31,1551,left,525,takeaway,13,N,10,-33,8478542
2025020876,2,802,18:20,01:40,1451,left,525,takeaway,13,O,78,18,8477409
2025020876,3,865,04:53,15:07,1551,right,525,takeaway,13,D,78,2,8484304
2025020876,3,1000,13:09,06:51,1351,right,525,takeaway,13,O,-78,27,8484304
2025020876,3,1043,16:26,03:34,1551,right,525,takeaway,7,D,-49,-37,8475722
2025020877,1,135,02:25,17:35,1551,left,525,takeaway,9,O,-86,-13,8481528
2025020877,1,255,06:48,13:12,1551,left,525,takeaway,9,D,82,25,8481596
2025020877,1,263,07:43,12:17,1551,left,525,takeaway,5,D,-81,-34,8478854
2025020877,1,503,17:50,02:10,1551,left,525,takeaway,9,O,-46,6,8473512
2025020877,2,724,06:09,13:51,1551,right,525,takeaway,9,O,98,4,8478020
2025020877,2,759,10:00,10:00,1551,right,525,takeaway,5,D,34,5,8477365
2025020877,2,775,11:11,08:49,1551,right,525,takeaway,5,O,-95,-1,8471215
2025020877,2,806,13:37,06:23,1551,right,525,takeaway,5,D,92,-13,8481481
2025020877,2,843,16:37,03:23,1551,right,525,takeaway,9,O,76,-32,8476393
2025020877,3,932,02:44,17:16,1551,left,525,takeaway,5,D,-27,36,8474578
2025020877,3,1058,10:54,09:06,1451,left,525,takeaway,5,O,62,41,8477511
2025020877,3,1067,11:01,08:59,1451,left,525,takeaway,9,D,91,30,8482105
2025020877,3,1101,14:37,05:23,1551,left,525,takeaway,9,D,75,-30,8473512
2025020877,3,1151,17:41,02:19,1560,left,525,takeaway,9,D,66,41,8482245
2025020878,1,92,01:39,18:21,1551,right,525,takeaway,2,O,93,13,8476917
2025020878,1,140,04:36,15:24,1551,right,525,takeaway,15,O,-91,-25,8483573
2025020878,1,392,16:15,03:45,1551,right,525,takeaway,2,D,-65,-35,8476292
2025020878,2,500,04:57,15:03,1551,left,525,takeaway,15,D,-67,-31,8475343
2025020878,2,726,10:19,09:41,1551,left,525,takeaway,15,N,-10,5,8482088
2025020878,2,765,12:04,07:56,1551,left,525,takeaway,15,D,-90,-24,8480873
2025020878,2,826,17:31,02:29,1551,left,525,takeaway,15,O,61,-34,8480873
2025020878,3,944,05:03,14:57,1451,right,525,takeaway,2,N,16,6,8485366
2025020878,3,952,06:21,13:39,1551,right,525,takeaway,15,D,86,31,8474590
2025020878,3,1121,18:07,01:53,1551,right,525,takeaway,2,N,20,-35,8476429
2025020879,1,74,01:01,18:59,1451,right,525,takeaway,30,O,-98,4,8478864
2025020879,1,118,04:39,15:21,1551,right,525,takeaway,8,D,-66,-36,8478851
2025020879,1,129,04:46,15:14,1551,right,525,takeaway,30,D,59,5,8474716
2025020879,1,134,05:06,14:54,1551,right,525,takeaway,8,D,-59,28,8482775
2025020879,1,180,09:07,10:53,1551,right,525,takeaway,8,O,97,-16,8484984
2025020879,2,526,09:00,11:00,1451,left,525,takeaway,8,D,66,-17,8482775
2025020879,2,531,09:45,10:15,1451,left,525,takeaway,8,D,39,-36,8480018
2025020879,2,558,11:47,08:13,1541,left,525,takeaway,30,D,-53,-23,8481477
2025020879,2,668,17:13,02:47,1551,left,525,takeaway,30,N,-19,-33,8482122
2025020879,2,696,18:46,01:14,1551,left,525,takeaway,30,D,-67,-42,8480800
2025020879,2,698,18:58,01:02,1551,left,525,takeaway,8,D,41,-6,8478133
2025020879,3,1058,19:30,00:30,1551,right,525,takeaway,30,O,-73,40,8475149
2025020880,1,87,01:54,18:06,1551,left,525,takeaway,18,O,59,-41,8476539
2025020880,1,146,07:12,12:48,1551,left,525,takeaway,19,O,-69,-39,8481013
2025020880,1,426,15:55,04:05,1551,left,525,takeaway,19,D,47,-5,8476892
2025020880,2,598,05:44,14:16,1551,right,525,takeaway,19,N,-2,-3,8479385
2025020880,2,714,14:05,05:55,1551,right,525,takeaway,19,D,-54,-41,8482733
2025020880,2,732,14:48,05:12,1551,right,525,takeaway,19,D,-98,14,8475764
2025020880,3,878,06:40,13:20,1551,left,525,takeaway,19,O,-78,37,8483516
2025020880,3,884,06:56,13:04,1551,left,525,takeaway,19,D,30,-40,8482089
2025020880,3,923,09:57,10:03,1551,left,525,takeaway,18,D,-99,-10,8483565
2025020880,3,967,12:38,07:22,1541,left,525,takeaway,18,D,-33,-33,8480246
2025020880,3,987,13:35,06:25,1551,left,525,takeaway,19,O,-95,19,8477402
2025020880,3,1022,16:28,03:32,1551,left,525,takeaway,18,O,36,22,8482146
2025020881,1,178,03:03,16:57,1541,right,525,takeaway,16,O,-96,-25,8482172
2025020881,2,687,12:29,07:31,1551,left,525,takeaway,28,D,68,27,8479983
2025020881,2,730,15:29,04:31,1551,left,525,takeaway,16,O,96,22,8477450
2025020881,2,745,18:04,01:56,1551,left,525,takeaway,28,O,-80,36,8475726
2025020881,3,908,09:38,10:22,1551,right,525,takeaway,16,O,-48,-38,8483506
2025020881,3,919,09:47,10:13,1551,right,525,takeaway,16,O,-82,38,8483506
2025020881,3,941,11:31,08:29,1541,right,525,takeaway,28,D,-36,10,8475726
2025020881,3,1029,15:09,04:51,1551,right,525,takeaway,28,D,-93,-28,8482166
2025020882,1,202,09:50,10:10,1551,right,525,takeaway,52,N,-24,37,8479378
2025020882,2,632,07:24,12:36,1551,left,525,takeaway,25,D,-33,-37,8477454
2025020882,2,654,09:37,10:23,1551,left,525,takeaway,25,N,18,0,8480027
2025020882,2,699,13:28,06:32,1351,left,525,takeaway,25,N,22,11,8478420
2025020882,2,818,19:37,00:23,1551,left,525,takeaway,52,D,55,-14,8481043
2025020882,3,908,05:59,14:01,1551,right,525,takeaway,52,D,-56,-36,8482149
2025020882,3,1048,16:53,03:07,1551,right,525,takeaway,25,D,50,8,8479351
2025020883,1,292,16:16,03:44,1551,right,525,takeaway,21,D,40,-23,8481641
2025020883,1,381,18:21,01:39,1451,right,525,takeaway,17,N,-4,-16,8479992
2025020883,2,418,01:05,18:55,1551,left,525,takeaway,21,O,95,-19,8479525
2025020883,2,593,06:49,13:11,1551,left,525,takeaway,17,O,-85,-10,8481725
2025020883,2,710,14:46,05:14,1551,left,525,takeaway,17,O,-29,-38,8479992
2025020883,3,917,09:22,10:38,1551,right,525,takeaway,17,O,76,-42,8483464
2025020883,3,956,12:57,07:03,1551,right,525,takeaway,17,N,-10,35,8481607
2025020884,1,190,04:56,15:04,1551,left,525,takeaway,23,N,2,-10,8479425
2025020884,1,330,14:42,05:18,1551,left,525,takeaway,68,N,-22,33,8479977
2025020884,1,493,19:51,00:09,1551,left,525,takeaway,23,O,-33,-18,8482055
2025020884,2,559,04:22,15:38,1551,right,525,takeaway,23,O,71,30,8478856
2025020884,2,684,14:01,05:59,1551,right,525,takeaway,23,O,74,38,8476927
2025020884,3,774,00:03,19:57,1551,left,525,takeaway,23,N,-24,8,8478856
2025020884,3,782,00:20,19:40,1551,left,525,takeaway,68,D,-29,-37,8479977
2025020884,3,914,11:03,08:57,1551,left,525,takeaway,23,O,-83,-36,8482055
2025020884,3,969,15:47,04:13,1541,left,525,takeaway,68,D,-31,-32,8479410
2025020885,1,62,00:30,19:30,1551,right,525,takeaway,10,D,-38,6,8475166
2025020885,1,130,03:49,16:11,1551,right,525,takeaway,10,O,61,11,8477939
2025020885,1,324,14:02,05:58,1551,right,525,takeaway,20,O,-94,25,8477810
2025020885,1,338,14:31,05:29,1551,right,525,takeaway,20,O,-34,37,8482074
2025020885,2,532,07:16,12:44,1551,left,525,takeaway,10,O,-98,10,8477939
2025020885,2,689,14:44,05:16,1551,left,525,takeaway,10,N,-19,28,8482720
2025020885,3,911,05:34,14:26,1551,right,525,takeaway,10,N,14,-16,8477939
2025020885,3,1023,14:11,05:49,1551,right,525,takeaway,10,D,-56,41,8481582
2025020885,3,1033,14:35,05:25,1551,right,525,takeaway,20,D,58,-36,8480797
2025020885,3,1049,15:25,04:35,1551,right,525,takeaway,10,N,-19,-35,8479318
2025020886,1,81,01:36,18:24,1451,left,525,takeaway,7,D,43,-40,8480802
2025020886,1,178,05:39,14:21,1551,left,525,takeaway,7,N,8,14,8482097
2025020886,1,417,14:57,05:03,1541,left,525,takeaway,14,D,-91,24,8475167
2025020886,2,490,00:31,19:29,1551,right,525,takeaway,14,O,-93,-4,8480995
2025020886,2,585,03:48,16:12,1551,right,525,takeaway,7,D,-43,35,8480839
2025020886,2,653,08:50,11:10,1551,right,525,takeaway,14,O,-48,-3,8483752
2025020886,2,655,08:54,11:06,1551,right,525,takeaway,14,O,-94,-22,8474151
2025020886,2,724,14:28,05:32,1551,right,525,takeaway,7,N,2,41,8482896
2025020886,2,772,18:23,01:37,1551,right,525,takeaway,7,N,7,-36,8482671
2025020886,3,876,07:13,12:47,1551,left,525,takeaway,14,O,78,41,8476453
2025020886,3,937,11:37,08:23,1551,left,525,takeaway,7,D,88,15,8480802
2025020886,3,964,13:12,06:48,1541,left,525,takeaway,7,O,-91,16,8480839
2025020886,4,1046,00:41,04:19,1331,right,525,takeaway,7,D,-28,32,8480839
2025020886,4,1068,02:43,02:17,1331,right,525,takeaway,14,D,75,14,8483752
2025020886,4,1087,04:26,00:34,1331,right,525,takeaway,7,D,-65,23,8477949
2025020887,1,97,02:11,17:49,1551,left,525,takeaway,29,D,67,25,8476432
2025020887,1,117,04:19,15:41,1551,left,525,takeaway,29,N,1,-25,8476923
2025020887,1,258,11:19,08:41,1551,left,525,takeaway,1,N,-8,40,8477488
2025020887,2,570,02:34,17:26,1551,right,525,takeaway,29,D,-68,42,8475745
2025020887,2,579,02:39,17:21,1551,right,525,takeaway,1,O,-62,-42,8477488
2025020887,2,666,11:40,08:20,1551,right,525,takeaway,29,D,-91,34,8476432
2025020887,2,715,14:43,05:17,1551,right,525,takeaway,29,D,-67,31,8482705
2025020887,3,895,10:45,09:15,1551,left,525,takeaway,29,O,-39,-35,8482660
2025020887,3,923,12:14,07:46,1551,left,525,takeaway,29,O,-95,28,8475745
2025020887,3,950,14:33,05:27,1551,left,525,takeaway,1,N,-15,41,8479407
2025020887,3,974,17:11,02:49,1441,left,525,takeaway,1,D,-53,-6,8480192
2025020888,1,203,05:22,14:38,1551,left,525,takeaway,5,D,80,-14,8482470
2025020888,1,329,10:32,09:28,1551,left,525,takeaway,2,D,-89,-10,8476429
2025020888,1,347,11:39,08:21,1551,left,525,takeaway,5,D,96,0,8482470
2025020888,1,369,14:54,05:06,1551,left,525,takeaway,5,D,86,36,8471215
2025020888,2,668,04:32,15:28,1451,right,525,takeaway,5,N,-5,-9,8480980
2025020888,2,771,13:26,06:34,1551,right,525,takeaway,5,D,-39,41,8478450
2025020888,2,787,14:24,05:36,1551,right,525,takeaway,2,D,41,34,8476429
2025020888,2,828,19:24,00:36,1541,right,525,takeaway,2,D,55,40,8481601
2025020888,3,956,05:36,14:24,1551,left,525,takeaway,5,O,-96,8,8471215
2025020888,3,1002,10:00,10:00,1551,left,525,takeaway,5,N,11,-34,8480980
2025020888,4,1131,00:37,04:23,1331,right,525,takeaway,5,N,15,-21,8471215
2025020889,1,208,10:35,09:25,1551,right,525,takeaway,4,O,-97,-25,8484142
2025020889,2,544,03:41,16:19,1451,left,525,takeaway,15,D,85,30,8478463
2025020889,2,780,18:31,01:29,1551,left,525,takeaway,4,N,8,-35,8477948
2025020889,3,852,03:47,16:13,1551,right,525,takeaway,4,O,-91,32,8484387
2025020889,3,857,03:53,16:07,1551,right,525,takeaway,15,D,-99,1,8479345
2025020889,3,910,09:45,10:15,1551,right,525,takeaway,15,O,92,25,8471214
2025020889,3,963,13:51,06:09,1551,right,525,takeaway,15,D,-32,-29,8482088
2025020890,1,209,05:22,14:38,1451,right,525,takeaway,9,D,-49,-39,8478020
2025020890,1,401,11:59,08:01,1551,right,525,takeaway,12,D,36,-36,8482702
2025020890,2,672,08:47,11:13,1541,left,525,takeaway,12,D,-39,-34,8476958
2025020890,2,718,12:20,07:40,1551,left,525,takeaway,9,O,-42,-36,8483676
2025020890,2,785,16:35,03:25,1551,left,525,takeaway,9,D,42,2,8481596
2025020890,2,789,16:55,03:05,1551,left,525,takeaway,12,N,-2,-26,8482100
2025020890,2,800,17:39,02:21,1551,left,525,takeaway,9,D,43,-41,8482116
2025020890,3,853,01:14,18:46,1551,right,525,takeaway,12,D,82,38,8476958
2025020890,3,892,03:52,16:08,1551,right,525,takeaway,12,O,-27,20,8478970
2025020890,3,894,03:57,16:03,1551,right,525,takeaway,9,D,-30,-3,8478020
2025020890,3,968,09:06,10:54,1551,right,525,takeaway,9,O,77,41,8480801
2025020890,3,1058,16:08,03:52,1551,right,525,takeaway,9,O,65,12,8482092
2025020891,1,74,01:29,18:31,1551,left,525,takeaway,22,N,13,-36,8481617
2025020891,1,160,03:55,16:05,1551,left,525,takeaway,22,D,-77,16,8478402
2025020891,1,258,07:08,12:52,1551,left,525,takeaway,22,D,-79,-40,8476454
2025020891,1,328,12:38,07:22,1451,left,525,takeaway,10,D,92,-19,8478904
2025020891,1,426,16:38,03:22,1441,left,525,takeaway,10,O,-95,29,8477939
2025020891,2,488,00:51,19:09,1551,right,525,takeaway,10,D,-31,-1,8482259
2025020891,2,568,06:12,13:48,1551,right,525,takeaway,10,N,21,27,8478462
2025020892,1,224,08:45,11:15,1551,left,525,takeaway,55,D,96,-20,8478407
2025020892,1,284,13:35,06:25,1551,left,525,takeaway,24,N,-11,37,8473986
2025020892,1,440,17:00,03:00,1551,left,525,takeaway,55,O,-97,6,8482665
2025020892,1,456,18:59,01:01,1551,left,525,takeaway,55,D,41,-34,8479324
2025020892,2,466,00:11,19:49,1551,right,525,takeaway,55,O,79,39,8478407
2025020892,2,706,10:48,09:12,1551,right,525,takeaway,55,D,-69,42,8476905
2025020892,2,712,11:09,08:51,1551,right,525,takeaway,24,O,-81,-15,8478873
2025020892,2,784,15:33,04:27,1551,right,525,takeaway,24,O,-44,41,8478873
2025020892,3,834,00:48,19:12,1441,left,525,takeaway,24,D,-74,26,8481605
2025020892,3,882,03:54,16:06,1451,left,525,takeaway,24,O,88,-8,8475184
2025020892,3,961,09:36,10:24,1551,left,525,takeaway,55,D,41,-29,8474586
2025020893,1,77,00:50,19:10,1551,right,525,takeaway,13,O,-92,-30,8477409
2025020893,1,106,02:50,17:10,1551,right,525,takeaway,13,O,-96,14,8473507
2025020893,1,268,09:40,10:20,1551,right,525,takeaway,6,N,7,-18,8476854
2025020893,1,352,12:09,07:51,1451,right,525,takeaway,13,N,-8,21,8478055
2025020893,1,392,14:37,05:23,1551,right,525,takeaway,13,D,64,42,8482113
2025020893,2,801,09:52,10:08,1551,left,525,takeaway,6,D,43,-13,8483489
2025020893,3,1064,08:33,11:27,1551,right,525,takeaway,6,O,64,-40,8477956
2025020893,3,1325,19:55,00:05,1551,right,525,takeaway,6,N,17,40,8483489
2025020894,1,107,03:30,16:30,1551,left,525,takeaway,29,O,26,28,8476923
2025020894,1,363,16:19,03:41,1551,left,525,takeaway,16,O,-96,6,8484144
2025020894,1,398,19:17,00:43,1551,left,525,takeaway,29,D,-33,-40,8482660
2025020894,2,526,04:56,15:04,1551,right,525,takeaway,16,O,89,33,8473422
2025020894,2,548,05:26,14:34,1551,right,525,takeaway,29,O,-39,-30,8478460
2025020894,2,691,18:46,01:14,1551,right,525,takeaway,29,D,97,-17,8478460
2025020894,2,698,19:54,00:06,1551,right,525,takeaway,29,O,-71,38,8482705
2025020894,3,731,02:23,17:37,1551,left,525,takeaway,16,O,-98,-12,8477479
2025020894,3,955,15:32,04:28,0651,left,525,takeaway,29,O,86,-6,8477497
2025020895,1,141,01:10,18:50,1551,right,525,takeaway,8,D,-71,-36,8480865
2025020895,1,272,07:44,12:16,1551,right,525,takeaway,8,O,94,-12,8484984
2025020895,1,290,09:01,10:59,1551,right,525,takeaway,8,D,-92,-2,8480813
2025020895,1,1084,09:10,10:50,1551,right,525,takeaway,52,D,93,-30,8476480
2025020895,1,514,19:09,00:51,1541,right,525,takeaway,8,D,-62,2,8483515
2025020895,2,766,00:09,19:51,1451,left,525,takeaway,8,D,97,-21,8476875
2025020895,2,827,12:31,07:29,1551,left,525,takeaway,8,D,54,-32,8481593
2025020895,3,993,03:42,16:18,1451,right,525,takeaway,8,D,-54,-7,8482087
2025020895,3,1085,19:34,00:26,1460,right,525,takeaway,8,D,-80,13,8476875
2025020896,1,248,03:55,16:05,1551,left,525,takeaway,30,N,-2,30,8475765
2025020896,1,320,08:21,11:39,1551,left,525,takeaway,18,O,54,40,8479370
2025020896,1,443,13:26,06:34,1551,left,525,takeaway,18,N,12,26,8482482
2025020896,1,575,14:45,05:15,1551,left,525,takeaway,18,O,70,40,8484241
2025020896,1,601,17:15,02:45,1551,left,525,takeaway,18,O,44,32,8475158
2025020896,2,630,00:07,19:53,1551,right,525,takeaway,18,O,-31,-31,8482146
2025020896,2,712,01:03,18:57,1551,right,525,takeaway,18,N,12,27,8480246
2025020896,3,975,01:44,18:16,1541,left,525,takeaway,30,D,59,33,8480800
2025020897,1,136,04:54,15:06,1541,right,525,takeaway,28,O,73,36,8477505
2025020897,1,262,09:44,10:16,1551,right,525,takeaway,21,O,-97,6,8475754
2025020897,1,279,10:19,09:41,1541,right,525,takeaway,21,D,35,41,8480835
2025020897,1,301,12:15,07:45,1451,right,525,takeaway,28,N,17,-38,8482859
2025020897,1,349,15:50,04:10,1551,right,525,takeaway,21,N,-19,3,8479525
2025020897,2,652,10:55,09:05,1541,left,525,takeaway,21,D,-71,20,8478038
2025020897,2,706,15:19,04:41,1551,left,525,takeaway,21,D,-37,-3,8479398
2025020897,3,882,03:31,16:29,1551,right,525,takeaway,28,D,-30,21,8480798
2025020897,3,1005,08:55,11:05,1551,right,525,takeaway,21,D,30,3,8477492
2025020897,3,1006,08:57,11:03,1551,right,525,takeaway,28,O,42,-4,8484911
2025020897,3,1051,10:46,09:14,1551,right,525,takeaway,21,N,13,-19,8477492
2025020897,3,1099,15:52,04:08,1551,right,525,takeaway,28,D,-85,-23,8480043
2025020898,1,198,08:36,11:24,1451,left,525,takeaway,17,D,25,22,8483464
2025020898,1,204,09:16,10:44,1451,left,525,takeaway,17,D,59,-40,8479992
2025020898,1,218,10:22,09:38,1551,left,525,takeaway,68,D,-78,-36,8478507
2025020898,2,676,10:35,09:25,1551,right,525,takeaway,68,D,48,-40,8479410
2025020898,3,932,04:45,15:15,1551,left,525,takeaway,68,O,47,22,8482175
2025020898,3,941,06:48,13:12,1551,left,525,takeaway,17,O,-27,20,8483464
2025020898,3,1040,11:37,08:23,1551,left,525,takeaway,17,N,14,-42,8477456
2025020899,1,176,04:58,15:02,1551,right,525,takeaway,25,N,-8,33,8482740
2025020899,1,235,09:53,10:07,1551,right,525,takeaway,19,N,15,0,8482089
2025020899,2,693,11:36,08:24,1451,left,525,takeaway,19,D,92,21,8476897
2025020899,2,726,13:10,06:50,1541,left,525,takeaway,19,O,-58,-32,8483516
2025020899,3,904,07:47,12:13,1541,right,525,takeaway,25,N,11,24,8479351
2025020899,3,908,07:50,12:10,1541,right,525,takeaway,19,D,-32,28,8482733
2025020899,3,923,08:42,11:18,1551,right,525,takeaway,19,O,67,38,8475764
2025020900,1,236,05:54,14:06,1551,right,525,takeaway,20,N,2,-36,8481028
2025020900,1,277,08:39,11:21,1551,right,525,takeaway,20,D,88,-32,8475172
2025020900,1,459,17:43,02:17,1551,right,525,takeaway,22,D,-83,37,8478402
2025020900,1,463,17:52,02:08,1551,right,525,takeaway,20,N,-3,-3,8483609
2025020900,1,472,18:34,01:26,1551,right,525,takeaway,20,O,-94,-27,8483609
2025020900,2,736,12:13,07:47,1441,left,525,takeaway,22,D,97,26,8478402
2025020900,3,843,00:45,19:15,1551,right,525,takeaway,20,O,-84,36,8474150
2025020900,3,849,00:54,19:06,1551,right,525,takeaway,22,D,-76,-38,8477934
2025020900,3,936,07:05,12:55,1551,right,525,takeaway,22,O,28,-38,8481617
2025020901,1,261,10:41,09:19,1551,right,525,takeaway,23,N,16,-29,8484136
2025020901,1,267,11:33,08:27,1551,right,525,takeaway,23,D,-26,-28,8480058
2025020901,1,538,11:39,08:21,1551,right,525,takeaway,54,N,-10,25,8475913
2025020901,1,269,11:43,08:17,1551,right,525,takeaway,23,D,-28,21,8475169
2025020901,1,519,18:22,01:38,1551,right,525,takeaway,54,D,28,-41,8478396
2025020901,2,623,05:47,14:13,1551,left,525,takeaway,23,O,-46,24,8475169
2025020901,2,701,12:18,07:42,1551,left,525,takeaway,23,D,53,39,8482055
2025020901,3,827,01:36,18:24,1551,right,525,takeaway,54,D,85,-37,8478403
2025020901,3,956,11:14,08:46,1551,right,525,takeaway,54,O,-28,8,8478403
2025020901,3,1035,17:46,02:14,1551,right,525,takeaway,54,D,32,-6,8477018
2025020902,1,111,03:00,17:00,1551,right,525,takeaway,55,N,-16,38,8478407
2025020902,1,249,13:27,06:33,1551,right,525,takeaway,55,D,-92,25,8478407
2025020902,1,406,17:17,02:43,1551,right,525,takeaway,26,D,44,-1,8475208
2025020902,2,429,00:08,19:52,1541,left,525,takeaway,55,O,-99,0,8474586
2025020902,2,552,05:39,14:21,1551,left,525,takeaway,26,O,98,-19,8477960
2025020902,2,593,09:34,10:26,1551,left,525,takeaway,26,O,84,-14,8482124
2025020902,2,619,11:12,08:48,1551,left,525,takeaway,55,D,67,39,8482874
2025020902,3,789,03:53,16:07,1551,right,525,takeaway,55,N,14,20,8476457
2025020902,3,990,19:42,00:18,1551,right,525,takeaway,26,O,-95,-26,8477960
2025020903,1,422,15:37,04:23,1551,left,525,takeaway,7,D,-56,-36,8477949
2025020903,2,547,04:55,15:05,1551,right,525,takeaway,5,N,14,-35,8483487
2025020903,2,604,05:49,14:11,1551,right,525,takeaway,5,O,44,-20,8471215
2025020903,2,626,06:18,13:42,1551,right,525,takeaway,7,D,29,-33,8480802
2025020903,2,640,07:38,12:22,1551,right,525,takeaway,5,D,-38,36,8485414
2025020903,3,823,02:30,17:30,1551,left,525,takeaway,5,O,-46,15,8482993
2025020903,3,841,03:22,16:38,1551,left,525,takeaway,5,D,66,-42,8478450
2025020903,3,902,07:51,12:09,1551,left,525,takeaway,7,D,-84,-26,8480807
2025020903,3,990,14:34,05:26,1551,left,525,takeaway,5,O,-30,31,8471675
2025020903,3,1048,17:55,02:05,1560,left,525,takeaway,7,O,94,9,8481524
2025020904,1,268,10:51,09:09,1551,left,525,takeaway,14,D,-29,8,8476453
2025020904,2,435,02:13,17:47,1551,right,525,takeaway,14,D,30,29,8476453
2025020904,2,528,05:18,14:42,1551,right,525,takeaway,13,O,97,-2,8477935
2025020904,2,540,06:24,13:36,1551,right,525,takeaway,14,N,2,17,8483752
2025020904,2,576,08:47,11:13,1551,right,525,takeaway,13,O,72,-36,8481655
2025020904,2,652,09:52,10:08,1551,right,525,takeaway,13,O,97,3,8484304
2025020904,2,687,13:57,06:03,1551,right,525,takeaway,14,O,-31,-39,8476826
2025020904,3,1047,14:10,05:50,1551,left,525,takeaway,14,N,4,-30,8474151
2025020905,1,180,08:40,11:20,1551,left,525,takeaway,1,O,77,40,8481721
2025020905,1,372,19:26,00:34,1551,left,525,takeaway,2,O,-28,-8,8477369
2025020905,2,541,08:02,11:58,1451,right,525,takeaway,1,D,58,26,8477015
2025020905,2,657,13:34,06:26,1551,right,525,takeaway,2,O,59,-41,8484221
2025020905,2,706,16:54,03:06,1551,right,525,takeaway,1,N,4,-40,8478399
2025020905,3,781,00:43,19:17,1551,left,525,takeaway,2,D,65,27,8476917
2025020905,3,798,01:19,18:41,1551,left,525,takeaway,1,D,-62,-37,8480192
2025020905,3,805,01:22,18:38,1551,left,525,takeaway,1,N,5,-40,8481721
2025020905,3,960,08:07,11:53,1551,left,525,takeaway,2,D,59,-38,8475314
2025020905,3,1041,18:51,01:09,1560,left,525,takeaway,2,N,-1,-36,8476429
2025020906,1,296,09:38,10:22,1551,right,525,takeaway,12,N,-4,-41,8482809
2025020906,1,425,15:41,04:19,1551,right,525,takeaway,12,D,-73,37,8477478
2025020906,2,611,02:59,17:01,1551,left,525,takeaway,3,D,-86,-26,8477380
2025020906,2,628,04:15,15:45,1551,left,525,takeaway,12,N,3,-19,8478427
2025020906,2,704,10:48,09:12,1551,left,525,takeaway,3,D,-43,-38,8476389
2025020906,2,737,13:13,06:47,1551,left,525,takeaway,12,O,-98,4,8476906
2025020906,2,747,14:32,05:28,1551,left,525,takeaway,12,O,-84,26,8476873
2025020906,3,937,06:09,13:51,1551,right,525,takeaway,3,D,98,3,8482861
2025020906,3,1015,12:01,07:59,1551,right,525,takeaway,3,N,-4,34,8482109
2025020907,1,316,10:04,09:56,1551,right,525,takeaway,9,D,-51,32,8482095
2025020907,1,424,17:26,02:34,1551,right,525,takeaway,4,O,-78,-29,8484387
2025020907,2,492,02:40,17:20,1551,left,525,takeaway,9,D,37,23,8480208
2025020907,2,631,05:46,14:14,1551,left,525,takeaway,9,N,-12,-27,8478020
2025020907,3,894,03:14,16:46,1551,right,525,takeaway,4,O,-65,-41,8483733
2025020907,3,900,04:42,15:18,1551,right,525,takeaway,9,N,6,9,8480801
2025020907,3,1008,11:52,08:08,1551,right,525,takeaway,4,O,-59,40,8476461
2025020907,3,1014,12:13,07:47,1551,right,525,takeaway,9,D,-73,-27,8478469
2025020908,1,224,04:34,15:26,1551,right,525,takeaway,18,D,-43,40,8480246
2025020908,1,341,12:15,07:45,1451,right,525,takeaway,18,D,-37,-12,8482062
2025020908,1,438,19:13,00:47,1451,right,525,takeaway,18,D,-45,-30,8482062
2025020908,2,666,05:17,14:43,1451,left,525,takeaway,18,D,47,34,8482062
2025020908,3,949,06:50,13:10,1551,right,525,takeaway,15,O,-66,34,8477845
2025020908,3,964,07:47,12:13,1551,right,525,takeaway,15,D,41,42,8478463
2025020908,3,984,08:57,11:03,1551,right,525,takeaway,15,O,-78,40,8476880
2025020909,1,255,07:02,12:58,1551,right,525,takeaway,26,D,-33,40,8479421
2025020909,1,374,13:35,06:25,1551,right,525,takeaway,26,N,-1,40,8476441
2025020909,1,432,15:45,04:15,1551,right,525,takeaway,54,D,72,-35,8481604
2025020909,1,440,16:39,03:21,1541,right,525,takeaway,26,O,90,-16,8477942
2025020909,2,491,00:54,19:06,1551,left,525,takeaway,26,D,32,31,8482730
2025020909,2,496,01:11,18:49,1551,left,525,takeaway,54,D,-29,-18,8475913
2025020909,2,608,01:51,18:09,1551,left,525,takeaway,26,O,-84,32,8482155
2025020909,2,658,04:56,15:04,1551,left,525,takeaway,54,O,82,26,8478483
2025020909,2,720,10:30,09:30,1551,left,525,takeaway,54,N,5,38,8477018
2025020909,2,795,15:47,04:13,1551,left,525,takeaway,26,D,96,-13,8471685
2025020909,2,832,19:40,00:20,1541,left,525,takeaway,54,N,9,-9,8478434
2025020909,3,979,09:59,10:01,1551,right,525,takeaway,26,O,79,-39,8482730
2025020909,3,988,11:05,08:55,1551,right,525,takeaway,54,D,49,-37,8477018
2025020909,3,1062,17:03,02:57,1551,right,525,takeaway,54,D,64,-39,8483890
2025020910,1,109,01:32,18:28,1551,left,525,takeaway,7,O,-85,-33,8481524
2025020910,1,126,02:48,17:12,1551,left,525,takeaway,7,O,-78,35,8482659
2025020910,1,384,12:08,07:52,1551,left,525,takeaway,1,O,59,-28,8483495
2025020910,1,518,18:01,01:59,1541,left,525,takeaway,1,D,-34,27,8482110
2025020910,1,534,18:26,01:34,1541,left,525,takeaway,1,D,-35,-37,8477488
2025020910,2,644,03:15,16:45,1551,right,525,takeaway,1,O,-29,30,8483495
2025020910,2,853,19:36,00:24,1551,right,525,takeaway,7,D,-36,-24,8482623
2025020910,3,902,01:15,18:45,1551,left,525,takeaway,7,D,57,33,8482659
2025020911,1,176,03:13,16:47,1551,right,525,takeaway,15,N,16,39,8481656
2025020911,1,237,07:57,12:03,1551,right,525,takeaway,4,O,96,-11,8476461
2025020911,1,266,10:29,09:31,1541,right,525,takeaway,15,D,88,-29,8477845
2025020911,1,280,10:56,09:04,1541,right,525,takeaway,15,D,93,-20,8478911
2025020911,1,385,18:26,01:34,1551,right,525,takeaway,4,D,-34,39,8478454
2025020911,3,898,06:01,13:59,1551,right,525,takeaway,15,N,-4,-35,8479345
2025020911,3,1022,14:44,05:16,1551,right,525,takeaway,15,N,0,34,8479345
2025020912,1,65,00:31,19:29,1551,left,525,takeaway,14,O,63,19,8476878
2025020912,1,81,01:47,18:13,1551,left,525,takeaway,14,D,-35,-36,8477404
2025020912,1,327,11:28,08:32,1551,left,525,takeaway,10,O,-99,5,8482720
2025020912,1,357,13:01,06:59,1551,left,525,takeaway,10,O,-86,-10,8477503
2025020912,3,892,01:36,18:24,1551,left,525,takeaway,10,O,-86,-37,8481711
2025020912,3,899,01:47,18:13,1551,left,525,takeaway,14,D,-27,40,8479542
2025020912,3,910,02:10,17:50,1551,left,525,takeaway,10,O,-81,38,8478462
2025020912,3,960,07:24,12:36,1451,left,525,takeaway,10,D,55,39,8477939
2025020912,3,1080,15:10,04:50,0641,left,525,takeaway,10,O,-99,4,8477503
2025020912,3,1160,18:22,01:38,0651,left,525,takeaway,10,O,-83,-31,8475171
2025020913,1,100,03:08,16:52,1551,right,525,takeaway,25,N,20,22,8476902
2025020913,1,144,05:54,14:06,1551,right,525,takeaway,55,O,35,37,8482751
2025020913,1,161,07:50,12:10,1551,right,525,takeaway,55,D,-90,-16,8477919
2025020913,2,643,06:27,13:33,1551,left,525,takeaway,55,D,32,40,8477986
2025020913,2,677,09:40,10:20,1551,left,525,takeaway,25,D,-43,39,8481581
2025020913,2,788,19:00,01:00,1551,left,525,takeaway,55,O,-65,34,8477986
2025020913,3,892,06:40,13:20,1551,right,525,takeaway,55,O,50,18,8484800
2025020913,3,1034,16:22,03:38,1551,right,525,takeaway,25,D,50,42,8477454
2025020914,1,98,01:26,18:34,1551,left,525,takeaway,21,O,-80,34,8476967
2025020914,1,120,02:20,17:40,1551,left,525,takeaway,68,D,-31,-32,8478507
2025020914,1,187,08:04,11:56,1551,left,525,takeaway,68,O,55,-34,8479293
2025020914,1,352,12:11,07:49,1551,left,525,takeaway,21,O,-31,-35,8480835
2025020914,1,483,17:40,02:20,1551,left,525,takeaway,21,O,-63,-42,8480448
2025020914,2,523,00:41,19:19,1451,right,525,takeaway,21,D,-57,18,8480835
2025020914,2,663,03:30,16:30,1551,right,525,takeaway,21,O,33,2,8476312
2025020914,2,712,08:55,11:05,1551,right,525,takeaway,21,O,71,2,8479525
2025020914,3,907,03:47,16:13,1541,left,525,takeaway,21,O,-95,0,8477501
2025020914,3,908,04:44,15:16,1541,left,525,takeaway,68,D,-74,13,8474013
2025020914,3,1030,13:41,06:19,1551,left,525,takeaway,68,D,-94,29,8479977
2025020915,1,72,00:55,19:05,1551,right,525,takeaway,52,O,60,-41,8482149
2025020915,1,114,03:11,16:49,1551,right,525,takeaway,23,D,77,25,8484240
2025020915,1,235,12:04,07:56,1551,right,525,takeaway,23,D,58,-30,8479425
2025020915,1,379,14:35,05:25,1551,right,525,takeaway,23,O,-66,-26,8482079
2025020915,2,545,01:45,18:15,1551,left,525,takeaway,52,D,75,39,8480049
2025020915,2,731,14:21,05:39,1551,left,525,takeaway,52,N,-6,22,8478398
2025020915,3,802,00:15,19:45,1551,right,525,takeaway,23,O,-76,-2,8476927
2025020915,3,944,06:32,13:28,1551,right,525,takeaway,23,O,-95,18,8475169
2025020915,3,1017,11:07,08:53,1551,right,525,takeaway,23,O,-80,33,8482055
2025020916,1,199,01:56,18:04,1551,right,525,takeaway,26,D,85,32,8477960
2025020916,1,327,08:04,11:56,1551,right,525,takeaway,54,O,57,-21,8479550
2025020916,1,482,15:30,04:30,1551,right,525,takeaway,26,N,3,-24,8482124
2025020916,2,603,03:46,16:14,1551,left,525,takeaway,54,D,42,-30,8476438
2025020916,2,764,11:58,08:02,1541,left,525,takeaway,26,D,-33,29,8482155
2025020916,3,883,00:47,19:13,1551,right,525,takeaway,26,O,-57,-35,8482155
2025020916,3,1080,15:16,04:44,1541,right,525,takeaway,54,O,60,-40,8481604
2025020916,3,1157,17:44,02:16,1560,right,525,takeaway,26,O,-39,8,8483808
2025020917,1,191,08:55,11:05,1551,left,525,takeaway,24,D,-44,39,8480068
2025020917,1,206,09:29,10:31,1551,left,525,takeaway,22,D,72,-40,8475218
2025020917,1,247,11:31,08:29,1551,left,525,takeaway,24,O,67,41,8475184
2025020917,1,249,12:42,07:18,1551,left,525,takeaway,24,D,-34,0,8479705
2025020917,1,324,14:33,05:27,1451,left,525,takeaway,22,O,-40,26,8483512
2025020917,2,446,02:48,17:12,1451,right,525,takeaway,24,D,46,20,8473986
2025020917,2,657,07:45,12:15,1551,right,525,takeaway,22,D,-35,-31,8480803
2025020917,2,695,10:32,09:28,1551,right,525,takeaway,24,D,85,38,8482745
2025020917,2,833,19:41,00:19,1551,right,525,takeaway,24,O,-80,-32,8484762
2025020917,3,1007,06:54,13:06,1551,left,525,takeaway,22,D,40,-31,8479365
2025020917,3,1008,07:25,12:35,1551,left,525,takeaway,24,D,-48,18,8484153
2025020917,3,1107,15:15,04:45,1551,left,525,takeaway,24,N,15,-41,8484762
2025020917,3,1129,16:18,03:42,1551,left,525,takeaway,22,D,46,-35,8483512
2025020918,1,172,05:06,14:54,1551,left,525,takeaway,6,O,80,38,8483489
2025020918,1,295,10:33,09:27,1551,left,525,takeaway,6,O,72,-36,8480035
2025020918,1,336,13:02,06:58,1551,left,525,takeaway,29,N,5,-34,8478975
2025020918,2,446,00:28,19:32,1551,right,525,takeaway,29,O,99,17,8476923
2025020918,2,599,07:30,12:30,1551,right,525,takeaway,6,N,22,18,8478042
2025020918,2,612,08:03,11:57,1551,right,525,takeaway,6,O,-66,-28,8480355
2025020918,2,616,08:29,11:31,1551,right,525,takeaway,6,O,-96,5,8479661
2025020918,2,630,10:51,09:09,1551,right,525,takeaway,29,N,11,-20,8478975
2025020918,2,631,11:00,09:00,1551,right,525,takeaway,29,D,-46,16,8478460
2025020918,2,661,14:22,05:38,1551,right,525,takeaway,6,D,96,-6,8479325
2025020918,3,784,00:53,19:07,1551,left,525,takeaway,6,N,6,27,8482177
2025020918,3,824,03:20,16:40,1551,left,525,takeaway,6,N,-9,27,8483489
2025020918,3,842,04:42,15:18,1551,left,525,takeaway,29,D,59,6,8475745
2025020918,3,885,08:30,11:30,1551,left,525,takeaway,29,D,33,13,8480893
2025020919,1,219,06:47,13:13,1551,right,525,takeaway,2,O,98,-4,8478445
2025020919,1,314,09:59,10:01,1551,right,525,takeaway,8,O,-60,-42,8475848
2025020919,1,464,15:49,04:11,1551,right,525,takeaway,8,D,27,-36,8481540
2025020919,2,721,15:20,04:40,1551,left,525,takeaway,8,D,-37,-30,8480018
2025020919,2,723,15:21,04:39,1551,left,525,takeaway,2,O,-32,39,8477494
2025020919,3,806,02:31,17:29,1551,right,525,takeaway,2,O,29,-27,8482476
2025020919,3,897,09:40,10:20,1551,right,525,takeaway,2,O,81,-31,8478445
2025020920,1,157,03:37,16:23,1551,left,525,takeaway,9,N,-8,40,8478469
2025020920,1,465,14:14,05:46,1551,left,525,takeaway,17,D,92,27,8482762
2025020920,2,548,00:26,19:34,1551,right,525,takeaway,9,O,-70,-39,8482105
2025020920,2,604,04:45,15:15,1551,right,525,takeaway,17,N,-8,42,8482762
2025020920,2,740,13:32,06:28,1541,right,525,takeaway,9,D,36,-10,8478469
2025020920,2,802,17:34,02:26,1551,right,525,takeaway,9,D,73,39,8481528
2025020920,2,820,18:41,01:19,1551,right,525,takeaway,9,N,-1,22,8481606
2025020920,3,877,03:04,16:56,1441,left,525,takeaway,17,D,63,-17,8477429
2025020920,3,886,03:32,16:28,1441,left,525,takeaway,17,N,-3,2,8477946
2025020920,3,1036,09:20,10:40,1551,left,525,takeaway,9,O,93,-31,8481596
2025020921,1,317,12:26,07:34,1551,right,525,takeaway,13,O,-82,-24,8477935
2025020921,1,404,16:38,03:22,1541,right,525,takeaway,13,N,-3,14,8478542
2025020921,1,503,18:37,01:23,1551,right,525,takeaway,10,O,95,14,8481582
2025020921,2,669,03:03,16:57,1551,left,525,takeaway,10,O,-39,-38,8478443
2025020921,2,694,04:43,15:17,1551,left,525,takeaway,10,O,-35,-23,8477503
2025020921,2,854,17:44,02:16,1551,left,525,takeaway,13,D,-30,-6,8473507
2025020921,3,1142,13:48,06:12,1551,right,525,takeaway,10,D,-55,41,8476931
2025020922,1,322,08:22,11:38,1551,left,525,takeaway,5,O,73,41,8478450
2025020922,1,348,10:08,09:52,1551,left,525,takeaway,1,D,31,35,8481721
2025020922,1,365,11:26,08:34,1551,left,525,takeaway,5,D,-34,41,8474578
2025020922,1,376,11:52,08:08,1551,left,525,takeaway,5,N,1,16,8474578
2025020922,1,403,13:55,06:05,1551,left,525,takeaway,1,O,-99,8,8478414
2025020922,2,569,02:42,17:18,1541,right,525,takeaway,1,O,76,-33,8480002
2025020922,2,765,17:19,02:41,1541,right,525,takeaway,5,D,54,39,8481481
2025020922,3,859,04:10,15:50,1551,left,525,takeaway,5,D,-33,38,8478450
2025020922,3,877,05:30,14:30,1551,left,525,takeaway,5,O,92,-14,8477365
2025020923,1,78,00:54,19:06,1551,right,525,takeaway,12,D,54,10,8478427
2025020923,1,187,05:43,14:17,1551,right,525,takeaway,12,O,-98,14,8482100
2025020923,1,311,14:51,05:09,1551,right,525,takeaway,12,D,83,-15,8482093
2025020923,2,502,00:22,19:38,1551,left,525,takeaway,14,O,-96,-9,8482655
2025020923,2,556,03:03,16:57,1551,left,525,takeaway,12,D,-34,29,8476906
2025020923,2,570,04:06,15:54,1551,left,525,takeaway,14,O,-81,-29,8482201
2025020923,2,650,11:16,08:44,1551,left,525,takeaway,14,D,93,-29,8483752
2025020923,2,651,11:22,08:38,1551,left,525,takeaway,12,O,78,35,8473533
2025020923,2,657,12:30,07:30,1551,left,525,takeaway,14,O,-94,0,8478010
2025020923,3,923,10:35,09:25,1551,right,525,takeaway,12,N,-18,24,8475791
2025020923,3,946,13:38,06:22,1551,right,525,takeaway,14,O,90,-32,8483752
2025020923,3,976,16:41,03:19,1551,right,525,takeaway,12,N,-17,-32,8482702
2025020923,3,1056,18:51,01:09,0651,right,525,takeaway,14,N,-11,36,8479542
2025020924,1,81,00:23,19:37,1551,right,525,takeaway,3,N,13,-2,8476459
2025020924,1,291,06:45,13:15,1551,right,525,takeaway,4,O,52,37,8482142
2025020924,2,649,10:53,09:07,1551,left,525,takeaway,4,O,-97,21,8483733
2025020924,2,734,18:46,01:14,1551,left,525,takeaway,4,O,-50,-39,8484142
2025020924,2,739,19:43,00:17,1551,left,525,takeaway,4,O,-99,-8,8481546
2025020924,3,875,08:03,11:57,1541,right,525,takeaway,3,N,20,-20,8478882
2025020924,3,891,09:49,10:11,1551,right,525,takeaway,3,D,97,2,8478882
2025020924,3,945,13:52,06:08,1551,right,525,takeaway,3,D,67,41,8482153
2025020925,1,169,03:26,16:34,1551,left,525,takeaway,19,N,-8,-24,8481013
2025020925,1,178,03:59,16:01,1551,left,525,takeaway,55,D,96,2,8476457
2025020925,2,639,12:43,07:17,1541,right,525,takeaway,55,O,95,28,8482665
2025020925,3,752,03:13,16:47,1551,left,525,takeaway,19,D,-79,24,8481006
2025020926,1,175,08:06,11:54,1541,left,525,takeaway,18,D,-50,42,8477446
2025020926,1,197,08:47,11:13,1541,left,525,takeaway,18,D,-27,-39,8475158
2025020926,1,208,10:25,09:35,1551,left,525,takeaway,16,D,33,3,8477444
2025020926,1,225,11:41,08:19,1551,left,525,takeaway,18,D,-97,-1,8484241
2025020926,1,228,11:56,08:04,1551,left,525,takeaway,18,O,72,29,8478047
2025020926,2,705,16:38,03:22,1551,right,525,takeaway,18,D,75,-18,8482482
2025020926,3,889,10:55,09:05,1551,left,525,takeaway,16,N,0,-40,8476882
2025020926,3,1010,18:37,01:23,0651,left,525,takeaway,18,D,-45,34,8474600
2025020927,1,219,02:00,18:00,1551,right,525,takeaway,30,N,-14,-36,8478508
2025020927,1,288,05:37,14:23,1451,right,525,takeaway,30,D,-77,28,8481557
2025020927,1,306,07:33,12:27,1551,right,525,takeaway,30,D,-59,41,8480800
2025020927,1,448,14:57,05:03,1551,right,525,takeaway,21,O,-71,18,8478038
2025020927,1,424,16:28,03:32,1551,right,525,takeaway,21,D,66,21,8475754
2025020927,2,750,12:32,07:28,1551,left,525,takeaway,21,D,-52,-28,8480448
2025020927,2,759,14:52,05:08,1541,left,525,takeaway,21,O,31,38,8477501
2025020927,3,909,01:24,18:36,1551,right,525,takeaway,21,N,-5,38,8480069
2025020927,3,944,03:28,16:32,1551,right,525,takeaway,30,D,-29,-40,8475220
2025020927,3,1151,16:27,03:33,1460,right,525,takeaway,30,D,-69,41,8481557
2025020927,3,1170,18:36,01:24,1560,right,525,takeaway,30,N,-7,-13,8474716
2025020928,1,178,03:36,16:24,1551,left,525,takeaway,20,D,70,-30,8475172
2025020928,1,348,13:14,06:46,1551,left,525,takeaway,28,N,-21,28,8475200
2025020928,2,542,02:19,17:41,1551,right,525,takeaway,28,N,15,40,8484806
2025020928,2,627,05:11,14:49,1541,right,525,takeaway,28,D,41,-41,8484806
2025020928,2,712,11:06,08:54,1551,right,525,takeaway,20,N,23,5,8483609
2025020928,3,913,04:37,15:23,1551,left,525,takeaway,28,D,-92,15,8475906
2025020928,3,946,06:36,13:24,1551,left,525,takeaway,20,D,68,-42,8480028
2025020929,1,107,04:08,15:52,1551,right,525,takeaway,26,N,7,-38,8479998
2025020929,1,424,17:21,02:39,1451,right,525,takeaway,22,D,-40,-37,8481056
2025020929,1,447,19:51,00:09,1551,right,525,takeaway,22,D,-35,-37,8478013
2025020929,1,449,19:56,00:04,1551,right,525,takeaway,22,N,-6,-42,8478458
2025020929,2,648,09:48,10:12,1551,left,525,takeaway,22,D,26,-13,8476454
2025020929,2,656,10:40,09:20,1541,left,525,takeaway,26,N,9,30,8482124
2025020929,2,732,15:58,04:02,1551,left,525,takeaway,26,D,-94,-27,8482124
2025020930,1,139,06:06,13:54,1551,right,525,takeaway,7,O,64,-18,8480839
2025020930,1,295,11:38,08:22,1551,right,525,takeaway,13,D,74,-14,8477932
2025020930,2,437,00:09,19:51,1551,left,525,takeaway,7,O,-53,-3,8481522
2025020930,2,724,12:36,07:24,1551,left,525,takeaway,7,O,-97,-21,8483500
2025020930,2,810,18:53,01:07,1541,left,525,takeaway,7,O,-51,28,8482659
2025020930,3,933,02:45,17:15,1551,right,525,takeaway,7,D,-50,37,8481522
2025020930,3,982,06:48,13:12,1451,right,525,takeaway,7,N,-4,-34,8480802
2025020930,3,985,07:36,12:24,1551,right,525,takeaway,13,D,65,41,8478542
2025020930,3,1039,12:09,07:51,1541,right,525,takeaway,7,D,-40,-32,8480839
2025020930,3,1161,18:25,01:35,1560,right,525,takeaway,13,O,-95,4,8479314
2025020931,1,108,02:46,17:14,1551,right,525,takeaway,54,O,92,33,8476438
2025020931,1,123,03:31,16:29,1551,right,525,takeaway,15,N,-21,-7,8481656
2025020931,1,295,13:19,06:41,1451,right,525,takeaway,54,N,18,-30,8478483
2025020931,2,688,12:17,07:43,1551,left,525,takeaway,15,D,-65,40,8482088
2025020931,2,701,12:35,07:25,1551,left,525,takeaway,15,D,-92,11,8481580
2025020931,2,723,14:59,05:01,1551,left,525,takeaway,15,D,-43,-23,8480873
2025020931,3,837,03:46,16:14,1551,right,525,takeaway,54,D,-37,27,8475913
2025020932,1,376,11:25,08:35,1551,left,525,takeaway,30,N,-3,-31,8475692
2025020932,1,435,15:47,04:13,1551,left,525,takeaway,68,O,91,5,8483431
2025020932,1,512,17:39,02:21,1551,left,525,takeaway,68,N,11,26,8477951
2025020932,2,545,00:33,19:27,1551,right,525,takeaway,68,D,99,-17,8479410
2025020932,2,597,04:21,15:39,1551,right,525,takeaway,68,O,-78,38,8477951
2025020932,2,624,06:09,13:51,1551,right,525,takeaway,30,D,-63,39,8478508
2025020932,2,636,07:28,12:32,1551,right,525,takeaway,30,D,-70,-26,8480800
2025020932,2,653,08:33,11:27,1551,right,525,takeaway,68,D,43,-40,8479410
2025020932,2,655,08:48,11:12,1551,right,525,takeaway,30,D,-49,-13,8480800
2025020932,3,871,03:02,16:58,1551,left,525,takeaway,68,N,1,-41,8476874
2025020932,3,872,03:12,16:48,1551,left,525,takeaway,30,D,74,39,8478136
2025020932,3,891,05:22,14:38,1451,left,525,takeaway,30,D,28,-41,8481477
2025020932,3,897,05:35,14:25,1451,left,525,takeaway,30,D,33,37,8481557
2025020933,1,71,00:44,19:16,1551,left,525,takeaway,52,D,68,-34,8482149
2025020933,1,98,03:00,17:00,1551,left,525,takeaway,24,D,-94,22,8480068
2025020933,1,292,12:12,07:48,1551,left,525,takeaway,24,O,91,-27,8480068
2025020933,2,420,00:40,19:20,1551,right,525,takeaway,24,D,58,34,8483445
2025020933,2,595,05:30,14:30,1541,right,525,takeaway,24,D,28,24,8475184
2025020933,2,671,12:12,07:48,1551,right,525,takeaway,24,D,61,24,8482803
2025020933,2,739,17:54,02:06,1551,right,525,takeaway,24,D,52,-35,8482803
2025020933,3,816,03:43,16:17,1551,left,525,takeaway,24,N,-8,-30,8481563
2025020933,3,836,06:03,13:57,1451,left,525,takeaway,52,D,32,-36,8480049
2025020933,3,921,12:13,07:47,1551,left,525,takeaway,52,O,-98,18,8476392
2025020933,4,1028,00:50,04:10,1331,right,525,takeaway,24,D,55,23,8484762
2025020933,4,1056,04:03,00:57,1331,right,525,takeaway,52,N,6,-24,8476460
2025020934,1,192,04:51,15:09,1551,right,525,takeaway,5,D,-57,-1,8479638
2025020934,1,242,09:45,10:15,1551,right,525,takeaway,3,D,93,29,8482666
2025020934,2,689,13:55,06:05,1551,left,525,takeaway,5,D,36,-33,8477511
2025020934,2,695,14:15,05:45,1551,left,525,takeaway,3,O,88,-29,8479323
2025020934,2,707,14:57,05:03,1551,left,525,takeaway,5,D,29,12,8482475
2025020934,3,883,02:15,17:45,1551,right,525,takeaway,3,O,-95,27,8483690
2025020934,3,935,08:49,11:11,1551,right,525,takeaway,5,N,0,9,8471215
2025020934,3,971,12:21,07:39,1551,right,525,takeaway,5,D,-66,20,8478854
2025020934,3,1052,18:58,01:02,1551,right,525,takeaway,5,O,62,-41,8476483
2025020934,4,1085,03:35,01:25,1331,left,525,takeaway,3,D,-78,-15,8479323
2025020935,1,186,05:08,14:52,1551,right,525,takeaway,6,N,24,38,8478401
2025020935,1,231,08:01,11:59,1551,right,525,takeaway,4,N,-2,-39,8480015
2025020935,1,305,08:54,11:06,1551,right,525,takeaway,4,D,83,-30,8481546
2025020935,2,631,05:22,14:38,1551,left,525,takeaway,4,D,-62,-31,8477989
2025020935,3,888,03:55,16:05,1551,right,525,takeaway,4,O,-66,-13,8476372
2025020935,3,918,06:32,13:28,1551,right,525,takeaway,4,D,30,-22,8484387
2025020935,3,939,08:23,11:37,1551,right,525,takeaway,4,D,99,-12,8480015
2025020935,3,966,09:57,10:03,1551,right,525,takeaway,6,D,-87,30,8476854
2025020935,3,1047,15:24,04:36,1551,right,525,takeaway,4,N,-2,-13,8480220
2025020936,1,133,05:42,14:18,1541,left,525,takeaway,28,N,0,26,8484801
2025020936,1,450,16:39,03:21,1551,left,525,takeaway,28,O,53,2,8476624
2025020936,2,555,00:42,19:18,1551,right,525,takeaway,28,O,-55,-39,8477505
2025020936,2,623,05:48,14:12,1551,right,525,takeaway,28,O,-97,22,8479983
2025020936,2,720,13:20,06:40,1551,right,525,takeaway,22,D,-55,41,8477934
2025020936,2,795,19:28,00:32,1551,right,525,takeaway,28,D,71,-32,8475906
2025020936,3,889,04:12,15:48,1551,left,525,takeaway,22,O,-33,39,8480803
2025020936,3,940,07:16,12:44,1551,left,525,takeaway,22,N,-1,38,8478013
2025020936,3,1052,17:02,02:58,1551,left,525,takeaway,28,D,-55,23,8484911
2025020937,1,176,04:19,15:41,1551,left,525,takeaway,2,D,97,2,8485366
2025020937,1,239,07:32,12:28,1551,left,525,takeaway,29,O,41,-42,8480893
2025020937,2,625,06:36,13:24,1551,right,525,takeaway,29,D,25,33,8476923
2025020937,2,633,07:01,12:59,1551,right,525,takeaway,2,O,96,-3,8477500
2025020937,2,652,08:33,11:27,1551,right,525,takeaway,29,O,-97,9,8477497
2025020937,2,684,11:10,08:50,1551,right,525,takeaway,29,D,97,13,8478500
2025020937,2,690,11:31,08:29,1551,right,525,takeaway,2,O,99,1,8476419
2025020937,3,832,02:32,17:28,1551,left,525,takeaway,2,O,-47,-3,8481237
2025020938,1,74,00:36,19:24,1551,right,525,takeaway,21,D,95,-6,8480835
2025020938,1,86,01:48,18:12,1551,right,525,takeaway,21,O,-34,-19,8477501
2025020938,1,304,08:37,11:23,1551,right,525,takeaway,21,N,13,41,8477501
2025020938,2,573,02:47,17:13,1541,left,525,takeaway,16,D,56,-16,8484783
2025020938,2,690,11:57,08:03,1551,left,525,takeaway,16,D,49,-17,8477987
2025020938,3,829,02:34,17:26,1541,right,525,takeaway,21,D,27,11,8480835
2025020938,3,847,03:48,16:12,1551,right,525,takeaway,21,D,48,-38,8478038
2025020938,3,876,06:03,13:57,1551,right,525,takeaway,16,D,-58,31,8483466
2025020938,3,1018,17:31,02:29,1551,right,525,takeaway,16,D,-81,-39,8481806
2025020939,1,84,01:24,18:36,1451,right,525,takeaway,10,D,50,41,8475166
2025020939,1,88,01:35,18:25,1451,right,525,takeaway,9,D,-31,-15,8482245
2025020939,1,355,16:24,03:36,1551,right,525,takeaway,9,O,98,2,8478469
2025020939,1,455,18:42,01:18,1551,right,525,takeaway,9,D,-52,21,8481596
2025020939,2,488,01:52,18:08,1551,left,525,takeaway,10,O,98,-10,8482720
2025020939,2,604,02:52,17:08,1551,left,525,takeaway,9,N,-21,-15,8480188
2025020939,2,719,07:29,12:31,1551,left,525,takeaway,10,O,77,8,8477503
2025020939,2,802,13:30,06:30,1551,left,525,takeaway,10,D,-52,-11,8481582
2025020939,2,828,14:32,05:28,1551,left,525,takeaway,9,N,18,-25,8481596
2025020939,2,885,17:41,02:19,1551,left,525,takeaway,10,D,-40,-39,8477503
2025020939,3,1031,05:31,14:29,1551,right,525,takeaway,9,D,-56,-22,8482245
2025020940,1,181,05:54,14:06,1551,right,525,takeaway,15,D,-37,39,8479345
2025020940,1,287,13:07,06:53,1551,right,525,takeaway,8,D,46,40,8480865
2025020940,1,292,13:30,06:30,1551,right,525,takeaway,15,N,-4,35,8479345
2025020940,1,328,15:42,04:18,1551,right,525,takeaway,8,D,79,12,8483457
2025020940,3,819,04:46,15:14,1551,right,525,takeaway,15,O,95,-4,8477845
2025020940,3,893,10:37,09:23,1551,right,525,takeaway,15,D,-97,3,8478911
2025020940,3,903,10:56,09:04,1551,right,525,takeaway,8,N,-12,-34,8476479
2025020941,1,98,02:21,17:39,1551,left,525,takeaway,14,O,80,-18,8477416
2025020941,1,145,05:40,14:20,1551,left,525,takeaway,14,O,64,-41,8478010
2025020941,1,256,09:32,10:28,1551,left,525,takeaway,14,N,-18,-11,8478416
2025020941,1,410,17:22,02:38,1551,left,525,takeaway,14,D,-63,-27,8478178
2025020941,2,599,07:48,12:12,1551,right,525,takeaway,14,D,43,5,8480426
2025020941,3,852,05:02,14:58,1551,left,525,takeaway,7,O,-44,9,8479420
2025020941,3,866,05:20,14:40,1551,left,525,takeaway,7,D,52,-38,8480807
2025020941,3,909,09:22,10:38,1551,left,525,takeaway,14,D,-68,-14,8482929
2025020942,1,311,05:19,14:41,1551,right,525,takeaway,12,N,4,-41,8475791
2025020942,1,378,12:53,07:07,1551,right,525,takeaway,12,D,28,-25,8476958
2025020942,1,398,14:56,05:04,1551,right,525,takeaway,17,N,-20,-1,8474037
2025020942,1,448,17:16,02:44,1551,right,525,takeaway,12,O,-90,-26,8476906
2025020942,1,518,17:37,02:23,1551,right,525,takeaway,17,D,-31,19,8484471
2025020942,2,564,01:21,18:39,1551,left,525,takeaway,12,D,-87,-37,8482809
2025020942,2,614,04:59,15:01,1551,left,525,takeaway,12,O,99,-13,8475791
2025020942,2,672,09:50,10:10,1551,left,525,takeaway,12,N,-20,-25,8482100
2025020942,3,819,01:37,18:23,1551,right,525,takeaway,12,D,66,40,8476906
2025020942,3,912,08:33,11:27,1441,right,525,takeaway,12,O,-71,-35,8482809
2025020943,1,256,08:54,11:06,1551,left,525,takeaway,1,O,-92,19,8481721
2025020943,1,299,12:21,07:39,1551,left,525,takeaway,19,D,-29,-11,8483516
2025020943,1,322,13:35,06:25,1451,left,525,takeaway,19,O,82,-34,8477402
2025020943,1,325,13:54,06:06,1451,left,525,takeaway,1,N,1,0,8475760
2025020943,1,333,14:49,05:11,1451,left,525,takeaway,1,D,34,-1,8482684
2025020943,1,347,15:53,04:07,1551,left,525,takeaway,19,D,-93,2,8482090
2025020943,2,542,06:12,13:48,1551,right,525,takeaway,1,O,75,18,8480002
2025020943,2,547,07:13,12:47,1551,right,525,takeaway,19,D,31,19,8480281
2025020943,3,868,07:44,12:16,1551,left,525,takeaway,1,D,80,-36,8482684
2025020943,3,975,12:40,07:20,1551,left,525,takeaway,1,O,-97,-26,8477488
2025020943,3,1007,15:16,04:44,1551,left,525,takeaway,1,D,36,-36,8478414
2025020943,3,1050,19:12,00:48,1560,left,525,takeaway,1,D,28,36,8476462
2025020944,1,148,02:32,17:28,1551,right,525,takeaway,26,D,31,34,8475208
2025020944,1,161,03:42,16:18,1551,right,525,takeaway,26,N,-22,4,8477960
2025020944,1,433,14:36,05:24,1551,right,525,takeaway,20,D,-37,-22,8480797
2025020944,2,716,02:54,17:06,1551,left,525,takeaway,26,O,37,-41,8482726
2025020944,2,783,07:55,12:05,1551,left,525,takeaway,20,D,34,-42,8474150
2025020944,2,915,18:52,01:08,1551,left,525,takeaway,26,O,75,34,8477960
2025020944,3,948,01:39,18:21,1551,right,525,takeaway,20,N,-4,21,8480860
2025020944,3,964,02:59,17:01,1551,right,525,takeaway,20,O,88,-35,8475172
2025020944,3,1153,16:57,03:03,1551,right,525,takeaway,26,N,16,-26,8475208
2025020945,1,141,02:57,17:03,1451,right,525,takeaway,18,D,-71,-39,8475158
2025020945,2,473,02:07,17:53,1451,left,525,takeaway,25,O,98,2,8473994
2025020945,2,497,04:12,15:48,1551,left,525,takeaway,18,D,99,14,8482482
2025020945,2,633,07:20,12:40,1551,left,525,takeaway,25,O,86,38,8475168
2025020945,3,1020,11:37,08:23,1551,right,525,takeaway,18,D,-72,32,8479980
2025020945,3,1022,11:47,08:13,1551,right,525,takeaway,18,D,-60,-33,8476887
2025020945,3,1141,19:33,00:27,1551,right,525,takeaway,18,O,80,39,8476887
2025020946,1,288,12:38,07:22,1551,left,525,takeaway,23,N,-13,1,8483678
2025020946,1,389,17:19,02:41,1551,left,525,takeaway,23,D,53,26,8483499
2025020946,2,591,04:20,15:40,1551,right,525,takeaway,55,D,57,-36,8483570
2025020946,2,718,15:11,04:49,1551,right,525,takeaway,23,N,-24,-37,8482079
2025020946,2,720,15:48,04:12,1551,right,525,takeaway,23,D,-27,39,8478498
2025020946,3,815,03:05,16:55,1551,left,525,takeaway,23,D,43,39,8478856
2025020946,3,853,06:16,13:44,1551,left,525,takeaway,23,O,-99,10,8481535
2025020946,3,953,13:05,06:55,1451,left,525,takeaway,55,D,-73,20,8478407
2025020946,3,964,14:19,05:41,1451,left,525,takeaway,23,D,54,-38,8478444
2025020947,1,86,01:22,18:38,1551,left,525,takeaway,5,D,-28,42,8476483
2025020947,1,313,04:21,15:39,1551,left,525,takeaway,54,N,-13,35,8478397
2025020947,1,363,09:14,10:46,1551,left,525,takeaway,54,D,83,-14,8478483
2025020947,1,453,12:07,07:53,1551,left,525,takeaway,54,O,-39,23,8475913
2025020947,1,475,13:15,06:45,1551,left,525,takeaway,5,D,-25,25,8471724
2025020947,2,665,13:19,06:41,1541,right,525,takeaway,5,D,31,-17,8478569
2025020947,3,945,06:15,13:45,1451,left,525,takeaway,54,N,5,37,8478483
2025020947,3,994,09:10,10:50,1551,left,525,takeaway,54,D,27,17,8478396
2025020947,3,1018,09:55,10:05,1551,left,525,takeaway,5,D,-51,-21,8471215
2025020947,3,1050,13:18,06:42,1551,left,525,takeaway,54,D,26,-35,8477447
2025020947,3,1066,14:52,05:08,1551,left,525,takeaway,5,D,-49,-40,8471724
2025020947,3,1111,18:37,01:23,1551,left,525,takeaway,5,N,-5,35,8485414
2025020948,1,393,17:09,02:51,1551,left,525,takeaway,2,D,-76,-25,8477950
2025020948,1,397,17:38,02:22,1551,left,525,takeaway,13,D,89,21,8473507
2025020948,2,561,01:20,18:40,1551,right,525,takeaway,2,D,47,41,8477407
2025020948,2,641,07:57,12:03,1441,right,525,takeaway,13,D,-45,-20,8482113
2025020948,2,783,18:44,01:16,1551,right,525,takeaway,13,O,73,-31,8479314
2025020948,3,816,00:32,19:28,0651,left,525,takeaway,2,D,-37,-7,8476429
2025020948,3,864,03:52,16:08,1551,left,525,takeaway,2,N,14,40,8484221
2025020948,3,897,05:57,14:03,1551,left,525,takeaway,2,D,-33,8,8478445
2025020948,3,902,06:08,13:52,1551,left,525,takeaway,2,D,-29,-28,8476429
2025020948,3,954,09:27,10:33,1551,left,525,takeaway,13,D,44,38,8480185
2025020948,3,986,11:33,08:27,1551,left,525,takeaway,13,D,99,20,8477935
2025020949,1,318,07:42,12:18,1541,left,525,takeaway,68,D,-43,40,8479410
2025020949,1,374,14:31,05:29,1551,left,525,takeaway,16,D,69,-25,8476473
2025020949,1,449,19:24,00:36,1551,left,525,takeaway,16,O,-41,-32,8473422
2025020949,2,575,04:47,15:13,1551,right,525,takeaway,16,D,-99,-1,8476891
2025020949,2,704,13:42,06:18,1551,right,525,takeaway,16,D,-70,-40,8477450
2025020949,2,725,15:24,04:36,1551,right,525,takeaway,16,D,-87,-32,8476891
2025020949,2,755,17:49,02:11,1551,right,525,takeaway,16,O,27,0,8477987
2025020949,3,830,02:20,17:40,1451,left,525,takeaway,16,O,-99,-8,8482172
2025020949,3,1091,15:35,04:25,1551,left,525,takeaway,16,O,-68,-6,8481568
2025020949,3,1093,16:24,03:36,1551,left,525,takeaway,68,O,50,-41,8479977
2025020949,3,1095,18:15,01:45,1551,left,525,takeaway,16,D,53,-14,8483493
2025020950,1,81,01:15,18:45,1551,left,525,takeaway,28,D,-33,-32,8479576
2025020950,1,304,06:51,13:09,1551,left,525,takeaway,52,N,-11,30,8480049
2025020950,1,408,14:52,05:08,1551,left,525,takeaway,52,D,42,-37,8476392
2025020950,2,559,03:10,16:50,1551,right,525,takeaway,28,O,-82,27,8475726
2025020950,2,635,10:35,09:25,1551,right,525,takeaway,52,O,98,4,8482652
2025020950,2,691,14:27,05:33,1551,right,525,takeaway,52,O,77,41,8476460
2025020950,3,886,08:39,11:21,1551,left,525,takeaway,28,D,-91,33,8479983
2025020950,3,902,09:38,10:22,1551,left,525,takeaway,52,D,97,-19,8479378
2025020950,3,945,13:13,06:47,1451,left,525,takeaway,52,D,82,40,8474568
2025020950,3,973,15:34,04:26,1551,left,525,takeaway,52,D,29,-23,8477938
2025020951,1,107,01:59,18:01,1551,right,525,takeaway,19,O,87,-29,8477402
2025020951,1,151,06:16,13:44,1551,right,525,takeaway,30,D,42,40,8482122
2025020951,1,242,12:56,07:04,1551,right,525,takeaway,30,O,-67,3,8475692
2025020951,1,310,18:01,01:59,1551,right,525,takeaway,30,D,68,37,8474567
2025020951,2,779,18:16,01:44,1551,left,525,takeaway,30,N,21,-41,8474567
2025020951,2,780,18:40,01:20,1551,left,525,takeaway,19,D,48,41,8475753
2025020951,2,781,19:43,00:17,1551,left,525,takeaway,19,O,-52,39,8476897
2025020951,3,817,01:55,18:05,1551,right,525,takeaway,19,N,0,21,8481006
2025020951,3,872,06:27,13:33,1551,right,525,takeaway,30,N,4,-7,8478136
2025020951,3,883,06:49,13:11,1551,right,525,takeaway,30,D,71,42,8474716
2025020951,3,1005,17:04,02:56,1551,right,525,takeaway,30,O,-89,-26,8478493
2025020952,1,62,00:13,19:47,1551,left,525,takeaway,24,O,70,35,8484762
2025020952,1,464,10:01,09:59,1551,left,525,takeaway,24,O,46,33,8482745
2025020952,1,489,12:11,07:49,1551,left,525,takeaway,20,O,-85,33,8480797
2025020952,1,569,19:32,00:28,1551,left,525,takeaway,20,O,-36,-30,8476399
2025020952,2,589,00:54,19:06,1551,right,525,takeaway,24,D,26,-34,8473986
2025020952,2,670,06:26,13:34,1551,right,525,takeaway,20,O,81,37,8482679
2025020952,2,701,07:26,12:34,1551,right,525,takeaway,20,O,85,29,8480797
2025020952,2,803,15:43,04:17,1541,right,525,takeaway,20,O,76,33,8482074
2025020952,3,1040,08:43,11:17,1551,left,525,takeaway,24,D,-45,-30,8478424
2025020952,3,1064,10:11,09:49,1451,left,525,takeaway,24,D,-56,-24,8484153
2025020952,3,1066,10:25,09:35,1451,left,525,takeaway,24,O,76,41,8481605
2025020952,4,1260,01:09,03:51,1331,right,525,takeaway,24,N,-20,6,8475184
2025020953,1,64,00:41,19:19,1551,right,525,takeaway,3,O,-33,-18,8482109
2025020953,1,286,12:46,07:14,1551,right,525,takeaway,3,N,-18,-41,8478840
2025020953,2,504,02:00,18:00,1551,left,525,takeaway,3,N,-3,39,8482861
2025020953,2,512,02:56,17:04,1451,left,525,takeaway,3,O,98,0,8476468
2025020953,2,528,03:21,16:39,1451,left,525,takeaway,29,D,32,33,8477497
2025020953,2,565,06:38,13:22,1551,left,525,takeaway,3,O,97,-26,8478882
2025020953,2,639,13:00,07:00,1551,left,525,takeaway,29,N,5,-34,8483485
2025020953,3,890,08:43,11:17,1551,right,525,takeaway,3,N,18,-6,8482109
2025020953,3,1103,19:09,00:51,1551,right,525,takeaway,29,O,30,37,8480893
2025020954,1,209,08:32,11:28,1551,right,525,takeaway,10,O,-26,34,8481711
2025020954,1,220,08:47,11:13,1551,right,525,takeaway,4,N,-14,15,8477903
2025020954,1,332,14:08,05:52,1451,right,525,takeaway,4,D,-51,-42,8476461
2025020954,2,598,05:32,14:28,1551,left,525,takeaway,4,N,-9,28,8481533
2025020954,2,769,19:44,00:16,1551,left,525,takeaway,4,O,-27,5,8480015
2025020954,3,868,06:18,13:42,1551,right,525,takeaway,4,D,-92,-24,8482126
2025020954,3,925,10:52,09:08,1551,right,525,takeaway,10,D,90,-13,8476931
2025020954,3,958,13:35,06:25,1551,right,525,takeaway,10,O,-73,32,8478904
2025020954,3,959,13:37,06:23,1551,right,525,takeaway,4,D,-58,32,8480015
2025020954,3,1055,19:03,00:57,1551,right,525,takeaway,10,O,-98,1,8479318
2025020954,4,1084,02:12,02:48,1331,left,525,takeaway,4,D,29,26,8482142
2025020954,4,1109,04:57,00:03,1331,left,525,takeaway,4,O,-94,30,8477989
2025020955,1,403,14:01,05:59,1551,left,525,takeaway,17,O,-87,36,8478891
2025020955,1,440,15:49,04:11,1451,left,525,takeaway,18,D,-94,19,8474600
2025020955,2,532,01:51,18:09,1551,right,525,takeaway,17,D,-71,-41,8479942
2025020955,2,695,09:57,10:03,1551,right,525,takeaway,17,O,44,42,8482762
2025020955,2,809,19:49,00:11,1551,right,525,takeaway,17,D,-49,33,8479337
2025020955,3,938,08:10,11:50,1551,left,525,takeaway,18,O,44,-39,8480246
2025020955,3,940,08:20,11:40,1551,left,525,takeaway,17,D,44,34,8479337
2025020956,1,100,01:51,18:09,1551,right,525,takeaway,25,O,95,-1,8476278
2025020956,1,309,10:03,09:57,1451,right,525,takeaway,25,D,-94,31,8480036
2025020956,1,349,14:06,05:54,1551,right,525,takeaway,23,O,-81,40,8481535
2025020956,2,766,15:55,04:05,1551,left,525,takeaway,25,O,-88,-28,8476278
2025020956,3,942,08:31,11:29,1551,right,525,takeaway,23,N,-1,-2,8480012
2025020956,3,993,12:37,07:23,1541,right,525,takeaway,23,D,37,-35,8478856
2025020956,3,1044,16:30,03:30,1551,right,525,takeaway,25,N,3,34,8473994
2025020957,1,72,00:39,19:21,1551,left,525,takeaway,55,D,-84,33,8477986
2025020957,1,299,10:31,09:29,1451,left,525,takeaway,55,O,68,-26,8482665
2025020957,1,349,13:39,06:21,1551,left,525,takeaway,55,D,-78,-37,8477986
2025020957,2,594,04:28,15:32,1551,right,525,takeaway,12,D,-66,-20,8482093
2025020957,2,778,15:53,04:07,1551,right,525,takeaway,12,O,72,-41,8477478
2025020957,2,800,17:48,02:12,1551,right,525,takeaway,55,O,-98,6,8475768
2025020957,3,897,03:33,16:27,1551,left,525,takeaway,12,N,-11,34,8473533
2025020957,3,908,04:09,15:51,1551,left,525,takeaway,55,N,15,19,8477955
2025020957,3,930,04:41,15:19,1551,left,525,takeaway,12,O,-79,30,8482702
2025020957,3,953,07:28,12:32,1551,left,525,takeaway,55,N,-14,-38,8478407
2025020957,3,987,10:25,09:35,1551,left,525,takeaway,12,N,-21,20,8476921
2025020958,1,173,07:19,12:41,1551,right,525,takeaway,26,D,37,-30,8482730
2025020958,1,217,11:20,08:40,1551,right,525,takeaway,21,D,-54,34,8480835
2025020958,2,756,18:50,01:10,1551,left,525,takeaway,21,N,1,-41,8478038
2025020958,3,839,04:47,15:13,1551,right,525,takeaway,26,D,56,41,8471685
2025020958,3,874,06:44,13:16,1551,right,525,takeaway,26,O,-79,-36,8478550
2025020958,3,930,10:45,09:15,1551,right,525,takeaway,26,D,53,-18,8471685
2025020958,3,954,11:33,08:27,1551,right,525,takeaway,26,D,92,3,8482408
2025020959,1,421,14:42,05:18,1451,left,525,takeaway,6,O,77,-19,8477956
2025020959,2,636,07:48,12:12,1551,right,525,takeaway,5,D,-27,31,8480980
2025020959,2,659,08:43,11:17,1551,right,525,takeaway,5,O,93,31,8475810
2025020959,2,706,11:40,08:20,1451,right,525,takeaway,5,D,-49,-33,8475810
2025020959,2,709,11:51,08:09,1451,right,525,takeaway,6,D,53,-28,8479987
2025020959,2,716,14:03,05:57,1551,right,525,takeaway,5,N,-23,-35,8471724
2025020959,3,972,10:38,09:22,1551,left,525,takeaway,6,D,-63,36,8480355
2025020959,3,974,10:53,09:07,1551,left,525,takeaway,6,O,36,-11,8476854
2025020960,1,179,07:17,12:43,1551,left,525,takeaway,7,D,-47,38,8480839
2025020960,1,196,08:29,11:31,1541,left,525,takeaway,7,D,-79,24,8480802
2025020960,2,535,01:00,19:00,1551,right,525,takeaway,54,D,-38,39,8478396
2025020960,2,637,07:19,12:41,1551,right,525,takeaway,54,D,-34,-39,8475188
2025020960,2,670,10:32,09:28,1551,right,525,takeaway,7,N,6,-8,8480064
2025020960,2,746,15:23,04:37,1551,right,525,takeaway,7,D,31,-28,8480064
2025020960,2,747,15:38,04:22,1551,right,525,takeaway,54,D,-70,-37,8476925
2025020960,2,762,17:14,02:46,1551,right,525,takeaway,54,D,-26,20,8481527
2025020960,3,820,01:50,18:10,1551,left,525,takeaway,7,N,-19,11,8475722
2025020960,3,853,03:34,16:26,1551,left,525,takeaway,7,D,-79,-31,8482671
2025020960,3,928,09:16,10:44,1551,left,525,takeaway,7,O,32,31,8479359
2025020960,3,972,11:18,08:42,1551,left,525,takeaway,54,O,-40,40,8476925
2025020960,3,989,12:37,07:23,1551,left,525,takeaway,7,D,-67,40,8482659
2025020960,3,1053,16:48,03:12,1551,left,525,takeaway,7,N,-13,-8,8481522
2025020961,1,413,15:07,04:53,1551,left,525,takeaway,13,O,-47,-41,8483771
2025020961,2,547,04:51,15:09,1451,right,525,takeaway,1,D,27,28,8476462
2025020961,2,629,10:16,09:44,1551,right,525,takeaway,1,O,-91,12,8484958
2025020961,2,731,19:03,00:57,1551,right,525,takeaway,13,O,99,-5,8478542
2025020961,2,736,19:12,00:48,1551,right,525,takeaway,13,O,95,20,8478421
2025020961,3,766,01:56,18:04,1551,left,525,takeaway,1,N,14,-38,8483495
2025020961,3,874,06:02,13:58,1551,left,525,takeaway,1,D,-45,-19,8479996
2025020961,3,922,09:22,10:38,1551,left,525,takeaway,13,O,-51,40,8473419
2025020961,3,981,13:53,06:07,1551,left,525,takeaway,1,O,97,-21,8483495
2025020961,3,1005,16:22,03:38,0651,left,525,takeaway,1,N,6,-26,8482110
2025020962,1,313,09:46,10:14,1551,right,525,takeaway,15,N,-24,-37,8479520
2025020962,2,479,01:40,18:20,1551,left,525,takeaway,68,O,-79,-41,8479977
2025020962,2,692,10:30,09:30,1551,left,525,takeaway,15,D,-87,-25,8478463
2025020962,2,801,18:59,01:01,1551,left,525,takeaway,15,O,51,36,8479345
2025020962,2,802,19:20,00:40,1551,left,525,takeaway,68,O,-60,35,8478831
2025020962,3,915,07:19,12:41,1551,right,525,takeaway,15,O,-48,41,8471214
2025020962,3,941,09:14,10:46,1551,right,525,takeaway,68,N,23,-23,8476874
2025020962,3,958,10:14,09:46,1551,right,525,takeaway,15,O,-99,13,8480873
2025020962,3,966,10:55,09:05,1551,right,525,takeaway,68,D,-61,39,8482175
2025020962,3,1012,14:19,05:41,1551,right,525,takeaway,68,D,-66,-37,8476874
2025020963,1,100,02:46,17:14,1551,left,525,takeaway,18,D,63,24,8476869
2025020963,1,118,03:32,16:28,1551,left,525,takeaway,29,N,-3,30,8475745
2025020963,1,132,04:40,15:20,1551,left,525,takeaway,29,O,39,-33,8479371
2025020963,1,229,12:10,07:50,1551,left,525,takeaway,18,N,-21,35,8482742
2025020963,2,545,04:59,15:01,1551,right,525,takeaway,29,O,-41,-40,8484166
2025020963,2,648,08:57,11:03,1551,right,525,takeaway,18,D,-78,-37,8475158
2025020963,2,713,14:18,05:42,1551,right,525,takeaway,18,N,-22,36,8479370
2025020963,3,873,06:32,13:28,1451,left,525,takeaway,18,D,93,26,8480246
2025020963,3,898,08:53,11:07,1551,left,525,takeaway,29,D,-74,30,8475790
2025020963,3,1052,16:45,03:15,1551,left,525,takeaway,18,D,53,18,8479980
2025020964,1,275,08:09,11:51,1551,right,525,takeaway,16,D,-39,32,8477444
2025020964,1,295,09:34,10:26,1551,right,525,takeaway,52,O,-85,8,8474679
2025020964,2,531,05:11,14:49,1551,left,525,takeaway,16,N,6,-42,8481624
2025020964,2,697,19:07,00:53,1551,left,525,takeaway,52,O,80,-40,8476392
2025020964,3,900,10:44,09:16,1551,right,525,takeaway,52,O,-64,35,8482149
2025020964,3,909,11:58,08:02,1551,right,525,takeaway,52,O,-98,9,8478398
2025020964,3,932,13:15,06:45,1551,right,525,takeaway,16,O,86,-33,8484197
2025020965,2,597,09:27,10:33,1551,left,525,takeaway,20,O,98,3,8484768
2025020965,2,625,09:43,10:17,1551,left,525,takeaway,25,O,-66,-40,8482740
2025020965,2,643,10:58,09:02,1541,left,525,takeaway,20,D,-79,30,8480860
2025020965,2,655,13:10,06:50,1551,left,525,takeaway,25,O,-88,35,8476278
2025020965,2,656,13:11,06:49,1551,left,525,takeaway,20,D,-38,25,8479066
2025020965,3,758,00:44,19:16,1551,right,525,takeaway,20,D,56,-33,8481556
2025020965,3,818,03:31,16:29,1541,right,525,takeaway,20,D,69,-41,8480727
2025020965,3,846,06:09,13:51,1551,right,525,takeaway,25,D,-43,28,8479351
2025020965,3,1094,15:07,04:53,1551,right,525,takeaway,25,D,-75,-38,8480950
2025020965,3,1117,18:03,01:57,1451,right,525,takeaway,25,D,-42,38,8483425
2025020966,1,157,06:00,14:00,1541,left,525,takeaway,22,D,-40,-36,8481056
2025020966,1,188,08:31,11:29,1541,left,525,takeaway,22,D,-80,39,8477498
2025020966,1,256,12:03,07:57,1541,left,525,takeaway,9,O,-99,2,8480188
2025020966,2,819,13:10,06:50,1451,right,525,takeaway,22,O,-97,-16,8478402
2025020966,2,894,19:49,00:11,1551,right,525,takeaway,9,D,-56,12,8481528
2025020966,3,906,00:09,19:51,1551,left,525,takeaway,9,D,29,-41,8482105
2025020966,3,984,05:18,14:42,1551,left,525,takeaway,9,D,94,26,8482105
2025020966,3,1072,11:42,08:18,1551,left,525,takeaway,9,D,26,-34,8482116
2025020967,1,72,01:15,18:45,1551,right,525,takeaway,14,O,98,21,8474151
2025020967,1,113,02:45,17:15,1551,right,525,takeaway,14,O,31,32,8483447
2025020967,1,186,07:01,12:59,1451,right,525,takeaway,14,D,-51,-12,8477404
2025020967,1,189,08:13,11:47,1551,right,525,takeaway,30,D,77,-14,8474567
2025020967,1,384,19:40,00:20,1551,right,525,takeaway,30,D,31,-16,8478493
2025020967,2,744,16:13,03:47,1551,left,525,takeaway,30,N,-13,5,8483525
2025020967,3,919,07:39,12:21,1551,right,525,takeaway,30,D,88,-25,8478136
2025020968,1,165,07:07,12:53,1451,left,525,takeaway,21,D,81,-36,8478038
2025020968,1,262,10:24,09:36,1551,left,525,takeaway,24,D,-25,35,8481605
2025020968,2,553,09:33,10:27,1551,right,525,takeaway,21,D,-41,-30,8480039
2025020968,2,678,18:29,01:31,1551,right,525,takeaway,21,D,-56,41,8480069
2025020968,2,679,19:02,00:58,1551,right,525,takeaway,21,D,-49,39,8477492
2025020968,3,883,10:22,09:38,1551,left,525,takeaway,24,O,94,-6,8481605
2025020968,3,924,13:27,06:33,1551,left,525,takeaway,21,N,12,4,8480448
2025020968,3,989,19:36,00:24,1551,left,525,takeaway,24,D,-54,-31,8485512
2025020969,1,312,09:50,10:10,1551,left,525,takeaway,8,O,-65,-30,8483457
2025020969,1,426,16:37,03:23,1551,left,525,takeaway,28,O,40,25,8480798
2025020969,1,427,18:24,01:36,1551,left,525,takeaway,8,O,-90,-31,8482737
2025020969,2,462,02:54,17:06,1541,right,525,takeaway,28,D,58,26,8482859
2025020969,2,741,11:43,08:17,1551,right,525,takeaway,28,O,-83,-39,8480798
2025020969,2,753,12:14,07:46,1551,right,525,takeaway,28,O,-89,-32,8475200
2025020969,2,830,18:46,01:14,1551,right,525,takeaway,28,O,-36,39,8480748
2025020969,3,859,01:01,18:59,1551,left,525,takeaway,8,O,-79,-12,8482737
2025020969,3,889,02:12,17:48,1551,left,525,takeaway,28,O,88,33,8482667
2025020969,3,1155,17:28,02:32,1551,left,525,takeaway,8,D,97,-23,8483457
2025020970,1,179,04:33,15:27,1551,right,525,takeaway,54,D,-59,-32,8481527
2025020970,1,407,13:54,06:06,1551,right,525,takeaway,54,O,42,40,8476925
2025020970,1,424,14:54,05:06,1551,right,525,takeaway,17,O,-36,-42,8475279
2025020970,1,473,19:05,00:55,1451,right,525,takeaway,17,D,72,41,8477946
2025020970,2,719,12:32,07:28,1551,left,525,takeaway,17,O,48,35,8479942
2025020970,2,741,14:13,05:47,1551,left,525,takeaway,54,O,-96,7,8483890
2025020970,3,977,04:40,15:20,1551,right,525,takeaway,17,D,98,-20,8474141
2025020970,3,1080,13:24,06:36,1551,right,525,takeaway,54,O,45,40,8476881
2025020970,3,1129,17:08,02:52,1551,right,525,takeaway,17,D,46,33,8477429
2025020971,1,76,00:55,19:05,1551,left,525,takeaway,1,O,34,6,8478414
2025020971,2,593,06:46,13:14,1551,right,525,takeaway,10,N,15,-27,8478057
2025020971,2,686,14:13,05:47,1551,right,525,takeaway,10,D,-74,-40,8479318
2025020971,3,773,01:40,18:20,1551,left,525,takeaway,1,N,-2,-15,8479996
2025020971,3,784,02:21,17:39,1551,left,525,takeaway,1,D,-81,-24,8482110
2025020971,3,798,02:50,17:10,1551,left,525,takeaway,10,D,31,14,8481711
2025020971,3,823,03:57,16:03,1551,left,525,takeaway,1,O,74,-41,8481559
2025020971,3,861,08:48,11:12,1551,left,525,takeaway,10,O,-41,39,8479318
2025020971,3,897,11:48,08:12,1551,left,525,takeaway,10,D,66,15,8476853
2025020971,3,995,18:43,01:17,1551,left,525,takeaway,1,D,-36,-41,8478414
2025020971,4,1024,00:13,04:47,1331,right,525,takeaway,10,D,-39,-19,8477939
2025020971,4,1035,02:02,02:58,1331,right,525,takeaway,1,O,-43,13,8478414
2025020971,4,1048,03:08,01:52,1331,right,525,takeaway,1,N,-20,34,8481721
2025020972,1,249,10:06,09:54,1551,right,525,takeaway,12,D,-48,41,8476958
2025020972,1,337,13:13,06:47,1551,right,525,takeaway,23,D,33,-1,8478498
2025020972,1,402,14:53,05:07,1551,right,525,takeaway,23,N,0,-39,8479425
2025020972,2,495,01:26,18:34,1551,left,525,takeaway,12,N,-16,41,8482093
2025020972,2,523,03:49,16:11,1551,left,525,takeaway,12,D,28,-1,8480762
2025020972,2,638,08:41,11:19,1551,left,525,takeaway,12,D,43,37,8478970
2025020973,1,70,00:33,19:27,1551,left,525,takeaway,2,O,-35,27,8478445
2025020973,1,269,09:42,10:18,1551,left,525,takeaway,24,O,91,5,8473986
2025020973,1,396,17:26,02:34,1551,left,525,takeaway,2,O,-48,29,8477494
2025020973,2,585,03:44,16:16,1551,right,525,takeaway,2,O,69,42,8476292
2025020973,2,622,08:02,11:58,1551,right,525,takeaway,2,D,-77,-41,8480871
2025020973,2,690,13:47,06:13,1541,right,525,takeaway,2,D,-65,-20,8485366
2025020973,3,879,06:26,13:34,1551,left,525,takeaway,24,D,-99,7,8476885
2025020973,3,896,09:16,10:44,1451,left,525,takeaway,2,D,29,38,8476917
2025020973,3,912,10:46,09:14,1551,left,525,takeaway,24,D,-48,7,8485512
2025020973,3,922,11:00,09:00,1551,left,525,takeaway,2,D,27,26,8477950
2025020973,3,936,12:00,08:00,0651,left,525,takeaway,24,D,-63,-35,8483445
2025020973,3,953,13:42,06:18,0651,left,525,takeaway,24,D,-89,-20,8485512
2025020973,3,1015,17:26,02:34,1551,left,525,takeaway,24,D,-91,-30,8481605
2025020974,1,211,09:00,11:00,1551,left,525,takeaway,19,D,47,36,8475764
2025020974,1,224,11:21,08:39,1551,left,525,takeaway,55,D,-63,-23,8478407
2025020974,2,346,00:05,19:55,1551,right,525,takeaway,55,N,10,-38,8476467
2025020974,2,479,02:40,17:20,1551,right,525,takeaway,55,D,58,-29,8483570
2025020974,2,668,08:55,11:05,1551,right,525,takeaway,55,O,-69,26,8476905
2025020974,2,760,15:34,04:26,1551,right,525,takeaway,55,O,-98,7,8476905
2025020974,2,774,17:15,02:45,1551,right,525,takeaway,19,N,-16,28,8482733
2025020974,3,910,07:29,12:31,1551,left,525,takeaway,19,N,1,-41,8481006
2025020974,3,963,12:32,07:28,1551,left,525,takeaway,19,N,15,35,8479385
2025020974,3,1014,15:51,04:09,1551,left,525,takeaway,55,O,73,-39,8475768
2025020975,1,72,00:31,19:29,1551,right,525,takeaway,3,D,77,5,8478840
2025020975,1,190,08:34,11:26,1551,right,525,takeaway,10,D,-47,4,8484158
2025020975,2,417,00:44,19:16,1551,left,525,takeaway,3,N,-15,-7,8476459
2025020975,2,680,17:04,02:56,1551,left,525,takeaway,3,O,68,6,8481525
2025020975,3,829,05:35,14:25,1551,right,525,takeaway,3,O,-28,-22,8476459
2025020975,3,902,07:27,12:33,1551,right,525,takeaway,10,D,-28,-36,8484158
2025020975,3,1059,16:26,03:34,0651,right,525,takeaway,3,D,58,36,8479323
2025020975,3,1061,17:27,02:33,1551,right,525,takeaway,10,O,28,27,8484901
2025020976,1,162,05:18,14:42,1551,right,525,takeaway,4,D,66,36,8478454
2025020976,1,200,08:56,11:04,1551,right,525,takeaway,4,N,-21,38,8479336
2025020976,1,316,12:17,07:43,1551,right,525,takeaway,68,D,-43,-41,8477951
2025020976,2,462,00:03,19:57,1551,left,525,takeaway,68,N,-13,39,8482699
2025020976,2,591,08:06,11:54,1551,left,525,takeaway,68,N,4,-15,8474013
2025020976,2,598,08:56,11:04,1551,left,525,takeaway,4,N,3,-2,8481546
2025020976,3,952,07:56,12:04,1441,right,525,takeaway,4,D,66,-38,8481553
2025020976,3,1031,13:23,06:37,1551,right,525,takeaway,68,D,-63,30,8477220
2025020977,1,312,11:55,08:05,1451,left,525,takeaway,7,D,64,-41,8480802
2025020977,1,394,17:20,02:40,1551,left,525,takeaway,7,D,43,-35,8479420
2025020977,2,465,00:19,19:41,1551,right,525,takeaway,7,D,-83,-23,8480807
2025020977,2,519,04:45,15:15,1531,right,525,takeaway,5,D,39,-37,8481481
2025020977,2,682,13:59,06:01,1551,right,525,takeaway,5,N,3,-14,8478854
2025020978,1,242,08:02,11:58,1551,left,525,takeaway,13,D,26,38,8479314
2025020978,2,564,03:04,16:56,1551,right,525,takeaway,13,O,88,8,8477931
2025020978,2,700,13:11,06:49,1551,right,525,takeaway,29,O,-54,-3,8475745
2025020978,2,709,14:11,05:49,1551,right,525,takeaway,13,N,-7,-2,8475179
2025020978,2,765,18:36,01:24,1551,right,525,takeaway,29,D,99,0,8476923
2025020978,3,1036,17:35,02:25,0651,left,525,takeaway,29,D,-46,-38,8480806
2025020979,1,100,02:53,17:07,1551,left,525,takeaway,18,O,85,28,8479370
2025020979,1,310,14:01,05:59,1551,left,525,takeaway,6,O,-93,-15,8477507
2025020979,2,605,07:18,12:42,1551,right,525,takeaway,6,D,-50,34,8478401
2025020979,2,634,09:59,10:01,1551,right,525,takeaway,6,O,83,30,8482177
2025020979,2,745,18:22,01:38,1551,right,525,takeaway,18,O,-90,34,8482768
2025020979,3,786,01:19,18:41,1551,left,525,takeaway,18,D,-30,38,8474600
2025020979,3,835,05:06,14:54,1451,left,525,takeaway,18,D,-32,-1,8482715
2025020979,3,1043,17:30,02:30,0651,left,525,takeaway,18,N,-18,33,8476887
2025020979,3,1060,18:38,01:22,1551,left,525,takeaway,18,N,-15,-36,8483513
2025020980,1,107,03:04,16:56,1451,right,525,takeaway,14,D,-65,-38,8479542
2025020980,1,327,13:55,06:05,1551,right,525,takeaway,52,O,-93,27,8480113
2025020980,2,536,06:26,13:34,1551,left,525,takeaway,52,O,40,-33,8482652
2025020980,2,608,11:26,08:34,1551,left,525,takeaway,52,D,-44,-39,8476331
2025020980,2,757,17:21,02:39,1551,left,525,takeaway,52,D,-31,31,8482149
2025020980,2,758,17:31,02:29,1551,left,525,takeaway,52,N,7,-42,8476392
2025020980,3,937,05:30,14:30,1551,right,525,takeaway,52,O,-40,25,8476871
2025020980,3,952,08:35,11:25,1551,right,525,takeaway,52,D,40,-12,8480113
2025020980,3,961,09:25,10:35,1551,right,525,takeaway,52,D,45,-23,8476460
2025020981,1,231,06:37,13:23,1551,right,525,takeaway,20,O,-54,42,8475172
2025020981,1,346,11:30,08:30,1551,right,525,takeaway,9,N,-6,42,8478469
2025020981,1,468,15:06,04:54,1551,right,525,takeaway,9,D,-50,-27,8482092
2025020981,1,476,16:22,03:38,1551,right,525,takeaway,20,D,72,-40,8480860
2025020981,2,758,11:53,08:07,1541,left,525,takeaway,20,N,0,10,8480797
2025020981,2,779,13:16,06:44,1551,left,525,takeaway,9,O,-72,21,8480188
2025020981,2,816,15:28,04:32,1551,left,525,takeaway,9,D,53,37,8480801
2025020981,3,1050,13:00,07:00,1551,right,525,takeaway,9,O,60,41,8478020
2025020982,1,96,02:39,17:21,1551,right,525,takeaway,26,O,-65,40,8478550
2025020982,1,147,06:08,13:52,1551,right,525,takeaway,26,N,0,39,8479675
2025020982,1,264,07:46,12:14,1551,right,525,takeaway,2,D,-95,-14,8477950
2025020982,1,314,11:11,08:49,1551,right,525,takeaway,26,O,-96,-13,8477960
2025020982,2,563,04:36,15:24,1551,left,525,takeaway,2,N,16,-36,8476429
2025020982,2,751,14:09,05:51,1551,left,525,takeaway,2,D,95,-3,8481237
2025020982,2,773,15:39,04:21,1551,left,525,takeaway,26,O,86,-35,8477960
2025020982,2,780,16:27,03:33,1551,left,525,takeaway,26,D,-61,19,8471685
2025020982,3,849,00:29,19:31,1551,right,525,takeaway,26,D,60,-12,8479998
2025020982,3,1061,18:26,01:34,0651,right,525,takeaway,2,N,-3,-35,8481601
2025020983,1,94,02:28,17:32,1551,right,525,takeaway,13,D,-61,-42,8478055
2025020983,1,278,09:29,10:31,1551,right,525,takeaway,13,D,-53,-23,8478421
2025020983,1,371,15:57,04:03,1551,right,525,takeaway,13,O,98,22,8473419
2025020983,1,380,16:08,03:52,1551,right,525,takeaway,17,D,26,-39,8481607
2025020983,1,421,19:30,00:30,1451,right,525,takeaway,17,N,18,-14,8479337
2025020983,1,423,19:44,00:16,1451,right,525,takeaway,17,D,52,22,8481607
2025020983,2,772,19:00,01:00,1551,left,525,takeaway,17,D,-98,2,8479337
2025020983,3,981,09:48,10:12,1551,right,525,takeaway,17,D,65,36,8481607
2025020983,3,990,10:59,09:01,1551,right,525,takeaway,13,O,52,41,8482113
2025020984,1,98,02:42,17:18,1541,right,525,takeaway,25,D,59,34,8479351
2025020984,1,203,08:36,11:24,1551,right,525,takeaway,21,O,59,40,8477501
2025020984,1,210,09:44,10:16,1551,right,525,takeaway,25,D,99,-4,8481581
2025020984,2,515,00:26,19:34,1551,left,525,takeaway,25,D,-69,35,8476902
2025020984,2,678,02:24,17:36,1551,left,525,takeaway,25,N,21,40,8483425
2025020984,2,703,04:36,15:24,1551,left,525,takeaway,21,O,-93,15,8484258
2025020984,2,755,09:23,10:37,1541,left,525,takeaway,25,N,-3,33,8478449
2025020984,2,780,12:52,07:08,1551,left,525,takeaway,25,D,-47,37,8484829
2025020984,3,1054,15:13,04:47,1541,right,525,takeaway,25,D,45,-38,8476902
2025020984,4,1143,02:53,02:07,1331,left,525,takeaway,25,O,57,-36,8480036
2025020985,1,81,00:56,19:04,1551,right,525,takeaway,16,D,97,7,8483493
2025020985,1,99,01:27,18:33,1551,right,525,takeaway,16,D,97,-21,8476891
2025020985,1,142,02:43,17:17,1551,right,525,takeaway,23,O,99,0,8482079
2025020985,1,206,06:06,13:54,1551,right,525,takeaway,23,D,-33,35,8484136
2025020985,1,224,06:19,13:41,1551,right,525,takeaway,23,D,-38,20,8484136
2025020985,1,350,09:09,10:51,1551,right,525,takeaway,23,D,-25,-37,8479425
2025020985,3,933,11:20,08:40,1551,right,525,takeaway,16,O,-98,12,8483450
2025020985,3,992,17:17,02:43,1551,right,525,takeaway,23,N,6,-41,8478444
2025020985,3,1000,18:30,01:30,1560,right,525,takeaway,23,D,-48,39,8484136
2025020986,1,155,07:08,12:52,1551,left,525,takeaway,12,D,95,19,8482702
2025020986,1,382,15:06,04:54,1551,left,525,takeaway,12,D,70,-34,8482100
2025020986,1,400,18:27,01:33,1451,left,525,takeaway,12,N,24,27,8482093
2025020986,2,525,02:21,17:39,1551,right,525,takeaway,12,N,-22,-32,8478970
2025020986,2,601,08:10,11:50,1551,right,525,takeaway,12,D,-26,-37,8482093
2025020986,2,604,08:15,11:45,1551,right,525,takeaway,22,D,32,21,8477953
2025020986,3,915,12:09,07:51,1551,left,525,takeaway,12,D,84,37,8480336
2025020986,3,940,13:53,06:07,1551,left,525,takeaway,12,O,-63,-26,8482702
2025020986,3,958,15:21,04:39,1551,left,525,takeaway,12,D,26,-39,8480817
2025020986,3,982,17:45,02:15,1560,left,525,takeaway,22,D,-88,-30,8475786
2025020987,1,180,08:21,11:39,1551,left,525,takeaway,24,O,56,-37,8478424
2025020987,1,385,16:41,03:19,1551,left,525,takeaway,8,O,-69,39,8483515
2025020987,2,491,01:06,18:54,1551,right,525,takeaway,8,D,-44,41,8480865
2025020987,2,495,01:10,18:50,1551,right,525,takeaway,24,D,46,24,8481605
2025020987,2,709,14:04,05:56,1551,right,525,takeaway,24,O,-95,17,8477527
2025020987,3,851,02:12,17:48,1551,left,525,takeaway,24,D,-65,35,8479705
2025020987,3,882,05:51,14:09,1551,left,525,takeaway,8,N,-6,22,8480018
2025020988,1,198,06:31,13:29,1551,right,525,takeaway,30,D,-54,-42,8477446
2025020988,1,350,13:46,06:14,1551,right,525,takeaway,30,N,2,-25,8478493
2025020988,2,633,05:59,14:01,1551,left,525,takeaway,30,O,-55,-40,8477451
2025020988,2,642,06:38,13:22,1551,left,525,takeaway,54,O,50,-26,8477964
2025020988,2,651,07:55,12:05,1551,left,525,takeaway,54,D,-99,0,8478396
2025020988,2,780,17:14,02:46,1551,left,525,takeaway,54,O,69,-41,8483890
2025020988,3,856,02:44,17:16,1551,right,525,takeaway,30,N,14,39,8477446
2025020989,1,446,16:49,03:11,1551,left,525,takeaway,19,D,34,-39,8480023
2025020989,1,460,17:08,02:52,1551,left,525,takeaway,28,O,95,29,8484806
2025020989,1,471,18:25,01:35,1551,left,525,takeaway,28,D,-53,33,8475200
2025020989,1,475,18:35,01:25,1551,left,525,takeaway,19,D,79,-16,8482733
2025020989,1,476,19:02,00:58,1551,left,525,takeaway,19,N,-1,-15,8480459
2025020989,3,887,02:21,17:39,1551,left,525,takeaway,28,D,-30,-37,8480748
2025020989,3,899,03:15,16:45,1551,left,525,takeaway,28,O,91,-9,8484227
2025020989,3,1032,14:01,05:59,1551,left,525,takeaway,19,D,29,-32,8483516
2025020989,3,1075,17:05,02:55,1551,left,525,takeaway,28,O,81,-31,8479983
2025020989,4,1117,00:32,04:28,1331,right,525,takeaway,19,O,75,-19,8482077
2025020990,1,132,04:45,15:15,1551,left,525,takeaway,6,N,-19,40,8482177
2025020990,1,459,17:54,02:06,1551,left,525,takeaway,15,O,-98,-1,8482148
2025020990,2,656,09:13,10:47,1451,right,525,takeaway,15,D,-59,-22,8481656
2025020990,2,716,13:50,06:10,1451,right,525,takeaway,15,D,-84,25,8480796
2025020990,2,757,17:47,02:13,1551,right,525,takeaway,15,D,-94,31,8480873
2025020990,3,851,04:11,15:49,1551,left,525,takeaway,6,O,44,-41,8478042
2025020990,3,900,06:46,13:14,1551,left,525,takeaway,15,N,-19,-18,8478463
2025020990,3,903,06:51,13:09,1551,left,525,takeaway,6,O,55,-22,8477496
2025020991,1,188,07:20,12:40,1551,left,525,takeaway,1,O,35,41,8478414
2025020991,1,309,12:50,07:10,1551,left,525,takeaway,3,D,33,-23,8477839
2025020991,1,333,13:55,06:05,1551,left,525,takeaway,1,O,39,-32,8479996
2025020991,2,461,01:10,18:50,1551,right,525,takeaway,3,D,-83,-22,8482861
2025020991,2,479,02:05,17:55,1551,right,525,takeaway,3,D,-83,38,8481789
2025020991,2,491,03:30,16:30,1551,right,525,takeaway,3,D,-73,41,8481789
2025020991,2,709,16:33,03:27,1551,right,525,takeaway,3,O,42,27,8479390
2025020992,1,343,13:38,06:22,1551,left,525,takeaway,18,O,-32,36,8475287
2025020992,1,400,17:56,02:04,1551,left,525,takeaway,18,D,80,-18,8476869
2025020992,1,421,19:46,00:14,1551,left,525,takeaway,18,O,-85,-39,8476887
2025020992,2,851,18:20,01:40,1551,right,525,takeaway,18,N,-18,41,8483465
2025020992,3,917,02:31,17:29,1551,left,525,takeaway,7,O,77,15,8484145
2025020992,3,932,03:29,16:31,1551,left,525,takeaway,18,O,-60,-41,8476869
2025020992,3,936,03:38,16:22,1551,left,525,takeaway,18,D,42,41,8476539
2025020992,3,950,03:57,16:03,1551,left,525,takeaway,18,O,-72,-38,8476539
2025020992,3,974,06:18,13:42,1551,left,525,takeaway,18,D,39,-9,8475158
2025020992,3,975,06:22,13:38,1551,left,525,takeaway,7,N,-14,-41,8481524
2025020992,3,1001,08:20,11:40,1541,left,525,takeaway,7,D,-32,-33,8480802
2025020992,3,1087,14:41,05:19,1551,left,525,takeaway,7,D,-65,27,8477949
2025020992,3,1094,15:25,04:35,1551,left,525,takeaway,7,N,-10,3,8480802
2025020993,1,261,07:20,12:40,1551,left,525,takeaway,5,O,47,41,8482993
2025020993,1,303,10:12,09:48,1451,left,525,takeaway,4,N,13,7,8477989
2025020993,1,324,11:50,08:10,1551,left,525,takeaway,4,N,3,-33,8481533
2025020993,1,349,13:09,06:51,1551,left,525,takeaway,4,O,-99,17,8481546
2025020993,2,451,01:07,18:53,1551,right,525,takeaway,5,D,34,-40,8478854
2025020993,2,783,13:24,06:36,1541,right,525,takeaway,5,D,33,-39,8478854
2025020993,2,798,14:56,05:04,1541,right,525,takeaway,5,D,44,-7,8481481
2025020993,2,844,19:04,00:56,1551,right,525,takeaway,4,O,90,26,8483731
2025020993,3,867,00:32,19:28,1551,left,525,takeaway,5,D,-52,-38,8476483
2025020993,3,1043,12:24,07:36,1551,left,525,takeaway,5,D,-28,13,8474578
2025020994,1,83,01:32,18:28,1551,right,525,takeaway,10,N,-8,-12,8477939
2025020994,1,136,05:07,14:53,1551,right,525,takeaway,14,O,70,40,8478010
2025020994,1,280,13:45,06:15,1551,right,525,takeaway,14,O,97,8,8478519
2025020994,2,523,04:37,15:23,1551,left,525,takeaway,14,D,42,-41,8475167
2025020994,2,690,13:50,06:10,1551,left,525,takeaway,10,D,-91,-15,8475171
2025020994,2,759,15:33,04:27,1541,left,525,takeaway,10,D,-56,-30,8478904
2025020994,2,788,18:11,01:49,1551,left,525,takeaway,14,D,64,-34,8482655
2025020994,3,845,02:26,17:34,1551,right,525,takeaway,10,N,-11,8,8481711
2025020994,3,984,12:55,07:05,1551,right,525,takeaway,14,O,98,9,8476826
2025020995,1,83,01:19,18:41,1551,left,525,takeaway,29,O,64,-3,8480893
2025020995,1,171,04:29,15:31,1551,left,525,takeaway,68,D,76,-40,8477346
2025020995,1,273,08:28,11:32,1551,left,525,takeaway,29,O,96,-20,8476923
2025020995,1,329,11:30,08:30,1551,left,525,takeaway,29,D,-81,36,8478856
2025020995,1,503,17:03,02:57,1551,left,525,takeaway,29,D,-59,14,8481178
2025020995,1,508,19:56,00:04,1551,left,525,takeaway,68,O,-35,-40,8479619
2025020995,2,520,00:20,19:40,1551,right,525,takeaway,68,D,-38,-41,8479343
2025020995,2,723,16:22,03:38,1551,right,525,takeaway,68,D,-42,40,8477346
2025020995,3,876,05:02,14:58,1551,left,525,takeaway,29,N,-11,6,8480893
2025020995,3,942,13:15,06:45,1551,left,525,takeaway,68,D,26,40,8477346
2025020995,3,952,13:48,06:12,1551,left,525,takeaway,68,D,46,-31,8483431
2025020995,3,1042,18:00,02:00,1551,left,525,takeaway,68,O,-67,-40,8483431
2025020996,1,301,10:36,09:24,1551,right,525,takeaway,52,O,-40,30,8476460
2025020996,1,318,11:32,08:28,1551,right,525,takeaway,52,O,-44,36,8478398
2025020996,1,347,13:11,06:49,1551,right,525,takeaway,23,D,-36,6,8484136
2025020996,2,577,07:38,12:22,1551,left,525,takeaway,23,D,54,39,8483499
2025020996,3,889,06:22,13:38,1551,right,525,takeaway,52,N,-17,-26,8480014
2025020996,3,918,07:38,12:22,1551,right,525,takeaway,23,N,7,-34,8479425
2025020997,1,319,04:16,15:44,1551,right,525,takeaway,26,O,-89,-28,8482155
2025020997,2,365,02:53,17:07,1551,left,525,takeaway,8,D,87,-33,8478133
2025020997,2,668,08:23,11:37,1551,left,525,takeaway,26,O,68,-38,8482124
2025020997,2,671,08:55,11:05,1551,left,525,takeaway,26,D,-50,14,8481532
2025020997,2,709,11:47,08:13,1551,left,525,takeaway,26,D,-46,-38,8482408
2025020997,2,737,13:31,06:29,1551,left,525,takeaway,26,O,87,-34,8479675
2025020997,3,872,00:47,19:13,1551,right,525,takeaway,26,O,-72,41,8482124
2025020997,3,977,07:23,12:37,1551,right,525,takeaway,8,O,69,-42,8482087
2025020997,3,1000,08:07,11:53,1551,right,525,takeaway,26,O,-98,-8,8476872
2025020997,3,1022,11:14,08:46,1551,right,525,takeaway,26,O,-83,19,8481532
2025020997,3,1081,15:22,04:38,1551,right,525,takeaway,8,O,72,14,8481540
2025020998,1,92,02:28,17:32,1551,right,525,takeaway,12,N,5,15,8480830
2025020998,1,314,10:39,09:21,1551,right,525,takeaway,12,O,78,40,8476958
2025020998,1,322,10:57,09:03,1551,right,525,takeaway,12,O,98,-3,8482809
2025020998,1,372,16:08,03:52,1551,right,525,takeaway,20,O,-77,28,8474150
2025020998,2,689,09:37,10:23,1551,left,525,takeaway,20,O,91,31,8480797
2025020998,2,759,13:40,06:20,1551,left,525,takeaway,20,D,-65,40,8474150
2025020998,2,775,14:59,05:01,1551,left,525,takeaway,12,D,69,-29,8482093
2025020998,2,813,16:27,03:33,1551,left,525,takeaway,20,D,-56,5,8480860
2025020998,2,825,18:08,01:52,1551,left,525,takeaway,20,D,-71,34,8482165
2025020998,3,896,03:53,16:07,1551,right,525,takeaway,12,D,-36,40,8476958
2025020998,3,913,04:39,15:21,1551,right,525,takeaway,12,O,90,-13,8478427
2025020998,3,950,05:20,14:40,1541,right,525,takeaway,12,O,56,42,8482093
2025020998,3,1100,18:51,01:09,0651,right,525,takeaway,20,D,36,-40,8476874
2025020999,1,197,06:00,14:00,1551,left,525,takeaway,28,O,64,-41,8484911
2025020999,2,550,03:09,16:51,1551,right,525,takeaway,2,D,-51,17,8484221
2025020999,2,720,07:22,12:38,1551,right,525,takeaway,2,N,-22,-40,8476429
2025020999,2,727,07:35,12:25,1551,right,525,takeaway,2,N,-8,-14,8476429
2025020999,2,856,18:05,01:55,1551,right,525,takeaway,2,N,0,-6,8476419
2025020999,2,875,19:09,00:51,1551,right,525,takeaway,2,D,-91,-30,8478445
2025020999,3,989,07:57,12:03,1551,left,525,takeaway,28,D,-43,34,8471817
2025020999,3,1035,11:44,08:16,1551,left,525,takeaway,2,O,-94,31,8476917
2025020999,3,1129,18:19,01:41,1551,left,525,takeaway,28,D,-27,35,8484911
2025021000,1,103,02:30,17:30,1551,left,525,takeaway,9,D,25,-39,8474189
2025021000,1,389,09:13,10:47,1551,left,525,takeaway,9,O,-71,40,8476393
2025021000,2,667,06:47,13:13,1551,right,525,takeaway,55,N,18,-39,8482874
2025021000,2,812,16:33,03:27,1551,right,525,takeaway,55,O,-98,-7,8474586
2025021000,2,855,18:18,01:42,1551,right,525,takeaway,55,O,-64,36,8483570
2025021000,3,919,02:38,17:22,1551,left,525,takeaway,9,O,-84,17,8474189
2025021000,3,974,05:11,14:49,1451,left,525,takeaway,55,O,92,21,8477955
2025021000,3,980,06:40,13:20,1451,left,525,takeaway,9,N,14,-23,8482092
2025021000,3,1020,09:31,10:29,1551,left,525,takeaway,55,O,89,-20,8482751
2025021000,3,1159,18:14,01:46,1451,left,525,takeaway,9,D,31,-39,8478469
2025021000,3,1160,18:17,01:43,1451,left,525,takeaway,55,O,48,-42,8483524
2025021001,1,105,01:34,18:26,1451,right,525,takeaway,21,D,36,14,8475172
2025021001,1,263,13:25,06:35,1551,right,525,takeaway,30,O,48,12,8473422
2025021001,1,352,15:55,04:05,1551,right,525,takeaway,21,D,90,-19,8478038
2025021001,2,438,01:41,18:19,1451,left,525,takeaway,30,D,41,39,8478508
2025021001,2,723,18:39,01:21,1551,left,525,takeaway,30,O,-74,35,8477451
2025021001,3,877,05:26,14:34,1451,right,525,takeaway,21,O,-98,-17,8480039
2025021001,3,916,11:29,08:31,1451,right,525,takeaway,30,D,-63,-20,8481477
2025021001,4,1033,00:48,04:12,1331,left,525,takeaway,21,D,-87,-30,8475754
2025021001,4,1047,02:11,02:49,1331,left,525,takeaway,21,N,-4,-38,8475754
2025021002,1,96,02:58,17:02,1551,left,525,takeaway,5,O,71,-41,8474578
2025021002,1,211,07:51,12:09,1541,left,525,takeaway,5,D,-64,28,8481481
2025021002,1,222,09:20,10:40,1541,left,525,takeaway,5,D,-69,18,8478854
2025021002,1,318,16:15,03:45,1551,left,525,takeaway,5,O,71,27,8474578
2025021002,1,322,17:12,02:48,1551,left,525,takeaway,6,O,-80,31,8478401
2025021002,2,602,11:27,08:33,1551,right,525,takeaway,6,D,-48,-18,8477956
2025021002,2,736,16:32,03:28,1551,right,525,takeaway,5,O,-95,10,8475810
2025021002,2,817,18:39,01:21,1551,right,525,takeaway,6,O,95,-8,8479661
2025021002,3,872,02:29,17:31,1551,left,525,takeaway,5,O,93,-3,8471724
2025021002,3,900,04:31,15:29,1551,left,525,takeaway,5,O,96,-14,8482993
2025021002,3,976,07:26,12:34,1551,left,525,takeaway,6,O,-73,16,8479591
2025021002,3,1009,10:23,09:37,1551,left,525,takeaway,6,N,16,38,8478401
2025021003,1,132,02:38,17:22,1551,left,525,takeaway,7,D,-29,42,8475842
2025021003,1,173,05:11,14:49,1351,left,525,takeaway,14,D,98,-20,8474151
2025021003,1,564,15:03,04:57,1441,left,525,takeaway,7,O,63,-39,8477949
2025021003,1,607,19:47,00:13,1551,left,525,takeaway,7,D,-43,-2,8480839
2025021003,2,755,09:16,10:44,1551,right,525,takeaway,7,N,-15,38,8481524
2025021003,2,906,17:32,02:28,1551,right,525,takeaway,14,O,41,38,8483447
2025021003,3,1292,19:58,00:02,0651,left,525,takeaway,7,D,-53,-12,8480839
2025021004,1,68,00:09,19:51,1551,right,525,takeaway,25,O,-41,-42,8477454
2025021004,1,344,17:33,02:27,1551,right,525,takeaway,25,D,46,-30,8479351
2025021004,2,373,00:16,19:44,1551,left,525,takeaway,16,D,99,-18,8482176
2025021004,2,533,05:37,14:23,1551,left,525,takeaway,25,O,72,-40,8483425
2025021004,2,673,12:23,07:37,1551,left,525,takeaway,16,D,73,-25,8476891
2025021004,2,709,15:06,04:54,1551,left,525,takeaway,25,D,-66,26,8481581
2025021004,2,736,16:52,03:08,1551,left,525,takeaway,16,D,48,19,8483493
2025021004,2,742,17:36,02:24,1551,left,525,takeaway,25,D,-32,-36,8484829
2025021004,2,744,17:37,02:23,1551,left,525,takeaway,16,O,-51,-42,8482176
2025021004,3,817,00:53,19:07,1551,right,525,takeaway,16,O,74,-39,8483493
2025021004,3,997,17:03,02:57,1541,right,525,takeaway,16,O,90,-34,8484144
2025021005,1,64,00:23,19:37,1551,left,525,takeaway,1,O,97,3,8478414
2025021005,1,82,00:49,19:11,1551,left,525,takeaway,1,O,70,39,8481721
2025021005,1,165,03:30,16:30,1551,left,525,takeaway,17,O,-99,-6,8475753
2025021005,1,421,14:58,05:02,1551,left,525,takeaway,17,D,70,37,8481607
2025021005,2,484,00:15,19:45,1551,right,525,takeaway,17,O,28,31,8477429
2025021005,2,700,09:13,10:47,1551,right,525,takeaway,17,D,-86,27,8481542
2025021005,2,763,14:02,05:58,1541,right,525,takeaway,1,D,31,29,8477015
2025021005,3,1000,10:38,09:22,1551,left,525,takeaway,17,N,-18,-6,8484794
2025021005,3,1088,18:11,01:49,1551,left,525,takeaway,17,N,-17,39,8484794
2025021005,3,1106,19:29,00:31,1551,left,525,takeaway,1,O,91,33,8484177
2025021006,1,444,18:50,01:10,1551,left,525,takeaway,24,O,80,-41,8482178
2025021006,1,501,19:50,00:10,1551,left,525,takeaway,24,N,-2,-4,8481605
2025021006,2,605,06:37,13:23,1451,right,525,takeaway,24,O,-58,-14,8484153
2025021006,2,760,18:52,01:08,1441,right,525,takeaway,19,D,-38,-41,8483516
2025021006,2,761,19:46,00:14,1541,right,525,takeaway,24,D,76,-9,8482803
2025021006,3,776,00:43,19:17,1541,left,525,takeaway,24,D,-43,-40,8482178
2025021006,3,1075,18:42,01:18,1551,left,525,takeaway,19,D,49,25,8482077
2025021007,1,99,02:07,17:53,1451,right,525,takeaway,22,D,-33,18,8477953
2025021007,1,177,04:12,15:48,1551,right,525,takeaway,22,D,-84,-28,8477934
2025021007,1,223,06:30,13:30,1551,right,525,takeaway,54,D,68,-22,8478483
2025021007,1,282,12:26,07:34,1551,right,525,takeaway,54,O,-67,11,8478483
2025021007,2,650,12:06,07:54,1451,left,525,takeaway,54,O,58,-22,8483890
2025021007,2,691,15:19,04:41,1541,left,525,takeaway,54,D,-44,-7,8479353
2025021007,3,964,09:29,10:31,1551,right,525,takeaway,22,D,-51,18,8483512
2025021007,3,968,09:53,10:07,1551,right,525,takeaway,22,D,-26,-20,8483512
2025021007,3,1092,17:33,02:27,1560,right,525,takeaway,22,D,-27,14,8480803
2025021008,2,590,05:17,14:43,1551,left,525,takeaway,3,D,98,3,8479323
2025021008,2,647,09:54,10:06,1551,left,525,takeaway,4,O,48,40,8476461
2025021008,3,818,01:11,18:49,1451,right,525,takeaway,3,O,80,-37,8483690
2025021008,3,900,08:54,11:06,1551,right,525,takeaway,4,O,-37,-27,8484387
2025021008,3,913,09:31,10:29,1551,right,525,takeaway,3,D,-91,33,8482073
2025021008,3,1017,16:21,03:39,1551,right,525,takeaway,4,O,-41,36,8484142
2025021008,3,1031,17:11,02:49,1551,right,525,takeaway,3,O,42,37,8477380
2025021009,1,147,06:29,13:31,1451,right,525,takeaway,15,O,-25,32,8481580
2025021009,1,477,19:07,00:53,1551,right,525,takeaway,20,D,-70,-30,8482074
2025021009,2,497,00:33,19:27,1551,left,525,takeaway,20,N,0,11,8482165
2025021009,2,508,02:06,17:54,1551,left,525,takeaway,20,O,-58,40,8482074
2025021009,2,523,02:29,17:31,1551,left,525,takeaway,15,D,-57,42,8480796
2025021009,2,632,11:25,08:35,1551,left,525,takeaway,20,D,27,39,8482074
2025021009,2,748,18:51,01:09,1451,left,525,takeaway,20,N,-10,-16,8480797
2025021009,3,798,02:52,17:08,1551,right,525,takeaway,15,D,99,18,8477845
2025021009,3,871,03:57,16:03,1551,right,525,takeaway,15,O,-60,29,8479400
2025021009,3,907,05:23,14:37,1551,right,525,takeaway,15,N,0,-19,8478440
2025021009,3,1017,11:33,08:27,1551,right,525,takeaway,15,D,41,27,8480796
2025021009,3,1020,12:26,07:34,1551,right,525,takeaway,15,D,53,37,8479345
2025021010,1,149,06:10,13:50,1451,right,525,takeaway,16,N,8,40,8484144
2025021010,1,235,09:23,10:37,1551,right,525,takeaway,16,D,74,37,8482176
2025021010,1,281,12:34,07:26,1551,right,525,takeaway,16,D,29,40,8483493
2025021010,1,297,13:38,06:22,1551,right,525,takeaway,16,O,-30,-38,8481624
2025021010,2,520,02:13,17:47,1441,left,525,takeaway,16,D,-76,-6,8477444
2025021010,2,702,13:36,06:24,1551,left,525,takeaway,68,O,-69,-32,8480084
2025021010,2,717,15:03,04:57,1551,left,525,takeaway,16,D,-39,-41,8484783
2025021010,2,768,17:45,02:15,1551,left,525,takeaway,68,D,81,4,8483431
2025021010,3,848,04:39,15:21,1551,right,525,takeaway,68,D,-25,41,8479977
2025021010,3,1007,08:34,11:26,1551,right,525,takeaway,68,D,-54,-34,8479977
2025021010,3,1014,09:32,10:28,1551,right,525,takeaway,16,D,77,32,8484783
2025021010,3,1131,18:15,01:45,1551,right,525,takeaway,68,O,70,21,8477951
2025021011,1,219,07:33,12:27,1551,right,525,takeaway,23,O,-65,39,8478444
2025021011,1,279,11:22,08:38,1551,right,525,takeaway,23,N,-1,22,8480012
2025021011,1,343,15:55,04:05,1551,right,525,takeaway,23,D,83,-27,8476927
2025021011,1,365,18:07,01:53,1551,right,525,takeaway,23,D,78,18,8480012
2025021011,2,401,00:24,19:36,1551,left,525,takeaway,23,N,-21,36,8483678
2025021011,2,559,07:16,12:44,1451,left,525,takeaway,9,D,30,-16,8478020
2025021011,2,674,11:44,08:16,1541,left,525,takeaway,23,D,-50,41,8477969
2025021011,3,822,02:32,17:28,1541,right,525,takeaway,23,D,53,-41,8478444
2025021011,3,936,10:38,09:22,1551,right,525,takeaway,23,N,7,35,8481024
2025021011,3,1000,13:43,06:17,1560,right,525,takeaway,9,D,-50,-41,8482092
2025021011,3,1048,19:26,00:34,1560,right,525,takeaway,23,O,-88,-31,8483499
2025021012,1,90,01:52,18:08,1551,left,525,takeaway,6,O,88,25,8483489
2025021012,1,244,11:28,08:32,1441,left,525,takeaway,26,D,44,-3,8478550
2025021012,1,408,13:01,06:59,1541,left,525,takeaway,6,D,-41,27,8480355
2025021012,1,409,13:39,06:21,1551,left,525,takeaway,6,D,-32,5,8476854
2025021012,1,437,15:33,04:27,1551,left,525,takeaway,6,O,98,-11,8478042
2025021012,2,642,09:29,10:31,1451,right,525,takeaway,26,D,-47,38,8479675
2025021012,3,844,06:32,13:28,1551,left,525,takeaway,26,O,-73,-37,8477960
2025021012,3,854,08:02,11:58,1551,left,525,takeaway,26,O,-71,35,8482155
2025021012,3,879,08:47,11:13,1551,left,525,takeaway,26,D,71,23,8476441
2025021013,1,114,05:11,14:49,1551,left,525,takeaway,7,D,-92,-25,8480807
2025021013,1,141,06:35,13:25,1551,left,525,takeaway,7,N,-7,-39,8482671
2025021013,1,397,19:06,00:54,1551,left,525,takeaway,28,O,-46,3,8484801
2025021013,2,611,04:20,15:40,1551,right,525,takeaway,28,O,99,15,8479983
2025021013,2,622,05:19,14:41,1551,right,525,takeaway,7,N,-22,-22,8480839
2025021013,2,768,15:50,04:10,1541,right,525,takeaway,7,D,84,28,8477949
2025021013,3,856,01:42,18:18,1551,left,525,takeaway,28,N,-18,-19,8485402
2025021013,3,857,02:08,17:52,1551,left,525,takeaway,28,D,65,28,8479576
2025021013,3,905,05:37,14:23,1551,left,525,takeaway,7,O,91,23,8475842
2025021013,3,991,11:21,08:39,1541,left,525,takeaway,7,D,-32,36,8481524
2025021013,3,1039,14:51,05:09,1551,left,525,takeaway,7,D,-47,37,8481522
2025021014,1,215,07:31,12:29,1551,right,525,takeaway,8,N,1,-22,8482087
2025021014,1,326,14:08,05:52,1551,right,525,takeaway,10,N,2,40,8476931
2025021014,2,461,00:35,19:25,1551,left,525,takeaway,10,O,-30,-23,8477503
2025021014,2,558,04:25,15:35,1541,left,525,takeaway,8,N,-23,31,8478133
2025021014,2,581,06:03,13:57,1551,left,525,takeaway,8,O,56,39,8478851
2025021014,3,769,00:16,19:44,1551,right,525,takeaway,8,D,93,-19,8480018
2025021014,3,817,03:35,16:25,1551,right,525,takeaway,8,D,58,40,8480018
2025021014,3,832,05:02,14:58,1551,right,525,takeaway,8,O,-82,26,8476981
2025021014,3,894,09:38,10:22,1551,right,525,takeaway,8,D,96,13,8478851
2025021014,3,996,13:49,06:11,1451,right,525,takeaway,8,O,-80,-14,8483457
2025021014,3,1005,14:34,05:26,1451,right,525,takeaway,10,D,-62,-39,8479318
2025021015,1,65,00:30,19:30,1551,left,525,takeaway,29,N,-18,-39,8476432
2025021015,1,92,02:27,17:33,1551,left,525,takeaway,29,D,30,28,8477497
2025021015,1,201,10:53,09:07,1551,left,525,takeaway,29,O,-82,40,8478975
2025021015,1,225,12:21,07:39,1541,left,525,takeaway,14,N,-16,-18,8479542
2025021015,2,387,01:00,19:00,1551,right,525,takeaway,29,D,-98,19,8476923
2025021015,2,542,04:47,15:13,1551,right,525,takeaway,29,D,-59,-17,8484166
2025021015,2,656,08:36,11:24,1551,right,525,takeaway,29,O,66,-37,8475745
2025021015,2,673,08:51,11:09,1551,right,525,takeaway,29,N,12,-40,8478975
2025021015,2,773,17:33,02:27,1551,right,525,takeaway,29,O,35,11,8483485
2025021015,3,951,07:18,12:42,1551,left,525,takeaway,29,D,26,-2,8478856
2025021015,3,1092,18:42,01:18,1551,left,525,takeaway,14,D,-97,-17,8478010
2025021016,1,77,01:30,18:30,1551,right,525,takeaway,13,D,66,40,8477935
2025021016,1,93,02:13,17:47,1551,right,525,takeaway,17,O,85,-30,8474037
2025021016,1,171,07:39,12:21,1551,right,525,takeaway,17,D,-30,-42,8481607
2025021016,1,266,10:02,09:58,1551,right,525,takeaway,13,D,25,17,8482113
2025021016,2,475,01:56,18:04,1551,left,525,takeaway,17,O,-94,26,8480879
2025021016,2,816,15:56,04:04,1551,left,525,takeaway,13,N,18,38,8478859
2025021016,3,890,01:16,18:44,1551,right,525,takeaway,17,O,80,-12,8479337
2025021016,3,895,01:30,18:30,1551,right,525,takeaway,13,D,29,9,8478542
2025021016,3,1035,04:49,15:11,1551,right,525,takeaway,13,O,-90,35,8484304
2025021016,3,1202,17:58,02:02,1560,right,525,takeaway,13,O,-98,12,8477932
2025021017,1,147,05:47,14:13,1551,right,525,takeaway,20,O,98,9,8477810
2025021017,1,178,06:47,13:13,1551,right,525,takeaway,3,N,14,25,8484210
2025021017,1,388,15:34,04:26,1551,right,525,takeaway,20,D,-33,-29,8481167
2025021017,2,597,09:12,10:48,1551,left,525,takeaway,3,O,75,-38,8479323
2025021017,2,673,12:11,07:49,1551,left,525,takeaway,3,D,-30,41,8476389
2025021017,2,852,19:16,00:44,1551,left,525,takeaway,20,O,-99,8,8476458
2025021017,3,932,05:49,14:11,1551,right,525,takeaway,3,O,-88,31,8479323
2025021017,3,1011,11:09,08:51,1551,right,525,takeaway,3,D,84,28,8479323
2025021017,3,1064,15:21,04:39,1551,right,525,takeaway,20,N,8,0,8481167
2025021017,3,1080,16:40,03:20,1551,right,525,takeaway,3,D,29,-27,8481525
2025021018,1,88,01:08,18:52,1551,right,525,takeaway,12,O,-93,32,8477478
2025021018,1,330,10:40,09:20,1551,right,525,takeaway,12,N,-16,34,8480336
2025021018,1,362,12:18,07:42,1551,right,525,takeaway,5,O,63,-7,8475810
2025021018,2,505,00:08,19:52,1551,left,525,takeaway,12,O,99,12,8476958
2025021018,2,508,00:28,19:32,1551,left,525,takeaway,12,N,10,19,8476958
2025021018,2,530,01:58,18:02,1551,left,525,takeaway,5,D,32,-41,8485414
2025021018,2,647,10:20,09:40,1551,left,525,takeaway,12,D,-28,11,8477478
2025021018,3,796,01:09,18:51,1551,right,525,takeaway,12,D,41,31,8480817
2025021018,3,958,09:15,10:45,1551,right,525,takeaway,12,O,-96,12,8480336
2025021018,4,1109,01:26,03:34,1331,left,525,takeaway,5,N,-11,40,8476483
2025021019,1,120,02:33,17:27,1551,left,525,takeaway,19,O,53,24,8482089
2025021019,1,381,16:41,03:19,1551,left,525,takeaway,19,O,49,37,8482077
2025021019,2,799,17:52,02:08,1551,right,525,takeaway,19,N,-17,11,8482077
2025021019,2,817,19:33,00:27,1451,right,525,takeaway,2,D,-97,-6,8476429
2025021019,3,859,02:19,17:41,1551,left,525,takeaway,19,D,-67,-14,8481006
2025021019,3,953,07:19,12:41,1551,left,525,takeaway,2,N,-2,-22,8476292
2025021019,3,959,07:39,12:21,1551,left,525,takeaway,2,N,-1,-7,8477369
2025021019,3,1064,15:10,04:50,1551,left,525,takeaway,2,D,98,16,8476917
2025021019,3,1069,16:13,03:47,1551,left,525,takeaway,19,N,-21,38,8481598
2025021020,1,85,02:00,18:00,1551,right,525,takeaway,54,D,-92,29,8478483
2025021020,2,440,03:20,16:40,1551,left,525,takeaway,54,O,-99,-7,8478468
2025021020,3,852,06:27,13:33,1551,right,525,takeaway,25,O,-79,-27,8473994
2025021020,3,986,17:56,02:04,1551,right,525,takeaway,25,D,39,-27,8480027
2025021021,1,177,07:23,12:37,1551,right,525,takeaway,30,N,21,-36,8478136
2025021021,1,319,09:06,10:54,1551,right,525,takeaway,68,D,-60,42,8483431
2025021021,1,495,14:56,05:04,1551,right,525,takeaway,30,N,18,27,8481557
2025021021,2,568,01:53,18:07,1551,left,525,takeaway,30,O,43,28,8481553
2025021021,2,575,02:00,18:00,1551,left,525,takeaway,30,O,48,-5,8481553
2025021021,2,596,03:33,16:27,1551,left,525,takeaway,68,D,67,3,8480434
2025021021,2,741,14:50,05:10,1551,left,525,takeaway,30,O,44,-31,8481557
2025021021,3,861,00:11,19:49,1551,right,525,takeaway,30,O,-99,-19,8478864
2025021021,3,868,01:03,18:57,1551,right,525,takeaway,68,D,-32,28,8480084
2025021021,3,932,04:27,15:33,1551,right,525,takeaway,30,D,97,23,8477451
2025021021,3,1014,11:35,08:25,1551,right,525,takeaway,30,O,-27,33,8475692
2025021022,1,131,06:14,13:46,1551,right,525,takeaway,52,D,95,3,8476460
2025021022,1,289,13:46,06:14,1551,right,525,takeaway,24,N,8,-7,8480068
2025021022,2,449,02:13,17:47,1551,left,525,takeaway,24,D,70,42,8476885
2025021022,2,564,06:53,13:07,1551,left,525,takeaway,24,N,8,40,8482178
2025021022,2,628,12:30,07:30,1551,left,525,takeaway,52,O,40,-37,8478398
2025021022,3,882,09:00,11:00,1551,right,525,takeaway,52,O,-48,-38,8480049
2025021022,3,978,17:21,02:39,1560,right,525,takeaway,24,O,70,26,8484762
2025021023,1,212,10:25,09:35,1551,right,525,takeaway,21,O,-93,0,8479525
2025021023,1,226,10:31,09:29,1551,right,525,takeaway,22,D,-64,24,8476454
2025021023,1,233,10:38,09:22,1551,right,525,takeaway,21,N,20,32,8477492
2025021023,1,235,11:49,08:11,1551,right,525,takeaway,21,O,-67,3,8482947
2025021023,1,263,13:51,06:09,1551,right,525,takeaway,21,N,9,-30,8476312
2025021023,2,672,12:59,07:01,1551,left,525,takeaway,22,D,81,-19,8479365
2025021023,3,801,00:09,19:51,1441,right,525,takeaway,22,N,-14,-36,8480803
2025021023,3,844,04:26,15:34,1551,right,525,takeaway,22,O,89,-20,8478458
2025021023,3,914,05:17,14:43,1551,right,525,takeaway,22,O,41,-36,8477450
2025021023,3,1070,16:06,03:54,1551,right,525,takeaway,22,O,26,27,8475218
2025021024,1,136,05:10,14:50,1551,left,525,takeaway,18,O,-97,-20,8484241
2025021024,1,257,05:44,14:16,1551,left,525,takeaway,55,O,77,-9,8482751
2025021024,1,316,11:11,08:49,1551,left,525,takeaway,55,D,-42,37,8480009
2025021024,1,497,19:23,00:37,1551,left,525,takeaway,55,D,-69,-42,8481554
2025021024,2,510,00:19,19:41,1551,right,525,takeaway,55,D,48,-37,8480009
2025021024,2,575,03:38,16:22,1551,right,525,takeaway,18,O,96,2,8475158
2025021024,2,657,05:51,14:09,1551,right,525,takeaway,18,O,94,27,8482768
2025021024,2,674,08:10,11:50,1551,right,525,takeaway,55,D,50,28,8480009
2025021024,2,703,10:28,09:32,1551,right,525,takeaway,18,O,97,-3,8476539
2025021024,3,840,01:25,18:35,1551,left,525,takeaway,55,D,-99,19,8478407
2025021024,3,1055,13:28,06:32,1551,left,525,takeaway,18,D,29,-38,8476869
2025021024,3,1114,17:24,02:36,1551,left,525,takeaway,55,N,-2,-30,8484800
2025021025,1,268,14:33,05:27,1551,left,525,takeaway,8,D,60,40,8482737
2025021025,1,275,14:54,05:06,1551,left,525,takeaway,9,O,73,41,8476393
2025021025,1,335,17:43,02:17,1551,left,525,takeaway,8,D,62,20,8483457
2025021025,1,348,18:35,01:25,1551,left,525,takeaway,9,O,80,37,8473512
2025021025,2,544,07:45,12:15,1541,right,525,takeaway,9,N,15,-8,8482092
2025021025,2,668,11:10,08:50,1551,right,525,takeaway,8,D,-94,27,8476479
2025021025,2,824,14:54,05:06,1551,right,525,takeaway,9,N,1,-36,8474189
2025021025,2,875,19:29,00:31,1551,right,525,takeaway,9,D,54,40,8478020
2025021025,3,994,07:14,12:46,1551,left,525,takeaway,8,N,-7,-4,8476479
2025021025,3,1035,09:52,10:08,1551,left,525,takeaway,8,O,-29,4,8482737
2025021025,3,1174,19:23,00:37,1560,left,525,takeaway,9,O,75,-19,8481528
2025021026,1,533,17:35,02:25,1551,right,525,takeaway,4,D,77,-37,8477948
2025021026,2,664,09:24,10:36,1551,left,525,takeaway,15,O,-43,42,8482088
2025021026,2,1089,10:15,09:45,1551,left,525,takeaway,15,N,-24,38,8481580
2025021026,2,944,10:25,09:35,1551,left,525,takeaway,4,D,-33,-37,8482142
2025021026,2,753,16:04,03:56,1551,left,525,takeaway,15,O,-98,4,8481656
2025021026,3,1004,13:37,06:23,1551,right,525,takeaway,4,D,62,-40,8480015
2025021027,1,220,08:19,11:41,1451,left,525,takeaway,6,O,47,-17,8482511
2025021027,1,231,08:54,11:06,1451,left,525,takeaway,28,N,-20,11,8484911
2025021027,1,429,16:31,03:29,1551,left,525,takeaway,28,O,-96,-16,8475200
2025021027,1,462,18:23,01:37,1551,left,525,takeaway,6,D,-50,-34,8477507
2025021027,2,523,03:07,16:53,1551,right,525,takeaway,6,D,38,36,8482177
2025021027,2,639,10:39,09:21,1551,right,525,takeaway,6,N,18,-11,8477956
2025021027,2,711,16:56,03:04,1551,right,525,takeaway,28,O,83,-39,8478874
2025021027,2,736,18:24,01:36,1551,right,525,takeaway,6,D,98,-22,8479987
2025021027,2,743,18:54,01:06,1551,right,525,takeaway,28,D,-58,-41,8485402
2025021027,3,965,11:14,08:46,1551,left,525,takeaway,28,D,50,-40,8477505
2025021028,1,156,03:26,16:34,1551,left,525,takeaway,7,O,96,1,8479420
2025021028,1,369,11:46,08:14,1551,left,525,takeaway,7,O,73,-37,8480807
2025021028,1,405,14:15,05:45,1551,left,525,takeaway,15,O,-87,-31,8479400
2025021028,2,624,03:20,16:40,1551,right,525,takeaway,7,O,-91,-32,8481524
2025021028,2,704,09:20,10:40,1551,right,525,takeaway,15,D,-30,-37,8480043
2025021028,2,718,09:58,10:02,1551,right,525,takeaway,7,D,28,-28,8480802
2025021028,2,766,14:28,05:32,1541,right,525,takeaway,15,O,95,-17,8480873
2025021028,2,776,15:13,04:47,1551,right,525,takeaway,15,D,-38,-35,8478463
2025021028,2,824,19:49,00:11,1551,right,525,takeaway,15,N,-8,-29,8478440
2025021028,3,912,04:43,15:17,1551,left,525,takeaway,15,N,-19,-42,8480796
2025021028,3,1015,09:40,10:20,1551,left,525,takeaway,15,D,76,23,8480043
2025021028,3,1081,13:54,06:06,1551,left,525,takeaway,7,D,-51,8,8483500
2025021028,3,1140,17:37,02:23,1551,left,525,takeaway,15,N,6,-32,8479345
2025021028,3,1143,17:58,02:02,1551,left,525,takeaway,15,D,91,-27,8478440
2025021029,1,101,01:30,18:30,1551,right,525,takeaway,10,N,9,41,8481582
2025021029,1,181,07:14,12:46,1551,right,525,takeaway,10,D,33,26,8481711
2025021029,1,383,12:33,07:27,1551,right,525,takeaway,10,O,-73,-41,8479318
2025021029,2,630,04:49,15:11,1551,left,525,takeaway,24,N,-3,30,8482745
2025021029,2,635,05:05,14:55,1551,left,525,takeaway,24,O,-84,34,8484762
2025021029,2,665,07:32,12:28,1541,left,525,takeaway,24,D,98,17,8484153
2025021029,2,699,08:18,11:42,1541,left,525,takeaway,24,O,-94,4,8483445
2025021029,2,739,12:22,07:38,1551,left,525,takeaway,10,N,-1,5,8481122
2025021029,2,769,15:40,04:20,1551,left,525,takeaway,10,O,70,-41,8477939
2025021029,3,815,00:14,19:46,1451,right,525,takeaway,24,D,-70,-29,8481605
2025021029,3,864,03:12,16:48,1451,right,525,takeaway,24,D,-30,25,8483490
2025021029,3,973,09:52,10:08,1541,right,525,takeaway,24,N,23,6,8481605
2025021029,3,974,09:57,10:03,1541,right,525,takeaway,10,D,31,6,8482720
2025021030,1,180,08:56,11:04,1551,left,525,takeaway,14,O,99,8,8482201
2025021030,1,225,12:36,07:24,1551,left,525,takeaway,17,D,83,-15,8480326
2025021030,2,524,02:41,17:19,1551,right,525,takeaway,17,N,-8,24,8481607
2025021030,2,542,03:30,16:30,1551,right,525,takeaway,17,D,-65,17,8484794
2025021030,2,578,08:21,11:39,1551,right,525,takeaway,17,O,91,10,8480326
2025021030,2,579,08:34,11:26,1551,right,525,takeaway,17,D,-34,-23,8475753
2025021030,2,707,13:51,06:09,1551,right,525,takeaway,17,O,84,-35,8482078
2025021030,3,943,06:44,13:16,1551,left,525,takeaway,17,N,-13,35,8482078
2025021030,3,944,06:52,13:08,1551,left,525,takeaway,17,O,-75,41,8474141
2025021030,3,1090,16:47,03:13,0651,left,525,takeaway,17,O,-96,-23,8484471
2025021030,3,1092,16:49,03:11,0651,left,525,takeaway,14,D,-80,-40,8479542
2025021030,3,1095,18:27,01:33,1551,left,525,takeaway,17,D,99,-4,8481542
2025021031,1,64,00:30,19:30,1551,right,525,takeaway,13,O,-87,-19,8479314
2025021031,1,232,08:53,11:07,1551,right,525,takeaway,29,D,-55,10,8478975
2025021031,1,236,09:09,10:51,1551,right,525,takeaway,29,O,91,30,8478856
2025021031,1,246,09:53,10:07,1551,right,525,takeaway,29,D,-26,40,8479371
2025021031,1,318,11:22,08:38,1551,right,525,takeaway,29,O,87,27,8476432
2025021031,1,326,11:36,08:24,1551,right,525,takeaway,29,O,69,39,8478500
2025021031,1,362,14:23,05:37,1551,right,525,takeaway,13,N,-13,24,8477935
2025021031,1,374,15:25,04:35,1551,right,525,takeaway,13,D,91,-9,8475179
2025021031,2,677,12:54,07:06,1541,left,525,takeaway,29,D,50,-28,8478975
2025021031,2,720,17:10,02:50,1551,left,525,takeaway,29,D,27,8,8480893
2025021031,3,808,03:23,16:37,1551,right,525,takeaway,13,D,36,-39,8482131
2025021031,3,818,03:55,16:05,1551,right,525,takeaway,13,O,-35,-7,8478542
2025021032,1,182,09:18,10:42,1551,left,525,takeaway,1,D,-26,-39,8483495
2025021032,1,268,11:45,08:15,1551,left,525,takeaway,20,O,-91,29,8476874
2025021032,1,392,16:11,03:49,1551,left,525,takeaway,1,O,70,17,8475760
2025021032,1,416,18:37,01:23,1451,left,525,takeaway,20,D,62,-40,8476399
2025021032,2,431,00:51,19:09,1451,right,525,takeaway,20,N,18,-21,8481556
2025021032,2,567,05:20,14:40,1551,right,525,takeaway,1,O,-51,10,8479996
2025021032,2,664,14:00,06:00,1551,right,525,takeaway,20,D,-67,41,8481556
2025021032,3,858,04:12,15:48,1551,left,525,takeaway,20,O,-38,10,8478109
2025021032,3,1030,05:38,14:22,1551,left,525,takeaway,1,D,-57,-19,8483495
2025021033,1,146,06:23,13:37,1551,right,525,takeaway,12,D,80,19,8476958
2025021033,1,275,10:02,09:58,1551,right,525,takeaway,19,O,58,0,8483516
2025021033,2,522,04:26,15:34,1551,left,525,takeaway,12,D,-67,-38,8480336
2025021033,2,557,07:05,12:55,1551,left,525,takeaway,19,N,4,-23,8476892
2025021033,2,685,14:14,05:46,1551,left,525,takeaway,12,D,-52,28,8482809
2025021033,2,697,14:53,05:07,1551,left,525,takeaway,12,D,-79,24,8478427
2025021033,2,700,15:33,04:27,1551,left,525,takeaway,19,D,93,29,8482733
2025021033,2,746,18:29,01:31,1451,left,525,takeaway,12,D,-27,-39,8476958
2025021033,3,796,02:53,17:07,1541,right,525,takeaway,19,D,-44,-35,8481598
2025021033,3,879,08:07,11:53,1551,right,525,takeaway,19,O,99,7,8481006
2025021033,3,910,10:48,09:12,1551,right,525,takeaway,12,D,75,22,8476958
2025021033,3,929,11:54,08:06,1551,right,525,takeaway,12,D,65,40,8480817
2025021034,1,237,07:24,12:36,1551,right,525,takeaway,22,N,0,-33,8476454
2025021034,1,295,12:15,07:45,1551,right,525,takeaway,22,N,-16,15,8477934
2025021034,1,304,12:25,07:35,1551,right,525,takeaway,25,D,43,42,8473994
2025021034,1,344,15:04,04:56,1551,right,525,takeaway,25,D,40,14,8480027
2025021034,1,351,16:47,03:13,1551,right,525,takeaway,22,N,10,-41,8484509
2025021034,2,710,13:36,06:24,1551,left,525,takeaway,25,D,-76,38,8482145
2025021034,2,756,16:16,03:44,1451,left,525,takeaway,25,O,94,-10,8473994
2025021034,3,1019,10:49,09:11,1551,right,525,takeaway,25,N,-23,5,8477454
2025021034,3,1020,11:17,08:43,1551,right,525,takeaway,25,D,73,38,8480840
2025021034,3,1114,18:33,01:27,1441,right,525,takeaway,25,D,85,-20,8480878
2025021035,1,146,03:44,16:16,1551,right,525,takeaway,4,O,63,-41,8480015
2025021035,1,208,05:44,14:16,1551,right,525,takeaway,4,O,83,-26,8483733
2025021035,1,223,09:48,10:12,1451,right,525,takeaway,4,N,-20,-38,8477989
2025021035,1,417,18:29,01:31,1551,right,525,takeaway,4,O,50,31,8481533
2025021035,2,559,00:22,19:38,1551,left,525,takeaway,30,O,32,41,8477451
2025021035,3,896,04:46,15:14,1551,right,525,takeaway,4,O,29,-20,8480015
2025021035,3,913,07:13,12:47,1451,right,525,takeaway,4,D,-46,36,8476372
2025021035,3,1000,13:12,06:48,1551,right,525,takeaway,30,O,-94,-28,8481557
2025021035,3,1002,13:15,06:45,1551,right,525,takeaway,4,D,-91,-28,8484142
2025021035,3,1023,15:25,04:35,1551,right,525,takeaway,30,O,-63,42,8474567
2025021035,4,1092,01:31,03:29,1441,left,525,takeaway,4,O,-38,-24,8481533
2025021036,1,374,14:21,05:39,1551,right,525,takeaway,3,O,91,11,8481525
2025021036,2,540,03:12,16:48,1551,left,525,takeaway,3,O,-77,38,8476459
2025021036,2,767,13:31,06:29,1551,left,525,takeaway,52,O,94,-10,8476460
2025021036,2,814,17:05,02:55,1551,left,525,takeaway,3,D,32,21,8479323
2025021036,2,823,17:50,02:10,1551,left,525,takeaway,3,N,-6,26,8477839
2025021036,2,843,19:16,00:44,1551,left,525,takeaway,3,D,86,-32,8476459
2025021036,3,1027,11:39,08:21,1551,right,525,takeaway,3,O,86,-34,8481789
2025021037,1,127,04:55,15:05,1551,left,525,takeaway,68,N,-14,37,8479977
2025021037,1,186,09:22,10:38,1551,left,525,takeaway,68,D,-65,-32,8477346
2025021037,1,252,10:28,09:32,1551,left,525,takeaway,16,D,27,40,8483493
2025021037,2,460,00:48,19:12,1551,right,525,takeaway,68,N,-21,-40,8479343
2025021037,2,648,11:01,08:59,1551,right,525,takeaway,16,O,99,15,8478043
2025021037,2,662,11:51,08:09,1551,right,525,takeaway,16,D,-99,6,8483506
2025021037,2,699,14:30,05:30,1551,right,525,takeaway,68,D,98,-3,8479410
2025021037,2,729,16:20,03:40,1551,right,525,takeaway,68,D,86,-35,8478507
2025021037,2,751,18:24,01:36,1551,right,525,takeaway,16,O,75,32,8478233
2025021037,3,849,04:47,15:13,1551,left,525,takeaway,16,O,-92,5,8477987
2025021037,3,978,10:47,09:13,1551,left,525,takeaway,16,D,63,-5,8482176
2025021037,3,1000,11:21,08:39,1451,left,525,takeaway,68,O,98,-12,8479343
2025021037,3,1004,11:33,08:27,1451,left,525,takeaway,16,D,82,-38,8481624
2025021037,3,1023,13:41,06:19,1551,left,525,takeaway,68,O,65,-40,8479619
2025021037,3,1094,18:20,01:40,1551,left,525,takeaway,16,D,56,-29,8483493
2025021037,4,1134,00:52,04:08,1331,right,525,takeaway,68,N,0,37,8478474
2025021038,1,136,04:42,15:18,1551,right,525,takeaway,18,D,-54,-28,8479980
2025021038,1,190,08:45,11:15,1551,right,525,takeaway,18,N,-4,-15,8482742
2025021038,1,231,12:34,07:26,1551,right,525,takeaway,23,D,41,25,8482079
2025021038,1,284,16:57,03:03,1551,right,525,takeaway,23,O,-96,-26,8476927
2025021038,1,293,17:52,02:08,1551,right,525,takeaway,18,D,-72,28,8476869
2025021038,1,319,19:41,00:19,1551,right,525,takeaway,23,D,74,-39,8477969
2025021038,2,818,17:12,02:48,1541,left,525,takeaway,18,D,95,-19,8482715
2025021038,3,1109,12:44,07:16,1551,right,525,takeaway,23,D,56,6,8480012
2025021038,3,1205,19:37,00:23,1551,right,525,takeaway,23,O,-80,-41,8483499
2025021038,4,1218,00:47,04:13,1331,left,525,takeaway,23,D,-81,36,8483499
2025021039,1,214,07:47,12:13,1551,right,525,takeaway,5,D,-95,10,8477365
2025021039,1,287,13:07,06:53,1551,right,525,takeaway,5,D,-63,-35,8481725
2025021039,1,370,19:49,00:11,1451,right,525,takeaway,5,D,-37,-23,8477365
2025021039,2,383,00:07,19:53,1451,left,525,takeaway,5,N,-19,7,8478569
2025021039,2,825,19:44,00:16,1441,left,525,takeaway,54,D,-37,27,8477447
2025021039,3,881,03:35,16:25,1551,right,525,takeaway,5,D,-75,37,8478854
2025021039,3,926,06:42,13:18,1551,right,525,takeaway,54,N,-22,38,8483890
2025021039,3,1084,18:47,01:13,0651,right,525,takeaway,5,O,96,-18,8474578
2025021040,1,210,05:54,14:06,1551,left,525,takeaway,55,N,-2,39,8482751
2025021040,1,260,08:22,11:38,1551,left,525,takeaway,55,D,-93,5,8478407
2025021040,2,663,08:04,11:56,1551,right,525,takeaway,55,O,-64,28,8483570
2025021040,3,835,00:47,19:13,1551,left,525,takeaway,55,D,-95,19,8474586
2025021040,3,955,08:47,11:13,1551,left,525,takeaway,21,D,96,-27,8480069
2025021040,3,989,09:14,10:46,1551,left,525,takeaway,21,D,85,-32,8477501
2025021040,3,1041,14:09,05:51,1551,left,525,takeaway,21,D,27,0,8477492
2025021040,3,1063,17:03,02:57,1551,left,525,takeaway,21,D,35,29,8477492
2025021041,1,150,04:51,15:09,1551,left,525,takeaway,2,D,-31,-37,8485702
2025021041,1,266,10:59,09:01,1451,left,525,takeaway,26,D,55,16,8476879
2025021041,1,305,13:28,06:32,1551,left,525,takeaway,26,N,-20,-36,8481532
2025021041,1,323,15:17,04:43,1551,left,525,takeaway,26,D,31,0,8478550
2025021041,1,339,16:24,03:36,1551,left,525,takeaway,2,D,-83,-39,8476429
2025021041,2,724,13:56,06:04,1541,right,525,takeaway,2,D,95,9,8475231
2025021041,3,820,00:19,19:41,1551,left,525,takeaway,26,N,3,31,8474563
2025021041,3,838,01:38,18:22,1551,left,525,takeaway,2,D,-52,27,8475170
2025021041,3,918,06:40,13:20,1551,left,525,takeaway,2,D,-30,13,8477500
2025021042,1,142,04:27,15:33,1551,left,525,takeaway,19,N,-10,32,8480023
2025021042,1,146,05:16,14:44,1551,left,525,takeaway,19,D,-98,9,8476892
2025021042,1,273,08:22,11:38,1551,left,525,takeaway,22,D,93,10,8476473
2025021042,2,616,12:55,07:05,1551,right,525,takeaway,19,D,27,17,8477402
2025021042,2,651,15:21,04:39,1551,right,525,takeaway,22,O,57,32,8481617
2025021042,2,667,15:48,04:12,1551,right,525,takeaway,22,N,-12,11,8483512
2025021042,3,844,05:12,14:48,1541,left,525,takeaway,19,O,38,-14,8484230
2025021042,3,908,07:53,12:07,1451,left,525,takeaway,19,O,45,-40,8477402
2025021042,3,916,08:18,11:42,1451,left,525,takeaway,22,D,83,23,8477953
2025021042,3,1053,19:14,00:46,1551,left,525,takeaway,22,N,-8,-28,8478402
2025021042,4,1073,03:23,01:37,1331,right,525,takeaway,19,D,39,6,8483516
2025021043,1,81,00:41,19:19,1551,left,525,takeaway,9,D,-58,34,8478469
2025021043,1,150,05:17,14:43,1551,left,525,takeaway,24,D,50,-39,8481605
2025021043,1,276,06:26,13:34,1551,left,525,takeaway,9,D,-71,33,8482095
2025021043,1,419,12:21,07:39,1451,left,525,takeaway,9,D,-63,38,8473512
2025021043,1,470,17:02,02:58,1541,left,525,takeaway,9,D,-28,6,8482116
2025021043,2,539,01:15,18:45,1551,right,525,takeaway,9,D,63,23,8484321
2025021043,2,621,03:21,16:39,1551,right,525,takeaway,24,O,49,-40,8481563
2025021043,2,738,09:45,10:15,1441,right,525,takeaway,9,O,-51,4,8481596
2025021043,2,765,13:44,06:16,1551,right,525,takeaway,9,D,88,25,8481606
2025021043,2,806,15:29,04:31,1551,right,525,takeaway,24,D,-61,10,8476885
2025021043,2,842,19:15,00:45,1441,right,525,takeaway,9,D,34,37,8478469
2025021043,3,950,05:05,14:55,1551,left,525,takeaway,9,D,-56,11,8474189
2025021043,3,1124,14:37,05:23,1451,left,525,takeaway,24,N,23,20,8475798
2025021043,3,1126,14:42,05:18,1451,left,525,takeaway,9,D,-28,25,8482116
2025021044,1,128,03:56,16:04,1551,right,525,takeaway,15,D,56,-2,8480873
2025021044,1,200,08:42,11:18,1551,right,525,takeaway,6,N,5,28,8477956
2025021044,2,431,03:57,16:03,1541,left,525,takeaway,15,N,7,-33,8480873
2025021044,2,621,11:13,08:47,1551,left,525,takeaway,6,O,-68,-24,8476854
2025021044,2,780,15:02,04:58,1551,left,525,takeaway,15,D,-35,40,8480043
2025021044,2,836,18:30,01:30,1441,left,525,takeaway,6,D,79,-39,8477496
2025021044,3,925,05:26,14:34,1531,right,525,takeaway,15,D,49,40,8481656
2025021044,3,1054,14:40,05:20,1451,right,525,takeaway,6,D,-48,24,8480355
2025021045,1,94,02:42,17:18,1551,right,525,takeaway,52,D,36,33,8480196
2025021045,1,108,03:43,16:17,1551,right,525,takeaway,52,D,52,8,8480049
2025021045,1,253,06:54,13:06,1551,right,525,takeaway,52,O,-97,-6,8473604
2025021045,1,305,11:45,08:15,1451,right,525,takeaway,21,N,-7,11,8480448
2025021045,1,366,16:01,03:59,1551,right,525,takeaway,21,D,-87,-24,8480835
2025021045,2,633,10:49,09:11,1551,left,525,takeaway,52,D,-46,-28,8476392
2025021045,3,778,02:09,17:51,1541,right,525,takeaway,52,D,55,-37,8476392
2025021045,3,818,04:30,15:30,1551,right,525,takeaway,21,D,-65,4,8480069
2025021045,3,858,08:26,11:34,1551,right,525,takeaway,52,N,-12,-31,8478398
2025021045,3,890,11:10,08:50,1551,right,525,takeaway,52,O,-88,-30,8476460
2025021045,3,993,19:48,00:12,0651,right,525,takeaway,52,N,-18,13,8476392
2025021046,1,74,01:03,18:57,1541,right,525,takeaway,30,D,48,39,8477446
2025021046,1,202,07:03,12:57,1551,right,525,takeaway,3,N,-17,38,8476389
2025021046,3,972,12:50,07:10,1441,right,525,takeaway,3,D,-49,-36,8484210
2025021046,3,973,12:51,07:09,1441,right,525,takeaway,30,N,-13,-38,8475149
2025021047,1,322,08:43,11:17,1551,left,525,takeaway,10,D,47,-36,8476853
2025021047,1,346,11:55,08:05,1451,left,525,takeaway,10,D,61,-42,8482720
2025021047,1,372,13:15,06:45,1551,left,525,takeaway,10,N,-16,22,8477939
2025021047,1,482,17:20,02:40,1541,left,525,takeaway,7,D,-79,-37,8479378
2025021047,2,690,04:07,15:53,1551,right,525,takeaway,7,O,-62,39,8479420
2025021047,2,827,14:10,05:50,1551,right,525,takeaway,7,D,67,-40,8479378
2025021047,2,893,19:38,00:22,1551,right,525,takeaway,7,O,-88,25,8484305
2025021047,3,930,01:42,18:18,1551,left,525,takeaway,10,D,96,25,8478443
2025021047,3,1043,08:27,11:33,1451,left,525,takeaway,10,D,33,-1,8475166
2025021047,3,1067,09:37,10:23,1551,left,525,takeaway,10,D,88,25,8484158
2025021047,3,1165,15:45,04:15,1551,left,525,takeaway,7,D,-88,-35,8482671
2025021048,1,174,03:44,16:16,1551,right,525,takeaway,28,N,18,-42,8475906
2025021048,1,298,10:53,09:07,1551,right,525,takeaway,8,D,70,-20,8481618
2025021048,1,477,18:15,01:45,1451,right,525,takeaway,28,N,-1,40,8476624
2025021048,1,486,19:32,00:28,1451,right,525,takeaway,28,D,-35,35,8480748
2025021048,2,533,02:35,17:25,1541,left,525,takeaway,28,D,77,-41,8485402
2025021048,2,631,11:08,08:52,1551,left,525,takeaway,28,D,67,41,8477505
2025021048,2,667,14:13,05:47,1551,left,525,takeaway,8,N,-21,-41,8481523
2025021048,3,836,09:16,10:44,1551,right,525,takeaway,8,D,92,32,8482087
2025021048,3,846,09:30,10:30,1551,right,525,takeaway,8,O,-89,25,8480074
2025021049,1,89,02:24,17:36,1551,left,525,takeaway,12,D,77,40,8482100
2025021049,1,155,06:44,13:16,1451,left,525,takeaway,12,N,18,-5,8473533
2025021049,1,235,12:46,07:14,1551,left,525,takeaway,12,N,-22,24,8480817
2025021049,1,291,16:43,03:17,1551,left,525,takeaway,14,D,-78,-23,8477416
2025021049,1,294,17:03,02:57,1551,left,525,takeaway,12,O,-82,28,8475791
2025021049,2,759,09:11,10:49,1451,right,525,takeaway,14,O,-98,10,8477416
2025021049,2,761,09:14,10:46,1451,right,525,takeaway,12,D,-99,10,8476958
2025021049,2,792,11:41,08:19,1551,right,525,takeaway,14,O,-89,7,8479542
2025021049,3,944,02:07,17:53,1551,left,525,takeaway,12,D,62,-12,8476958
2025021049,3,964,04:38,15:22,1551,left,525,takeaway,12,N,3,-37,8476958
2025021049,3,1002,07:52,12:08,1551,left,525,takeaway,14,O,86,14,8476453
2025021049,3,1014,08:40,11:20,1551,left,525,takeaway,12,O,-91,-33,8482702
2025021049,3,1131,17:21,02:39,1551,left,525,takeaway,12,O,-53,-42,8480830
2025021050,1,167,07:00,13:00,1551,left,525,takeaway,1,D,-55,-41,8484958
2025021050,1,328,13:07,06:53,1551,left,525,takeaway,1,O,79,-3,8484958
2025021050,1,421,16:33,03:27,1551,left,525,takeaway,1,D,-30,-5,8481559
2025021050,2,589,07:01,12:59,1551,right,525,takeaway,26,O,89,34,8479675
2025021050,2,723,18:37,01:23,1551,right,525,takeaway,1,O,-80,-32,8475760
2025021050,3,832,06:09,13:51,1551,left,525,takeaway,26,D,53,33,8474563
2025021051,1,105,03:45,16:15,1451,left,525,takeaway,2,D,-71,22,8485366
2025021051,1,130,05:49,14:11,1551,left,525,takeaway,2,O,33,-36,8478445
2025021051,1,135,05:52,14:08,1551,left,525,takeaway,20,N,15,-31,8484768
2025021051,1,339,16:10,03:50,1551,left,525,takeaway,2,N,-5,-26,8477950
2025021051,2,436,01:51,18:09,1551,right,525,takeaway,20,D,-29,31,8482679
2025021051,2,437,01:55,18:05,1551,right,525,takeaway,2,N,24,19,8477369
2025021051,2,571,05:33,14:27,1551,right,525,takeaway,20,D,-76,-22,8478109
2025021051,2,630,10:20,09:40,1551,right,525,takeaway,20,N,-4,-3,8480860
2025021051,2,773,18:31,01:29,1551,right,525,takeaway,20,D,-36,41,8482165
2025021051,3,846,04:00,16:00,1551,left,525,takeaway,20,D,91,-30,8481556
2025021051,3,857,04:06,15:54,1551,left,525,takeaway,2,N,-1,28,8477369
2025021051,3,911,07:43,12:17,1551,left,525,takeaway,2,N,21,-14,8477407
2025021051,3,987,13:07,06:53,1551,left,525,takeaway,2,O,71,-5,8484221
2025021052,1,349,12:00,08:00,1551,right,525,takeaway,29,O,62,40,8479671
2025021052,1,547,14:44,05:16,1451,right,525,takeaway,29,D,-73,-35,8477497
2025021052,1,548,16:02,03:58,1451,right,525,takeaway,4,O,-92,6,8476461
2025021052,1,549,17:06,02:54,1551,right,525,takeaway,29,O,82,-37,8476923
2025021052,1,553,19:06,00:54,1551,right,525,takeaway,29,O,84,37,8478460
2025021052,2,829,19:23,00:37,1451,left,525,takeaway,4,N,18,29,8481546
2025021052,3,1217,01:45,18:15,1451,right,525,takeaway,29,N,-19,41,8477497
2025021052,3,987,10:10,09:50,1551,right,525,takeaway,29,O,34,24,8480806
2025021052,3,1099,12:02,07:58,1551,right,525,takeaway,4,O,-37,-24,8479336
2025021052,4,1218,02:03,02:57,1331,left,525,takeaway,4,D,-57,-41,8484387
2025021053,1,332,15:59,04:01,1551,right,525,takeaway,17,O,27,35,8480326
2025021053,1,430,19:33,00:27,1551,right,525,takeaway,25,D,87,34,8483425
2025021053,2,453,01:07,18:53,1451,left,525,takeaway,25,O,92,-32,8482740
2025021053,2,500,03:17,16:43,1541,left,525,takeaway,25,D,-62,-40,8484938
2025021053,2,776,19:09,00:51,1551,left,525,takeaway,17,O,-92,-16,8482762
2025021053,3,864,05:06,14:54,1441,right,525,takeaway,25,N,23,25,8480036
2025021053,3,920,09:13,10:47,1541,right,525,takeaway,17,O,60,-25,8474037
2025021053,3,1027,17:31,02:29,1551,right,525,takeaway,17,O,68,-39,8477456
2025021054,1,113,03:54,16:06,1551,left,525,takeaway,68,N,9,-10,8477346
2025021054,1,126,05:04,14:56,1551,left,525,takeaway,68,N,18,-15,8482699
2025021054,1,161,07:08,12:52,1551,left,525,takeaway,68,D,-76,40,8477220
2025021054,1,185,08:31,11:29,1551,left,525,takeaway,68,D,-30,-34,8483431
2025021054,1,299,13:13,06:47,1551,left,525,takeaway,68,D,-47,0,8477346
2025021054,2,728,13:17,06:43,1551,right,525,takeaway,68,D,29,-17,8478474
2025021054,3,893,04:31,15:29,1551,left,525,takeaway,68,D,-56,0,8479619
2025021054,3,949,09:11,10:49,1551,left,525,takeaway,5,O,-88,36,8477511
2025021055,1,74,00:56,19:04,1551,right,525,takeaway,55,O,68,24,8480009
2025021055,1,170,08:00,12:00,1551,right,525,takeaway,23,O,-93,30,8480012
2025021055,2,632,07:30,12:30,1551,left,525,takeaway,55,O,-88,-29,8479324
2025021055,2,699,12:49,07:11,1551,left,525,takeaway,23,D,-33,-41,8480876
2025021055,3,795,00:28,19:32,1551,right,525,takeaway,23,O,-88,-35,8478498
2025021055,3,905,08:32,11:28,1451,right,525,takeaway,55,D,-78,41,8483570
2025021055,3,927,10:32,09:28,1551,right,525,takeaway,23,O,-33,31,8477969
2025021055,3,990,14:53,05:07,1551,right,525,takeaway,55,O,37,0,8477919
2025021056,1,152,05:03,14:57,1551,right,525,takeaway,54,D,97,-24,8481527
2025021056,1,356,12:13,07:47,1551,right,525,takeaway,16,O,94,-28,8477479
2025021056,2,550,00:31,19:29,1441,left,525,takeaway,16,N,8,-30,8483493
2025021056,2,587,02:05,17:55,1551,left,525,takeaway,54,D,-66,34,8475188
2025021056,2,695,11:49,08:11,1551,left,525,takeaway,16,D,55,13,8476891
2025021056,2,702,11:54,08:06,1551,left,525,takeaway,54,O,85,34,8476881
2025021056,3,902,06:55,13:05,1551,right,525,takeaway,16,N,0,-34,8477479
2025021056,3,1057,13:38,06:22,1551,right,525,takeaway,54,O,-73,41,8483890
2025021057,1,238,09:31,10:29,1551,right,525,takeaway,19,O,87,19,8480023
2025021057,1,276,12:13,07:47,1551,right,525,takeaway,52,D,80,-39,8477504
2025021057,1,331,17:43,02:17,1451,right,525,takeaway,19,D,-79,36,8481598
2025021057,2,499,03:57,16:03,1551,left,525,takeaway,52,D,-90,13,8477938
2025021057,2,632,10:05,09:55,1551,left,525,takeaway,19,O,-99,-9,8483516
2025021057,2,698,16:47,03:13,1551,left,525,takeaway,52,O,95,5,8476460
2025021057,3,916,12:39,07:21,1551,right,525,takeaway,52,O,-35,41,8482149
2025021058,1,62,00:30,19:30,1551,left,525,takeaway,28,D,37,26,8484911
2025021058,1,195,08:35,11:25,1551,left,525,takeaway,28,O,-99,3,8482667
2025021058,1,375,16:29,03:31,1551,left,525,takeaway,9,O,36,16,8476393
2025021058,1,385,17:24,02:36,1551,left,525,takeaway,28,N,7,14,8475200
2025021058,2,712,14:57,05:03,1551,right,525,takeaway,9,O,-44,36,8480801
2025021058,2,772,19:38,00:22,1541,right,525,takeaway,9,D,64,-39,8482092
2025021058,3,798,00:57,19:03,1541,left,525,takeaway,28,D,61,14,8475726
2025021058,3,823,01:56,18:04,1551,left,525,takeaway,9,D,-96,-13,8480188
2025021058,3,882,05:49,14:11,1551,left,525,takeaway,28,D,64,20,8479983
2025021059,1,274,11:21,08:39,1451,right,525,takeaway,24,D,-78,-3,8476885
2025021059,1,346,16:12,03:48,1551,right,525,takeaway,8,D,25,40,8478851
2025021059,1,371,18:30,01:30,1551,right,525,takeaway,8,D,57,17,8480865
2025021059,2,517,01:28,18:32,1551,left,525,takeaway,24,D,59,-40,8475798
2025021059,2,566,04:32,15:28,1551,left,525,takeaway,8,O,56,-25,8482775
2025021059,2,627,10:21,09:39,1551,left,525,takeaway,8,N,-7,-35,8483457
2025021059,2,635,10:33,09:27,1551,left,525,takeaway,8,O,28,22,8484984
2025021059,2,687,15:06,04:54,1551,left,525,takeaway,8,D,-87,-19,8482087
2025021059,2,720,17:36,02:24,1551,left,525,takeaway,24,D,94,30,8474590
2025021059,3,809,04:24,15:36,1541,right,525,takeaway,8,N,-14,-12,8476981
2025021060,1,354,08:27,11:33,1551,right,525,takeaway,30,N,-13,-32,8473422
2025021060,1,390,13:31,06:29,1551,right,525,takeaway,30,D,86,-33,8480800
2025021060,1,452,14:23,05:37,1551,right,525,takeaway,30,N,-7,23,8480800
2025021060,1,459,15:34,04:26,1551,right,525,takeaway,30,O,-77,-37,8478136
2025021060,1,463,16:37,03:23,1551,right,525,takeaway,10,O,55,42,8484901
2025021060,1,480,17:20,02:40,1551,right,525,takeaway,10,O,90,34,8481711
2025021060,2,682,06:01,13:59,1551,left,525,takeaway,30,D,-86,13,8473507
2025021060,2,718,10:02,09:58,1451,left,525,takeaway,10,N,14,11,8478904
2025021060,3,846,00:47,19:13,0651,right,525,takeaway,10,D,-98,19,8475166
2025021060,3,1033,14:25,05:35,1551,right,525,takeaway,30,O,-93,26,8476463
2025021061,1,127,04:54,15:06,1551,left,525,takeaway,18,O,-30,-23,8482768
2025021061,1,246,09:26,10:34,1551,left,525,takeaway,18,N,-22,-22,8476539
2025021061,1,356,17:34,02:26,1541,left,525,takeaway,22,N,-2,-7,8477450
2025021061,1,381,18:17,01:43,1551,left,525,takeaway,18,O,-34,2,8482742
2025021061,2,704,10:27,09:33,1451,right,525,takeaway,22,N,7,-31,8478402
2025021061,2,819,19:15,00:45,1451,right,525,takeaway,18,D,-92,30,8476869
2025021061,2,822,19:43,00:17,1551,right,525,takeaway,22,O,-95,-24,8477450
2025021061,3,1000,11:59,08:01,1551,left,525,takeaway,22,O,28,-39,8476454
2025021061,3,1075,16:46,03:14,1551,left,525,takeaway,18,O,-63,37,8484241
2025021062,1,253,05:41,14:19,1551,left,525,takeaway,55,O,44,-32,8477955
2025021062,1,304,09:46,10:14,1551,left,525,takeaway,55,O,80,-23,8474586
2025021062,2,542,00:34,19:26,1551,right,525,takeaway,55,N,-12,3,8482259
2025021062,2,569,03:10,16:50,1551,right,525,takeaway,55,O,-90,-14,8484800
2025021062,2,700,12:11,07:49,1451,right,525,takeaway,13,D,-60,22,8477931
2025021062,3,918,10:33,09:27,1551,left,525,takeaway,55,N,-11,40,8482751
2025021062,3,953,13:18,06:42,1541,left,525,takeaway,55,D,-83,-10,8476905
2025021062,3,968,14:47,05:13,1551,left,525,takeaway,55,O,64,-36,8484800
2025021063,1,498,19:11,00:49,1551,right,525,takeaway,20,N,-19,26,8480727
2025021063,2,846,07:41,12:19,1551,left,525,takeaway,20,O,-73,-36,8481068
2025021063,2,890,17:11,02:49,1551,left,525,takeaway,20,D,29,41,8480028
2025021063,2,930,18:35,01:25,1541,left,525,takeaway,17,D,-83,28,8482762
2025021063,3,986,02:24,17:36,1551,right,525,takeaway,20,O,42,24,8484860
2025021063,3,1057,07:20,12:40,1441,right,525,takeaway,17,O,-79,28,8482078
2025021063,3,1139,14:01,05:59,1551,right,525,takeaway,17,O,-97,-2,8479337
2025021063,3,1142,14:46,05:14,1551,right,525,takeaway,17,D,88,18,8479337
2025021063,3,1157,15:05,04:55,1551,right,525,takeaway,17,N,-5,16,8482078
2025021063,3,1199,18:54,01:06,0651,right,525,takeaway,17,N,-21,8,8479942
2025021064,1,66,00:03,19:57,1551,left,525,takeaway,6,N,-19,35,8478042
2025021064,1,92,00:45,19:15,1551,left,525,takeaway,1,D,-42,-37,8478399
2025021064,1,385,14:20,05:40,1551,left,525,takeaway,1,N,14,41,8482684
2025021064,1,461,16:36,03:24,1551,left,525,takeaway,1,O,66,-28,8479407
2025021064,2,518,00:27,19:33,1551,right,525,takeaway,1,D,26,-21,8481559
2025021064,2,679,09:51,10:09,1551,right,525,takeaway,1,N,-21,17,8481721
2025021064,2,692,12:43,07:17,1551,right,525,takeaway,6,O,36,-25,8477507
2025021064,3,822,04:38,15:22,1551,left,525,takeaway,6,D,69,-34,8481219
2025021064,3,928,11:46,08:14,1541,left,525,takeaway,6,D,45,-38,8477956
2025021064,3,942,12:49,07:11,1541,left,525,takeaway,6,N,7,-38,8482511
2025021064,4,1110,03:22,01:38,1331,right,525,takeaway,6,D,-57,-3,8477496
2025021064,4,1114,03:29,01:31,1331,right,525,takeaway,1,O,-83,6,8479407
2025021065,1,81,01:06,18:54,1551,right,525,takeaway,26,O,37,25,8482124
2025021065,1,279,14:59,05:01,1551,right,525,takeaway,26,D,-92,0,8482155
2025021065,1,334,18:49,01:11,1551,right,525,takeaway,3,N,23,-35,8479323
2025021065,2,418,01:38,18:22,1551,left,525,takeaway,3,D,-77,-25,8481525
2025021065,2,738,14:04,05:56,1551,left,525,takeaway,3,D,-97,-6,8479323
2025021065,2,802,19:33,00:27,1551,left,525,takeaway,3,O,87,21,8478840
2025021065,3,811,00:08,19:52,1551,right,525,takeaway,26,D,-66,-41,8478472
2025021065,3,960,10:33,09:27,1551,right,525,takeaway,26,O,71,-14,8482124
2025021065,3,1024,15:04,04:56,1551,right,525,takeaway,26,D,-36,1,8478472
2025021066,1,146,03:13,16:47,1551,right,525,takeaway,25,O,-41,25,8480027
2025021066,1,161,03:45,16:15,1551,right,525,takeaway,68,O,94,29,8483431
2025021066,1,388,17:11,02:49,1541,right,525,takeaway,25,D,31,18,8484829
2025021066,1,392,18:04,01:56,1541,right,525,takeaway,25,D,35,-37,8481581
2025021066,2,540,00:57,19:03,1551,left,525,takeaway,68,D,40,-34,8479343
2025021066,2,727,14:53,05:07,1551,left,525,takeaway,68,D,75,25,8477346
2025021067,1,85,02:39,17:21,1451,right,525,takeaway,21,D,55,-31,8478038
2025021067,1,189,08:22,11:38,1551,right,525,takeaway,5,O,93,28,8478438
2025021067,1,217,11:03,08:57,1551,right,525,takeaway,21,O,-49,-6,8477501
2025021067,1,347,17:32,02:28,1551,right,525,takeaway,5,O,71,-40,8477511
2025021067,2,540,03:14,16:46,1551,left,525,takeaway,5,O,-64,-39,8476483
2025021067,2,694,13:01,06:59,1451,left,525,takeaway,5,D,91,30,8474578
2025021067,3,924,08:40,11:20,1551,right,525,takeaway,21,N,4,1,8484149
2025021067,3,972,12:15,07:45,1551,right,525,takeaway,21,O,-45,-22,8478038
2025021067,3,1074,18:35,01:25,1551,right,525,takeaway,5,D,-38,-39,8477365
2025021068,1,443,19:43,00:17,1551,right,525,takeaway,2,O,37,-14,8477500
2025021068,2,490,02:44,17:16,1441,left,525,takeaway,10,D,-70,-39,8477939
2025021068,2,677,11:52,08:08,1551,left,525,takeaway,2,O,-78,-9,8478445
2025021068,2,723,16:33,03:27,1451,left,525,takeaway,2,D,65,38,8481601
2025021068,2,730,17:02,02:58,1551,left,525,takeaway,2,O,-55,40,8476292
2025021068,3,940,05:16,14:44,1551,right,525,takeaway,2,O,77,34,8481601
2025021069,1,171,07:33,12:27,1551,right,525,takeaway,6,D,-91,-13,8476374
2025021069,1,243,13:25,06:35,1551,right,525,takeaway,8,D,66,38,8480865
2025021069,1,368,14:39,05:21,1551,right,525,takeaway,6,O,90,16,8482511
2025021069,1,470,17:55,02:05,1551,right,525,takeaway,8,O,-82,29,8482737
2025021069,2,665,12:51,07:09,1551,left,525,takeaway,8,O,46,17,8481593
2025021069,2,688,14:46,05:14,1551,left,525,takeaway,8,D,-35,38,8482087
2025021069,3,785,01:40,18:20,1551,right,525,takeaway,6,D,-50,-30,8479325
2025021069,3,970,14:50,05:10,1551,right,525,takeaway,8,D,42,41,8481540
2025021069,4,1055,02:07,02:53,1331,left,525,takeaway,8,D,-68,-14,8483457
2025021070,1,454,14:37,05:23,1551,left,525,takeaway,29,D,-43,-28,8480893
2025021070,2,578,03:34,16:26,1551,right,525,takeaway,29,N,21,12,8480806
2025021070,2,590,03:44,16:16,1551,right,525,takeaway,29,O,-87,31,8482705
2025021070,2,656,08:58,11:02,1551,right,525,takeaway,29,O,-31,10,8480806
2025021070,2,765,15:59,04:01,1551,right,525,takeaway,12,N,18,38,8478427
2025021070,2,817,19:49,00:11,1551,right,525,takeaway,12,N,0,16,8480817
2025021070,3,866,02:56,17:04,1451,left,525,takeaway,12,N,14,30,8477478
2025021071,1,275,12:12,07:48,1541,right,525,takeaway,18,N,9,-32,8476539
2025021071,1,379,16:15,03:45,1451,right,525,takeaway,18,D,-62,32,8476869
2025021071,2,623,04:46,15:14,1551,left,525,takeaway,18,D,31,6,8476539
2025021071,2,708,11:00,09:00,1551,left,525,takeaway,18,O,-53,27,8475287
2025021071,2,716,11:46,08:14,1551,left,525,takeaway,18,D,60,-11,8475158
2025021071,3,927,08:26,11:34,1551,right,525,takeaway,52,D,39,41,8477504
2025021071,3,952,10:23,09:37,1551,right,525,takeaway,52,O,-55,-24,8478398
2025021071,3,980,12:48,07:12,1551,right,525,takeaway,18,D,-66,8,8475158
2025021071,3,1013,15:28,04:32,1551,right,525,takeaway,52,O,-61,-29,8480014
2025021072,1,110,00:20,19:40,1551,right,525,takeaway,30,O,37,42,8475149
2025021072,1,253,06:43,13:17,1551,right,525,takeaway,16,D,76,34,8477444
2025021072,1,254,06:45,13:15,1551,right,525,takeaway,30,O,75,38,8482122
2025021072,2,603,02:26,17:34,1551,left,525,takeaway,30,D,58,41,8482122
2025021072,2,667,06:32,13:28,1551,left,525,takeaway,16,N,-18,-37,8483506
2025021072,2,687,08:02,11:58,1551,left,525,takeaway,30,O,-26,28,8477446
2025021072,2,697,09:15,10:45,1551,left,525,takeaway,30,O,-96,-22,8478508
2025021072,2,736,13:05,06:55,1551,left,525,takeaway,30,D,99,0,8474567
2025021072,2,795,17:20,02:40,1551,left,525,takeaway,16,D,-25,-41,8477444
2025021072,3,990,07:00,13:00,1551,right,525,takeaway,16,D,81,36,8483506
2025021072,3,1073,16:03,03:57,1551,right,525,takeaway,16,N,-10,26,8477987
2025021073,1,132,05:00,15:00,1541,left,525,takeaway,22,D,-75,-38,8477450
2025021073,1,276,14:56,05:04,1551,left,525,takeaway,22,N,13,3,8478402
2025021073,2,388,02:52,17:08,1551,right,525,takeaway,22,O,-93,-2,8474641
2025021073,2,670,05:40,14:20,1551,right,525,takeaway,28,O,96,-21,8476624
2025021073,2,728,09:28,10:32,1551,right,525,takeaway,22,O,-57,33,8478458
2025021073,2,847,18:56,01:04,1551,right,525,takeaway,22,O,-98,8,8477953
2025021073,2,850,19:21,00:39,1551,right,525,takeaway,28,D,-81,18,8484911
2025021073,3,1049,08:54,11:06,1551,left,525,takeaway,28,O,-95,-17,8484801
2025021073,3,1181,16:27,03:33,1551,left,525,takeaway,28,D,78,-41,8477505
2025021074,1,135,03:39,16:21,1451,right,525,takeaway,13,D,-77,-38,8477932
2025021074,1,126,03:40,16:20,1451,right,525,takeaway,23,O,-76,-39,8479425
2025021074,1,331,15:44,04:16,1551,right,525,takeaway,23,N,-1,-7,8475169
2025021074,2,495,02:03,17:57,1551,left,525,takeaway,13,O,-98,-13,8482107
2025021074,2,561,02:54,17:06,1551,left,525,takeaway,23,D,-93,-3,8484240
2025021074,2,632,10:08,09:52,1551,left,525,takeaway,13,N,-3,-12,8476994
2025021074,2,679,13:07,06:53,1551,left,525,takeaway,23,D,-94,9,8476927
2025021074,2,748,13:51,06:09,1551,left,525,takeaway,23,D,-25,-7,8483678
2025021074,3,801,03:12,16:48,1451,right,525,takeaway,13,D,-34,-31,8482113
2025021074,3,869,08:26,11:34,1551,right,525,takeaway,23,N,14,4,8484136
2025021074,3,952,15:38,04:22,1551,right,525,takeaway,23,O,-98,4,8475169
2025021074,3,999,19:15,00:45,1551,right,525,takeaway,13,N,-1,-5,8479316
2025021075,1,262,07:07,12:53,1551,right,525,takeaway,54,O,-70,29,8476925
2025021075,1,423,16:14,03:46,1551,right,525,takeaway,7,D,-34,-36,8475722
2025021075,1,461,18:10,01:50,1551,right,525,takeaway,7,D,-94,30,8480802
2025021075,2,572,04:15,15:45,1551,left,525,takeaway,54,D,-52,-21,8477447
2025021075,2,616,07:13,12:47,1551,left,525,takeaway,7,O,-36,-18,8484145
2025021075,2,718,15:14,04:46,1551,left,525,takeaway,7,O,-70,31,8482659
2025021075,2,728,15:46,04:14,1551,left,525,takeaway,7,D,45,-4,8482659
2025021075,3,976,12:34,07:26,1551,right,525,takeaway,7,O,79,-29,8483500
2025021076,1,359,15:46,04:14,1541,left,525,takeaway,55,D,-30,38,8482751
2025021076,1,407,18:47,01:13,1551,left,525,takeaway,14,O,-59,-6,8476453
2025021076,2,447,01:05,18:55,1551,right,525,takeaway,55,O,-40,-16,8482665
2025021076,2,650,09:50,10:10,1551,right,525,takeaway,55,N,-24,18,8482751
2025021076,3,902,07:29,12:31,1551,left,525,takeaway,14,O,-95,3,8482201
2025021076,3,913,09:02,10:58,1551,left,525,takeaway,14,O,-94,-19,8479542
2025021076,3,923,09:34,10:26,1551,left,525,takeaway,55,N,16,-2,8474586
2025021076,3,937,10:11,09:49,1551,left,525,takeaway,14,O,-99,-13,8475167
2025021076,3,1056,19:22,00:38,1551,left,525,takeaway,14,O,-57,5,8480426
2025021077,1,165,05:06,14:54,1551,right,525,takeaway,1,D,-32,18,8477015
2025021077,1,310,08:49,11:11,1551,right,525,takeaway,3,D,65,13,8481525
2025021077,1,491,19:09,00:51,1551,right,525,takeaway,1,D,-88,33,8481721
2025021077,2,754,14:08,05:52,1451,left,525,takeaway,3,O,83,38,8484210
2025021077,2,803,17:49,02:11,1551,left,525,takeaway,1,O,-34,-37,8475760
2025021077,3,826,00:22,19:38,1551,right,525,takeaway,3,N,19,41,8479323
2025021077,3,839,01:19,18:41,1551,right,525,takeaway,1,O,47,-3,8480002
2025021077,3,942,06:09,13:51,1541,right,525,takeaway,3,D,46,-40,8481789
2025021077,3,981,11:49,08:11,1551,right,525,takeaway,3,O,-74,37,8482109
2025021077,3,1057,16:56,03:04,1551,right,525,takeaway,1,N,6,20,8479996
2025021077,3,1059,17:46,02:14,1551,right,525,takeaway,1,D,-37,39,8482684
2025021078,1,192,04:32,15:28,1551,right,525,takeaway,5,D,-37,26,8478438
2025021078,1,201,04:51,15:09,1551,right,525,takeaway,5,O,99,7,8479638
2025021078,1,226,07:30,12:30,1551,right,525,takeaway,12,D,93,13,8480336
2025021078,1,387,11:20,08:40,1541,right,525,takeaway,12,N,-17,13,8473533
2025021078,1,447,15:48,04:12,1551,right,525,takeaway,5,D,-42,-37,8471215
2025021078,2,719,08:08,11:52,1551,left,525,takeaway,12,D,-27,37,8477940
2025021078,2,725,09:06,10:54,1551,left,525,takeaway,5,O,-73,36,8485414
2025021078,2,792,14:08,05:52,1551,left,525,takeaway,12,O,94,4,8476422
2025021078,3,1156,19:20,00:40,1551,right,525,takeaway,12,O,-52,-40,8476921
2025021078,4,1194,04:07,00:53,1331,left,525,takeaway,5,D,47,41,8471724
2025021079,2,675,05:36,14:24,1551,left,525,takeaway,9,N,-14,38,8473512
2025021079,2,775,12:38,07:22,1551,left,525,takeaway,15,D,-59,41,8478440
2025021079,2,807,14:36,05:24,1551,left,525,takeaway,15,D,-77,-31,8477845
2025021079,2,858,18:33,01:27,1551,left,525,takeaway,15,O,30,35,8482088
2025021079,3,937,04:21,15:39,1551,right,525,takeaway,15,O,-96,11,8479400
2025021079,3,1076,14:19,05:41,1541,right,525,takeaway,15,D,45,23,8478911
2025021079,3,1100,16:22,03:38,1551,right,525,takeaway,9,N,-11,4,8481596
2025021080,1,149,05:06,14:54,1551,right,525,takeaway,25,D,-55,40,8477454
2025021080,1,151,05:09,14:51,1551,right,525,takeaway,21,O,-44,39,8480069
2025021080,1,306,12:15,07:45,1551,right,525,takeaway,25,O,97,-2,8478047
2025021080,1,340,14:26,05:34,1551,right,525,takeaway,25,D,-38,32,8481581
2025021080,1,348,15:13,04:47,1551,right,525,takeaway,25,N,4,39,8484829
2025021080,2,770,19:37,00:23,1551,left,525,takeaway,25,O,-33,-39,8484829
2025021080,3,841,04:12,15:48,1551,right,525,takeaway,25,N,-20,15,8480027
2025021080,3,1053,19:21,00:39,1551,right,525,takeaway,21,N,2,36,8476967
2025021080,4,1154,02:52,02:08,1331,left,525,takeaway,21,O,76,2,8484258
2025021080,4,1157,04:19,00:41,1331,left,525,takeaway,21,D,-75,-16,8480069
2025021080,4,1158,04:30,00:30,1331,left,525,takeaway,21,O,84,-3,8477492
2025021081,1,235,08:38,11:22,1551,right,525,takeaway,19,O,44,42,8484164
2025021081,2,538,03:51,16:09,1551,left,525,takeaway,19,O,-30,-26,8480281
2025021081,2,599,07:22,12:38,1551,left,525,takeaway,19,D,62,39,8482077
2025021081,2,600,07:33,12:27,1551,left,525,takeaway,20,D,-77,-40,8480727
2025021081,3,857,03:15,16:45,1551,right,525,takeaway,19,O,84,20,8482077
2025021081,3,873,04:02,15:58,1551,right,525,takeaway,20,O,-87,-35,8481068
2025021081,3,875,04:46,15:14,1551,right,525,takeaway,20,D,98,17,8480028
2025021081,3,876,04:48,15:12,1551,right,525,takeaway,19,O,96,23,8484230
2025021081,3,895,06:52,13:08,1551,right,525,takeaway,20,D,66,29,8480028
2025021081,3,927,10:25,09:35,1551,right,525,takeaway,19,N,-18,12,8481598
2025021081,3,940,11:43,08:17,1551,right,525,takeaway,19,O,97,7,8479385
2025021081,3,1005,13:28,06:32,1551,right,525,takeaway,20,O,-57,-39,8476399
2025021081,4,1133,03:38,01:22,1341,left,525,takeaway,20,N,-23,-12,8484768
2025021082,1,374,06:56,13:04,1551,left,525,takeaway,4,O,-90,-16,8483733
2025021082,1,497,16:17,03:43,1451,left,525,takeaway,4,D,80,-9,8477499
2025021082,2,893,18:32,01:28,1441,right,525,takeaway,24,O,-93,17,8478873
2025021082,2,900,19:19,00:41,1441,right,525,takeaway,24,O,-91,-33,8483490
2025021082,3,959,02:50,17:10,1551,left,525,takeaway,4,N,17,-35,8480220
2025021082,3,1042,08:26,11:34,1551,left,525,takeaway,4,N,0,34,8476461
2025021082,3,1065,10:11,09:49,1551,left,525,takeaway,4,D,29,-38,8477948
2025021082,3,1107,12:29,07:31,1551,left,525,takeaway,4,O,-59,40,8484142
2025021082,4,1231,01:13,03:47,1331,right,525,takeaway,4,D,-62,15,8477989
2025021083,1,145,06:37,13:23,1551,left,525,takeaway,52,D,43,39,8476460
2025021083,1,346,14:49,05:11,1551,left,525,takeaway,6,O,86,20,8477956
2025021083,1,394,18:29,01:31,1551,left,525,takeaway,6,N,-9,-35,8476374
2025021083,2,450,03:23,16:37,1551,right,525,takeaway,6,D,59,-38,8481219
2025021083,2,464,03:52,16:08,1551,right,525,takeaway,6,O,-30,21,8477507
2025021083,3,781,01:42,18:18,1551,left,525,takeaway,52,D,50,25,8482149
2025021083,3,945,05:44,14:16,1551,left,525,takeaway,52,N,15,-34,8480196
2025021083,3,1019,11:43,08:17,1551,left,525,takeaway,6,D,-29,39,8479999
2025021083,3,1027,11:59,08:01,1551,left,525,takeaway,52,N,-7,-38,8476392
2025021084,1,198,08:55,11:05,1551,left,525,takeaway,2,D,96,-25,8476292
2025021084,1,306,12:15,07:45,1551,left,525,takeaway,9,D,-37,-7,8478020
2025021084,1,341,14:55,05:05,1551,left,525,takeaway,2,O,-94,-10,8478445
2025021084,1,477,17:27,02:33,1551,left,525,takeaway,9,D,-69,-33,8478469
2025021084,2,567,03:38,16:22,1541,right,525,takeaway,2,D,-36,-4,8481601
2025021084,2,756,19:30,00:30,1551,right,525,takeaway,2,D,-41,35,8475170
2025021084,3,859,02:39,17:21,1551,left,525,takeaway,9,O,90,-5,8474189
2025021084,3,915,05:50,14:10,1551,left,525,takeaway,9,N,16,38,8482095
2025021084,3,1060,15:31,04:29,1551,left,525,takeaway,9,D,-69,10,8478020
2025021084,3,1113,19:37,00:23,1551,left,525,takeaway,2,D,94,17,8477950
2025021085,1,150,05:17,14:43,1551,right,525,takeaway,17,D,63,-38,8479337
2025021085,1,445,16:58,03:02,1551,right,525,takeaway,17,O,-93,29,8479942
2025021085,1,478,19:17,00:43,1541,right,525,takeaway,17,D,67,-38,8484471
2025021085,2,550,04:36,15:24,1451,left,525,takeaway,17,O,55,-41,8474141
2025021085,2,614,09:34,10:26,1451,left,525,takeaway,17,O,93,26,8474102
2025021085,2,750,19:44,00:16,1551,left,525,takeaway,17,O,90,29,8479337
2025021085,2,751,19:45,00:15,1551,left,525,takeaway,8,D,95,21,8478133
2025021085,3,779,01:03,18:57,1551,right,525,takeaway,17,D,77,-24,8475753
2025021085,3,912,07:04,12:56,1551,right,525,takeaway,17,D,81,-40,8474102
2025021085,3,976,11:45,08:15,1551,right,525,takeaway,8,N,-17,-21,8480865
2025021086,1,241,09:05,10:55,1551,left,525,takeaway,29,O,50,-5,8477497
2025021086,1,391,15:19,04:41,1551,left,525,takeaway,29,O,61,-42,8478975
2025021086,1,396,15:23,04:37,1551,left,525,takeaway,3,D,74,-40,8482109
2025021086,1,422,18:39,01:21,1551,left,525,takeaway,29,O,98,-3,8476923
2025021086,2,506,01:47,18:13,1551,right,525,takeaway,3,O,91,-25,8478882
2025021086,2,595,08:38,11:22,1551,right,525,takeaway,29,N,-15,-37,8480893
2025021086,2,635,12:08,07:52,1541,right,525,takeaway,29,D,67,39,8475745
2025021086,2,710,16:21,03:39,1451,right,525,takeaway,3,D,-73,-17,8476389
2025021086,3,809,01:57,18:03,1551,left,525,takeaway,3,D,70,-42,8476468
2025021086,3,837,03:24,16:36,1541,left,525,takeaway,29,D,-40,14,8477497
2025021086,3,881,06:24,13:36,1441,left,525,takeaway,29,N,-21,32,8478500
2025021086,3,903,10:03,09:57,1541,left,525,takeaway,29,D,-28,41,8482705
2025021086,3,932,11:55,08:05,1551,left,525,takeaway,29,O,86,-26,8475745
2025021086,3,1040,16:18,03:42,1551,left,525,takeaway,29,N,17,31,8477497
2025021086,3,1071,19:09,00:51,1551,left,525,takeaway,3,O,-98,0,8484210
2025021087,1,147,04:11,15:49,1541,left,525,takeaway,18,N,-21,-38,8480246
2025021087,2,695,10:47,09:13,1551,right,525,takeaway,55,O,47,-23,8481554
2025021087,2,743,13:03,06:57,1551,right,525,takeaway,55,D,-32,-38,8483570
2025021087,2,760,14:26,05:34,1551,right,525,takeaway,18,D,34,28,8482103
2025021087,3,966,12:54,07:06,1551,left,525,takeaway,18,D,-31,38,8476887
2025021087,3,972,13:07,06:53,1551,left,525,takeaway,55,O,-97,8,8484800
2025021087,3,1089,18:08,01:52,0651,left,525,takeaway,18,N,-2,17,8476887
2025021088,1,265,15:01,04:59,1551,right,525,takeaway,16,D,-67,31,8482176
2025021088,1,373,19:12,00:48,1551,right,525,takeaway,30,O,-40,27,8475765
2025021088,2,571,11:41,08:19,1551,left,525,takeaway,16,D,38,5,8484144
2025021088,3,863,04:51,15:09,1551,right,525,takeaway,16,O,38,37,8477444
2025021088,3,906,07:39,12:21,1451,right,525,takeaway,30,O,-70,40,8477451
2025021088,3,938,09:31,10:29,1551,right,525,takeaway,16,O,55,32,8477987
2025021088,3,967,12:35,07:25,1551,right,525,takeaway,30,O,-99,-13,8481557
2025021088,3,992,14:45,05:15,1541,right,525,takeaway,30,D,44,-39,8481477
2025021089,1,368,14:12,05:48,1541,left,525,takeaway,22,D,-95,-29,8475218
2025021089,2,635,06:42,13:18,1551,right,525,takeaway,22,O,-58,41,8479368
2025021089,2,644,07:19,12:41,1551,right,525,takeaway,22,O,-41,4,8478458
2025021089,3,894,03:26,16:34,1551,left,525,takeaway,22,N,10,39,8474641
2025021089,3,930,07:27,12:33,1551,left,525,takeaway,22,D,-43,29,8483512
2025021089,3,965,09:23,10:37,1551,left,525,takeaway,13,D,99,-4,8475179
2025021089,3,967,09:50,10:10,1551,left,525,takeaway,13,D,86,-35,8478421
2025021089,3,1011,12:10,07:50,1551,left,525,takeaway,13,D,32,-30,8477935
2025021089,3,1030,14:27,05:33,1551,left,525,takeaway,22,D,-83,-39,8483512
2025021089,3,1053,15:45,04:15,1551,left,525,takeaway,22,O,91,-31,8476473
2025021090,1,73,00:57,19:03,1551,right,525,takeaway,14,N,-15,-19,8479542
2025021090,1,92,02:28,17:32,1551,right,525,takeaway,14,D,-33,-6,8478416
2025021090,1,128,05:26,14:34,1551,right,525,takeaway,23,D,92,-32,8479425
2025021090,2,478,04:45,15:15,1551,left,525,takeaway,14,D,91,-19,8482655
2025021090,2,499,05:53,14:07,1551,left,525,takeaway,23,O,64,-37,8476927
2025021090,2,553,08:17,11:43,1551,left,525,takeaway,14,O,-89,19,8476826
2025021090,2,562,11:41,08:19,1551,left,525,takeaway,23,D,-28,-36,8479425
2025021090,2,606,15:21,04:39,1551,left,525,takeaway,14,O,-42,35,8478416
2025021090,3,841,05:05,14:55,1551,right,525,takeaway,23,O,-83,-35,8482691
2025021090,3,891,10:44,09:16,1551,right,525,takeaway,23,O,-70,-18,8482079
2025021090,3,944,15:36,04:24,1551,right,525,takeaway,14,O,65,-7,8480995
2025021091,1,263,09:32,10:28,1551,right,525,takeaway,54,N,-19,-33,8475188
2025021091,2,603,02:13,17:47,1551,left,525,takeaway,54,D,-28,41,8479353
2025021091,2,608,02:49,17:11,1551,left,525,takeaway,68,O,-83,-38,8479977
2025021091,2,648,05:15,14:45,1551,left,525,takeaway,68,O,-66,30,8479343
2025021091,2,729,10:50,09:10,1551,left,525,takeaway,54,O,67,-2,8477447
2025021091,2,839,18:31,01:29,1551,left,525,takeaway,54,O,76,28,8483890
2025021091,3,1057,10:02,09:58,1451,right,525,takeaway,54,O,-99,4,8478397
2025021091,3,1085,11:51,08:09,1551,right,525,takeaway,54,O,-94,-28,8475343
2025021091,3,1152,17:29,02:31,1451,right,525,takeaway,68,D,-30,-35,8477346
2025021092,1,224,08:39,11:21,1551,left,525,takeaway,28,D,-91,-18,8478874
2025021092,1,394,18:12,01:48,1551,left,525,takeaway,7,D,99,13,8481524
2025021092,2,429,00:12,19:48,1551,right,525,takeaway,28,O,-27,28,8484227
2025021092,2,546,06:23,13:37,1451,right,525,takeaway,7,D,-76,-30,8479378
2025021092,2,624,13:01,06:59,1551,right,525,takeaway,28,D,76,33,8475181
2025021092,2,637,13:24,06:36,1551,right,525,takeaway,7,D,-73,-42,8483500
2025021092,2,672,16:13,03:47,1551,right,525,takeaway,28,N,19,-37,8475200
2025021092,2,696,17:50,02:10,1551,right,525,takeaway,28,D,97,-13,8482166
2025021092,3,815,06:25,13:35,1551,left,525,takeaway,7,D,52,-42,8479378
2025021092,3,895,14:13,05:47,1541,left,525,takeaway,28,N,3,-17,8482859
2025021093,1,137,03:25,16:35,1451,right,525,takeaway,4,D,-51,37,8478439
2025021093,1,218,09:50,10:10,1551,right,525,takeaway,4,D,-97,25,8481546
2025021093,1,298,13:37,06:23,1551,right,525,takeaway,26,D,31,35,8483406
2025021093,2,625,01:13,18:47,1551,left,525,takeaway,4,D,71,-42,8478454
2025021093,2,657,12:37,07:23,1551,left,525,takeaway,4,N,14,35,8475253
2025021093,2,673,13:19,06:41,1451,left,525,takeaway,26,O,79,1,8482730
2025021093,3,976,10:19,09:41,1451,right,525,takeaway,4,D,-54,41,8476372
2025021093,3,997,11:40,08:20,1551,right,525,takeaway,26,D,80,32,8482124
2025021093,3,1004,13:14,06:46,1551,right,525,takeaway,4,O,78,40,8478439
2025021093,4,1128,03:58,01:02,1331,left,525,takeaway,4,D,41,-34,8481533
2025021094,1,233,08:07,11:53,1551,right,525,takeaway,12,O,48,-41,8482100
2025021094,1,246,08:59,11:01,1551,right,525,takeaway,10,O,-98,21,8475171
2025021094,2,508,01:34,18:26,1551,left,525,takeaway,12,O,-32,33,8482093
2025021094,2,539,02:38,17:22,1541,left,525,takeaway,10,D,-35,36,8481122
2025021094,2,699,11:50,08:10,1551,left,525,takeaway,10,O,63,36,8482720
2025021094,2,744,15:22,04:38,1551,left,525,takeaway,12,O,-59,-41,8480762
2025021094,3,875,04:42,15:18,1551,right,525,takeaway,12,O,48,9,8482093
2025021094,3,899,06:40,13:20,1551,right,525,takeaway,12,D,-56,32,8476958
2025021094,3,1043,13:31,06:29,1551,right,525,takeaway,10,O,-87,30,8476931
2025021094,3,1065,14:49,05:11,1551,right,525,takeaway,10,O,-31,-4,8484901
2025021095,1,108,03:45,16:15,1551,right,525,takeaway,1,O,70,37,8479407
2025021095,1,220,10:22,09:38,1551,right,525,takeaway,15,D,38,34,8481580
2025021095,2,397,01:23,18:37,1551,left,525,takeaway,1,N,22,-42,8481559
2025021095,2,420,02:50,17:10,1551,left,525,takeaway,15,N,-3,-33,8481580
2025021095,2,666,05:55,14:05,1541,left,525,takeaway,1,O,-80,35,8476462
2025021095,2,847,17:52,02:08,1551,left,525,takeaway,15,O,86,-37,8478440
2025021095,3,1068,10:52,09:08,1551,right,525,takeaway,1,O,52,-42,8479407
2025021095,3,1119,15:12,04:48,1551,right,525,takeaway,15,O,-86,37,8481580
2025021095,3,1172,19:11,00:49,0651,right,525,takeaway,1,O,84,-26,8481559
2025021096,1,249,10:20,09:40,1551,right,525,takeaway,21,D,-31,-13,8476312
2025021096,1,320,11:31,08:29,1551,right,525,takeaway,16,D,69,31,8484783
2025021096,1,463,18:38,01:22,1551,right,525,takeaway,21,O,72,39,8476312
2025021096,2,576,03:51,16:09,1551,left,525,takeaway,16,O,58,-8,8484144
2025021096,2,595,05:14,14:46,1551,left,525,takeaway,21,N,-16,-20,8484258
2025021096,2,614,05:53,14:07,1551,left,525,takeaway,16,D,-98,14,8482807
2025021096,2,694,12:10,07:50,1551,left,525,takeaway,21,D,37,21,8478462
2025021096,2,733,15:52,04:08,1451,left,525,takeaway,21,O,-52,3,8477501
2025021096,3,871,04:28,15:32,1541,right,525,takeaway,16,D,33,-38,8481568
2025021096,3,956,13:00,07:00,1541,right,525,takeaway,21,D,-36,27,8480069
2025021097,1,75,00:25,19:35,1551,right,525,takeaway,20,D,44,0,8484150
2025021097,1,306,07:00,13:00,1551,right,525,takeaway,13,O,71,7,8477409
2025021097,1,343,11:11,08:49,1551,right,525,takeaway,20,N,17,-35,8482074
2025021097,1,364,12:33,07:27,1551,right,525,takeaway,20,O,-98,20,8482679
2025021097,1,433,19:47,00:13,1551,right,525,takeaway,13,O,27,37,8482131
2025021097,2,802,15:55,04:05,1451,left,525,takeaway,20,N,-20,26,8484768
2025021097,3,887,01:30,18:30,1551,right,525,takeaway,13,O,54,-33,8478542
2025021097,3,1028,12:45,07:15,1451,right,525,takeaway,20,D,59,-12,8484150
2025021097,3,1092,15:36,04:24,1441,right,525,takeaway,20,O,-28,-8,8476458
2025021097,3,1139,18:27,01:33,1551,right,525,takeaway,13,O,83,-39,8480003
2025021098,1,166,05:21,14:39,1551,left,525,takeaway,24,D,82,28,8478873
2025021098,1,499,16:57,03:03,1551,left,525,takeaway,24,D,37,33,8474590
2025021098,2,564,02:05,17:55,1551,right,525,takeaway,24,O,32,-22,8474590
2025021098,2,587,04:21,15:39,1551,right,525,takeaway,68,N,19,42,8477346
2025021098,2,598,04:40,15:20,1551,right,525,takeaway,24,N,-1,14,8478873
2025021098,2,781,15:32,04:28,1551,right,525,takeaway,24,O,48,-37,8482178
2025021098,2,828,19:10,00:50,1551,right,525,takeaway,68,O,-84,-25,8478474
2025021099,1,252,11:56,08:04,1551,left,525,takeaway,5,O,30,1,8477511
2025021099,1,292,15:02,04:58,1551,left,525,takeaway,52,D,77,16,8478398
2025021099,3,863,05:52,14:08,1551,left,525,takeaway,5,D,-30,-33,8471724
2025021099,3,865,06:39,13:21,1551,left,525,takeaway,52,N,-8,6,8480145
2025021099,3,866,07:17,12:43,1551,left,525,takeaway,5,O,61,34,8471215
2025021099,3,932,11:25,08:35,1551,left,525,takeaway,5,O,35,-10,8481725
2025021099,3,984,14:56,05:04,1551,left,525,takeaway,52,D,38,-23,8478398
2025021099,4,1118,01:25,03:35,1331,right,525,takeaway,5,O,-76,32,8471724
2025021099,4,1151,03:38,01:22,1341,right,525,takeaway,52,D,-79,9,8476392
2025021100,1,88,01:35,18:25,1551,left,525,takeaway,18,O,31,24,8482146
2025021100,1,156,02:51,17:09,1551,left,525,takeaway,18,N,-24,-34,8476869
2025021100,1,247,09:39,10:21,1551,left,525,takeaway,18,N,-18,-18,8476869
2025021100,1,276,12:14,07:46,1551,left,525,takeaway,18,N,-23,-39,8480246
2025021100,2,631,10:18,09:42,1551,right,525,takeaway,54,O,87,-10,8476881
2025021100,2,632,10:31,09:29,1551,right,525,takeaway,18,D,44,40,8482768
2025021100,2,735,17:42,02:18,1551,right,525,takeaway,54,O,86,-32,8477018
2025021100,3,799,02:23,17:37,1551,left,525,takeaway,18,O,26,40,8476887
2025021100,3,888,05:56,14:04,1551,left,525,takeaway,18,D,-38,-39,8482768
2025021100,3,1071,17:29,02:31,0651,left,525,takeaway,18,D,-64,39,8476869
2025021101,1,552,19:21,00:39,1551,right,525,takeaway,25,N,-24,-40,8483425
2025021101,2,613,03:27,16:33,1551,left,525,takeaway,25,D,78,34,8480878
2025021101,2,618,03:36,16:24,1551,left,525,takeaway,25,D,81,29,8478047
2025021101,3,998,14:06,05:54,1541,right,525,takeaway,30,D,38,40,8477446
2025021101,3,1063,18:40,01:20,1551,right,525,takeaway,30,D,40,5,8481557
2025021102,1,190,04:25,15:35,1551,right,525,takeaway,26,N,10,28,8476872
2025021102,1,271,10:18,09:42,1451,right,525,takeaway,7,N,0,15,8477949
2025021102,1,295,10:56,09:04,1551,right,525,takeaway,26,N,-17,38,8483756
2025021102,2,542,04:28,15:32,1551,left,525,takeaway,7,N,23,-40,8482659
2025021102,2,546,04:36,15:24,1551,left,525,takeaway,26,N,-15,15,8482155
2025021102,2,680,15:42,04:18,1551,left,525,takeaway,26,O,55,39,8476469
2025021102,2,698,16:40,03:20,1551,left,525,takeaway,7,D,36,21,8482097
2025021102,3,753,02:30,17:30,1551,right,525,takeaway,7,O,29,30,8484145
2025021102,3,839,09:18,10:42,1551,right,525,takeaway,7,D,-61,38,8480802
2025021102,3,892,13:10,06:50,1551,right,525,takeaway,7,O,27,-31,8482659
2025021102,3,904,14:35,05:25,1551,right,525,takeaway,7,O,83,13,8484145
2025021103,1,282,07:30,12:30,1551,left,525,takeaway,28,O,74,29,8484801
2025021103,1,312,09:05,10:55,1551,left,525,takeaway,4,D,81,39,8484387
2025021103,1,336,11:52,08:08,1451,left,525,takeaway,4,D,36,35,8480015
2025021103,2,691,08:03,11:57,1551,right,525,takeaway,4,D,-52,-33,8483731
2025021103,2,830,18:45,01:15,1551,right,525,takeaway,28,D,41,1,8477505
2025021103,3,916,04:27,15:33,1551,left,525,takeaway,28,D,-54,41,8475906
2025021103,3,967,10:18,09:42,1551,left,525,takeaway,28,O,99,-4,8482667
2025021103,3,1105,15:32,04:28,1551,left,525,takeaway,4,D,69,31,8480015
2025021103,3,1119,17:27,02:33,1551,left,525,takeaway,4,O,-98,-10,8480220
2025021103,3,1137,19:19,00:41,1560,left,525,takeaway,4,O,-67,-38,8480220
2025021104,1,96,02:04,17:56,1551,left,525,takeaway,29,O,98,-3,8475790
2025021104,1,136,05:52,14:08,1551,left,525,takeaway,55,N,2,27,8477986
2025021104,2,676,15:10,04:50,1551,right,525,takeaway,29,N,2,-34,8478500
2025021104,2,696,16:49,03:11,1551,right,525,takeaway,55,D,-87,-13,8481554
2025021104,3,731,00:11,19:49,1551,left,525,takeaway,29,O,41,38,8479671
2025021104,3,756,01:22,18:38,1551,left,525,takeaway,29,O,54,-16,8478975
2025021104,3,826,07:33,12:27,1551,left,525,takeaway,29,N,3,23,8482705
2025021104,3,924,15:36,04:24,1551,left,525,takeaway,55,O,-99,0,8474586
2025021104,3,949,17:16,02:44,0651,left,525,takeaway,55,O,-95,-3,8478407
2025021105,1,276,08:02,11:58,1551,right,525,takeaway,8,O,-98,12,8480865
2025021105,1,305,09:38,10:22,1551,right,525,takeaway,2,O,99,-6,8484221
2025021105,2,599,07:48,12:12,1551,left,525,takeaway,8,O,69,34,8484984
2025021105,2,658,08:08,11:52,1551,left,525,takeaway,2,D,57,12,8482476
2025021105,2,696,11:08,08:52,1551,left,525,takeaway,8,N,2,-21,8480018
2025021105,2,765,16:09,03:51,1551,left,525,takeaway,8,O,74,33,8480865
2025021105,3,1019,13:57,06:03,1551,right,525,takeaway,2,O,81,-34,8478445
2025021106,1,127,04:12,15:48,1551,left,525,takeaway,9,D,-90,33,8484321
2025021106,1,442,18:11,01:49,1551,left,525,takeaway,9,O,67,-34,8476393
2025021106,1,447,18:18,01:42,1551,left,525,takeaway,10,D,99,-3,8479442
2025021106,2,527,01:05,18:55,1551,right,525,takeaway,9,O,-88,-22,8478020
2025021106,2,645,05:51,14:09,1551,right,525,takeaway,10,D,-54,29,8477939
2025021106,2,808,14:32,05:28,1551,right,525,takeaway,9,N,-21,-28,8482095
2025021106,2,839,17:04,02:56,1551,right,525,takeaway,9,O,-82,36,8473512
2025021106,2,869,19:17,00:43,1551,right,525,takeaway,9,O,-69,4,8478020
2025021106,3,998,08:43,11:17,1551,left,525,takeaway,9,D,-98,4,8476393
2025021106,3,1027,11:16,08:44,1551,left,525,takeaway,9,D,-61,-20,8482245
2025021106,3,1088,14:31,05:29,1551,left,525,takeaway,9,O,30,-34,8473512
2025021106,3,1152,19:42,00:18,1551,left,525,takeaway,9,N,5,25,8477998
2025021107,1,378,13:28,06:32,1551,right,525,takeaway,19,O,94,-20,8483516
2025021107,1,409,18:58,01:02,1551,right,525,takeaway,19,D,-69,-41,8479385
2025021107,2,643,10:35,09:25,1551,left,525,takeaway,19,D,41,41,8475718
2025021107,2,854,18:55,01:05,1551,left,525,takeaway,23,D,-38,38,8482055
2025021107,2,857,19:22,00:38,1551,left,525,takeaway,19,D,36,-14,8482733
2025021107,3,986,07:51,12:09,1451,right,525,takeaway,19,D,-93,-30,8476892
2025021107,3,1013,10:16,09:44,1551,right,525,takeaway,19,N,-6,22,8481598
2025021108,1,164,06:09,13:51,1551,right,525,takeaway,6,D,-25,27,8477956
2025021108,1,372,18:43,01:17,1551,right,525,takeaway,6,N,9,-17,8479999
2025021108,2,660,11:34,08:26,1551,left,525,takeaway,6,N,8,-3,8478042
2025021108,3,868,04:40,15:20,1551,right,525,takeaway,17,N,1,-36,8481542
2025021108,3,870,04:52,15:08,1551,right,525,takeaway,17,O,-93,-22,8484471
2025021108,3,871,05:02,14:58,1551,right,525,takeaway,6,N,11,16,8479999
2025021108,3,875,06:00,14:00,1551,right,525,takeaway,17,D,42,-40,8475279
2025021109,1,340,15:48,04:12,1551,left,525,takeaway,22,N,0,38,8477953
2025021109,1,354,17:14,02:46,1551,left,525,takeaway,14,D,25,-36,8482655
2025021109,1,379,18:28,01:32,1551,left,525,takeaway,22,D,-32,35,8477498
2025021109,1,381,18:33,01:27,1551,left,525,takeaway,14,O,-83,39,8477426
2025021109,2,821,06:31,13:29,1441,right,525,takeaway,14,O,63,-28,8476453
2025021109,3,1164,15:30,04:30,1551,left,525,takeaway,14,O,-94,-9,8479542
2025021109,3,1180,19:25,00:35,1460,left,525,takeaway,14,N,16,-10,8478519
2025021110,1,178,07:26,12:34,1541,right,525,takeaway,3,D,58,-41,8477839
2025021110,1,318,13:20,06:40,1551,right,525,takeaway,3,D,39,32,8476459
2025021110,1,418,16:52,03:08,1551,right,525,takeaway,52,D,-43,38,8476460
2025021110,1,429,17:49,02:11,1551,right,525,takeaway,52,D,-51,35,8480289
2025021110,2,680,11:54,08:06,1551,left,525,takeaway,52,D,52,-41,8477938
2025021110,3,966,13:09,06:51,1541,right,525,takeaway,3,D,48,13,8476389
2025021110,3,1046,19:46,00:14,1551,right,525,takeaway,3,O,-82,-34,8481525
2025021110,4,1135,03:32,01:28,1341,left,525,takeaway,3,O,93,12,8479323
2025021111,1,393,18:06,01:54,1551,right,525,takeaway,21,D,-61,-10,8476455
2025021111,2,482,00:42,19:18,1551,left,525,takeaway,21,D,90,17,8477492
2025021111,2,639,05:32,14:28,1541,left,525,takeaway,15,D,-50,19,8481656
2025021111,2,797,13:54,06:06,1551,left,525,takeaway,21,O,-88,8,8475754
2025021111,3,922,02:50,17:10,1551,right,525,takeaway,15,D,99,-16,8484873
2025021111,3,929,03:37,16:23,1551,right,525,takeaway,21,O,57,32,8480448
2025021111,3,988,06:17,13:43,1551,right,525,takeaway,21,D,-45,1,8481641
2025021111,3,995,06:25,13:35,1551,right,525,takeaway,21,D,-37,-40,8478038
2025021111,3,1112,16:33,03:27,1551,right,525,takeaway,21,D,-26,36,8476312
2025021112,1,71,00:39,19:21,1541,left,525,takeaway,12,O,-81,-33,8478427
2025021112,1,334,15:03,04:57,1551,left,525,takeaway,12,D,76,-23,8476958
2025021112,1,434,19:46,00:14,1551,left,525,takeaway,12,O,-60,38,8482809
2025021112,2,472,01:25,18:35,1551,right,525,takeaway,12,O,57,-36,8478427
2025021112,2,601,08:13,11:47,1551,right,525,takeaway,12,D,-73,18,8480817
2025021112,2,717,15:49,04:11,1551,right,525,takeaway,5,D,83,-12,8485414
2025021112,2,772,18:29,01:31,1551,right,525,takeaway,5,D,89,-30,8477435
2025021112,3,953,02:38,17:22,1551,left,525,takeaway,5,N,7,0,8485414
2025021112,3,1060,12:42,07:18,1541,left,525,takeaway,12,O,-68,-38,8482093
2025021113,1,191,03:14,16:46,1551,right,525,takeaway,16,O,-75,33,8476952
2025021113,1,196,03:30,16:30,1551,right,525,takeaway,18,O,75,25,8483465
2025021113,1,237,04:45,15:15,1551,right,525,takeaway,18,N,9,27,8479370
2025021113,1,281,10:47,09:13,1551,right,525,takeaway,16,N,-18,-26,8477479
2025021113,2,440,02:53,17:07,1551,left,525,takeaway,16,D,-87,26,8482176
2025021113,2,449,03:00,17:00,1551,left,525,takeaway,18,D,39,-34,8482768
2025021113,2,556,05:37,14:23,1551,left,525,takeaway,18,D,30,7,8476887
2025021113,2,575,06:26,13:34,1551,left,525,takeaway,18,O,-98,20,8476887
2025021113,2,608,09:26,10:34,1551,left,525,takeaway,16,D,-31,-18,8476882
2025021113,2,623,12:36,07:24,1551,left,525,takeaway,18,N,4,31,8482482
2025021113,3,724,01:29,18:31,0651,right,525,takeaway,16,D,83,38,8477444
2025021113,3,737,01:57,18:03,1541,right,525,takeaway,16,D,65,37,8481624
2025021113,3,878,07:18,12:42,1551,right,525,takeaway,16,D,76,-41,8483450
2025021113,3,977,16:28,03:32,1551,right,525,takeaway,18,D,-84,26,8476539
2025021113,4,1021,00:23,04:37,1331,left,525,takeaway,16,D,-66,-29,8477444
2025021113,4,1024,01:01,03:59,1331,left,525,takeaway,18,O,-94,-7,8476887
2025021114,1,341,07:41,12:19,1551,left,525,takeaway,2,D,-94,-27,8481601
2025021114,1,412,12:58,07:02,1551,left,525,takeaway,2,D,-74,42,8485366
2025021114,1,481,18:54,01:06,1551,left,525,takeaway,2,N,15,-28,8481601
2025021114,2,669,08:06,11:54,1551,right,525,takeaway,2,N,-15,37,8477950
2025021114,2,719,13:21,06:39,1551,right,525,takeaway,2,N,11,41,8475231
2025021114,3,900,06:13,13:47,1551,left,525,takeaway,29,D,28,34,8480893
2025021115,1,105,03:35,16:25,1551,right,525,takeaway,54,D,-93,-29,8476881
2025021115,2,673,02:05,17:55,1551,left,525,takeaway,25,D,-25,39,8476278
2025021115,2,695,02:39,17:21,1541,left,525,takeaway,25,O,62,27,8484938
2025021115,2,804,03:29,16:31,1541,left,525,takeaway,54,D,82,40,8478403
2025021115,3,1134,05:25,14:35,1551,right,525,takeaway,54,D,-62,37,8478483
2025021115,3,1239,13:13,06:47,1551,right,525,takeaway,25,D,86,34,8482145
2025021115,3,1253,14:04,05:56,1551,right,525,takeaway,25,D,44,36,8480840
2025021115,3,1285,19:14,00:46,1560,right,525,takeaway,25,O,-58,31,8475168
2025021116,1,252,09:58,10:02,1551,right,525,takeaway,14,N,11,-23,8477404
2025021116,2,545,03:56,16:04,1551,left,525,takeaway,20,O,96,-18,8477810
2025021116,2,623,08:58,11:02,1551,left,525,takeaway,20,D,-80,30,8480860
2025021116,2,767,16:53,03:07,1551,left,525,takeaway,20,D,-74,40,8476874
2025021116,2,775,17:41,02:19,1551,left,525,takeaway,14,N,14,34,8478178
2025021116,3,932,08:14,11:46,1551,right,525,takeaway,14,N,-3,24,8480426
2025021116,3,1057,17:35,02:25,1551,right,525,takeaway,14,D,-40,-33,8476826
2025021116,3,1078,18:25,01:35,1551,right,525,takeaway,14,O,90,-7,8478519
2025021117,1,214,06:25,13:35,1551,left,525,takeaway,24,D,-80,-36,8474590
2025021117,1,278,10:38,09:22,1551,left,525,takeaway,24,D,-73,27,8475798
2025021117,1,336,15:28,04:32,1551,left,525,takeaway,24,D,-31,34,8475798
2025021117,1,386,19:46,00:14,1551,left,525,takeaway,24,D,-38,40,8475184
2025021117,2,589,03:45,16:15,1551,right,525,takeaway,7,O,42,-37,8480064
2025021117,2,595,03:49,16:11,1551,right,525,takeaway,24,D,30,36,8474590
2025021117,2,598,04:04,15:56,1551,right,525,takeaway,24,N,16,-36,8481605
2025021117,2,664,06:09,13:51,1551,right,525,takeaway,24,D,53,41,8484762
2025021117,2,787,18:18,01:42,1551,right,525,takeaway,24,N,-10,-41,8483445
2025021117,3,1011,13:33,06:27,1551,left,525,takeaway,7,O,-46,38,8479359
2025021117,4,1107,00:41,04:19,1331,right,525,takeaway,24,D,79,18,8481605
2025021118,1,169,03:31,16:29,1551,left,525,takeaway,26,D,36,-34,8471685
2025021118,1,190,04:46,15:14,1551,left,525,takeaway,26,O,-44,-38,8476469
2025021118,1,215,07:00,13:00,1551,left,525,takeaway,68,O,81,-33,8478507
2025021118,1,395,16:01,03:59,1551,left,525,takeaway,68,D,-92,-1,8477346
2025021118,2,760,15:08,04:52,1551,right,525,takeaway,26,O,50,-26,8474563
2025021118,2,770,16:10,03:50,1551,right,525,takeaway,68,O,-85,-6,8477951
2025021118,2,784,17:20,02:40,1551,right,525,takeaway,26,D,-76,31,8478550
2025021118,3,854,01:46,18:14,1451,left,525,takeaway,26,D,91,23,8474563
2025021118,3,966,08:29,11:31,1551,left,525,takeaway,68,O,97,-24,8477951
2025021118,3,998,10:37,09:23,1551,left,525,takeaway,68,D,-55,3,8482699
2025021118,3,1017,11:33,08:27,1551,left,525,takeaway,68,D,-57,39,8477951
2025021118,3,1128,19:00,01:00,1551,left,525,takeaway,68,O,84,36,8480849
2025021119,1,167,07:10,12:50,1551,right,525,takeaway,9,O,56,-31,8477998
2025021119,1,324,19:53,00:07,1541,right,525,takeaway,3,N,14,-31,8476468
2025021119,2,488,02:51,17:09,1551,left,525,takeaway,3,D,-45,-28,8482877
2025021119,2,527,03:53,16:07,1551,left,525,takeaway,9,D,32,16,8476393
2025021119,2,647,14:12,05:48,1451,left,525,takeaway,9,D,65,36,8482245
2025021119,2,713,19:18,00:42,1531,left,525,takeaway,9,O,-86,-30,8480208
2025021119,3,818,04:34,15:26,1451,right,525,takeaway,9,D,-66,28,8482116
2025021119,3,910,12:28,07:32,1551,right,525,takeaway,3,O,-82,-30,8481789
2025021119,3,994,17:58,02:02,1551,right,525,takeaway,3,O,-78,24,8482109
2025021120,1,246,07:40,12:20,1551,left,525,takeaway,10,D,72,-36,8478904
2025021120,1,346,11:01,08:59,1551,left,525,takeaway,6,D,-28,-22,8478042
2025021120,1,390,15:45,04:15,1541,left,525,takeaway,6,N,8,41,8476374
2025021120,2,518,01:53,18:07,1551,right,525,takeaway,10,N,17,30,8482720
2025021120,2,525,02:20,17:40,1551,right,525,takeaway,6,O,-68,-41,8482117
2025021120,2,640,07:24,12:36,1451,right,525,takeaway,10,D,-69,39,8482720
2025021120,3,847,01:54,18:06,1541,left,525,takeaway,10,O,-67,-40,8481582
2025021120,3,1074,13:30,06:30,1551,left,525,takeaway,10,N,-24,-39,8477939
2025021120,3,1188,16:55,03:05,1551,left,525,takeaway,10,D,64,-32,8475171
2025021121,1,268,08:52,11:08,1551,right,525,takeaway,8,O,-36,-31,8483457
2025021121,1,300,13:08,06:52,1551,right,525,takeaway,12,D,-99,3,8480336
2025021121,1,470,17:51,02:09,1551,right,525,takeaway,12,D,-87,21,8476921
2025021121,2,601,08:21,11:39,1551,left,525,takeaway,12,O,-94,18,8480336
2025021121,2,634,10:33,09:27,1551,left,525,takeaway,8,D,-30,-22,8478851
2025021121,2,700,15:12,04:48,1551,left,525,takeaway,12,O,-54,27,8482093
2025021121,3,779,03:25,16:35,1551,right,525,takeaway,12,D,-27,16,8482100
2025021121,3,819,06:54,13:06,1551,right,525,takeaway,8,D,72,24,8480865
2025021121,3,851,08:34,11:26,1541,right,525,takeaway,8,D,82,35,8478133
2025021122,1,241,11:57,08:03,1551,right,525,takeaway,9,O,68,-22,8481606
2025021122,2,472,00:10,19:50,1551,left,525,takeaway,9,O,-96,-16,8482092
2025021122,2,698,12:22,07:38,1551,left,525,takeaway,17,O,99,-16,8479337
2025021122,2,718,13:30,06:30,1551,left,525,takeaway,9,O,-91,25,8484759
2025021122,2,720,13:36,06:24,1551,left,525,takeaway,17,D,-59,-3,8475753
2025021122,2,721,13:47,06:13,1551,left,525,takeaway,17,O,80,-34,8475753
2025021122,2,722,13:53,06:07,1551,left,525,takeaway,9,O,-74,28,8480208
2025021122,3,856,00:36,19:24,1551,right,525,takeaway,9,O,70,41,8481528
2025021122,3,960,08:05,11:55,1551,right,525,takeaway,9,O,71,41,8480801
2025021122,3,1117,19:42,00:18,1560,right,525,takeaway,17,O,-99,9,8479337
2025021123,1,98,02:01,17:59,1551,right,525,takeaway,55,D,-72,40,8477919
2025021123,1,105,02:34,17:26,1551,right,525,takeaway,13,D,35,-36,8478055
2025021123,2,542,07:32,12:28,1541,left,525,takeaway,13,N,-1,17,8479314
2025021123,3,947,10:42,09:18,1551,right,525,takeaway,13,O,-93,2,8480003
2025021123,3,963,12:13,07:47,1551,right,525,takeaway,13,N,22,-39,8482107
2025021123,3,1000,14:42,05:18,1551,right,525,takeaway,13,O,-99,-3,8476994
2025021123,3,1011,15:39,04:21,1551,right,525,takeaway,13,D,59,-36,8479393
2025021123,3,1022,16:35,03:25,1551,right,525,takeaway,55,D,-29,-26,8482259
2025021123,3,1046,17:58,02:02,1551,right,525,takeaway,55,N,5,-1,8474586
2025021123,3,1064,19:43,00:17,1551,right,525,takeaway,55,O,26,-38,8482259
2025021123,4,1086,01:44,03:16,1331,left,525,takeaway,13,D,-80,36,8477409
2025021123,4,1108,04:20,00:40,1331,left,525,takeaway,13,D,-48,28,8477932
2025021123,4,1113,04:43,00:17,1331,left,525,takeaway,55,D,92,10,8476905
2025021124,1,56,00:12,19:48,1551,left,525,takeaway,16,N,20,41,8481568
2025021124,1,230,10:09,09:51,1551,left,525,takeaway,2,D,-42,-35,8481601
2025021124,1,358,14:43,05:17,1551,left,525,takeaway,16,D,99,-4,8483506
2025021124,1,370,15:19,04:41,1541,left,525,takeaway,2,D,-29,18,8481601
2025021124,2,555,02:55,17:05,1551,right,525,takeaway,2,D,41,10,8476419
2025021124,2,785,18:14,01:46,1451,right,525,takeaway,16,D,-64,-42,8481568
2025021124,3,1031,15:03,04:57,1551,left,525,takeaway,16,D,82,40,8477479
2025021125,1,230,08:40,11:20,1551,right,525,takeaway,4,O,-30,-33,8484142
2025021125,1,267,12:16,07:44,1551,right,525,takeaway,29,D,-56,36,8479371
2025021125,1,523,15:10,04:50,1551,right,525,takeaway,29,D,-99,-19,8478460
2025021125,1,398,17:29,02:31,1551,right,525,takeaway,4,N,15,19,8482142
2025021125,2,632,06:22,13:38,1551,left,525,takeaway,29,D,37,-40,8478460
2025021125,2,635,07:46,12:14,1551,left,525,takeaway,29,D,37,42,8476432
2025021125,3,896,05:13,14:47,1551,right,525,takeaway,29,D,-27,-33,8479371
2025021125,3,979,13:29,06:31,1541,right,525,takeaway,4,D,97,-18,8476461
2025021125,3,1005,15:39,04:21,1551,right,525,takeaway,29,O,98,-3,8479671
2025021125,3,1024,16:20,03:40,1551,right,525,takeaway,29,N,-12,39,8482705
2025021125,3,1059,19:49,00:11,1560,right,525,takeaway,29,D,-80,-26,8476923
2025021126,1,224,04:00,16:00,1551,left,525,takeaway,5,O,90,8,8478438
2025021126,1,245,04:53,15:07,1551,left,525,takeaway,21,D,29,18,8477492
2025021126,1,317,12:09,07:51,1551,left,525,takeaway,5,N,7,-14,8474578
2025021126,1,505,16:13,03:47,1551,left,525,takeaway,5,D,-97,-9,8474578
2025021126,2,611,02:33,17:27,1551,right,525,takeaway,5,D,32,-31,8482758
2025021126,2,655,07:43,12:17,1551,right,525,takeaway,5,N,5,-34,8476483
2025021126,2,792,15:38,04:22,1551,right,525,takeaway,5,D,96,-3,8485414
2025021126,3,1150,18:09,01:51,1551,left,525,takeaway,21,N,20,-38,8479525
2025021127,1,66,00:38,19:22,1551,left,525,takeaway,30,O,-70,-41,8478493
2025021127,1,450,13:05,06:55,1551,left,525,takeaway,14,N,-18,0,8479542
2025021127,2,752,06:13,13:47,1551,right,525,takeaway,30,D,-43,33,8475765
2025021127,2,837,12:39,07:21,1551,right,525,takeaway,30,N,6,-21,8481557
2025021127,3,993,04:47,15:13,1551,left,525,takeaway,30,O,-94,2,8476463
2025021127,3,1001,05:21,14:39,1551,left,525,takeaway,30,D,40,-39,8478508
2025021127,3,1187,16:08,03:52,1551,left,525,takeaway,30,O,-90,-9,8478493
2025021127,3,1189,16:24,03:36,1551,left,525,takeaway,14,O,94,-7,8478010
2025021127,3,1219,17:31,02:29,1551,left,525,takeaway,30,O,-51,-42,8475149
2025021128,1,134,05:27,14:33,1551,left,525,takeaway,15,N,12,-41,8481656
2025021128,1,148,07:06,12:54,1551,left,525,takeaway,15,D,95,11,8482088
2025021128,1,197,10:31,09:29,1551,left,525,takeaway,15,N,10,-32,8481656
2025021128,1,359,15:31,04:29,1451,left,525,takeaway,19,O,97,10,8482089
2025021128,2,549,05:12,14:48,1551,right,525,takeaway,19,N,-5,-35,8475718
2025021128,2,622,07:35,12:25,1551,right,525,takeaway,19,D,86,-36,8484164
2025021128,2,669,11:09,08:51,1551,right,525,takeaway,15,D,-56,-41,8477845
2025021128,3,896,08:02,11:58,1551,left,525,takeaway,19,O,78,1,8482077
2025021128,3,985,14:56,05:04,1551,left,525,takeaway,15,O,-54,4,8481656
2025021128,3,1023,17:19,02:41,1551,left,525,takeaway,15,O,-87,-31,8471214
2025021128,3,1043,19:12,00:48,0651,left,525,takeaway,19,D,-60,-18,8479385
2025021129,1,111,03:51,16:09,1551,left,525,takeaway,18,D,-32,-22,8474600
2025021129,1,118,04:09,15:51,1551,left,525,takeaway,28,D,51,14,8484994
2025021129,1,381,16:17,03:43,1551,left,525,takeaway,18,O,39,-39,8479370
2025021129,1,396,16:32,03:28,1551,left,525,takeaway,18,O,99,-8,8475158
2025021129,1,461,17:04,02:56,1551,left,525,takeaway,28,O,-65,-40,8475200
2025021129,2,504,00:23,19:37,1551,right,525,takeaway,28,O,25,11,8482166
2025021129,3,834,03:13,16:47,1551,left,525,takeaway,18,O,92,9,8482146
2025021129,3,869,05:59,14:01,1551,left,525,takeaway,18,N,-8,18,8479980
2025021129,3,1030,14:16,05:44,1551,left,525,takeaway,28,N,19,-31,8479983
2025021129,3,1050,15:46,04:14,1551,left,525,takeaway,18,D,-50,37,8479370
2025021130,1,158,04:24,15:36,1551,right,525,takeaway,25,D,79,-31,8476902
2025021130,1,168,06:17,13:43,1551,right,525,takeaway,25,D,42,-38,8476902
2025021130,1,357,13:05,06:55,1551,right,525,takeaway,25,O,-99,10,8483425
2025021130,2,502,00:36,19:24,1551,left,525,takeaway,25,N,-23,42,8484829
2025021130,2,660,14:43,05:17,1551,left,525,takeaway,1,N,-12,33,8480192
2025021130,2,692,18:09,01:51,1541,left,525,takeaway,25,D,-72,-32,8480036
2025021130,2,700,18:44,01:16,1541,left,525,takeaway,25,D,-50,-40,8476278
2025021130,3,739,01:04,18:56,1551,right,525,takeaway,25,O,-96,0,8482145
2025021130,3,748,01:24,18:36,1551,right,525,takeaway,1,N,-6,-19,8481721
2025021130,3,761,02:29,17:31,1551,right,525,takeaway,25,N,-18,35,8478047
2025021130,3,795,04:35,15:25,1551,right,525,takeaway,1,N,-19,-37,8483495
2025021130,3,902,11:43,08:17,1451,right,525,takeaway,1,O,41,-41,8477015
2025021130,3,932,13:40,06:20,1551,right,525,takeaway,25,N,-17,-10,8478047
2025021131,1,102,03:37,16:23,1551,right,525,takeaway,52,O,-98,3,8474679
2025021131,1,213,07:34,12:26,1551,right,525,takeaway,54,N,4,34,8478396
2025021131,1,332,12:36,07:24,1551,right,525,takeaway,54,N,23,27,8475913
2025021131,1,412,19:50,00:10,1551,right,525,takeaway,54,O,51,18,8475913
2025021131,2,668,07:37,12:23,1551,left,525,takeaway,52,O,39,-14,8473604
2025021131,2,670,07:40,12:20,1551,left,525,takeaway,54,D,54,19,8475913
2025021131,2,702,10:41,09:19,1551,left,525,takeaway,52,D,-60,37,8473604
2025021131,2,795,17:33,02:27,1551,left,525,takeaway,52,O,98,1,8481043
2025021131,2,818,19:22,00:38,1551,left,525,takeaway,52,D,-30,7,8480049
2025021131,3,871,03:47,16:13,1551,right,525,takeaway,52,N,-18,-3,8481043
2025021132,1,97,01:19,18:41,1551,left,525,takeaway,22,N,22,12,8475786
2025021132,1,389,17:51,02:09,1551,left,525,takeaway,68,O,76,6,8477021
2025021132,2,563,02:57,17:03,1551,right,525,takeaway,22,O,64,-29,8483512
2025021132,2,578,04:29,15:31,1551,right,525,takeaway,68,D,34,-40,8479410
2025021132,2,689,08:26,11:34,1551,right,525,takeaway,22,O,66,-37,8481617
2025021132,2,823,13:33,06:27,1551,right,525,takeaway,68,D,72,36,8483431
2025021132,3,1029,10:22,09:38,1551,left,525,takeaway,68,D,-36,-32,8477951
2025021132,3,1152,19:49,00:11,1560,left,525,takeaway,22,D,49,40,8478402
2025021133,1,139,03:33,16:27,1551,right,525,takeaway,20,D,28,-35,8480860
2025021133,1,344,11:48,08:12,1551,right,525,takeaway,26,O,33,20,8479675
2025021133,1,374,12:25,07:35,1551,right,525,takeaway,20,N,6,-32,8480797
2025021133,1,382,12:42,07:18,1551,right,525,takeaway,26,D,-96,-9,8482124
2025021133,2,741,14:04,05:56,1551,left,525,takeaway,26,D,36,-24,8478472
2025021133,3,850,01:50,18:10,1551,right,525,takeaway,26,O,49,6,8479675
2025021133,3,882,03:36,16:24,1551,right,525,takeaway,26,D,-91,32,8475208
2025021133,3,945,08:10,11:50,1551,right,525,takeaway,20,O,-46,-38,8476458
2025021133,3,975,10:30,09:30,1551,right,525,takeaway,20,O,-60,-28,8483609
2025021133,4,1166,04:43,00:17,1331,left,525,takeaway,26,D,41,41,8478550
2025021134,1,154,03:26,16:34,1551,right,525,takeaway,23,O,-57,-2,8482079
2025021134,1,257,06:23,13:37,1551,right,525,takeaway,24,D,-25,34,8481605
2025021134,1,357,14:47,05:13,1551,right,525,takeaway,24,D,-65,-40,8484153
2025021134,2,536,01:27,18:33,1551,left,525,takeaway,23,D,-95,15,8483499
2025021134,2,548,01:38,18:22,1551,left,525,takeaway,23,O,65,29,8482079
2025021134,2,618,02:53,17:07,1551,left,525,takeaway,24,O,-97,1,8478873
2025021134,2,796,14:09,05:51,1551,left,525,takeaway,23,O,31,-42,8476927
2025021134,2,874,16:35,03:25,1551,left,525,takeaway,24,D,58,8,8483445
2025021134,3,888,00:22,19:38,1531,right,525,takeaway,24,O,89,-27,8474590
2025021134,3,1042,07:22,12:38,1551,right,525,takeaway,24,O,52,-19,8481605
2025021134,3,1093,10:23,09:37,1551,right,525,takeaway,24,D,-25,37,8483490
2025021134,3,1139,15:16,04:44,1551,right,525,takeaway,24,N,-17,0,8485512
2025021135,1,392,13:14,06:46,1551,left,525,takeaway,6,O,-39,-1,8482117
2025021135,2,707,08:07,11:53,1441,right,525,takeaway,7,O,-31,39,8480807
2025021135,2,710,08:13,11:47,1441,right,525,takeaway,6,N,-23,2,8476854
2025021135,2,852,19:12,00:48,1551,right,525,takeaway,7,D,68,21,8480802
2025021135,3,934,05:19,14:41,1541,left,525,takeaway,7,N,21,35,8484145
2025021135,3,946,05:51,14:09,1451,left,525,takeaway,7,O,73,-24,8479420
2025021135,3,1137,16:01,03:59,1551,left,525,takeaway,6,D,54,21,8482511
2025021136,1,454,13:43,06:17,1551,right,525,takeaway,10,O,-92,-10,8484901
2025021136,2,678,09:42,10:18,1551,left,525,takeaway,3,D,31,-35,8481525
2025021136,2,706,11:18,08:42,1551,left,525,takeaway,3,D,47,-39,8478840
2025021136,2,725,12:09,07:51,1551,left,525,takeaway,10,D,-40,-40,8477503
2025021136,3,915,06:06,13:54,1551,right,525,takeaway,10,N,13,-31,8477503
2025021136,3,978,11:33,08:27,1551,right,525,takeaway,3,D,-89,-18,8483669
2025021136,3,1001,12:10,07:50,1551,right,525,takeaway,10,D,83,22,8477503
2025021136,3,1079,17:36,02:24,1551,right,525,takeaway,10,N,7,32,8484158
2025021137,2,361,00:25,19:35,1551,left,525,takeaway,8,D,-53,41,8482087
2025021137,2,505,02:14,17:46,1551,left,525,takeaway,29,D,38,-1,8484166
2025021137,2,607,12:02,07:58,1551,left,525,takeaway,29,O,-97,4,8477425
2025021137,2,632,14:09,05:51,1551,left,525,takeaway,29,O,-60,-36,8478975
2025021137,2,656,16:52,03:08,1551,left,525,takeaway,29,O,-98,21,8482705
2025021137,3,698,00:22,19:38,1551,right,525,takeaway,8,D,80,-24,8478851
2025021137,3,856,13:12,06:48,1551,right,525,takeaway,8,D,64,18,8481593
2025021137,3,924,18:16,01:44,1551,right,525,takeaway,29,O,63,-40,8478460
2025021138,1,63,00:05,19:55,1551,left,525,takeaway,5,O,-31,15,8475810
2025021138,1,94,01:48,18:12,1551,left,525,takeaway,5,D,43,-1,8477511
2025021138,2,711,05:34,14:26,1551,right,525,takeaway,9,D,95,29,8482095
2025021138,2,751,10:00,10:00,1551,right,525,takeaway,9,D,46,13,8482116
2025021138,2,770,11:17,08:43,1551,right,525,takeaway,5,N,-2,33,8475810
2025021138,3,902,00:25,19:35,1531,left,525,takeaway,5,O,-94,5,8482475
2025021138,3,950,03:22,16:38,1551,left,525,takeaway,5,O,-53,12,8481725
2025021138,3,1103,11:26,08:34,1551,left,525,takeaway,9,N,13,0,8473512
2025021138,3,1132,12:37,07:23,1551,left,525,takeaway,5,O,-96,24,8478569
2025021138,3,1173,16:13,03:47,1551,left,525,takeaway,5,D,27,27,8477511
2025021138,3,1185,16:42,03:18,1551,left,525,takeaway,5,D,66,30,8471724
2025021139,1,382,09:55,10:05,1551,left,525,takeaway,14,O,98,1,8477404
2025021139,1,390,19:48,00:12,1551,left,525,takeaway,55,D,67,-40,8476457
2025021139,2,523,01:59,18:01,1551,right,525,takeaway,55,D,-90,14,8479324
2025021139,2,763,14:48,05:12,1441,right,525,takeaway,14,N,18,-29,8480426
2025021139,3,857,02:26,17:34,1551,left,525,takeaway,14,N,17,-41,8478416
2025021139,3,874,03:05,16:55,1551,left,525,takeaway,55,O,-98,9,8480009
2025021139,3,876,03:33,16:27,1551,left,525,takeaway,14,O,29,-38,8482655
2025021139,3,966,10:09,09:51,1551,left,525,takeaway,55,N,-1,-30,8482858
2025021139,3,1068,13:27,06:33,1551,left,525,takeaway,55,D,72,11,8479324
2025021139,3,1152,18:43,01:17,1551,left,525,takeaway,55,O,-81,-36,8477986
2025021140,1,74,00:28,19:32,1551,right,525,takeaway,13,O,-91,5,8480185
2025021140,1,132,04:38,15:22,1551,right,525,takeaway,30,O,76,-39,8477446
2025021140,1,332,12:16,07:44,1551,right,525,takeaway,13,D,57,23,8475179
2025021140,1,392,16:03,03:57,1551,right,525,takeaway,30,D,-74,41,8480800
2025021140,2,592,07:38,12:22,1551,left,525,takeaway,13,D,-43,-41,8482131
2025021140,2,738,15:41,04:19,1551,left,525,takeaway,30,D,81,-37,8475220
2025021140,3,957,08:05,11:55,1551,right,525,takeaway,13,D,93,5,8477932
2025021140,3,981,10:58,09:02,1551,right,525,takeaway,13,N,-22,40,8481518
2025021140,3,990,10:59,09:01,1551,right,525,takeaway,30,D,-27,37,8480800
2025021141,1,82,01:42,18:18,1551,left,525,takeaway,25,O,-96,-4,8475168
2025021141,1,127,05:13,14:47,1551,left,525,takeaway,25,N,2,-39,8483425
2025021141,1,297,12:53,07:07,1551,left,525,takeaway,25,D,94,-8,8481581
2025021141,1,403,18:10,01:50,1551,left,525,takeaway,2,D,-98,-9,8477500
2025021141,2,431,00:45,19:15,1551,right,525,takeaway,25,N,-14,29,8480027
2025021141,2,447,01:38,18:22,1551,right,525,takeaway,2,D,74,40,8481601
2025021141,3,795,03:26,16:34,1451,left,525,takeaway,25,N,7,-33,8480840
2025021141,3,895,11:21,08:39,1551,left,525,takeaway,2,D,-47,39,8481601
2025021141,3,925,13:07,06:53,1551,left,525,takeaway,2,D,-83,28,8477506
2025021142,1,417,05:47,14:13,1551,right,525,takeaway,4,D,87,21,8480015
2025021142,1,225,06:52,13:08,1551,right,525,takeaway,4,O,-96,27,8484387
2025021142,2,637,03:19,16:41,1551,left,525,takeaway,16,D,84,17,8481806
2025021142,2,644,03:56,16:04,1551,left,525,takeaway,4,D,-77,40,8477499
2025021142,2,843,19:30,00:30,1551,left,525,takeaway,4,O,97,-5,8480220
2025021142,3,985,08:43,11:17,1551,right,525,takeaway,4,O,-82,-23,8477903
2025021142,3,1131,17:18,02:42,1551,right,525,takeaway,4,N,-5,0,8480220
2025021143,1,92,01:52,18:08,1551,left,525,takeaway,19,O,80,39,8480459
2025021143,1,137,04:46,15:14,1541,left,525,takeaway,28,D,97,14,8477505
2025021143,3,754,02:04,17:56,1551,left,525,takeaway,28,O,-89,8,8485402
2025021143,3,767,03:14,16:46,1551,left,525,takeaway,28,O,-43,-31,8484801
2025021143,3,814,06:25,13:35,1551,left,525,takeaway,19,O,98,21,8482733
2025021143,3,818,07:06,12:54,1551,left,525,takeaway,19,D,-82,-28,8475764
2025021143,3,828,07:54,12:06,1551,left,525,takeaway,19,D,-87,28,8475764
2025021143,3,901,13:21,06:39,1551,left,525,takeaway,28,N,8,-23,8484911
2025021143,3,1006,17:25,02:35,1551,left,525,takeaway,19,O,70,38,8481013
2025021143,4,1067,02:58,02:02,1331,right,525,takeaway,28,D,-62,-3,8482667
2025021144,1,89,02:14,17:46,1551,left,525,takeaway,18,O,97,-26,8482768
2025021144,1,173,04:21,15:39,1551,left,525,takeaway,1,D,67,-25,8480192
2025021144,1,278,09:06,10:54,1551,left,525,takeaway,1,D,59,-3,8477015
2025021144,2,437,02:47,17:13,1551,right,525,takeaway,18,O,-95,-20,8480246
2025021144,2,696,14:57,05:03,1551,right,525,takeaway,1,N,19,37,8482684
2025021144,3,878,08:24,11:36,1551,left,525,takeaway,1,O,-89,-10,8481559
2025021144,3,903,09:51,10:09,1551,left,525,takeaway,1,O,-26,-40,8484958
2025021144,3,993,15:51,04:09,1551,left,525,takeaway,18,N,1,32,8474564
2025021145,1,170,05:06,14:54,1551,right,525,takeaway,52,D,47,41,8476460
2025021145,1,285,11:32,08:28,1551,right,525,takeaway,21,D,-45,5,8476967
2025021145,2,723,14:05,05:55,1551,left,525,takeaway,21,D,92,11,8475754
2025021145,2,766,17:10,02:50,1551,left,525,takeaway,21,D,25,37,8470613
2025021145,2,790,18:59,01:01,1541,left,525,takeaway,52,D,-85,-13,8480049
2025021145,3,918,07:18,12:42,1451,right,525,takeaway,52,O,-76,-37,8480145
2025021145,3,962,10:58,09:02,1551,right,525,takeaway,21,D,-36,-36,8480039
2025021146,1,422,15:32,04:28,1541,left,525,takeaway,68,D,-57,39,8477021
2025021146,1,427,15:55,04:05,1541,left,525,takeaway,15,O,-99,9,8479345
2025021146,1,431,16:40,03:20,1551,left,525,takeaway,68,D,-80,39,8478831
2025021146,2,809,19:49,00:11,1451,right,525,takeaway,15,D,-31,-39,8478463
2025021146,3,910,01:57,18:03,1541,left,525,takeaway,15,D,47,-24,8479345
2025021146,3,944,03:43,16:17,1551,left,525,takeaway,15,N,10,-26,8481580
2025021146,3,1040,09:23,10:37,1551,left,525,takeaway,68,O,81,38,8477951
2025021146,3,1166,13:36,06:24,1551,left,525,takeaway,68,O,58,-42,8480434
2025021146,3,1188,15:35,04:25,1551,left,525,takeaway,68,O,95,6,8474013
2025021147,1,127,04:04,15:56,1551,right,525,takeaway,20,D,47,42,8484150
2025021147,1,147,05:01,14:59,1551,right,525,takeaway,24,O,96,15,8482745
2025021147,1,240,08:55,11:05,1551,right,525,takeaway,20,D,74,28,8482679
2025021147,1,315,13:43,06:17,1551,right,525,takeaway,24,N,-21,-41,8474590
2025021147,1,326,14:15,05:45,1551,right,525,takeaway,20,O,-84,17,8481068
2025021147,2,572,08:04,11:56,1551,left,525,takeaway,20,D,-74,17,8476874
2025021147,2,689,12:50,07:10,1551,left,525,takeaway,24,O,-73,41,8484153
2025021147,2,764,18:08,01:52,1551,left,525,takeaway,24,D,78,-17,8481605
2025021147,3,790,00:20,19:40,1551,right,525,takeaway,24,D,-31,38,8479705
2025021147,3,1016,12:56,07:04,1551,right,525,takeaway,20,O,-83,20,8481068
2025021147,3,1027,13:13,06:47,1551,right,525,takeaway,24,D,-29,-42,8484762
2025021147,4,1136,01:04,03:56,1331,left,525,takeaway,20,O,55,-11,8478109
2025021147,4,1138,01:21,03:39,1331,left,525,takeaway,20,D,-48,-18,8478109
2025021148,1,116,00:21,19:39,1551,right,525,takeaway,54,N,23,11,8478397
2025021148,1,515,17:27,02:33,1551,right,525,takeaway,54,O,-99,-1,8478397
2025021148,1,529,18:28,01:32,1551,right,525,takeaway,22,O,25,-16,8483512
2025021148,2,628,06:05,13:55,1551,left,525,takeaway,54,O,51,-5,8479353
2025021148,2,699,11:10,08:50,1551,left,525,takeaway,22,O,-73,-37,8481617
2025021148,2,769,15:50,04:10,1551,left,525,takeaway,54,N,-13,-29,8478396
2025021148,2,790,17:07,02:53,1551,left,525,takeaway,54,O,92,32,8478483
2025021148,3,836,00:08,19:52,1551,right,525,takeaway,54,O,-68,-40,8478434
2025021148,3,865,03:48,16:12,1551,right,525,takeaway,54,D,38,8,8475913
2025021148,3,1013,10:12,09:48,1551,right,525,takeaway,22,D,-69,17,8481617
2025021148,3,1043,12:10,07:50,1551,right,525,takeaway,22,N,-17,37,8478013
2025021148,3,1046,12:58,07:02,1551,right,525,takeaway,22,D,-84,-37,8476473
2025021148,3,1126,17:55,02:05,1551,right,525,takeaway,54,D,50,-2,8477447
2025021149,2,618,05:59,14:01,1551,left,525,takeaway,26,D,30,-36,8479998
2025021149,2,625,06:06,13:54,1551,left,525,takeaway,23,D,-45,-40,8484240
2025021149,2,667,09:48,10:12,1551,left,525,takeaway,26,N,7,40,8474563
2025021149,2,730,14:48,05:12,1551,left,525,takeaway,23,N,3,36,8478444
2025021149,3,826,01:09,18:51,1551,right,525,takeaway,23,O,-43,36,8482055
2025021149,3,896,01:45,18:15,1551,right,525,takeaway,23,O,-96,16,8478444
2025021150,1,226,07:06,12:54,1551,left,525,takeaway,7,N,10,-21,8481524
2025021150,1,243,09:06,10:54,1541,left,525,takeaway,17,O,-76,37,8481542
2025021150,1,367,10:45,09:15,1551,left,525,takeaway,7,O,99,-1,8475722
2025021150,1,481,18:18,01:42,1451,left,525,takeaway,7,O,95,-29,8479420
2025021150,2,755,11:28,08:32,1441,right,525,takeaway,7,O,-57,-29,8480802
2025021150,2,780,13:36,06:24,1551,right,525,takeaway,17,O,68,40,8482078
2025021150,2,791,14:07,05:53,1551,right,525,takeaway,17,D,-34,18,8481542
2025021150,2,842,17:56,02:04,1451,right,525,takeaway,17,D,-86,-16,8477429
2025021150,2,860,19:28,00:32,1451,right,525,takeaway,17,D,-27,1,8484471
2025021150,3,1011,11:30,08:30,1541,left,525,takeaway,7,D,-91,27,8484145
2025021150,3,1042,13:36,06:24,1541,left,525,takeaway,7,D,-43,41,8484145
2025021150,3,1099,17:33,02:27,1560,left,525,takeaway,17,N,-5,25,8477946
2025021151,1,120,04:30,15:30,1551,right,525,takeaway,3,O,-62,3,8476389
2025021151,1,252,10:30,09:30,1551,right,525,takeaway,16,D,-67,-41,8483506
2025021151,2,512,01:49,18:11,1551,left,525,takeaway,16,N,0,-5,8477444
2025021151,2,707,16:51,03:09,1551,left,525,takeaway,16,N,23,-8,8485391
2025021151,3,753,01:00,19:00,1541,right,525,takeaway,3,D,33,-6,8476389
2025021151,3,878,07:12,12:48,1541,right,525,takeaway,3,N,-21,6,8479390
2025021151,3,942,10:23,09:37,1451,right,525,takeaway,3,O,-92,-31,8479323
2025021151,3,954,11:35,08:25,1451,right,525,takeaway,3,N,1,-39,8482073
2025021151,3,976,13:01,06:59,1451,right,525,takeaway,3,D,30,-14,8476459
2025021152,1,195,04:45,15:15,1551,left,525,takeaway,9,D,30,38,8477998
2025021152,1,203,06:15,13:45,1551,left,525,takeaway,9,N,0,-36,8482095
2025021152,1,247,10:20,09:40,1451,left,525,takeaway,9,D,41,-32,8474189
2025021152,1,287,13:56,06:04,1551,left,525,takeaway,14,O,98,1,8479542
2025021152,2,553,02:22,17:38,1551,right,525,takeaway,9,O,72,33,8480188
2025021152,2,583,04:23,15:37,1551,right,525,takeaway,9,D,-30,40,8482095
2025021152,3,951,06:56,13:04,1551,left,525,takeaway,9,O,-94,7,8481596
2025021152,3,1091,16:05,03:55,1551,left,525,takeaway,9,O,-66,7,8473512
2025021153,1,274,07:37,12:23,1551,left,525,takeaway,2,O,74,-40,8477500
2025021153,1,313,09:47,10:13,1551,left,525,takeaway,2,O,89,-32,8478445
2025021153,1,342,13:26,06:34,1551,left,525,takeaway,13,O,-98,8,8482107
2025021153,2,746,15:48,04:12,1551,right,525,takeaway,13,D,-28,-18,8482713
2025021153,3,821,04:17,15:43,1551,left,525,takeaway,13,N,-7,-40,8479314
2025021153,3,853,07:02,12:58,1551,left,525,takeaway,2,N,23,-37,8477500
2025021153,3,868,08:09,11:51,1551,left,525,takeaway,13,O,-83,32,8480021
2025021154,1,113,02:20,17:40,1551,left,525,takeaway,24,O,-68,37,8478366
2025021154,1,463,18:08,01:52,1551,left,525,takeaway,24,D,31,-30,8481605
2025021154,2,693,09:06,10:54,1551,right,525,takeaway,22,D,52,37,8480834
2025021154,2,782,16:26,03:34,1541,right,525,takeaway,24,N,0,-35,8483445
2025021154,3,818,00:56,19:04,1551,left,525,takeaway,24,D,34,30,8479705
2025021154,3,868,04:14,15:46,1551,left,525,takeaway,24,D,90,-5,8482178
2025021154,3,1121,14:50,05:10,1551,left,525,takeaway,24,N,-22,-40,8481605
2025021155,1,225,12:39,07:21,1551,left,525,takeaway,30,D,42,-40,8473507
2025021155,1,267,15:06,04:54,1551,left,525,takeaway,6,N,20,-13,8479987
2025021155,2,605,08:17,11:43,1551,right,525,takeaway,30,O,92,-26,8481557
2025021155,2,652,11:28,08:32,1551,right,525,takeaway,30,O,96,27,8481553
2025021155,2,663,13:03,06:57,1551,right,525,takeaway,6,D,34,39,8479325
2025021155,2,717,16:20,03:40,1541,right,525,takeaway,30,O,95,-29,8478493
2025021155,3,935,05:54,14:06,1551,left,525,takeaway,6,D,-99,-2,8477956
2025021155,3,1002,09:41,10:19,1551,left,525,takeaway,30,D,31,34,8476463
2025021155,3,1039,11:22,08:38,1451,left,525,takeaway,30,D,50,-16,8478508
2025021155,3,1088,15:35,04:25,1551,left,525,takeaway,30,O,-71,36,8481557
2025021156,1,135,04:46,15:14,1551,left,525,takeaway,25,D,86,29,8480036
2025021156,1,428,16:37,03:23,0651,left,525,takeaway,5,D,-52,10,8485414
2025021156,2,619,05:17,14:43,1551,right,525,takeaway,5,O,-52,42,8482758
2025021156,2,647,07:25,12:35,1551,right,525,takeaway,25,O,99,9,8476278
2025021156,3,814,02:46,17:14,1551,left,525,takeaway,25,O,-58,-40,8480840
2025021156,3,836,04:33,15:27,1551,left,525,takeaway,5,D,-30,41,8476483
2025021156,3,1021,16:17,03:43,1551,left,525,takeaway,25,O,-51,39,8482740
2025021157,1,161,03:42,16:18,1551,right,525,takeaway,12,O,-71,-21,8480817
2025021157,1,219,08:18,11:42,1551,right,525,takeaway,1,O,62,40,8481559
2025021157,1,253,10:04,09:56,1541,right,525,takeaway,12,D,31,-40,8478970
2025021157,1,408,18:39,01:21,1551,right,525,takeaway,12,D,48,-40,8482100
2025021157,2,567,07:50,12:10,1551,left,525,takeaway,12,D,-44,4,8482100
2025021157,2,624,11:28,08:32,1551,left,525,takeaway,12,N,-10,22,8480336
2025021157,2,671,16:06,03:54,1551,left,525,takeaway,12,D,-48,-12,8482093
2025021157,2,678,16:33,03:27,1551,left,525,takeaway,1,O,-56,38,8484177
2025021157,3,741,00:54,19:06,1551,right,525,takeaway,12,O,-91,31,8482093
2025021157,3,783,04:18,15:42,1551,right,525,takeaway,1,O,98,1,8480002
2025021157,3,986,16:20,03:40,0641,right,525,takeaway,1,O,76,18,8482684
2025021158,1,150,03:44,16:16,1551,left,525,takeaway,29,N,0,38,8478975
2025021158,1,202,03:54,16:06,1551,left,525,takeaway,29,N,21,36,8480893
2025021158,1,377,16:57,03:03,1551,left,525,takeaway,29,O,95,-25,8476432
2025021158,2,642,09:44,10:16,1551,right,525,takeaway,28,D,-67,42,8484806
2025021158,2,650,10:52,09:08,1551,right,525,takeaway,28,D,-80,-26,8485402
2025021158,2,664,12:05,07:55,1551,right,525,takeaway,29,O,-96,-18,8478500
2025021158,2,678,12:31,07:29,1551,right,525,takeaway,29,D,66,-25,8479671
2025021158,2,719,16:25,03:35,1451,right,525,takeaway,28,D,-46,-28,8480748
2025021158,3,998,12:19,07:41,1551,left,525,takeaway,28,O,-95,10,8484911
2025021158,3,1039,14:02,05:58,1551,left,525,takeaway,29,D,-60,39,8484166
2025021159,1,213,03:11,16:49,1451,left,525,takeaway,7,D,-96,-27,8480064
2025021159,2,495,00:27,19:33,1551,right,525,takeaway,7,O,-91,33,8475842
2025021159,2,594,03:27,16:33,1551,right,525,takeaway,55,O,92,-28,8478407
2025021159,2,694,07:19,12:41,1541,right,525,takeaway,7,D,47,-38,8484145
2025021159,2,706,08:52,11:08,1551,right,525,takeaway,7,N,-22,-32,8484145
2025021159,2,778,13:47,06:13,1551,right,525,takeaway,55,O,53,7,8483570
2025021159,3,887,00:44,19:16,1551,left,525,takeaway,55,D,83,-9,8484800
2025021159,3,935,04:35,15:25,1551,left,525,takeaway,55,O,-48,-32,8484800
2025021159,3,974,07:51,12:09,1551,left,525,takeaway,7,D,-42,-7,8479378
2025021159,3,1078,16:10,03:50,1551,left,525,takeaway,55,D,31,-33,8477986
2025021159,4,1154,00:18,04:42,1331,right,525,takeaway,7,D,58,42,8477949
2025021159,4,1165,02:29,02:31,1331,right,525,takeaway,55,D,-81,40,8477986
2025021160,1,126,05:10,14:50,1551,left,525,takeaway,19,D,-95,-7,8476892
2025021160,1,135,06:05,13:55,1551,left,525,takeaway,10,D,88,-32,8482720
2025021160,1,377,18:07,01:53,1551,left,525,takeaway,10,D,37,-32,8477939
2025021160,2,560,04:00,16:00,1551,right,525,takeaway,10,O,69,22,8484901
2025021160,2,580,05:14,14:46,1551,right,525,takeaway,19,N,-21,14,8482077
2025021160,2,655,11:18,08:42,1551,right,525,takeaway,10,O,67,-40,8475166
2025021160,2,658,11:26,08:34,1551,right,525,takeaway,19,D,94,-30,8481598
2025021160,2,671,12:30,07:30,1551,right,525,takeaway,10,D,-71,40,8475171
2025021160,3,989,15:58,04:02,1551,left,525,takeaway,10,O,-98,-2,8476931
2025021161,1,294,12:49,07:11,1551,left,525,takeaway,8,N,12,-31,8476875
2025021161,2,618,06:18,13:42,1551,right,525,takeaway,8,O,63,42,8476479
2025021161,2,630,06:56,13:04,1551,right,525,takeaway,18,O,-50,-33,8483513
2025021161,2,662,09:09,10:51,1451,right,525,takeaway,8,D,-29,-34,8478133
2025021161,2,774,16:42,03:18,1551,right,525,takeaway,18,O,-78,39,8482768
2025021161,3,803,00:35,19:25,1441,left,525,takeaway,8,O,-48,34,8483457
2025021161,3,996,13:12,06:48,1551,left,525,takeaway,18,D,-49,42,8476887
2025021161,3,1092,17:21,02:39,1551,left,525,takeaway,8,D,30,-40,8482737
2025021162,1,156,04:57,15:03,1551,right,525,takeaway,52,N,-21,-2,8476331
2025021162,1,318,14:34,05:26,1551,right,525,takeaway,52,D,-62,-25,8476460
2025021162,1,348,16:43,03:17,1551,right,525,takeaway,52,N,-21,0,8480014
2025021162,1,407,17:27,02:33,1551,right,525,takeaway,21,N,-12,39,8484258
2025021162,2,495,03:03,16:57,1551,left,525,takeaway,52,O,-58,40,8480014
2025021162,2,675,11:37,08:23,1551,left,525,takeaway,52,O,-70,-40,8480049
2025021162,2,738,17:21,02:39,1551,left,525,takeaway,21,D,-50,-29,8484258
2025021162,2,766,18:15,01:45,1551,left,525,takeaway,52,O,-80,-31,8480113
2025021162,2,767,18:21,01:39,1551,left,525,takeaway,21,D,-90,-4,8476312
2025021162,3,921,09:27,10:33,1441,right,525,takeaway,21,D,32,-28,8480039
2025021162,3,932,10:17,09:43,1441,right,525,takeaway,52,O,99,15,8478398
2025021162,3,955,11:50,08:10,1541,right,525,takeaway,21,D,40,41,8481641
2025021163,1,101,03:26,16:34,1551,right,525,takeaway,17,D,83,-6,8475753
2025021163,1,186,08:34,11:26,1551,right,525,takeaway,4,O,71,31,8477989
2025021163,1,286,11:41,08:19,1551,right,525,takeaway,4,D,-98,-24,8480220
2025021163,1,292,12:52,07:08,1551,right,525,takeaway,4,D,-72,42,8480015
2025021163,1,413,17:39,02:21,1551,right,525,takeaway,17,O,-98,2,8474141
2025021163,2,603,09:45,10:15,1551,left,525,takeaway,17,O,98,9,8479942
2025021163,2,1076,12:29,07:31,1551,left,525,takeaway,17,O,39,38,8484471
2025021163,2,1077,12:32,07:28,1551,left,525,takeaway,4,D,60,39,8480220
2025021163,3,810,03:17,16:43,1551,right,525,takeaway,17,O,-52,-39,8475753
2025021163,3,889,08:50,11:10,1441,right,525,takeaway,17,O,-51,-36,8479337
2025021164,1,155,02:25,17:35,1551,right,525,takeaway,68,N,-12,-35,8478507
2025021164,1,188,03:56,16:04,1551,right,525,takeaway,68,D,-29,-37,8480434
2025021164,1,329,10:51,09:09,1551,right,525,takeaway,68,O,99,19,8477951
2025021164,1,367,12:31,07:29,1551,right,525,takeaway,68,O,99,17,8477021
2025021164,2,577,02:47,17:13,1551,left,525,takeaway,68,N,0,25,8479343
2025021164,2,654,04:12,15:48,1551,left,525,takeaway,68,O,-90,-31,8482699
2025021164,2,740,10:14,09:46,1551,left,525,takeaway,26,O,80,37,8476469
2025021164,2,879,19:44,00:16,1551,left,525,takeaway,26,N,-14,-4,8478550
2025021165,1,274,10:37,09:23,1551,right,525,takeaway,20,O,-86,36,8481068
2025021165,1,408,18:47,01:13,1551,right,525,takeaway,23,O,38,-35,8480012
2025021165,2,530,03:10,16:50,1551,left,525,takeaway,20,D,-78,-38,8486056
2025021165,2,626,05:03,14:57,1551,left,525,takeaway,23,D,26,-35,8475169
2025021165,2,658,06:38,13:22,1551,left,525,takeaway,23,D,35,-12,8482079
2025021165,2,778,13:46,06:14,1551,left,525,takeaway,20,O,98,-1,8476874
2025021165,2,805,16:02,03:58,1551,left,525,takeaway,20,O,52,21,8481068
2025021165,2,809,19:04,00:56,1451,left,525,takeaway,23,N,-12,-38,8482691
2025021165,3,849,01:24,18:36,1551,right,525,takeaway,20,D,79,-30,8478109
2025021165,3,1013,13:02,06:58,1551,right,525,takeaway,23,O,99,2,8480058
2025021165,3,1032,13:53,06:07,1551,right,525,takeaway,23,N,7,-7,8482055
2025021165,3,1056,15:36,04:24,1551,right,525,takeaway,23,D,-32,40,8482079
2025021165,3,1096,18:31,01:29,1441,right,525,takeaway,23,D,-77,-42,8483768
2025021166,1,89,01:27,18:33,1551,right,525,takeaway,15,D,-91,15,8477845
2025021166,1,171,04:30,15:30,1551,right,525,takeaway,15,N,23,11,8476880
2025021166,1,189,05:09,14:51,1551,right,525,takeaway,15,D,-96,-12,8484873
2025021166,1,339,12:41,07:19,1551,right,525,takeaway,15,D,-32,3,8476880
2025021166,1,366,15:05,04:55,1551,right,525,takeaway,54,O,-99,-13,8476925
2025021166,2,445,00:34,19:26,1551,left,525,takeaway,15,D,90,-29,8479400
2025021166,2,635,06:39,13:21,1551,left,525,takeaway,15,N,8,-34,8484186
2025021166,2,712,10:36,09:24,1541,left,525,takeaway,54,O,62,19,8475343
2025021166,3,887,03:24,16:36,1551,right,525,takeaway,54,N,-18,31,8476925
2025021166,4,1122,01:02,03:58,1331,left,525,takeaway,15,D,55,11,8480873
2025021166,4,1147,02:43,02:17,1331,left,525,takeaway,15,D,81,-35,8478463
2025021167,1,99,02:32,17:28,1551,right,525,takeaway,3,O,-82,14,8482877
2025021167,1,949,12:58,07:02,1551,right,525,takeaway,13,N,-17,-39,8479393
2025021167,1,382,15:31,04:29,1551,right,525,takeaway,3,N,-16,-39,8483669
2025021167,1,1009,18:42,01:18,1551,right,525,takeaway,13,O,50,-40,8482107
2025021167,2,467,02:03,17:57,1551,left,525,takeaway,3,O,58,26,8482157
2025021167,3,873,02:12,17:48,1551,right,525,takeaway,3,O,-45,-26,8476389
2025021167,3,967,08:05,11:55,1551,right,525,takeaway,13,O,97,-26,8477409
2025021167,3,975,08:12,11:48,1551,right,525,takeaway,3,D,30,41,8479323
2025021167,3,1099,17:02,02:58,1551,right,525,takeaway,3,D,68,23,8482073
2025021167,3,1105,17:55,02:05,1551,right,525,takeaway,13,N,24,-32,8479393
2025021168,1,165,07:07,12:53,1551,left,525,takeaway,18,O,-72,-31,8483465
2025021168,1,312,10:27,09:33,1551,left,525,takeaway,18,O,-90,29,8479370
2025021168,1,324,11:25,08:35,1551,left,525,takeaway,14,D,-35,-39,8476826
2025021168,2,572,01:58,18:02,1551,right,525,takeaway,14,O,-84,31,8482655
2025021168,2,585,03:48,16:12,1551,right,525,takeaway,14,D,95,19,8478416
2025021168,2,798,19:55,00:05,1541,right,525,takeaway,18,N,-19,-16,8476539
2025021168,3,862,03:16,16:44,1451,left,525,takeaway,14,N,7,9,8479542
2025021168,3,948,07:20,12:40,1551,left,525,takeaway,14,D,-98,14,8474151
2025021168,3,1078,18:39,01:21,1551,left,525,takeaway,14,O,87,-28,8478010
2025021169,1,240,09:09,10:51,1551,right,525,takeaway,8,D,-45,-41,8480865
2025021169,1,290,14:00,06:00,1551,right,525,takeaway,8,N,-8,-23,8482087
2025021169,1,386,16:59,03:01,1551,right,525,takeaway,12,D,44,-39,8476906
2025021169,2,566,07:52,12:08,1551,left,525,takeaway,8,D,99,-19,8476875
2025021169,2,649,14:23,05:37,1541,left,525,takeaway,12,N,-22,-34,8482093
2025021169,3,822,02:59,17:01,1551,right,525,takeaway,8,O,31,-21,8480018
2025021169,3,879,07:35,12:25,1551,right,525,takeaway,12,O,-54,-4,8476958
2025021169,3,1010,17:28,02:32,1560,right,525,takeaway,12,O,-90,-34,8477940
2025021170,1,129,04:36,15:24,1551,left,525,takeaway,29,O,53,-38,8482705
2025021170,1,161,06:09,13:51,1551,left,525,takeaway,29,D,-49,-3,8478856
2025021170,1,187,09:43,10:17,1551,left,525,takeaway,6,N,1,-26,8479369
2025021170,1,193,09:50,10:10,1551,left,525,takeaway,6,D,36,38,8482117
2025021170,2,504,00:31,19:29,1541,right,525,takeaway,29,D,80,16,8475745
2025021170,2,742,11:47,08:13,1551,right,525,takeaway,29,O,-52,36,8484166
2025021170,2,725,13:03,06:57,1551,right,525,takeaway,6,O,64,-28,8477956
2025021170,3,844,01:52,18:08,1551,left,525,takeaway,29,O,96,11,8478460
2025021170,4,1155,02:07,02:53,1331,right,525,takeaway,6,D,-67,34,8477507
2025021171,1,190,04:51,15:09,1551,left,525,takeaway,1,D,-51,-14,8481559
2025021171,1,381,15:12,04:48,1551,left,525,takeaway,1,N,-24,-40,8476462
2025021171,1,459,18:04,01:56,1551,left,525,takeaway,16,O,-98,12,8476882
2025021171,2,484,00:12,19:48,1551,right,525,takeaway,1,D,78,-38,8476462
2025021171,2,500,00:54,19:06,1551,right,525,takeaway,1,D,56,17,8479407
2025021171,2,569,06:45,13:15,1551,right,525,takeaway,1,N,24,-36,8482684
2025021171,3,808,02:10,17:50,1551,left,525,takeaway,1,D,-40,34,8480002
2025021171,3,814,02:18,17:42,1551,left,525,takeaway,16,D,43,-1,8483493
2025021172,1,237,08:45,11:15,1551,right,525,takeaway,4,N,-20,37,8484142
2025021172,1,307,14:56,05:04,1551,right,525,takeaway,4,D,89,-32,8482142
2025021172,1,320,15:51,04:09,1551,right,525,takeaway,25,O,39,-36,8473994
2025021172,2,537,04:04,15:56,1551,left,525,takeaway,25,O,-27,27,8482145
2025021172,2,617,10:46,09:14,1551,left,525,takeaway,4,D,-39,-24,8476461
2025021172,2,691,16:20,03:40,1551,left,525,takeaway,4,D,-64,-42,8478439
2025021172,3,754,00:35,19:25,1551,right,525,takeaway,4,D,31,-20,8483731
2025021172,3,759,01:22,18:38,1551,right,525,takeaway,25,D,-91,32,8480027
2025021172,3,825,06:41,13:19,1551,right,525,takeaway,4,O,-85,35,8481533
2025021172,3,942,11:40,08:20,1551,right,525,takeaway,4,D,33,35,8477989
2025021172,3,1010,17:02,02:58,1551,right,525,takeaway,25,D,-79,39,8481581
2025021173,1,90,03:05,16:55,1551,left,525,takeaway,2,D,-35,-1,8480871
2025021173,1,140,06:42,13:18,1551,left,525,takeaway,2,N,4,-32,8483553
2025021173,1,210,07:48,12:12,1551,left,525,takeaway,5,D,50,26,8478450
2025021173,1,279,11:02,08:58,1551,left,525,takeaway,5,D,80,40,8476483
2025021173,1,480,19:30,00:30,1541,left,525,takeaway,5,D,55,-33,8474578
2025021173,2,586,07:17,12:43,1551,right,525,takeaway,2,D,38,7,8476419
2025021173,2,602,08:32,11:28,1551,right,525,takeaway,2,O,-67,-38,8477500
2025021173,2,646,10:50,09:10,1451,right,525,takeaway,2,O,-30,-20,8482476
2025021173,3,797,02:32,17:28,1551,left,525,takeaway,5,D,61,-40,8474578
2025021173,3,1010,17:08,02:52,1551,left,525,takeaway,5,D,32,-40,8478854
2025021173,3,1012,19:02,00:58,1551,left,525,takeaway,5,D,28,-2,8478438
2025021174,1,186,07:40,12:20,1551,right,525,takeaway,21,O,-36,-19,8480835
2025021174,1,268,11:08,08:52,1551,right,525,takeaway,20,D,-50,31,8476399
2025021174,1,404,17:29,02:31,1551,right,525,takeaway,21,N,-15,36,8476455
2025021174,2,587,01:31,18:29,1551,left,525,takeaway,21,N,4,-7,8477476
2025021174,2,591,03:52,16:08,1551,left,525,takeaway,20,O,-80,37,8484150
2025021174,2,641,10:23,09:37,1551,left,525,takeaway,21,D,-59,-40,8476967
2025021174,2,811,17:30,02:30,1551,left,525,takeaway,21,D,-39,35,8480039
2025021174,2,819,18:59,01:01,1451,left,525,takeaway,20,D,77,16,8476399
2025021174,3,959,10:08,09:52,1551,right,525,takeaway,20,O,66,33,8478109
2025021174,3,1000,12:14,07:46,1551,right,525,takeaway,21,N,-2,5,8479525
2025021174,3,1098,17:36,02:24,1551,right,525,takeaway,20,D,-35,41,8476399
2025021175,1,194,07:52,12:08,1551,right,525,takeaway,23,N,7,-38,8482079
2025021175,1,279,10:09,09:51,1451,right,525,takeaway,54,D,57,22,8478483
2025021175,2,571,00:44,19:16,1551,left,525,takeaway,54,D,-43,-21,8479353
2025021175,3,944,05:42,14:18,1551,right,525,takeaway,54,D,31,-38,8475913
2025021175,3,965,06:53,13:07,1551,right,525,takeaway,54,O,-69,-34,8478468
2025021175,3,1122,16:15,03:45,1551,right,525,takeaway,23,D,-57,-25,8478444
2025021176,1,223,06:30,13:30,1551,left,525,takeaway,24,O,61,-6,8484153
2025021176,1,270,08:43,11:17,1551,left,525,takeaway,10,D,93,28,8478443
2025021176,1,428,18:32,01:28,1551,left,525,takeaway,24,D,-38,-30,8475798
2025021176,2,447,00:47,19:13,1551,right,525,takeaway,10,D,-95,16,8477503
2025021176,2,457,01:30,18:30,1551,right,525,takeaway,24,O,-78,36,8475798
2025021176,2,773,10:07,09:53,1551,right,525,takeaway,10,N,-6,17,8476931
2025021176,2,897,18:01,01:59,1551,right,525,takeaway,24,O,-99,1,8484153
2025021176,3,1048,05:21,14:39,1551,left,525,takeaway,24,N,-5,37,8484762
2025021176,3,1119,09:42,10:18,1551,left,525,takeaway,24,N,12,13,8484762
2025021176,3,1221,16:44,03:16,1451,left,525,takeaway,10,D,56,-37,8476853
2025021177,1,299,16:10,03:50,1551,left,525,takeaway,19,O,-25,28,8482089
2025021177,1,369,19:27,00:33,1551,left,525,takeaway,28,O,58,-26,8484227
2025021177,2,482,05:29,14:31,1551,right,525,takeaway,28,O,-83,-38,8484801
2025021177,2,506,07:42,12:18,1551,right,525,takeaway,28,O,-38,-36,8479576
2025021178,1,138,04:10,15:50,1551,left,525,takeaway,6,N,10,2,8477956
2025021178,1,202,08:53,11:07,1541,left,525,takeaway,25,N,-1,38,8480036
2025021178,1,208,10:03,09:57,1551,left,525,takeaway,6,O,31,-38,8480355
2025021178,2,697,10:27,09:33,1551,right,525,takeaway,25,N,5,-39,8475168
2025021178,2,726,15:00,05:00,1551,right,525,takeaway,6,O,-98,20,8477956
2025021178,3,939,08:54,11:06,1551,left,525,takeaway,6,D,-41,-40,8479325
2025021178,3,968,13:08,06:52,1551,left,525,takeaway,25,N,-8,34,8482145
2025021178,3,1018,17:25,02:35,1551,left,525,takeaway,25,D,41,-35,8484829
2025021179,1,153,05:38,14:22,1551,left,525,takeaway,2,O,-98,22,8484221
2025021179,1,402,15:48,04:12,1551,left,525,takeaway,7,O,84,-39,8482671
2025021179,2,634,09:08,10:52,1551,right,525,takeaway,2,O,88,-33,8481237
2025021179,2,732,12:40,07:20,1551,right,525,takeaway,2,O,41,10,8477407
2025021179,2,816,19:21,00:39,1551,right,525,takeaway,2,D,-27,-39,8485366
2025021179,3,950,06:20,13:40,1551,left,525,takeaway,2,D,92,-28,8485366
2025021179,3,966,08:58,11:02,1541,left,525,takeaway,2,O,-95,-14,8478445
2025021180,1,252,06:41,13:19,1551,left,525,takeaway,14,N,21,42,8482201
2025021180,1,271,08:34,11:26,1551,left,525,takeaway,14,D,-56,-19,8479542
2025021180,1,514,19:15,00:45,1551,left,525,takeaway,8,O,-69,-3,8480018
2025021180,2,602,06:27,13:33,1551,right,525,takeaway,14,N,-4,-16,8474151
2025021180,2,616,07:16,12:44,1551,right,525,takeaway,14,O,-75,-29,8477149
2025021180,3,1054,12:35,07:25,1551,left,525,takeaway,8,O,-31,-17,8478133
2025021180,3,1061,12:46,07:14,1551,left,525,takeaway,8,D,33,-38,8482087
2025021180,3,1138,18:15,01:45,1560,left,525,takeaway,8,D,80,39,8480018
2025021181,1,476,15:24,04:36,1551,right,525,takeaway,9,O,35,-32,8481575
2025021181,1,482,16:27,03:33,1551,right,525,takeaway,9,D,-82,29,8482095
2025021181,2,731,11:11,08:49,1551,left,525,takeaway,9,N,-17,-25,8482095
2025021181,2,841,19:31,00:29,1551,left,525,takeaway,9,D,61,38,8481575
2025021181,3,907,04:15,15:45,1551,right,525,takeaway,13,N,8,1,8480003
2025021182,1,76,01:04,18:56,1551,right,525,takeaway,3,O,-98,4,8476468
2025021182,1,94,02:48,17:12,1551,right,525,takeaway,3,D,94,-21,8479323
2025021182,1,124,04:42,15:18,1551,right,525,takeaway,1,O,92,30,8475760
2025021182,2,524,02:22,17:38,1551,left,525,takeaway,3,N,7,14,8478840
2025021182,2,617,11:01,08:59,1551,left,525,takeaway,1,O,-91,-10,8475760
2025021182,2,618,11:04,08:56,1551,left,525,takeaway,3,D,-86,-37,8483690
2025021182,2,657,13:13,06:47,1551,left,525,takeaway,1,D,69,34,8480192
2025021182,2,690,16:22,03:38,1551,left,525,takeaway,1,N,15,-30,8482684
2025021182,3,845,04:15,15:45,1551,right,525,takeaway,1,O,91,23,8482684
2025021182,3,1092,19:06,00:54,1551,right,525,takeaway,1,D,-91,31,8484958
2025021183,1,60,00:10,19:50,1551,left,525,takeaway,17,O,-63,38,8479337
2025021183,1,304,11:01,08:59,1551,left,525,takeaway,17,D,75,-39,8475279
2025021183,1,316,11:26,08:34,1551,left,525,takeaway,5,O,89,36,8482993
2025021183,2,553,05:53,14:07,1551,right,525,takeaway,17,D,-44,22,8474037
2025021183,2,599,10:48,09:12,1551,right,525,takeaway,5,O,-94,0,8481725
2025021183,2,650,13:37,06:23,1551,right,525,takeaway,17,D,-77,11,8475279
2025021183,2,658,14:58,05:02,1551,right,525,takeaway,5,N,13,33,8471675
2025021183,2,718,19:17,00:43,1551,right,525,takeaway,5,O,-86,30,8474578
2025021183,3,903,08:21,11:39,1551,left,525,takeaway,17,O,-53,-24,8477946
2025021183,3,1037,15:14,04:46,1451,left,525,takeaway,5,O,53,-20,8485414
2025021183,3,1049,15:25,04:35,1451,left,525,takeaway,5,O,98,7,8471724
2025021184,1,99,02:49,17:11,1551,right,525,takeaway,15,D,88,35,8480873
2025021184,1,214,10:15,09:45,1551,right,525,takeaway,15,O,-28,-36,8479345
2025021184,1,215,10:22,09:38,1551,right,525,takeaway,4,D,-29,40,8481546
2025021184,1,291,14:51,05:09,1551,right,525,takeaway,15,D,62,-6,8482148
2025021184,2,617,06:46,13:14,1451,left,525,takeaway,15,O,86,-34,8479345
2025021184,2,715,09:25,10:35,1551,left,525,takeaway,4,D,81,-32,8482142
2025021184,2,797,15:03,04:57,1551,left,525,takeaway,15,D,-73,42,8484873
2025021184,2,840,19:09,00:51,1551,left,525,takeaway,15,D,-75,37,8477845
2025021184,3,963,06:24,13:36,1551,right,525,takeaway,4,O,48,-38,8479336
2025021184,3,1078,16:03,03:57,1551,right,525,takeaway,15,D,56,41,8479345
2025021185,1,119,04:43,15:17,1551,left,525,takeaway,29,O,99,17,8478500
2025021185,1,153,07:21,12:39,1551,left,525,takeaway,12,D,64,-42,8475791
2025021185,2,555,02:54,17:06,1551,right,525,takeaway,29,D,88,-22,8478460
2025021185,2,599,05:48,14:12,1551,right,525,takeaway,12,N,-6,-26,8478970
2025021185,2,601,05:52,14:08,1551,right,525,takeaway,12,N,-6,-34,8478970
2025021185,2,650,09:36,10:24,1551,right,525,takeaway,29,O,-95,-4,8476432
2025021185,3,943,08:30,11:30,1551,left,525,takeaway,29,D,-38,0,8480893
2025021185,3,1035,15:35,04:25,1551,left,525,takeaway,12,D,43,-7,8477940
2025021185,3,1044,16:18,03:42,1551,left,525,takeaway,12,O,-53,23,8480817
2025021186,1,270,16:05,03:55,1551,right,525,takeaway,16,D,75,-41,8482807
2025021186,1,417,19:32,00:28,1551,right,525,takeaway,16,D,77,1,8482176
2025021186,2,505,05:44,14:16,1551,left,525,takeaway,16,D,-36,8,8477479
2025021186,2,508,06:20,13:40,1551,left,525,takeaway,16,D,-44,40,8483493
2025021186,2,612,11:05,08:55,1541,left,525,takeaway,16,D,-86,-24,8481568
2025021186,2,642,12:48,07:12,1551,left,525,takeaway,52,D,81,-39,8482149
2025021186,3,827,04:04,15:56,1551,right,525,takeaway,52,N,-7,39,8476392
2025021186,3,859,06:52,13:08,1451,right,525,takeaway,52,D,-78,-33,8478398
2025021186,3,925,11:12,08:48,1551,right,525,takeaway,16,N,-4,41,8477987
2025021186,3,936,12:05,07:55,1551,right,525,takeaway,52,O,56,19,8476460
2025021186,3,969,14:34,05:26,1551,right,525,takeaway,52,O,70,38,8476392
2025021186,3,973,15:24,04:36,1551,right,525,takeaway,16,D,55,26,8477479
2025021187,1,326,12:10,07:50,1551,left,525,takeaway,22,D,-97,-6,8478013
2025021187,1,336,12:40,07:20,1551,left,525,takeaway,22,D,-29,22,8477953
2025021187,1,388,17:03,02:57,1551,left,525,takeaway,55,O,-55,23,8477955
2025021187,1,407,18:31,01:29,1451,left,525,takeaway,55,D,44,40,8477919
2025021187,1,415,19:28,00:32,1451,left,525,takeaway,55,D,75,-17,8476467
2025021187,2,534,04:40,15:20,1551,right,525,takeaway,22,D,77,39,8479368
2025021187,2,555,06:34,13:26,1541,right,525,takeaway,55,O,66,-12,8482665
2025021187,3,754,03:03,16:57,1551,left,525,takeaway,55,O,-36,34,8476457
2025021187,3,762,04:16,15:44,1551,left,525,takeaway,22,D,-68,36,8477498
2025021187,3,933,15:10,04:50,1551,left,525,takeaway,22,N,0,-24,8480803
2025021187,3,984,18:21,01:39,1551,left,525,takeaway,22,D,-25,-27,8480834
2025021187,3,988,19:44,00:16,1551,left,525,takeaway,22,O,75,-14,8484509
2025021188,1,126,02:56,17:04,1551,right,525,takeaway,23,N,0,33,8477969
2025021188,1,138,05:16,14:44,1451,right,525,takeaway,23,D,-46,37,8483499
2025021188,1,254,13:48,06:12,1551,right,525,takeaway,23,D,-51,41,8477969
2025021188,1,325,17:48,02:12,1551,right,525,takeaway,21,O,-94,19,8479525
2025021188,2,539,07:19,12:41,1551,left,525,takeaway,21,O,90,-30,8484258
2025021188,3,823,04:16,15:44,1551,right,525,takeaway,23,N,6,40,8482055
2025021188,3,914,10:26,09:34,1551,right,525,takeaway,23,N,-13,-35,8482055
2025021189,1,284,06:38,13:22,1551,right,525,takeaway,26,D,59,24,8478550
2025021189,1,410,12:42,07:18,1551,right,525,takeaway,19,O,99,-3,8475718
2025021189,1,434,14:39,05:21,1551,right,525,takeaway,19,O,37,0,8480023
2025021189,2,724,11:52,08:08,1551,left,525,takeaway,26,N,10,34,8482124
2025021189,2,793,18:25,01:35,1551,left,525,takeaway,26,D,-29,39,8477960
2025021189,3,889,05:22,14:38,1551,right,525,takeaway,26,D,59,-42,8471685
2025021189,3,938,08:08,11:52,1551,right,525,takeaway,26,D,91,-28,8479998
2025021189,3,958,10:16,09:44,1551,right,525,takeaway,19,D,-38,40,8479385
2025021189,3,978,11:50,08:10,1551,right,525,takeaway,19,O,90,33,8484230
2025021189,3,1007,13:32,06:28,1551,right,525,takeaway,26,D,45,42,8471685
2025021189,3,1010,14:16,05:44,1551,right,525,takeaway,26,D,55,-20,8475208
2025021190,1,187,05:50,14:10,1551,left,525,takeaway,28,O,95,28,8480748
2025021190,1,298,10:01,09:59,1541,left,525,takeaway,28,D,-88,-12,8479576
2025021190,1,392,13:17,06:43,1551,left,525,takeaway,24,D,92,-23,8484153
2025021190,1,418,15:28,04:32,1451,left,525,takeaway,24,D,28,-32,8480068
2025021190,2,552,01:41,18:19,1551,right,525,takeaway,28,D,33,36,8478874
2025021190,2,581,04:53,15:07,1551,right,525,takeaway,28,O,-92,-30,8480748
2025021190,2,746,14:09,05:51,1551,right,525,takeaway,24,D,-39,0,8484762
2025021190,2,751,14:32,05:28,1551,right,525,takeaway,24,O,98,-17,8473986
2025021190,2,804,18:11,01:49,1441,right,525,takeaway,28,D,42,-1,8484806
2025021190,3,835,00:41,19:19,1551,left,525,takeaway,28,D,-72,23,8477505
2025021190,3,838,00:50,19:10,1551,left,525,takeaway,24,D,96,19,8484153
2025021190,3,872,03:45,16:15,1551,left,525,takeaway,28,N,-4,40,8484801
2025021190,3,905,05:22,14:38,1551,left,525,takeaway,28,D,-63,36,8484806
2025021190,3,1029,13:53,06:07,1551,left,525,takeaway,28,N,-17,14,8479983
2025021191,1,417,19:14,00:46,1551,left,525,takeaway,7,D,90,26,8475722
2025021191,2,432,00:17,19:43,1551,right,525,takeaway,7,D,-80,-33,8482659
2025021191,2,439,01:06,18:54,1551,right,525,takeaway,9,O,-84,39,8478020
2025021191,2,663,13:49,06:11,1551,right,525,takeaway,7,D,-32,23,8477949
2025021191,2,748,19:43,00:17,1551,right,525,takeaway,9,D,92,8,8484321
2025021191,3,863,06:11,13:49,1551,left,525,takeaway,7,N,-10,25,8477949
2025021191,3,902,10:43,09:17,1551,left,525,takeaway,9,O,57,-34,8473512
2025021192,1,101,03:38,16:22,1551,left,525,takeaway,14,O,45,12,8480426
2025021192,1,324,12:40,07:20,1551,left,525,takeaway,14,N,0,38,8480995
2025021192,1,338,13:20,06:40,1551,left,525,takeaway,5,D,31,41,8485414
2025021192,1,402,14:30,05:30,1551,left,525,takeaway,5,O,-97,5,8477365
2025021192,2,693,09:08,10:52,1551,right,525,takeaway,5,D,-69,35,8471675
2025021192,3,907,05:25,14:35,1551,left,525,takeaway,5,D,61,-30,8478438
2025021192,3,1091,15:20,04:40,0651,left,525,takeaway,14,D,-33,19,8478416
2025021192,3,1134,19:09,00:51,1541,left,525,takeaway,14,D,-72,31,8476826
2025021193,1,120,04:16,15:44,1551,right,525,takeaway,13,O,-89,-23,8482713
2025021193,1,130,05:22,14:38,1551,right,525,takeaway,6,O,77,-18,8480355
2025021193,1,319,15:11,04:49,1541,right,525,takeaway,13,D,56,-41,8480003
2025021193,1,330,16:15,03:45,1541,right,525,takeaway,6,O,90,26,8479999
2025021193,2,568,03:05,16:55,1551,left,525,takeaway,13,O,40,-36,8476994
2025021193,2,754,16:16,03:44,1551,left,525,takeaway,13,O,68,32,8477931
2025021193,3,811,01:32,18:28,1551,right,525,takeaway,6,D,-43,-18,8479987
2025021193,3,875,06:09,13:51,1551,right,525,takeaway,13,O,-85,29,8477495
2025021193,3,1021,15:58,04:02,1551,right,525,takeaway,6,N,13,-37,8479999
2025021193,3,1045,18:12,01:48,1541,right,525,takeaway,13,N,-17,-31,8478055
2025021194,1,147,05:56,14:04,1551,left,525,takeaway,1,N,10,-40,8480192
2025021194,1,350,19:02,00:58,1551,left,525,takeaway,15,O,-30,-24,8476880
2025021194,2,492,04:55,15:05,1551,right,525,takeaway,1,D,95,18,8482684
2025021194,2,596,11:16,08:44,1551,right,525,takeaway,15,O,82,33,8480873
2025021194,3,734,02:11,17:49,1551,left,525,takeaway,1,N,18,31,8481559
2025021194,3,769,03:24,16:36,1451,left,525,takeaway,15,D,73,-20,8478463
2025021194,3,813,07:16,12:44,1551,left,525,takeaway,15,O,-80,-38,8480873
2025021194,3,817,07:37,12:23,1551,left,525,takeaway,15,D,59,-21,8476880
2025021195,1,103,03:14,16:46,1551,right,525,takeaway,3,N,-21,38,8478882
2025021195,1,138,06:43,13:17,1551,right,525,takeaway,8,D,-53,-18,8483457
2025021195,1,141,07:01,12:59,1551,right,525,takeaway,3,D,74,-13,8482109
2025021195,2,433,02:10,17:50,1551,left,525,takeaway,8,D,64,-36,8482737
2025021195,2,665,15:51,04:09,1551,left,525,takeaway,3,D,-90,-6,8482877
2025021195,2,751,19:14,00:46,1551,left,525,takeaway,3,D,-62,41,8476389
2025021195,3,867,08:06,11:54,1551,right,525,takeaway,8,N,19,23,8481593
2025021195,3,1020,19:44,00:16,1560,right,525,takeaway,3,O,-96,-17,8482109
2025021196,1,126,04:14,15:46,1551,right,525,takeaway,17,N,15,2,8475279
2025021196,1,206,10:09,09:51,1551,right,525,takeaway,17,N,-11,-39,8481542
2025021196,1,352,16:44,03:16,1551,right,525,takeaway,4,D,40,-20,8477948
2025021196,2,576,09:58,10:02,1551,left,525,takeaway,17,D,66,-37,8482762
2025021196,2,706,12:16,07:44,1551,left,525,takeaway,17,N,-1,-34,8482762
2025021196,3,850,03:11,16:49,1451,right,525,takeaway,17,D,-28,41,8483464
2025021196,3,994,13:18,06:42,1551,right,525,takeaway,17,D,-37,-40,8474102
2025021196,3,1043,16:27,03:33,1551,right,525,takeaway,4,D,77,12,8482142
2025021196,3,1076,19:27,00:33,1560,right,525,takeaway,4,D,81,24,8481546
2025021197,1,257,10:55,09:05,1551,right,525,takeaway,29,N,4,-36,8478500
2025021197,1,407,18:40,01:20,1551,right,525,takeaway,29,O,85,25,8478500
2025021197,1,411,19:27,00:33,1551,right,525,takeaway,29,O,65,39,8478046
2025021197,2,427,00:22,19:38,1551,left,525,takeaway,29,O,-93,22,8479371
2025021197,2,522,07:40,12:20,1551,left,525,takeaway,12,D,-60,-20,8476958
2025021197,2,663,11:53,08:07,1551,left,525,takeaway,29,O,-54,-24,8481178
2025021197,3,719,00:11,19:49,1551,right,525,takeaway,12,D,84,14,8473533
2025021197,3,827,08:51,11:09,1541,right,525,takeaway,12,O,-49,-35,8478427
2025021197,3,842,10:02,09:58,1551,right,525,takeaway,12,D,43,-4,8475791
2025021197,3,855,11:03,08:57,1551,right,525,takeaway,12,O,-74,40,8482702
2025021197,3,879,12:13,07:47,1441,right,525,takeaway,29,D,-71,-31,8475745
2025021197,3,919,15:15,04:45,1551,right,525,takeaway,29,D,-68,13,8479371
2025021197,3,949,19:15,00:45,1551,right,525,takeaway,29,N,21,-40,8479371
2025021198,1,170,07:56,12:04,1551,right,525,takeaway,52,D,-30,13,8483471
2025021198,1,306,13:08,06:52,1551,right,525,takeaway,25,O,-99,1,8481581
2025021198,1,315,13:45,06:15,1551,right,525,takeaway,25,N,-9,25,8477454
2025021198,1,331,15:20,04:40,1551,right,525,takeaway,52,D,-78,-32,8480289
2025021198,2,685,11:29,08:31,1551,left,525,takeaway,52,O,-50,42,8480145
2025021198,2,758,19:13,00:47,1551,left,525,takeaway,25,O,91,-31,8475168
2025021198,3,854,06:52,13:08,1551,right,525,takeaway,25,D,76,41,8478420
2025021198,3,986,15:14,04:46,1551,right,525,takeaway,25,D,79,39,8480878
2025021199,1,96,02:41,17:19,1551,right,525,takeaway,30,N,8,-16,8475220
2025021199,1,293,11:19,08:41,1551,right,525,takeaway,23,D,-55,-36,8484240
2025021199,2,585,06:51,13:09,1551,left,525,takeaway,30,N,-14,21,8480800
2025021199,2,603,07:15,12:45,1551,left,525,takeaway,23,O,-41,38,8480876
2025021199,2,704,16:19,03:41,1551,left,525,takeaway,23,N,-23,-33,8483499
2025021199,3,905,11:19,08:41,1551,right,525,takeaway,23,D,-85,32,8484798
2025021200,1,133,04:43,15:17,1551,left,525,takeaway,22,O,91,34,8479365
2025021200,1,259,10:35,09:25,1551,left,525,takeaway,16,O,-47,-25,8484144
2025021200,1,364,15:16,04:44,1551,left,525,takeaway,16,D,43,37,8482176
2025021200,1,469,19:10,00:50,1551,left,525,takeaway,22,O,94,21,8481617
2025021200,2,613,06:11,13:49,1551,right,525,takeaway,16,O,99,1,8477479
2025021200,2,617,06:33,13:27,1551,right,525,takeaway,22,D,65,-31,8478402
2025021200,2,656,10:05,09:55,1551,right,525,takeaway,16,O,86,25,8477479
2025021200,2,665,11:20,08:40,1451,right,525,takeaway,16,N,-24,16,8483493
2025021200,2,714,14:47,05:13,1451,right,525,takeaway,16,D,-71,26,8481624
2025021200,2,823,19:17,00:43,1551,right,525,takeaway,16,N,21,30,8482807
2025021201,1,66,00:17,19:43,1451,right,525,takeaway,54,O,-98,1,8481604
2025021201,1,68,00:36,19:24,1451,right,525,takeaway,54,D,27,24,8478483
2025021201,1,486,19:30,00:30,1541,right,525,takeaway,20,O,79,9,8480860
2025021201,1,495,19:49,00:11,1551,right,525,takeaway,20,O,95,-10,8480727
2025021201,2,718,12:06,07:54,1551,left,525,takeaway,20,N,13,-38,8476399
2025021201,3,901,09:00,11:00,1451,right,525,takeaway,54,O,-43,12,8481604
2025021201,3,1066,17:36,02:24,0651,right,525,takeaway,54,D,64,28,8477964
2025021202,1,95,02:26,17:34,1551,left,525,takeaway,10,D,99,15,8477503
2025021202,1,298,11:44,08:16,1551,left,525,takeaway,10,O,-94,1,8476931
2025021202,2,563,01:04,18:56,1551,right,525,takeaway,10,N,12,41,8481582
2025021202,2,598,03:35,16:25,1551,right,525,takeaway,28,O,-72,42,8484801
2025021202,2,640,07:05,12:55,1551,right,525,takeaway,10,O,95,19,8479026
2025021202,2,725,13:57,06:03,1551,right,525,takeaway,28,D,54,-40,8485402
2025021202,2,762,17:22,02:38,1551,right,525,takeaway,10,D,-63,41,8481122
2025021202,2,788,18:18,01:42,1551,right,525,takeaway,28,N,-6,29,8484911
2025021202,2,790,18:41,01:19,1551,right,525,takeaway,10,D,-86,-20,8484158
2025021202,3,806,00:18,19:42,1551,left,525,takeaway,28,O,73,-17,8484227
2025021202,3,1031,18:38,01:22,0651,left,525,takeaway,10,O,-96,-8,8478057
2025021203,1,165,03:26,16:34,1441,left,525,takeaway,55,O,77,-23,8475768
2025021203,1,191,05:06,14:54,1551,left,525,takeaway,68,O,-74,-20,8483431
2025021203,1,409,12:50,07:10,1551,left,525,takeaway,55,O,56,39,8477955
2025021203,1,434,14:34,05:26,1551,left,525,takeaway,68,D,62,37,8478507
2025021203,1,442,15:15,04:45,1551,left,525,takeaway,68,O,-75,36,8480855
2025021203,1,495,18:46,01:14,1551,left,525,takeaway,68,D,71,38,8479977
2025021203,2,598,07:10,12:50,1551,right,525,takeaway,68,O,44,35,8479619
2025021203,2,686,14:10,05:50,1541,right,525,takeaway,68,O,58,-28,8483431
2025021203,2,718,17:07,02:53,1551,right,525,takeaway,55,D,95,29,8476905
2025021203,3,809,03:38,16:22,1551,left,525,takeaway,55,D,-64,36,8476905
2025021203,3,1113,18:27,01:33,1551,left,525,takeaway,68,D,54,40,8477951
2025021204,1,336,07:10,12:50,1551,right,525,takeaway,26,O,-94,16,8483756
2025021204,1,339,07:53,12:07,1551,right,525,takeaway,18,O,78,-30,8482146
2025021204,1,481,16:49,03:11,1551,right,525,takeaway,18,O,46,-31,8479370
2025021204,2,664,06:29,13:31,1551,left,525,takeaway,18,D,58,-40,8475158
2025021204,2,742,11:07,08:53,1551,left,525,takeaway,18,O,-95,-29,8484241
2025021204,3,917,06:17,13:43,1551,right,525,takeaway,18,N,4,-10,8482768
2025021204,3,1028,13:19,06:41,1451,right,525,takeaway,18,D,-82,-10,8480246
2025021204,4,1187,01:47,03:13,1331,left,525,takeaway,18,D,75,-34,8484241
2025021205,1,263,00:44,19:16,1551,left,525,takeaway,4,O,-96,12,8481546
2025021205,1,376,15:27,04:33,1541,left,525,takeaway,4,D,61,-4,8482159
2025021205,1,377,15:37,04:23,1541,left,525,takeaway,2,D,-30,30,8481601
2025021205,2,573,04:21,15:39,1451,right,525,takeaway,2,O,-99,7,8485366
2025021205,2,673,11:12,08:48,1551,right,525,takeaway,4,D,-75,42,8477499
2025021205,2,707,15:24,04:36,1551,right,525,takeaway,2,D,39,39,8476429
2025021205,2,715,16:00,04:00,1551,right,525,takeaway,2,O,-52,4,8481237
2025021205,2,747,19:49,00:11,1551,right,525,takeaway,4,O,74,41,8482159
2025021205,3,925,07:56,12:04,1551,left,525,takeaway,4,O,-53,42,8481533
2025021205,3,1087,16:48,03:12,1560,left,525,takeaway,2,D,-94,22,8485366
2025021206,1,323,11:23,08:37,1551,left,525,takeaway,24,N,-3,26,8482803
2025021206,1,330,12:07,07:53,1551,left,525,takeaway,24,D,-36,-27,8484153
2025021206,1,475,16:33,03:27,1551,left,525,takeaway,19,O,-98,-12,8480023
2025021206,1,399,16:57,03:03,1551,left,525,takeaway,19,D,95,-22,8484188
2025021206,2,512,02:15,17:45,1551,right,525,takeaway,19,D,-71,30,8475764
2025021206,2,597,04:45,15:15,1441,right,525,takeaway,24,D,44,-2,8481563
2025021206,2,638,10:20,09:40,1451,right,525,takeaway,19,D,-28,24,8480459
2025021206,2,786,13:22,06:38,1551,right,525,takeaway,24,O,-58,-41,8478873
2025021206,2,756,19:20,00:40,1551,right,525,takeaway,19,D,-89,-13,8482733
2025021206,3,899,08:19,11:41,1551,left,525,takeaway,19,O,-95,22,8479385
2025021207,1,236,09:15,10:45,1551,right,525,takeaway,3,D,29,38,8477380
2025021207,1,287,12:59,07:01,1551,right,525,takeaway,17,D,-31,39,8477429
2025021207,1,458,17:30,02:30,1551,right,525,takeaway,17,D,-41,-29,8479942
2025021207,2,642,07:07,12:53,1551,left,525,takeaway,3,O,91,-32,8482109
2025021207,2,668,09:30,10:30,1551,left,525,takeaway,17,D,96,8,8477456
2025021207,2,776,17:59,02:01,1551,left,525,takeaway,17,D,44,-12,8483464
2025021207,3,834,02:59,17:01,1551,right,525,takeaway,3,D,93,24,8482877
2025021207,3,924,07:50,12:10,1551,right,525,takeaway,3,N,6,39,8482877
2025021208,1,205,06:23,13:37,1551,left,525,takeaway,9,D,-37,20,8473512
2025021208,1,230,07:50,12:10,1551,left,525,takeaway,9,D,-54,38,8482105
2025021208,1,420,17:56,02:04,1551,left,525,takeaway,30,O,-98,18,8475149
2025021208,2,561,04:10,15:50,1551,right,525,takeaway,30,O,69,19,8478493
2025021208,2,570,04:36,15:24,1551,right,525,takeaway,30,O,98,14,8477446
2025021208,2,578,05:21,14:39,1551,right,525,takeaway,9,D,37,-31,8480075
2025021208,2,579,05:28,14:32,1551,right,525,takeaway,30,N,-3,13,8482122
2025021208,2,659,12:29,07:31,1551,right,525,takeaway,9,D,28,-23,8481596
2025021208,2,743,19:26,00:34,1441,right,525,takeaway,9,D,57,-26,8482116
2025021208,3,998,13:51,06:09,1551,left,525,takeaway,9,N,-14,38,8482105
2025021208,3,1066,19:20,00:40,1551,left,525,takeaway,30,D,54,-41,8475220
2025021209,1,372,15:18,04:42,1551,right,525,takeaway,21,D,-85,-37,8480039
2025021209,2,656,08:54,11:06,1551,left,525,takeaway,21,O,-93,-26,8480835
2025021209,2,670,10:07,09:53,1551,left,525,takeaway,21,N,-20,-41,8481186
2025021209,2,707,12:49,07:11,1551,left,525,takeaway,21,N,-23,41,8478038
2025021209,2,732,14:37,05:23,1551,left,525,takeaway,21,O,-85,-38,8477476
2025021209,3,823,02:00,18:00,1551,right,525,takeaway,21,D,-95,-16,8470613
2025021209,3,940,10:20,09:40,1551,right,525,takeaway,25,D,37,-6,8483425
2025021209,3,965,11:21,08:39,1551,right,525,takeaway,21,D,-96,-6,8484258
2025021209,3,998,14:12,05:48,1551,right,525,takeaway,21,D,-29,-25,8476312
2025021210,1,218,05:57,14:03,1551,left,525,takeaway,14,O,93,-29,8482201
2025021210,1,319,10:25,09:35,1541,left,525,takeaway,14,D,-32,-33,8476826
2025021210,1,341,14:32,05:28,1551,left,525,takeaway,6,O,-99,-7,8479661
2025021210,1,415,16:28,03:32,1551,left,525,takeaway,6,N,13,-35,8479987
2025021210,2,616,06:20,13:40,1551,right,525,takeaway,6,D,-61,-27,8479325
2025021210,2,684,13:03,06:57,1451,right,525,takeaway,6,D,-28,33,8476854
2025021210,2,744,17:22,02:38,1551,right,525,takeaway,14,N,8,28,8478010
2025021211,1,293,05:13,14:47,1551,left,525,takeaway,5,O,91,-30,8478569
2025021211,1,382,13:31,06:29,1551,left,525,takeaway,5,O,92,18,8471215
2025021211,2,720,11:58,08:02,1551,right,525,takeaway,5,O,-73,2,8478438
2025021211,3,864,03:27,16:33,1551,left,525,takeaway,5,O,66,17,8471215
2025021211,3,903,06:32,13:28,1551,left,525,takeaway,5,D,-28,-23,8476483
2025021211,3,1048,17:30,02:30,1551,left,525,takeaway,5,D,-81,31,8479398
2025021212,1,107,02:10,17:50,1551,left,525,takeaway,8,O,-99,1,8475848
2025021212,2,377,01:05,18:55,1541,right,525,takeaway,8,N,-22,38,8483457
2025021212,2,552,02:39,17:21,1551,right,525,takeaway,1,O,-57,1,8478414
2025021212,2,672,09:18,10:42,1551,right,525,takeaway,8,D,-87,37,8481593
2025021212,2,785,19:00,01:00,1541,right,525,takeaway,8,N,-22,40,8483457
2025021212,3,917,10:17,09:43,1551,left,525,takeaway,8,D,67,36,8483457
2025021212,4,1086,04:51,00:09,1331,right,525,takeaway,8,D,-59,25,8484984
2025021213,1,99,00:31,19:29,1551,right,525,takeaway,15,O,-49,-42,8478440
2025021213,1,316,11:35,08:25,1551,right,525,takeaway,15,D,36,7,8480873
2025021213,2,647,06:45,13:15,1541,left,525,takeaway,7,O,-91,-20,8480839
2025021213,2,648,07:02,12:58,1541,left,525,takeaway,7,O,-86,32,8480064
2025021213,2,804,14:47,05:13,1551,left,525,takeaway,15,D,-38,-27,8479345
2025021213,2,856,19:02,00:58,1551,left,525,takeaway,15,D,-71,-29,8484873
2025021213,3,898,02:04,17:56,1551,right,525,takeaway,15,O,-88,-24,8482088
2025021213,3,918,03:41,16:19,1541,right,525,takeaway,15,D,32,9,8478911
2025021213,3,941,05:29,14:31,1551,right,525,takeaway,7,O,46,-40,8478413
2025021213,3,974,08:49,11:11,1541,right,525,takeaway,15,D,80,-29,8481580
2025021213,3,1010,11:23,08:37,1551,right,525,takeaway,15,D,48,28,8484873
2025021213,3,1066,14:56,05:04,1551,right,525,takeaway,15,D,52,-39,8484873
2025021214,1,347,13:59,06:01,1551,right,525,takeaway,12,O,-34,-39,8482093
2025021214,2,552,01:58,18:02,1551,left,525,takeaway,2,D,74,-34,8483448
2025021214,2,573,03:26,16:34,1551,left,525,takeaway,2,D,31,-17,8485366
2025021214,3,785,00:27,19:33,1551,right,525,takeaway,2,N,8,-22,8477369
2025021214,3,802,00:59,19:01,1551,right,525,takeaway,12,O,-78,26,8482809
2025021214,3,886,08:05,11:55,1551,right,525,takeaway,12,D,53,37,8478970
2025021214,3,905,09:25,10:35,1551,right,525,takeaway,2,D,-29,10,8477506
2025021214,3,924,11:55,08:05,1551,right,525,takeaway,12,N,-6,0,8476958
2025021214,3,973,16:12,03:48,1551,right,525,takeaway,12,O,-99,20,8482702
2025021215,1,306,09:56,10:04,1551,left,525,takeaway,52,D,28,-24,8480049
2025021215,2,527,03:00,17:00,1551,right,525,takeaway,29,N,-21,32,8478856
2025021215,2,558,05:27,14:33,1551,right,525,takeaway,29,D,91,-11,8478460
2025021215,2,736,16:04,03:56,1551,right,525,takeaway,52,D,-29,-40,8480196
2025021215,2,760,19:48,00:12,1551,right,525,takeaway,29,O,-69,33,8477497
2025021215,3,960,15:01,04:59,1551,left,525,takeaway,52,D,54,17,8476331
2025021216,1,188,08:14,11:46,1551,right,525,takeaway,68,D,-87,-34,8479410
2025021216,1,313,13:33,06:27,1551,right,525,takeaway,68,O,99,9,8483431
2025021216,1,329,14:33,05:27,1551,right,525,takeaway,68,D,-49,-34,8479343
2025021216,2,683,08:29,11:31,1551,left,525,takeaway,68,O,-67,-18,8478474
2025021216,2,806,14:11,05:49,1551,left,525,takeaway,23,D,-51,28,8483499
2025021216,2,863,18:32,01:28,1551,left,525,takeaway,23,O,98,-14,8480058
2025021216,3,973,06:08,13:52,1551,right,525,takeaway,23,D,51,-37,8480058
2025021216,3,1018,08:11,11:49,1551,right,525,takeaway,23,O,-75,-38,8483499
2025021217,1,129,04:13,15:47,1441,right,525,takeaway,10,N,2,-19,8477503
2025021217,1,409,13:39,06:21,1451,right,525,takeaway,10,O,28,-7,8478904
2025021217,2,644,06:38,13:22,1451,left,525,takeaway,10,D,63,-27,8482720
2025021217,3,1046,13:26,06:34,1551,right,525,takeaway,10,O,82,-22,8481711
2025021217,3,1088,16:11,03:49,1551,right,525,takeaway,26,D,55,36,8482730
2025021217,3,1117,19:32,00:28,1551,right,525,takeaway,26,O,-84,11,8483756
2025021218,1,274,11:38,08:22,1551,left,525,takeaway,54,D,61,39,8478403
2025021218,1,435,19:47,00:13,1551,left,525,takeaway,22,O,98,17,8483512
2025021218,2,472,00:35,19:25,1551,right,525,takeaway,54,O,51,-41,8478397
2025021218,2,618,01:18,18:42,1551,right,525,takeaway,22,D,33,36,8477498
2025021218,2,724,12:23,07:37,1551,right,525,takeaway,54,N,-18,-4,8478483
2025021218,3,875,00:50,19:10,1551,left,525,takeaway,54,N,-1,0,8478403
2025021218,3,911,03:56,16:04,1551,left,525,takeaway,54,N,11,-39,8478403
2025021218,3,959,05:15,14:45,1551,left,525,takeaway,22,D,-40,-38,8479368
2025021218,3,1061,10:46,09:14,1551,left,525,takeaway,54,D,45,37,8475343
2025021218,3,1080,11:38,08:22,1551,left,525,takeaway,54,D,47,-30,8479353
2025021218,3,1092,14:06,05:54,1551,left,525,takeaway,54,D,31,40,8481604
2025021219,1,76,00:30,19:30,1551,left,525,takeaway,24,O,40,20,8484153
2025021219,1,335,11:21,08:39,1551,left,525,takeaway,24,D,-34,40,8482731
2025021219,1,390,15:58,04:02,1551,left,525,takeaway,24,N,8,-41,8485512
2025021219,2,712,08:18,11:42,1551,right,525,takeaway,20,D,-64,-37,8476874
2025021219,3,911,01:11,18:49,1551,left,525,takeaway,20,D,42,37,8474150
2025021219,3,946,03:27,16:33,1551,left,525,takeaway,24,D,-36,35,8483444
2025021219,3,952,04:10,15:50,1551,left,525,takeaway,24,D,-90,22,8481605
2025021219,3,991,07:41,12:19,1551,left,525,takeaway,20,O,-94,3,8476399
2025021219,3,997,07:44,12:16,1551,left,525,takeaway,24,N,-11,-28,8484153
2025021220,1,93,02:42,17:18,1551,left,525,takeaway,28,D,-35,-37,8482166
2025021220,2,578,02:23,17:37,1551,right,525,takeaway,18,O,73,-31,8479370
2025021220,2,609,07:00,13:00,1551,right,525,takeaway,28,D,53,-41,8479983
2025021220,2,656,10:11,09:49,1551,right,525,takeaway,28,D,64,30,8484994
2025021220,2,740,16:51,03:09,1551,right,525,takeaway,18,D,-66,-29,8476869
2025021220,3,917,04:42,15:18,1551,left,525,takeaway,18,D,96,-1,8476869
2025021220,3,1055,13:58,06:02,1551,left,525,takeaway,28,O,79,-35,8484911
2025021220,3,1066,14:22,05:38,1551,left,525,takeaway,18,O,-69,34,8482742
2025021220,3,1088,15:51,04:09,1551,left,525,takeaway,18,N,11,36,8482742
2025021220,3,1114,18:00,02:00,1460,left,525,takeaway,18,D,48,-5,8476869
2025021221,1,420,16:37,03:23,1551,left,525,takeaway,16,O,-34,-34,8481568
2025021221,1,422,17:40,02:20,1551,left,525,takeaway,16,O,-67,-29,8483493
2025021221,2,522,04:16,15:44,1551,right,525,takeaway,55,N,-7,-24,8474586
2025021221,2,542,04:44,15:16,1551,right,525,takeaway,16,D,-91,29,8482176
2025021221,2,593,06:12,13:48,1551,right,525,takeaway,16,D,-97,-3,8482807
2025021221,2,653,10:07,09:53,1551,right,525,takeaway,16,D,-26,-16,8477987
2025021221,2,689,13:56,06:04,1551,right,525,takeaway,16,N,-11,39,8481568
2025021221,2,716,16:33,03:27,1551,right,525,takeaway,55,N,-17,-41,8476467
2025021221,3,872,07:40,12:20,1551,left,525,takeaway,55,D,-32,-23,8484800
2025021221,3,927,12:34,07:26,1551,left,525,takeaway,55,N,20,36,8474586
2025021221,3,986,18:11,01:49,1551,left,525,takeaway,55,N,10,41,8482259
2025021221,3,1053,19:08,00:52,1560,left,525,takeaway,55,O,54,-39,8481554
2025021222,1,126,04:44,15:16,1551,right,525,takeaway,17,D,47,8,8479337
2025021222,1,306,14:25,05:35,1551,right,525,takeaway,30,O,98,-8,8482122
2025021222,2,494,00:50,19:10,1551,left,525,takeaway,30,N,16,-14,8475692
2025021222,2,611,10:12,09:48,1551,left,525,takeaway,30,O,-95,26,8478864
2025021222,3,834,03:26,16:34,1551,right,525,takeaway,17,O,-65,11,8482078
2025021222,3,851,04:37,15:23,1551,right,525,takeaway,17,D,85,38,8479337
2025021222,3,998,15:02,04:58,1551,right,525,takeaway,30,N,0,11,8477451
2025021222,3,1048,19:58,00:02,1560,right,525,takeaway,17,O,-57,-8,8477946
2025021223,1,312,11:17,08:43,1551,left,525,takeaway,13,D,49,-42,8481518
2025021223,1,403,14:57,05:03,1541,left,525,takeaway,13,N,15,-1,8479314
2025021223,1,442,17:03,02:57,1551,left,525,takeaway,13,O,-97,3,8480003
2025021223,2,572,04:50,15:10,1451,right,525,takeaway,13,O,98,-4,8477409
2025021223,2,617,07:31,12:29,1551,right,525,takeaway,5,O,-94,-25,8481725
2025021223,2,683,14:06,05:54,1551,right,525,takeaway,5,D,50,39,8480980
2025021223,3,863,08:58,11:02,1451,left,525,takeaway,5,O,61,-42,8474578
2025021223,3,1004,16:34,03:26,1551,left,525,takeaway,5,N,-16,-16,8478569
2025021224,1,475,17:30,02:30,1551,right,525,takeaway,6,D,-78,21,8481219
2025021224,1,482,17:35,02:25,1551,right,525,takeaway,4,O,-97,-20,8478439
2025021224,1,485,18:16,01:44,1551,right,525,takeaway,6,D,-98,-1,8482511
2025021224,1,492,19:10,00:50,1551,right,525,takeaway,4,D,35,12,8480015
2025021224,2,613,04:15,15:45,1551,left,525,takeaway,6,D,44,-7,8476854
2025021224,2,719,13:04,06:56,1451,left,525,takeaway,6,D,73,21,8479325
2025021224,3,926,07:31,12:29,1551,right,525,takeaway,4,O,-99,-7,8481533
2025021224,3,958,08:48,11:12,1551,right,525,takeaway,4,O,-46,-40,8484387
2025021224,3,1002,13:19,06:41,1551,right,525,takeaway,4,D,33,19,8477499
2025021225,1,296,08:46,11:14,1551,left,525,takeaway,9,D,-59,38,8482116
2025021225,1,429,14:47,05:13,1551,left,525,takeaway,9,O,67,38,8482116
2025021225,2,570,01:32,18:28,1551,right,525,takeaway,12,D,-40,-2,8476958
2025021225,2,711,13:29,06:31,1551,right,525,takeaway,12,D,-43,22,8480817
2025021225,2,712,13:31,06:29,1551,right,525,takeaway,9,O,-59,27,8484321
2025021225,3,834,02:27,17:33,1451,left,525,takeaway,12,D,37,-39,8476958
2025021225,3,917,07:48,12:12,1551,left,525,takeaway,9,D,-25,-30,8482245
2025021225,3,1066,15:48,04:12,1551,left,525,takeaway,9,O,65,-33,8482092
2025021226,1,134,02:53,17:07,1551,right,525,takeaway,1,O,98,13,8483531
2025021226,1,137,03:02,16:58,1551,right,525,takeaway,1,N,18,32,8475455
2025021226,1,360,12:44,07:16,1551,right,525,takeaway,1,O,98,6,8482110
2025021226,1,387,16:20,03:40,1551,right,525,takeaway,8,D,67,-26,8482087
2025021226,1,409,18:48,01:12,1551,right,525,takeaway,1,D,-93,4,8478414
2025021226,2,544,03:04,16:56,1551,left,525,takeaway,1,D,70,-34,8482110
2025021226,2,575,06:27,13:33,1451,left,525,takeaway,8,D,-30,19,8483457
2025021226,3,909,13:14,06:46,1451,right,525,takeaway,8,O,-87,-27,8483457
2025021226,3,942,15:45,04:15,1551,right,525,takeaway,1,N,3,-24,8478414
2025021226,3,945,16:11,03:49,1551,right,525,takeaway,1,D,-31,-41,8482110
2025021227,1,377,05:10,14:50,1551,right,525,takeaway,15,D,-97,7,8478440
2025021227,2,633,06:03,13:57,1551,left,525,takeaway,3,O,98,-17,8476389
2025021227,2,705,08:56,11:04,1551,left,525,takeaway,15,D,87,22,8478463
2025021227,2,706,09:10,10:50,1551,left,525,takeaway,15,D,82,-30,8480796
2025021227,2,739,11:52,08:08,1551,left,525,takeaway,3,N,3,-38,8481789
2025021227,2,774,15:11,04:49,1551,left,525,takeaway,3,D,-46,-40,8476459
2025021227,3,849,02:11,17:49,1551,right,525,takeaway,15,D,-78,-39,8482088
2025021227,3,933,03:47,16:13,1541,right,525,takeaway,3,D,52,-20,8481789
2025021227,3,982,09:05,10:55,1551,right,525,takeaway,3,O,-97,10,8476459
2025021228,1,169,04:23,15:37,1551,right,525,takeaway,19,D,-91,14,8484164
2025021228,1,186,05:34,14:26,1551,right,525,takeaway,19,O,74,38,8482077
2025021228,1,191,05:35,14:25,1551,right,525,takeaway,21,D,30,30,8481641
2025021228,1,205,07:02,12:58,1551,right,525,takeaway,21,D,78,-21,8470613
2025021228,2,509,03:12,16:48,1551,left,525,takeaway,19,N,-18,41,8481006
2025021228,2,540,05:44,14:16,1551,left,525,takeaway,21,D,-39,35,8484258
2025021228,2,613,10:47,09:13,1551,left,525,takeaway,21,O,51,0,8478038
2025021228,3,919,09:37,10:23,1551,right,525,takeaway,19,N,-4,35,8481598
2025021229,1,130,04:53,15:07,1541,left,525,takeaway,7,D,-84,-28,8480807
2025021229,1,233,08:01,11:59,1451,left,525,takeaway,14,D,91,12,8478416
2025021229,2,667,11:04,08:56,1451,right,525,takeaway,7,D,48,19,8480839
2025021229,2,670,11:38,08:22,1451,right,525,takeaway,14,D,-61,37,8482201
2025021229,2,783,17:04,02:56,1541,right,525,takeaway,7,D,92,-21,8479359
2025021229,3,886,04:28,15:32,1551,left,525,takeaway,14,D,61,40,8482201
2025021229,3,917,04:45,15:15,1551,left,525,takeaway,14,O,-70,35,8478416
2025021229,3,1108,09:27,10:33,1551,left,525,takeaway,14,O,-99,5,8480426
2025021229,3,1085,14:22,05:38,1551,left,525,takeaway,7,D,-26,17,8480802
2025021230,1,76,01:17,18:43,1551,right,525,takeaway,52,D,98,-20,8480145
2025021230,1,109,03:58,16:02,1551,right,525,takeaway,52,D,96,26,8480049
2025021230,1,437,17:16,02:44,1551,right,525,takeaway,55,D,-51,-17,8477919
2025021230,1,444,17:44,02:16,1551,right,525,takeaway,55,O,25,-29,8479324
2025021230,2,683,16:32,03:28,1551,left,525,takeaway,55,N,0,0,8481554
2025021230,2,684,16:35,03:25,1551,left,525,takeaway,52,D,-31,-41,8476331
2025021230,3,939,10:51,09:09,1551,right,525,takeaway,55,O,52,40,8477955
2025021230,3,972,14:37,05:23,1551,right,525,takeaway,55,D,-27,32,8477986
2025021231,1,218,06:22,13:38,1551,left,525,takeaway,16,D,64,-39,8482176
2025021231,1,308,09:38,10:22,1551,left,525,takeaway,16,D,82,37,8481624
2025021231,1,313,11:24,08:36,1551,left,525,takeaway,16,O,-71,-25,8484144
2025021231,1,405,17:59,02:01,1551,left,525,takeaway,28,N,0,-7,8480748
2025021231,2,682,09:31,10:29,1551,right,525,takeaway,16,D,-92,27,8477987
2025021231,3,806,02:38,17:22,1551,left,525,takeaway,28,O,65,-37,8484806
2025021231,3,861,06:29,13:31,1551,left,525,takeaway,16,O,-98,2,8481806
2025021232,1,131,04:39,15:21,1551,right,525,takeaway,26,N,1,30,8479675
2025021232,1,150,05:29,14:31,1551,right,525,takeaway,26,N,-14,36,8476469
2025021232,1,216,10:39,09:21,1551,right,525,takeaway,18,N,18,22,8479370
2025021232,1,287,15:16,04:44,1551,right,525,takeaway,26,D,96,-7,8482730
2025021232,2,595,10:04,09:56,1551,left,525,takeaway,26,D,-98,4,8482155
2025021232,2,679,12:40,07:20,1551,left,525,takeaway,26,D,-59,28,8482124
2025021232,3,885,03:24,16:36,1551,right,525,takeaway,26,O,-54,18,8482124
2025021232,3,932,06:38,13:22,1551,right,525,takeaway,18,O,96,16,8482768
2025021232,3,1077,18:02,01:58,1551,right,525,takeaway,18,O,98,-2,8482146
2025021233,1,96,01:39,18:21,1541,right,525,takeaway,13,D,-72,-27,8477495
2025021233,1,220,11:58,08:02,1451,right,525,takeaway,13,D,-45,-8,8477495
2025021233,2,478,03:52,16:08,1551,left,525,takeaway,8,D,-68,42,8480865
2025021233,2,564,11:11,08:49,1551,left,525,takeaway,8,N,22,29,8476479
2025021233,2,661,14:28,05:32,1541,left,525,takeaway,13,O,-56,-6,8477409
2025021233,2,706,19:22,00:38,1551,left,525,takeaway,8,D,-44,-37,8480865
2025021233,3,723,00:22,19:38,1551,right,525,takeaway,13,N,8,-36,8477409
2025021233,3,738,01:10,18:50,1551,right,525,takeaway,8,N,-11,-8,8483515
2025021233,3,798,04:56,15:04,1551,right,525,takeaway,8,D,27,33,8483515
2025021233,3,812,06:33,13:27,1551,right,525,takeaway,13,O,48,-36,8477935
2025021233,3,892,12:06,07:54,1551,right,525,takeaway,13,O,99,9,8477409
2025021233,4,1081,03:55,01:05,1331,left,525,takeaway,13,D,99,-5,8478055
2025021234,1,263,06:57,13:03,1451,left,525,takeaway,14,D,45,-38,8476878
2025021234,1,305,10:04,09:56,1551,left,525,takeaway,9,D,-98,18,8481606
2025021234,1,348,12:51,07:09,1551,left,525,takeaway,9,O,72,34,8481528
2025021234,1,384,14:42,05:18,1551,left,525,takeaway,14,O,-97,-24,8476878
2025021234,2,646,11:24,08:36,1551,right,525,takeaway,9,D,94,-30,8481596
2025021234,2,672,13:25,06:35,1551,right,525,takeaway,9,D,29,18,8481606
2025021234,3,802,02:03,17:57,1551,left,525,takeaway,14,O,-99,6,8476453
2025021234,3,1101,19:32,00:28,1551,left,525,takeaway,14,D,98,8,8482663
2025021235,1,83,02:04,17:56,1551,right,525,takeaway,29,O,98,0,8478975
2025021235,1,131,03:42,16:18,1551,right,525,takeaway,17,D,25,10,8484471
2025021235,1,332,11:47,08:13,1551,right,525,takeaway,29,D,-66,42,8482705
2025021235,1,362,13:45,06:15,1551,right,525,takeaway,29,N,-17,19,8483485
2025021235,1,440,19:36,00:24,1551,right,525,takeaway,29,N,11,0,8478046
2025021235,2,611,03:54,16:06,1551,left,525,takeaway,17,N,3,25,8479337
2025021235,2,670,08:37,11:23,1551,left,525,takeaway,29,D,76,41,8480893
2025021235,2,730,12:32,07:28,1551,left,525,takeaway,17,D,-89,33,8477429
2025021235,3,839,00:44,19:16,1551,right,525,takeaway,17,N,0,39,8484471
2025021235,3,1061,17:36,02:24,1551,right,525,takeaway,17,N,2,-27,8482078
2025021235,4,1139,03:04,01:56,1331,left,525,takeaway,29,D,53,-34,8480893
2025021236,1,66,00:49,19:11,1551,left,525,takeaway,1,N,14,29,8475760
2025021236,1,346,10:13,09:47,1551,left,525,takeaway,1,D,-34,-42,8482684
2025021236,1,408,13:36,06:24,1551,left,525,takeaway,1,O,94,13,8481559
2025021236,2,480,02:13,17:47,1451,right,525,takeaway,4,D,-79,-28,8477499
2025021236,3,825,05:17,14:43,1551,left,525,takeaway,1,O,99,-10,8483495
2025021236,3,861,08:42,11:18,1451,left,525,takeaway,1,D,-39,41,8478414
2025021236,3,868,08:57,11:03,1451,left,525,takeaway,1,O,98,-24,8479996
2025021236,3,877,10:32,09:28,1551,left,525,takeaway,1,O,91,15,8476462
2025021237,1,181,05:45,14:15,1551,right,525,takeaway,12,O,-36,-41,8477940
2025021237,1,298,10:42,09:18,1551,right,525,takeaway,12,O,-93,20,8480336
2025021237,1,343,14:38,05:22,1551,right,525,takeaway,6,O,80,-12,8483489
2025021237,3,894,08:13,11:47,1551,right,525,takeaway,6,D,-74,-41,8478401
2025021237,3,944,12:15,07:45,1551,right,525,takeaway,12,D,44,39,8480336
2025021237,3,982,13:11,06:49,1551,right,525,takeaway,12,O,-89,-29,8477940
2025021238,1,134,05:21,14:39,1551,left,525,takeaway,19,D,-85,-38,8475764
2025021238,1,168,07:23,12:37,1551,left,525,takeaway,21,N,-9,-39,8480039
2025021238,1,496,19:52,00:08,1551,left,525,takeaway,19,O,99,4,8476892
2025021238,2,563,04:24,15:36,1551,right,525,takeaway,19,D,31,-28,8481013
2025021238,2,578,05:21,14:39,1551,right,525,takeaway,19,D,31,36,8477402
2025021238,2,594,06:50,13:10,1551,right,525,takeaway,21,D,-84,36,8478038
2025021238,2,669,08:32,11:28,1551,right,525,takeaway,19,D,85,34,8482733
2025021239,1,265,11:43,08:17,1451,right,525,takeaway,20,D,-75,39,8480797
2025021239,1,328,14:50,05:10,1551,right,525,takeaway,20,D,-31,-12,8484234
2025021239,1,345,15:57,04:03,1551,right,525,takeaway,20,O,92,-33,8480797
2025021239,1,412,18:11,01:49,1541,right,525,takeaway,25,N,18,-35,8476278
2025021239,2,431,00:21,19:39,1551,left,525,takeaway,25,O,70,-34,8484938
2025021239,2,514,00:53,19:07,1551,left,525,takeaway,20,N,-1,42,8480028
2025021239,2,522,01:57,18:03,1551,left,525,takeaway,20,O,-40,37,8476874
2025021239,2,614,08:36,11:24,1551,left,525,takeaway,25,D,-49,25,8484938
2025021239,3,836,03:04,16:56,1551,right,525,takeaway,20,N,7,-16,8482165
2025021239,3,945,13:37,06:23,1541,right,525,takeaway,25,D,36,-36,8476278
2025021239,3,971,14:42,05:18,1551,right,525,takeaway,20,O,86,35,8484768
2025021239,4,1066,03:32,01:28,1341,left,525,takeaway,25,O,96,-3,8480036
2025021240,1,252,07:32,12:28,1551,right,525,takeaway,30,O,-76,-36,8481553
2025021240,1,484,16:13,03:47,1551,right,525,takeaway,30,D,36,38,8473507
2025021240,1,556,18:17,01:43,1551,right,525,takeaway,55,D,-95,20,8475768
2025021240,2,620,03:14,16:46,1551,left,525,takeaway,30,O,77,35,8476463
2025021240,2,746,14:44,05:16,1551,left,525,takeaway,30,D,-39,-10,8478864
2025021240,3,854,00:04,19:56,1551,right,525,takeaway,55,N,-19,-7,8477986
2025021240,3,884,02:15,17:45,1551,right,525,takeaway,55,O,50,-32,8476905
2025021240,3,949,08:59,11:01,1551,right,525,takeaway,30,N,24,29,8474716
2025021241,1,267,06:38,13:22,1551,left,525,takeaway,68,O,28,-33,8477021
2025021241,2,703,06:13,13:47,1551,right,525,takeaway,68,N,1,33,8479977
2025021241,2,801,14:26,05:34,1551,right,525,takeaway,22,N,-14,-37,8476454
2025021241,3,959,03:06,16:54,1551,left,525,takeaway,22,O,-39,42,8483512
2025021241,3,964,04:46,15:14,1551,left,525,takeaway,68,N,-22,38,8474013
2025021241,3,1020,09:13,10:47,1551,left,525,takeaway,68,O,48,-31,8479343
2025021241,4,1174,00:21,04:39,1331,right,525,takeaway,68,D,55,-18,8483431
2025021242,1,112,03:26,16:34,1551,right,525,takeaway,23,O,-98,21,8483499
2025021242,1,441,12:55,07:05,1551,right,525,takeaway,23,D,91,-25,8484798
2025021242,2,459,00:29,19:31,1551,left,525,takeaway,23,D,-50,37,8479425
2025021242,2,573,09:28,10:32,1551,left,525,takeaway,54,N,21,39,8478397
2025021242,3,766,04:21,15:39,1551,right,525,takeaway,23,D,94,28,8479425
2025021242,3,791,05:48,14:12,1551,right,525,takeaway,23,N,-17,24,8480012
2025021242,3,907,11:07,08:53,1551,right,525,takeaway,23,D,51,24,8484240
2025021242,3,1008,17:56,02:04,1551,right,525,takeaway,23,N,-19,31,8479425
2025021243,1,363,14:56,05:04,1551,left,525,takeaway,18,D,30,10,8480246
2025021243,1,416,19:32,00:28,1551,left,525,takeaway,24,D,-68,-39,8478873
2025021243,2,644,13:42,06:18,1551,right,525,takeaway,24,D,27,-33,8481605
2025021243,2,646,14:14,05:46,1551,right,525,takeaway,18,D,-79,-39,8482111
2025021243,2,679,16:58,03:02,1451,right,525,takeaway,24,O,-93,10,8484762
2025021243,3,738,01:48,18:12,1541,left,525,takeaway,24,D,-45,20,8485512
2025021243,3,1026,15:58,04:02,1451,left,525,takeaway,18,D,59,34,8483465
2025021244,1,227,07:57,12:03,1551,right,525,takeaway,3,D,81,-30,8484210
2025021244,1,267,11:15,08:45,1551,right,525,takeaway,3,D,73,-18,8482073
2025021244,1,357,13:00,07:00,1551,right,525,takeaway,7,N,-1,-42,8477949
2025021244,1,400,17:16,02:44,1551,right,525,takeaway,3,O,-89,-12,8477839
2025021244,2,592,08:41,11:19,1551,left,525,takeaway,7,D,38,36,8484145
2025021244,2,696,16:20,03:40,1551,left,525,takeaway,3,D,-27,-13,8476389
2025021244,3,740,00:48,19:12,1551,right,525,takeaway,7,D,-96,27,8480839
2025021244,3,803,04:39,15:21,1551,right,525,takeaway,7,N,18,-39,8482097
2025021244,3,933,13:14,06:46,1551,right,525,takeaway,7,O,94,-21,8482659
2025021244,3,968,15:24,04:36,1551,right,525,takeaway,7,N,-16,-35,8482671
2025021245,1,120,04:09,15:51,1551,right,525,takeaway,15,O,85,27,8484186
2025021245,1,184,09:05,10:55,1541,right,525,takeaway,15,D,-30,10,8482088
2025021245,1,471,19:52,00:08,1451,right,525,takeaway,15,D,-69,8,8480873
2025021245,2,537,03:04,16:56,1551,left,525,takeaway,10,O,58,38,8484158
2025021245,2,630,06:56,13:04,1451,left,525,takeaway,15,D,85,17,8480796
2025021245,2,743,15:48,04:12,1541,left,525,takeaway,10,N,-1,31,8476931
2025021245,2,771,18:26,01:34,1551,left,525,takeaway,10,N,-2,-37,8478443
2025021245,3,980,13:42,06:18,1551,right,525,takeaway,15,D,-40,24,8481580
2025021245,3,1004,15:59,04:01,1560,right,525,takeaway,15,D,-84,24,8480873
2025021245,3,1043,18:52,01:08,1451,right,525,takeaway,15,D,-45,-36,8478463
2025021245,3,1044,19:00,01:00,1451,right,525,takeaway,10,D,45,-13,8481582
2025021246,1,189,05:00,15:00,1551,left,525,takeaway,28,D,-73,-30,8484994
2025021246,1,222,06:45,13:15,1551,left,525,takeaway,28,D,-95,18,8484806
2025021246,1,289,12:59,07:01,1551,left,525,takeaway,28,D,-70,-31,8479576
2025021246,2,679,13:22,06:38,1551,right,525,takeaway,22,O,62,12,8484509
2025021246,2,706,15:16,04:44,1551,right,525,takeaway,28,D,79,36,8484227
2025021246,2,725,17:24,02:36,1551,right,525,takeaway,22,D,-61,-7,8476473
2025021246,3,804,01:33,18:27,1551,left,525,takeaway,28,O,73,36,8479983
2025021246,3,845,05:19,14:41,1551,left,525,takeaway,28,N,3,40,8484806
2025021246,3,911,09:48,10:12,1551,left,525,takeaway,28,O,99,-20,8478874
2025021247,1,98,01:51,18:09,1551,left,525,takeaway,29,O,-74,-28,8478975
2025021247,1,261,09:16,10:44,1551,left,525,takeaway,29,O,-99,17,8478046
2025021247,1,410,16:48,03:12,1541,left,525,takeaway,29,O,-98,-22,8475745
2025021247,2,552,05:15,14:45,1551,right,525,takeaway,7,N,17,33,8481524
2025021247,2,604,09:39,10:21,1551,right,525,takeaway,7,D,69,-29,8481524
2025021247,2,626,11:12,08:48,1551,right,525,takeaway,7,D,77,-41,8477949
2025021247,3,853,06:58,13:02,1551,left,525,takeaway,7,O,57,33,8482659
2025021247,3,891,08:37,11:23,1551,left,525,takeaway,29,N,17,-31,8482705
2025021248,1,278,11:52,08:08,1551,right,525,takeaway,8,N,-21,0,8484984
2025021248,1,428,18:54,01:06,1551,right,525,takeaway,8,O,-99,3,8483515
2025021248,2,566,04:09,15:51,1541,left,525,takeaway,14,O,-90,-32,8476453
2025021248,2,672,12:58,07:02,1451,left,525,takeaway,14,D,53,41,8476826
2025021248,2,754,19:15,00:45,1451,left,525,takeaway,8,D,-46,-24,8480865
2025021248,3,882,02:33,17:27,1551,right,525,takeaway,8,D,27,-39,8483457
2025021248,3,913,04:51,15:09,1551,right,525,takeaway,14,O,47,35,8477416
2025021248,3,938,06:17,13:43,1551,right,525,takeaway,8,D,34,32,8482775
2025021248,3,963,07:40,12:20,1551,right,525,takeaway,14,O,40,-42,8476826
2025021248,3,1029,09:11,10:49,1551,right,525,takeaway,8,D,27,-29,8480018
2025021248,3,1089,18:59,01:01,1551,right,525,takeaway,14,N,6,-26,8478178
2025021249,1,125,04:11,15:49,1551,left,525,takeaway,9,D,-46,32,8481575
2025021249,1,143,05:29,14:31,1551,left,525,takeaway,13,D,64,-16,8478055
2025021249,2,480,01:57,18:03,1551,right,525,takeaway,13,D,-78,36,8481600
2025021249,2,658,09:03,10:57,1551,right,525,takeaway,9,O,-65,-25,8474189
2025021249,3,977,09:45,10:15,1551,left,525,takeaway,13,O,-28,-35,8478055
2025021249,3,1004,11:23,08:37,1551,left,525,takeaway,9,N,12,-39,8482116
2025021249,3,1111,18:04,01:56,1551,left,525,takeaway,13,N,10,23,8476994
2025021250,1,222,07:26,12:34,1551,right,525,takeaway,17,D,34,31,8481542
2025021250,2,606,01:16,18:44,1451,left,525,takeaway,4,D,41,-1,8477948
2025021250,2,607,01:21,18:39,1451,left,525,takeaway,17,D,-59,35,8481542
2025021250,2,616,02:02,17:58,1551,left,525,takeaway,17,D,-49,-34,8474102
2025021250,3,977,04:36,15:24,1551,right,525,takeaway,17,D,62,27,8474141
2025021250,3,985,04:59,15:01,1551,right,525,takeaway,4,N,9,-24,8484387
2025021250,3,1045,09:18,10:42,1551,right,525,takeaway,4,D,-90,15,8477948
2025021251,1,64,00:42,19:18,1551,left,525,takeaway,1,D,-58,35,8480002
2025021251,1,160,04:30,15:30,1551,left,525,takeaway,1,D,-39,5,8478414
2025021251,1,253,07:09,12:51,1451,left,525,takeaway,5,N,22,23,8478569
2025021251,1,366,15:34,04:26,1551,left,525,takeaway,1,D,-66,30,8484177
2025021251,3,834,08:14,11:46,1551,left,525,takeaway,5,O,-84,5,8477511
2025021251,3,845,08:47,11:13,1551,left,525,takeaway,5,O,-99,-19,8481725
2025021251,3,887,12:21,07:39,1551,left,525,takeaway,5,O,-76,39,8477365
2025021251,3,946,17:02,02:58,1551,left,525,takeaway,1,N,17,40,8484177
2025021251,3,957,18:33,01:27,1551,left,525,takeaway,1,D,-38,37,8483397
2025021252,1,200,08:38,11:22,1551,left,525,takeaway,10,N,-8,-42,8476853
2025021252,1,347,15:17,04:43,1551,left,525,takeaway,2,N,24,0,8477506
2025021252,2,475,01:05,18:55,1541,right,525,takeaway,2,D,39,38,8481601
2025021252,2,644,13:01,06:59,1551,right,525,takeaway,10,O,87,30,8476853
2025021252,2,706,14:40,05:20,1551,right,525,takeaway,2,N,9,-35,8485366
2025021252,2,767,19:41,00:19,1551,right,525,takeaway,10,D,-53,41,8476853
2025021253,1,68,00:43,19:17,1551,left,525,takeaway,52,N,7,8,8482149
2025021253,2,704,14:20,05:40,1551,right,525,takeaway,19,D,68,-37,8475764
2025021253,3,760,00:55,19:05,1551,left,525,takeaway,19,D,-65,-27,8477402
2025021253,3,770,02:07,17:53,1451,left,525,takeaway,52,D,51,22,8481043
2025021253,3,863,05:52,14:08,1551,left,525,takeaway,19,D,-29,-25,8482733
2025021254,1,201,05:26,14:34,1551,right,525,takeaway,30,O,87,-31,8478864
2025021254,1,259,10:31,09:29,1551,right,525,takeaway,30,N,-6,18,8478508
2025021254,1,339,15:50,04:10,1551,right,525,takeaway,25,O,-84,35,8484829
2025021254,2,533,02:15,17:45,1551,left,525,takeaway,25,D,-41,-27,8478420
2025021254,2,610,07:02,12:58,1551,left,525,takeaway,25,O,74,-41,8478420
2025021254,2,617,07:21,12:39,1551,left,525,takeaway,30,D,43,40,8480800
2025021254,3,916,09:35,10:25,1551,right,525,takeaway,25,N,-23,-33,8483425
2025021254,3,958,12:55,07:05,1441,right,525,takeaway,30,D,-34,28,8480800
2025021254,3,1013,18:06,01:54,1541,right,525,takeaway,30,O,99,15,8475692
2025021255,1,142,00:46,19:14,1551,right,525,takeaway,12,O,81,-38,8480817
2025021255,1,299,10:44,09:16,1551,right,525,takeaway,16,O,-91,-25,8481806
2025021255,1,462,19:06,00:54,1551,right,525,takeaway,12,D,-73,24,8482100
2025021255,2,604,06:15,13:45,1551,left,525,takeaway,12,O,-73,21,8484428
2025021255,2,617,07:51,12:09,1551,left,525,takeaway,16,D,-41,-6,8484144
2025021255,2,662,10:38,09:22,1451,left,525,takeaway,12,D,27,-27,8476873
2025021255,2,740,17:23,02:37,1541,left,525,takeaway,16,D,-27,40,8483450
2025021255,3,790,02:12,17:48,1551,right,525,takeaway,12,O,78,35,8481004
2025021256,1,164,02:28,17:32,1551,right,525,takeaway,21,O,-37,-35,8481186
2025021256,1,187,03:45,16:15,1551,right,525,takeaway,20,D,-27,0,8482679
2025021256,2,579,03:56,16:04,1551,left,525,takeaway,20,D,51,-26,8482165
2025021256,2,636,08:15,11:45,1551,left,525,takeaway,20,D,85,-32,8484234
2025021256,3,879,02:56,17:04,1551,right,525,takeaway,21,N,-19,-2,8478038
2025021256,3,966,09:13,10:47,1551,right,525,takeaway,21,D,95,2,8481186
2025021256,3,1009,12:05,07:55,1551,right,525,takeaway,20,D,-84,-26,8476874
2025021257,1,205,08:03,11:57,1551,left,525,takeaway,18,O,-74,36,8482146
2025021257,1,332,14:20,05:40,1551,left,525,takeaway,68,D,-49,-34,8483431
2025021257,2,692,11:46,08:14,1551,right,525,takeaway,18,O,88,15,8474564
2025021257,3,831,01:34,18:26,1551,left,525,takeaway,68,O,46,20,8482175
2025021257,3,953,10:09,09:51,1541,left,525,takeaway,68,D,-70,38,8478507
2025021257,3,1060,16:38,03:22,1551,left,525,takeaway,68,D,-85,19,8477951
2025021258,1,78,00:30,19:30,1551,left,525,takeaway,28,D,52,-40,8484911
2025021258,1,162,01:59,18:01,1551,left,525,takeaway,24,O,76,-38,8482745
2025021258,1,295,11:53,08:07,1551,left,525,takeaway,24,N,-4,42,8483490
2025021258,1,373,14:02,05:58,1551,left,525,takeaway,24,N,19,42,8484153
2025021258,1,379,14:23,05:37,1551,left,525,takeaway,24,N,18,22,8482178
2025021258,2,520,01:12,18:48,1551,right,525,takeaway,28,D,-99,9,8479983
2025021258,2,543,03:36,16:24,1551,right,525,takeaway,28,D,-61,34,8484911
2025021258,2,586,05:38,14:22,1551,right,525,takeaway,24,O,-80,30,8482178
2025021258,2,631,09:16,10:44,1551,right,525,takeaway,24,D,38,18,8475184
2025021258,2,686,14:15,05:45,1551,right,525,takeaway,24,N,-2,0,8484153
2025021258,2,771,16:43,03:17,1551,right,525,takeaway,28,D,-96,-18,8479983
2025021258,3,934,10:13,09:47,1451,left,525,takeaway,24,O,68,21,8474590
2025021258,3,981,13:36,06:24,1551,left,525,takeaway,24,D,-51,-17,8485512
2025021259,1,122,03:13,16:47,1551,left,525,takeaway,55,D,-45,-35,8474586
2025021259,1,126,03:16,16:44,1551,left,525,takeaway,54,N,-21,-37,8481604
2025021259,1,218,07:21,12:39,1551,left,525,takeaway,54,N,-17,-37,8476438
2025021259,1,310,09:15,10:45,1551,left,525,takeaway,54,N,24,33,8478434
2025021259,1,347,13:54,06:06,1551,left,525,takeaway,55,O,97,0,8474586
2025021259,1,532,19:16,00:44,1551,left,525,takeaway,55,N,2,33,8476905
2025021259,2,592,02:46,17:14,1551,right,525,takeaway,55,D,35,-36,8475768
2025021259,2,632,05:39,14:21,1551,right,525,takeaway,55,D,89,32,8481554
2025021259,2,647,08:29,11:31,1551,right,525,takeaway,54,N,-7,-27,8478483
2025021259,2,714,12:34,07:26,1551,right,525,takeaway,55,D,73,42,8476905
2025021259,2,751,15:16,04:44,1551,right,525,takeaway,54,D,-60,41,8475343
2025021259,3,866,02:14,17:46,1551,left,525,takeaway,54,O,-96,-1,8477018
2025021259,3,903,07:33,12:27,1551,left,525,takeaway,55,D,-26,-31,8476457
2025021259,3,927,08:49,11:11,1551,left,525,takeaway,55,D,-79,36,8482665
2025021259,4,1155,04:01,00:59,1331,right,525,takeaway,54,D,-29,-34,8478403
2025021260,2,662,10:11,09:49,1551,left,525,takeaway,23,O,-85,-35,8480012
2025021260,2,712,13:05,06:55,1551,left,525,takeaway,26,D,-98,-2,8478550
2025021260,3,848,02:18,17:42,1551,right,525,takeaway,23,D,-93,19,8477969
2025021260,3,939,10:03,09:57,1551,right,525,takeaway,23,N,7,-34,8484136
2025021260,3,953,11:05,08:55,1551,right,525,takeaway,26,O,-60,-41,8471685
2025021260,3,992,13:32,06:28,1551,right,525,takeaway,23,O,38,-41,8481024
2025021260,3,1050,19:39,00:21,0651,right,525,takeaway,26,D,27,36,8471685
2025021261,1,132,05:15,14:45,1551,left,525,takeaway,14,O,-90,-33,8476826
2025021261,1,224,08:56,11:04,1551,left,525,takeaway,14,D,47,13,8478416
2025021261,1,362,13:49,06:11,1551,left,525,takeaway,6,D,-98,12,8482511
2025021261,2,651,12:58,07:02,1551,right,525,takeaway,14,N,5,-36,8470621
2025021261,2,713,16:50,03:10,1551,right,525,takeaway,6,O,-44,-6,8481219
2025021261,3,758,00:15,19:45,1441,left,525,takeaway,14,D,81,-17,8478519
2025021261,3,793,03:45,16:15,0651,left,525,takeaway,6,D,-40,30,8479591
2025021261,3,807,04:49,15:11,1541,left,525,takeaway,6,N,-11,34,8482177
2025021261,3,892,08:48,11:12,1551,left,525,takeaway,6,N,1,-17,8480355
2025021261,3,945,12:39,07:21,1551,left,525,takeaway,14,D,52,40,8476826
2025021261,3,952,13:58,06:02,1551,left,525,takeaway,14,N,1,18,8480426
2025021261,3,999,18:17,01:43,1551,left,525,takeaway,14,O,-77,40,8478010
2025021261,3,1011,18:52,01:08,1560,left,525,takeaway,14,N,-9,22,8476453
2025021262,1,99,01:20,18:40,1551,left,525,takeaway,2,O,87,24,8478445
2025021262,1,427,16:07,03:53,1551,left,525,takeaway,2,O,31,-18,8477500
2025021262,2,712,14:03,05:57,1551,right,525,takeaway,2,O,-25,38,8477506
2025021262,2,741,16:27,03:33,1451,right,525,takeaway,9,D,-70,39,8481596
2025021262,3,874,02:22,17:38,1551,left,525,takeaway,2,O,99,10,8477950
2025021262,3,891,04:18,15:42,1541,left,525,takeaway,2,D,-30,41,8481601
2025021262,3,1042,13:58,06:02,1551,left,525,takeaway,9,O,-84,35,8481596
2025021262,3,1068,16:18,03:42,1560,left,525,takeaway,9,D,29,-27,8480208
2025021263,1,244,09:08,10:52,1551,left,525,takeaway,15,O,-96,25,8484186
2025021263,2,467,02:26,17:34,1551,right,525,takeaway,5,O,-45,34,8479533
2025021263,2,478,03:05,16:55,1551,right,525,takeaway,5,D,49,21,8483487
2025021263,2,490,04:24,15:36,1551,right,525,takeaway,5,N,-24,-37,8482758
2025021263,2,540,08:48,11:12,1551,right,525,takeaway,15,D,-68,37,8484873
2025021263,3,836,04:35,15:25,1551,left,525,takeaway,15,N,20,38,8484873
2025021264,1,100,02:12,17:48,1551,right,525,takeaway,22,D,-77,-40,8474641
2025021264,1,159,06:38,13:22,1551,right,525,takeaway,22,O,99,0,8484509
2025021264,1,167,07:29,12:31,1551,right,525,takeaway,26,D,30,-26,8478550
2025021264,1,244,12:59,07:01,1551,right,525,takeaway,22,D,-48,40,8478402
2025021264,2,530,00:52,19:08,1551,left,525,takeaway,26,O,62,0,8482155
2025021264,2,617,08:06,11:54,1551,left,525,takeaway,22,D,42,-3,8478402
2025021264,2,647,09:27,10:33,1551,left,525,takeaway,26,D,-61,41,8475208
2025021264,2,758,18:01,01:59,1551,left,525,takeaway,22,O,-59,41,8478402
2025021264,3,951,12:14,07:46,1551,right,525,takeaway,22,O,72,21,8475218
2025021264,3,1014,13:09,06:51,1551,right,525,takeaway,26,N,5,-34,8471685
2025021265,1,84,01:53,18:07,1551,right,525,takeaway,1,N,-10,-40,8480192
2025021265,2,638,05:40,14:20,1551,left,525,takeaway,17,O,96,-3,8477429
2025021265,2,752,15:06,04:54,1551,left,525,takeaway,1,O,-93,-25,8479395
2025021265,3,982,09:35,10:25,1551,right,525,takeaway,17,D,37,27,8474102
2025021265,3,1038,13:20,06:40,1551,right,525,takeaway,17,O,-84,-27,8483464
2025021266,1,87,02:14,17:46,1451,right,525,takeaway,19,N,0,15,8480459
2025021266,1,404,14:51,05:09,1551,right,525,takeaway,19,D,-95,20,8476892
2025021266,1,430,16:16,03:44,1551,right,525,takeaway,16,D,91,-30,8481624
2025021266,2,559,03:35,16:25,1551,left,525,takeaway,16,D,-96,-6,8477444
2025021266,2,649,11:03,08:57,1541,left,525,takeaway,16,D,-47,2,8481568
2025021266,2,694,15:00,05:00,1551,left,525,takeaway,16,N,11,-31,8477479
2025021266,3,777,01:39,18:21,1551,right,525,takeaway,19,N,-1,33,8480023
2025021266,3,829,06:13,13:47,1551,right,525,takeaway,19,O,85,38,8480023
2025021266,3,891,11:54,08:06,1551,right,525,takeaway,16,O,-71,-7,8483506
2025021266,3,931,13:46,06:14,1551,right,525,takeaway,16,O,-78,-24,8485391
2025021267,2,511,02:50,17:10,1551,right,525,takeaway,30,D,-48,-31,8480800
2025021267,2,562,05:29,14:31,1551,right,525,takeaway,18,N,-12,-15,8474564
2025021267,2,599,08:11,11:49,1551,right,525,takeaway,18,D,98,-18,8475287
2025021267,2,658,14:50,05:10,1551,right,525,takeaway,18,O,-75,39,8475158
2025021267,2,691,18:03,01:57,1551,right,525,takeaway,30,O,85,-23,8481553
2025021267,3,806,02:33,17:27,1551,left,525,takeaway,30,O,-78,-40,8473422
2025021267,3,851,05:16,14:44,1551,left,525,takeaway,18,D,-29,-17,8482111
2025021267,3,855,05:57,14:03,1551,left,525,takeaway,30,O,-43,33,8480800
2025021267,3,1016,19:27,00:33,0551,left,525,takeaway,18,D,-63,-10,8476869
2025021268,1,174,08:35,11:25,1541,right,525,takeaway,3,O,95,1,8477380
2025021268,2,608,02:54,17:06,1551,left,525,takeaway,3,D,49,41,8483690
2025021268,2,656,06:59,13:01,1551,left,525,takeaway,25,D,-29,25,8481581
2025021268,2,667,07:31,12:29,1551,left,525,takeaway,25,D,-42,-14,8480027
2025021268,2,707,11:35,08:25,1551,left,525,takeaway,3,D,31,28,8482877
2025021268,3,894,06:10,13:50,1551,right,525,takeaway,3,D,-60,-29,8477839
2025021268,3,943,10:34,09:26,1551,right,525,takeaway,3,N,-23,34,8479323
2025021268,3,1005,14:18,05:42,1551,right,525,takeaway,3,O,83,-33,8476389
2025021268,3,1062,17:40,02:20,1551,right,525,takeaway,25,O,-91,29,8478420
2025021269,1,191,07:00,13:00,1551,left,525,takeaway,12,N,-19,-26,8477940
2025021269,1,271,09:29,10:31,1551,left,525,takeaway,68,N,-17,-40,8479410
2025021269,1,294,10:14,09:46,1551,left,525,takeaway,68,D,-92,-8,8477346
2025021269,1,372,12:16,07:44,1551,left,525,takeaway,12,N,10,-24,8484428
2025021269,1,387,13:26,06:34,1551,left,525,takeaway,12,N,-8,-37,8480830
2025021269,2,691,08:57,11:03,1551,right,525,takeaway,68,O,-90,-20,8474013
2025021269,2,814,15:53,04:07,1551,right,525,takeaway,68,D,82,-40,8477951
2025021269,2,813,17:26,02:34,1551,right,525,takeaway,68,O,-41,-41,8479410
2025021269,3,915,05:41,14:19,1451,left,525,takeaway,12,D,52,37,8482093
2025021270,1,188,08:19,11:41,1551,right,525,takeaway,10,O,-79,-21,8477503
2025021270,1,390,12:56,07:04,1551,right,525,takeaway,13,D,-34,-25,8482107
2025021270,1,417,15:25,04:35,1551,right,525,takeaway,10,O,-44,38,8484158
2025021270,2,670,13:13,06:47,1551,left,525,takeaway,10,O,42,-10,8477939
2025021270,2,676,14:29,05:31,1551,left,525,takeaway,10,N,16,-38,8484901
2025021270,2,711,17:40,02:20,1551,left,525,takeaway,13,N,-20,8,8476994
2025021270,3,853,08:38,11:22,1551,right,525,takeaway,13,N,24,-38,8483712
2025021271,1,186,01:23,18:37,1551,right,525,takeaway,29,N,-20,-40,8480893
2025021271,1,412,15:32,04:28,1451,right,525,takeaway,29,D,-39,-38,8479371
2025021271,2,586,03:46,16:14,1551,left,525,takeaway,29,O,-84,39,8478856
2025021271,2,594,04:18,15:42,1551,left,525,takeaway,29,D,80,-22,8475745
2025021271,2,612,06:11,13:49,1551,left,525,takeaway,29,D,26,39,8482660
2025021271,3,826,07:04,12:56,1551,right,525,takeaway,8,D,98,-4,8481593
2025021272,1,119,02:31,17:29,1551,right,525,takeaway,52,D,93,-22,8476480
2025021272,1,128,02:56,17:04,1551,right,525,takeaway,4,O,86,-36,8477903
2025021272,1,262,09:20,10:40,1551,right,525,takeaway,52,N,21,34,8476331
2025021272,1,299,12:15,07:45,1551,right,525,takeaway,4,O,41,40,8481533
2025021272,1,431,18:00,02:00,1541,right,525,takeaway,52,N,16,15,8481043
2025021272,2,549,03:01,16:59,1551,left,525,takeaway,52,D,-56,36,8483471
2025021272,2,685,08:49,11:11,1551,left,525,takeaway,52,O,63,31,8476460
2025021272,2,694,09:42,10:18,1551,left,525,takeaway,4,D,93,31,8477948
2025021272,3,991,12:44,07:16,1551,right,525,takeaway,52,D,97,-3,8476480
2025021272,3,1021,14:17,05:43,1551,right,525,takeaway,4,O,75,31,8481533
2025021272,3,1071,18:18,01:42,1551,right,525,takeaway,4,D,-41,-28,8482159
2025021273,1,184,05:12,14:48,1551,left,525,takeaway,20,O,-97,-23,8474150
2025021273,1,193,05:56,14:04,1551,left,525,takeaway,20,O,-96,-17,8484860
2025021273,1,279,08:44,11:16,1551,left,525,takeaway,55,D,-50,-30,8477986
2025021273,1,332,12:42,07:18,1551,left,525,takeaway,20,O,-51,40,8474150
2025021273,1,335,12:51,07:09,1551,left,525,takeaway,20,O,-76,-41,8482679
2025021273,1,358,14:34,05:26,1551,left,525,takeaway,55,O,25,29,8476905
2025021273,1,365,15:15,04:45,1551,left,525,takeaway,20,O,-42,16,8484860
2025021273,2,562,03:45,16:15,1551,right,525,takeaway,55,D,43,-9,8481554
2025021273,2,727,16:12,03:48,1551,right,525,takeaway,55,O,-95,-14,8482751
2025021273,3,849,06:42,13:18,1551,left,525,takeaway,55,D,-67,-39,8482665
2025021273,3,894,10:21,09:39,1551,left,525,takeaway,55,N,23,-18,8482751
2025021273,3,978,15:59,04:01,1551,left,525,takeaway,55,D,-56,-23,8480009
2025021274,1,164,06:14,13:46,1541,right,525,takeaway,54,O,98,14,8478483
2025021274,1,189,09:42,10:18,1551,right,525,takeaway,54,O,96,-9,8477447
2025021274,1,351,16:36,03:24,1551,right,525,takeaway,21,D,53,-36,8476967
2025021274,2,462,01:25,18:35,1551,left,525,takeaway,54,O,-60,-42,8478483
2025021274,2,620,12:26,07:34,1551,left,525,takeaway,54,D,50,-37,8481604
2025021274,2,697,18:37,01:23,1551,left,525,takeaway,21,D,-44,-40,8470613
2025021274,3,841,02:29,17:31,1551,right,525,takeaway,54,D,-47,34,8477447
2025021274,3,1016,12:47,07:13,1551,right,525,takeaway,54,O,48,10,8478397
2025021274,3,1018,12:52,07:08,1551,right,525,takeaway,21,D,42,-37,8480039
2025021274,3,1047,15:13,04:47,1541,right,525,takeaway,21,D,98,9,8478038
2025021274,3,1074,16:22,03:38,1551,right,525,takeaway,54,D,-70,41,8482062
2025021274,4,1133,00:51,04:09,1331,left,525,takeaway,21,N,12,-12,8475754
2025021275,1,260,12:02,07:58,1551,left,525,takeaway,23,O,-84,23,8484406
2025021275,1,275,12:55,07:05,1551,left,525,takeaway,28,N,-4,-4,8484994
2025021275,2,374,00:20,19:40,1551,right,525,takeaway,23,O,79,15,8481535
2025021275,2,503,01:59,18:01,1551,right,525,takeaway,28,O,-97,-3,8485402
2025021275,2,730,16:02,03:58,1541,right,525,takeaway,28,D,66,-39,8479983
2025021275,2,756,19:53,00:07,1551,right,525,takeaway,28,D,85,-37,8479576
2025021275,3,897,10:11,09:49,1551,left,525,takeaway,23,N,1,40,8476927
2025021276,1,79,01:26,18:34,1551,right,525,takeaway,5,N,-2,41,8482758
2025021276,1,130,04:15,15:45,1551,right,525,takeaway,5,D,-73,-38,8471215
2025021276,1,272,11:55,08:05,1541,right,525,takeaway,15,O,-81,1,8476880
2025021276,1,414,15:07,04:53,1551,right,525,takeaway,15,O,-98,-11,8481656
2025021276,1,434,16:07,03:53,1551,right,525,takeaway,5,O,60,41,8479398
2025021276,1,469,18:00,02:00,1551,right,525,takeaway,15,O,-74,15,8484999
2025021276,2,613,05:07,14:53,1551,left,525,takeaway,5,O,-75,29,8476483
2025021276,2,664,09:54,10:06,1551,left,525,takeaway,15,D,-54,9,8484186
2025021276,2,688,11:43,08:17,1551,left,525,takeaway,5,D,56,41,8483487
2025021276,2,803,19:26,00:34,1551,left,525,takeaway,5,D,57,-23,8482758
2025021276,3,850,03:06,16:54,1551,right,525,takeaway,5,D,-69,37,8479533
2025021276,3,897,06:17,13:43,1551,right,525,takeaway,5,O,36,33,8482758
2025021276,3,986,13:57,06:03,1551,right,525,takeaway,15,D,38,-27,8476880
2025021277,1,114,04:03,15:57,1551,left,525,takeaway,2,D,-69,-38,8477369
2025021277,1,224,11:41,08:19,1551,left,525,takeaway,2,D,-95,25,8475170
2025021277,1,257,15:28,04:32,1551,left,525,takeaway,2,D,-94,3,8481601
2025021277,1,405,19:06,00:54,1551,left,525,takeaway,8,O,-99,-8,8482775
2025021277,2,423,00:37,19:23,1551,right,525,takeaway,8,D,-84,-21,8482087
2025021277,2,445,01:56,18:04,1551,right,525,takeaway,8,D,-94,-22,8481593
2025021277,3,942,09:36,10:24,1551,left,525,takeaway,8,O,-33,24,8483515
2025021277,3,945,09:39,10:21,1551,left,525,takeaway,2,D,-82,22,8485366
2025021277,3,1026,19:31,00:29,1560,left,525,takeaway,8,O,-50,25,8483515
2025021278,1,302,06:36,13:24,1551,left,525,takeaway,6,O,-32,-27,8477956
2025021278,2,563,04:30,15:30,1551,right,525,takeaway,29,O,-81,37,8477497
2025021278,2,751,13:59,06:01,1451,right,525,takeaway,6,D,-51,31,8476374
2025021278,2,754,15:17,04:43,1451,right,525,takeaway,29,O,-78,-5,8478975
2025021278,2,756,15:24,04:36,1451,right,525,takeaway,6,D,-83,38,8477496
2025021278,3,1051,01:14,18:46,1551,left,525,takeaway,6,N,5,31,8477496
2025021278,3,943,11:12,08:48,1551,left,525,takeaway,29,D,-98,-19,8478460
2025021279,1,341,14:33,05:27,1541,left,525,takeaway,1,D,-64,0,8477015
2025021279,1,343,14:35,05:25,1541,left,525,takeaway,9,N,-24,-39,8481575
2025021279,2,663,11:58,08:02,1551,right,525,takeaway,9,D,-62,-24,8482245
2025021279,2,664,12:54,07:06,1551,right,525,takeaway,9,N,20,-24,8481528
2025021279,2,678,14:04,05:56,1551,right,525,takeaway,9,O,38,-31,8474189
2025021279,2,689,14:10,05:50,1551,right,525,takeaway,9,O,69,-9,8480188
2025021279,2,734,18:44,01:16,1551,right,525,takeaway,9,N,14,-12,8482245
2025021279,3,870,08:09,11:51,1551,left,525,takeaway,1,O,97,20,8477015
2025021279,3,916,11:10,08:50,1441,left,525,takeaway,9,D,32,-28,8480188
2025021279,3,959,16:01,03:59,1551,left,525,takeaway,9,O,-74,-41,8473512
2025021280,1,102,02:44,17:16,1451,left,525,takeaway,24,O,77,37,8474590
2025021280,1,108,03:00,17:00,1451,left,525,takeaway,24,O,98,-2,8475798
2025021280,1,134,05:26,14:34,1551,left,525,takeaway,23,D,64,41,8478444
2025021280,1,252,06:02,13:58,1551,left,525,takeaway,24,N,-24,36,8475798
2025021280,1,469,15:43,04:17,1551,left,525,takeaway,23,D,72,-33,8484798
2025021280,2,528,00:39,19:21,1541,right,525,takeaway,24,D,28,21,8485512
2025021280,2,560,03:06,16:54,1551,right,525,takeaway,24,N,11,-30,8483490
2025021280,3,1009,10:34,09:26,1551,left,525,takeaway,23,O,-96,-2,8480876
2025021280,3,1112,18:33,01:27,1551,left,525,takeaway,24,N,-4,-35,8474590
2025021280,4,1143,02:48,02:12,1331,right,525,takeaway,23,O,27,-17,8482055
2025021281,1,154,06:05,13:55,1551,right,525,takeaway,20,D,96,-9,8474150
2025021281,1,181,07:09,12:51,1551,right,525,takeaway,68,N,-2,36,8479410
2025021281,1,290,11:25,08:35,1551,right,525,takeaway,20,N,21,-31,8480727
2025021281,1,431,14:34,05:26,1451,right,525,takeaway,68,D,-63,-38,8474013
2025021281,1,435,17:09,02:51,1551,right,525,takeaway,68,D,-48,26,8480434
2025021281,2,622,05:11,14:49,1551,left,525,takeaway,68,N,23,15,8477346
2025021281,2,718,10:52,09:08,1551,left,525,takeaway,20,O,84,38,8482679
2025021281,2,769,14:47,05:13,1551,left,525,takeaway,20,D,-35,-33,8484150
2025021281,3,830,01:28,18:32,1551,right,525,takeaway,68,O,90,18,8479619
2025021281,3,894,06:22,13:38,1451,right,525,takeaway,20,D,64,-21,8476399
2025021281,3,1025,14:35,05:25,1451,right,525,takeaway,68,O,56,33,8482699
2025021281,3,1084,17:51,02:09,1551,right,525,takeaway,68,O,90,27,8479977
2025021281,3,1085,18:09,01:51,1551,right,525,takeaway,68,O,68,-29,8477951
2025021282,1,123,03:30,16:30,1551,left,525,takeaway,17,D,92,-33,8484471
2025021282,1,142,06:22,13:38,1551,left,525,takeaway,17,D,99,-9,8482762
2025021282,2,437,01:35,18:25,1551,right,525,takeaway,14,D,78,34,8477404
2025021282,2,698,14:46,05:14,1551,right,525,takeaway,17,O,51,-2,8479337
2025021282,2,716,16:22,03:38,1551,right,525,takeaway,14,O,-97,-4,8483447
2025021282,2,733,17:32,02:28,1551,right,525,takeaway,17,D,-41,-28,8481542
2025021282,3,992,15:11,04:49,1551,left,525,takeaway,17,D,28,-1,8474141
2025021283,1,167,07:12,12:48,1551,right,525,takeaway,3,N,-9,-31,8478840
2025021283,2,735,17:12,02:48,1551,left,525,takeaway,3,D,52,41,8476459
2025021283,3,906,06:25,13:35,1551,right,525,takeaway,3,O,52,-34,8483690
2025021283,3,1067,19:49,00:11,0651,right,525,takeaway,13,D,95,-27,8481133
2025021284,1,267,11:04,08:56,1551,right,525,takeaway,4,O,-26,-30,8480015
2025021284,1,460,18:22,01:38,1551,right,525,takeaway,12,D,-73,38,8482702
2025021284,2,531,03:34,16:26,1551,left,525,takeaway,12,O,-32,38,8482809
2025021284,2,784,04:19,15:41,1551,left,525,takeaway,4,O,94,-7,8484387
2025021284,2,549,04:20,15:40,1551,left,525,takeaway,12,D,92,-14,8476422
2025021284,3,860,03:53,16:07,1551,right,525,takeaway,4,O,-66,40,8480220
2025021284,3,927,08:52,11:08,1551,right,525,takeaway,4,D,63,32,8481546
2025021284,3,946,09:56,10:04,1551,right,525,takeaway,12,D,-95,28,8480336
2025021284,3,1011,14:06,05:54,1551,right,525,takeaway,12,D,-67,25,8476422
2025021284,3,1033,15:31,04:29,1551,right,525,takeaway,4,O,-56,28,8477499
2025021284,4,1111,01:24,03:36,1331,left,525,takeaway,12,D,62,-42,8482809
2025021284,4,1120,02:37,02:23,1331,left,525,takeaway,12,O,-97,26,8482702
2025021285,1,77,01:35,18:25,1451,right,525,takeaway,25,O,49,-34,8476278
2025021285,1,148,06:36,13:24,1551,right,525,takeaway,25,O,99,-1,8478420
2025021285,1,164,08:18,11:42,1551,right,525,takeaway,25,D,-74,-35,8480840
2025021285,1,301,15:11,04:49,1551,right,525,takeaway,25,O,88,31,8476278
2025021285,2,372,00:38,19:22,1551,left,525,takeaway,25,O,-36,5,8482740
2025021285,2,661,10:00,10:00,1551,left,525,takeaway,10,O,47,0,8477939
2025021285,2,707,14:26,05:34,1551,left,525,takeaway,25,D,39,-28,8478420
2025021285,3,787,01:34,18:26,1551,right,525,takeaway,10,D,53,41,8482720
2025021285,3,841,05:46,14:14,1551,right,525,takeaway,10,D,78,20,8476931
2025021285,3,891,09:28,10:32,1551,right,525,takeaway,25,D,-83,-33,8480840
2025021286,1,283,09:59,10:01,1551,left,525,takeaway,30,N,13,29,8473507
2025021286,1,406,15:50,04:10,1551,left,525,takeaway,19,D,-81,-32,8477494
2025021286,1,414,16:51,03:09,1551,left,525,takeaway,30,D,90,-25,8475149
2025021286,2,622,05:29,14:31,1551,right,525,takeaway,19,O,-87,35,8483516
2025021286,2,657,07:39,12:21,1451,right,525,takeaway,19,O,-97,17,8476892
2025021286,3,1006,14:16,05:44,1551,left,525,takeaway,19,O,92,32,8480023
2025021286,3,1022,14:44,05:16,1551,left,525,takeaway,19,D,-59,-39,8476892
2025021287,1,116,03:38,16:22,1551,left,525,takeaway,18,D,-98,3,8484241
2025021287,1,143,06:07,13:53,1551,left,525,takeaway,18,N,-21,26,8474600
2025021287,1,397,17:35,02:25,1551,left,525,takeaway,28,D,90,35,8477505
2025021287,1,467,19:27,00:33,1551,left,525,takeaway,18,D,-51,41,8480246
2025021287,2,553,02:08,17:52,1551,right,525,takeaway,18,D,94,-4,8475158
2025021287,2,581,04:59,15:01,1551,right,525,takeaway,18,O,-99,-10,8475158
2025021287,2,626,08:30,11:30,1541,right,525,takeaway,18,D,66,-15,8480246
2025021287,3,795,02:58,17:02,1551,left,525,takeaway,28,N,-22,-41,8484227
2025021287,3,1006,19:57,00:03,1560,left,525,takeaway,28,D,99,-6,8479983
2025021288,1,269,10:57,09:03,1551,right,525,takeaway,7,O,95,-14,8482097
2025021288,1,466,18:25,01:35,1551,right,525,takeaway,7,O,51,-37,8481522
2025021288,2,478,00:10,19:50,1551,left,525,takeaway,7,O,-98,6,8481522
2025021288,2,577,02:19,17:41,1551,left,525,takeaway,7,O,-77,-3,8479378
2025021288,2,605,05:47,14:13,1551,left,525,takeaway,7,D,81,35,8480839
2025021288,2,726,14:47,05:13,1551,left,525,takeaway,7,O,-84,29,8479420
2025021288,3,857,06:04,13:56,1551,right,525,takeaway,16,D,46,24,8483450
2025021288,3,901,09:52,10:08,1541,right,525,takeaway,7,O,73,25,8481524
2025021288,3,939,11:38,08:22,1551,right,525,takeaway,16,N,24,24,8484144
2025021288,3,940,11:41,08:19,1551,right,525,takeaway,7,N,13,-15,8480064
2025021289,1,261,06:04,13:56,1551,left,525,takeaway,22,D,-55,-38,8476454
2025021289,1,277,08:13,11:47,1551,left,525,takeaway,21,D,82,31,8476455
2025021289,2,604,03:06,16:54,1551,right,525,takeaway,21,O,60,2,8480835
2025021289,2,717,13:58,06:02,1551,right,525,takeaway,21,D,-94,-11,8476967
2025021289,2,779,18:36,01:24,1551,right,525,takeaway,22,D,30,-34,8483512
2025021289,4,1066,01:41,03:19,1331,right,525,takeaway,22,N,24,-1,8483512
2025021290,1,76,01:02,18:58,1551,right,525,takeaway,54,O,-95,-18,8477447
2025021290,1,367,13:32,06:28,1551,right,525,takeaway,54,D,37,33,8476925
2025021290,1,373,13:39,06:21,1551,right,525,takeaway,52,D,-57,17,8482765
2025021290,2,692,00:54,19:06,1451,left,525,takeaway,52,D,90,35,8476392
2025021290,2,804,19:24,00:36,1551,left,525,takeaway,54,D,-35,17,8476881
2025021290,3,910,06:13,13:47,1451,right,525,takeaway,54,N,22,28,8478396
2025021290,3,1049,15:43,04:17,1551,right,525,takeaway,54,D,55,-29,8478468
2025021290,3,1055,16:17,03:43,1551,right,525,takeaway,54,D,28,34,8477447
2025021290,3,1061,17:44,02:16,1551,right,525,takeaway,52,O,33,36,8475799
2025021291,1,84,01:49,18:11,1551,left,525,takeaway,26,D,96,-7,8477960
2025021291,1,247,06:04,13:56,1551,left,525,takeaway,55,O,50,41,8477986
2025021291,1,358,13:45,06:15,1551,left,525,takeaway,26,N,-2,34,8482730
2025021291,1,468,16:03,03:57,1551,left,525,takeaway,55,O,95,-4,8482665
2025021291,1,480,19:40,00:20,1541,left,525,takeaway,55,D,-32,31,8475768
2025021291,2,765,15:59,04:01,1551,right,525,takeaway,55,O,-38,-18,8475768
2025021291,2,798,18:07,01:53,1551,right,525,takeaway,55,D,49,-39,8477986
2025021292,1,125,01:02,18:58,1551,left,525,takeaway,6,O,45,3,8477496
2025021292,1,308,06:35,13:25,1551,left,525,takeaway,6,N,-11,-39,8485395
2025021292,1,352,09:20,10:40,1551,left,525,takeaway,6,O,99,16,8480355
2025021292,1,373,10:18,09:42,1551,left,525,takeaway,6,O,91,-30,8485395
2025021292,1,460,11:58,08:02,1551,left,525,takeaway,1,D,99,12,8477015
2025021292,1,468,13:43,06:17,1551,left,525,takeaway,6,D,-43,27,8479661
2025021292,2,610,10:12,09:48,1551,right,525,takeaway,6,O,-76,-26,8485395
2025021292,3,857,05:06,14:54,1551,left,525,takeaway,1,O,-38,40,8482110
2025021292,3,1017,16:25,03:35,1551,left,525,takeaway,1,N,2,33,8480192
2025021292,3,1049,19:02,00:58,1551,left,525,takeaway,6,D,-32,32,8483489
2025021293,2,491,01:41,18:19,1551,right,525,takeaway,12,N,-8,8,8476422
2025021293,2,521,04:19,15:41,1551,right,525,takeaway,12,N,-4,-21,8484428
2025021293,2,641,14:18,05:42,1551,right,525,takeaway,2,D,96,-13,8476429
2025021293,2,665,16:45,03:15,1551,right,525,takeaway,2,N,-23,-35,8478445
2025021293,2,691,18:40,01:20,1551,right,525,takeaway,2,D,61,-42,8477500
2025021293,3,772,04:56,15:04,1541,left,525,takeaway,12,D,71,-13,8482702
2025021294,1,324,10:17,09:43,1551,right,525,takeaway,4,O,-99,11,8480220
2025021294,2,639,11:42,08:18,1551,left,525,takeaway,8,O,-76,38,8480018
2025021294,3,770,01:27,18:33,1551,right,525,takeaway,4,D,55,-40,8482126
2025021294,3,829,06:16,13:44,1541,right,525,takeaway,4,D,77,-40,8480220
2025021294,3,962,15:20,04:40,1551,right,525,takeaway,8,O,84,-38,8483515
2025021294,3,963,15:43,04:17,1551,right,525,takeaway,8,D,-50,-13,8483457
2025021294,3,992,19:21,00:39,0651,right,525,takeaway,4,O,-95,19,8477903
2025021295,1,198,09:34,10:26,1551,left,525,takeaway,15,O,-43,-37,8478463
2025021295,1,340,11:15,08:45,1551,left,525,takeaway,29,O,63,29,8480893
2025021295,1,409,18:16,01:44,1551,left,525,takeaway,29,O,42,14,8480893
2025021295,2,428,00:47,19:13,1551,right,525,takeaway,29,D,34,-40,8478460
2025021295,2,653,13:10,06:50,1551,right,525,takeaway,29,O,-99,4,8478975
2025021295,2,693,14:46,05:14,1551,right,525,takeaway,15,O,45,-42,8478440
2025021295,3,933,10:51,09:09,1551,left,525,takeaway,29,D,-97,0,8478500
2025021295,3,941,11:31,08:29,1551,left,525,takeaway,29,D,-42,14,8484166
2025021295,3,1027,17:36,02:24,1551,left,525,takeaway,29,O,93,24,8478500
2025021296,1,325,11:10,08:50,1551,right,525,takeaway,24,O,61,40,8478873
2025021296,2,592,02:24,17:36,1551,left,525,takeaway,30,D,-78,-39,8483525
2025021296,2,596,03:22,16:38,1551,left,525,takeaway,30,O,94,-3,8475149
2025021296,2,608,04:42,15:18,1551,left,525,takeaway,30,D,-46,37,8486166
2025021296,2,669,08:08,11:52,1551,left,525,takeaway,24,D,75,25,8476885
2025021296,2,675,09:42,10:18,1551,left,525,takeaway,30,D,-27,-9,8483525
2025021296,2,748,12:35,07:25,1551,left,525,takeaway,30,D,-98,-1,8473507
2025021296,2,755,16:33,03:27,1551,left,525,takeaway,24,O,-81,-34,8481605
2025021296,2,771,17:36,02:24,1551,left,525,takeaway,30,D,-80,38,8477979
2025021296,2,780,18:13,01:47,1551,left,525,takeaway,24,D,36,-38,8483490
2025021296,3,904,03:55,16:05,1551,right,525,takeaway,30,N,-24,18,8483525
2025021296,3,991,11:36,08:24,1551,right,525,takeaway,30,D,80,-10,8482094
2025021297,1,85,01:59,18:01,1551,left,525,takeaway,68,N,-6,-9,8478507
2025021297,1,129,05:01,14:59,1551,left,525,takeaway,68,O,79,-41,8478474
2025021297,1,305,14:17,05:43,1551,left,525,takeaway,68,N,1,-28,8477346
2025021297,1,355,16:51,03:09,1451,left,525,takeaway,52,D,96,-19,8480049
2025021297,1,389,19:25,00:35,1551,left,525,takeaway,68,N,-6,37,8482175
2025021297,2,614,08:54,11:06,1551,right,525,takeaway,52,D,-58,25,8476525
2025021297,3,835,02:05,17:55,1551,left,525,takeaway,68,O,99,16,8478831
2025021297,3,844,02:15,17:45,1551,left,525,takeaway,52,D,98,-2,8481572
2025021297,3,986,13:20,06:40,1541,left,525,takeaway,68,D,-27,20,8477021
2025021298,1,121,02:44,17:16,1551,right,525,takeaway,21,N,1,27,8481641
2025021298,1,147,05:40,14:20,1551,right,525,takeaway,20,D,35,38,8480028
2025021298,1,265,10:52,09:08,1551,right,525,takeaway,20,O,-99,-5,8482209
2025021298,1,417,18:13,01:47,1551,right,525,takeaway,21,N,-14,-37,8477492
2025021298,2,640,11:09,08:51,1551,left,525,takeaway,20,D,-28,31,8474150
2025021298,2,672,11:48,08:12,1551,left,525,takeaway,21,O,-78,-37,8482947
2025021298,2,690,14:30,05:30,1531,left,525,takeaway,21,O,-97,1,8477492
2025021298,3,830,04:35,15:25,1551,right,525,takeaway,20,N,7,-17,8476399
2025021298,3,835,05:01,14:59,1551,right,525,takeaway,20,D,50,18,8476399
2025021298,3,894,09:00,11:00,1551,right,525,takeaway,20,O,-57,42,8476399
2025021298,3,908,10:42,09:18,1551,right,525,takeaway,21,D,-80,29,8470613
2025021299,1,102,03:23,16:37,1551,left,525,takeaway,5,O,-94,-9,8483487
2025021299,1,299,16:38,03:22,1451,left,525,takeaway,5,D,26,-28,8482993
2025021299,2,425,02:32,17:28,1551,right,525,takeaway,5,D,-51,42,8478854
2025021299,2,496,06:23,13:37,1551,right,525,takeaway,19,D,31,5,8483516
2025021299,2,653,13:13,06:47,1551,right,525,takeaway,19,D,41,37,8481598
2025021299,2,675,14:47,05:13,1551,right,525,takeaway,19,N,-2,-27,8476892
2025021299,3,826,01:43,18:17,1551,left,525,takeaway,5,N,7,-36,8478438
2025021299,3,837,02:45,17:15,1551,left,525,takeaway,19,N,-1,37,8482089
2025021299,3,875,05:09,14:51,1551,left,525,takeaway,5,D,82,-25,8477435
2025021299,3,1019,16:59,03:01,0651,left,525,takeaway,5,O,-83,30,8477511
2025021299,3,1036,18:42,01:18,0651,left,525,takeaway,5,O,-65,36,8475763
2025021300,1,120,04:26,15:34,1551,right,525,takeaway,26,O,74,-41,8471685
2025021300,2,594,05:15,14:45,1551,left,525,takeaway,23,D,-99,4,8477969
2025021300,2,677,07:06,12:54,1541,left,525,takeaway,23,D,-37,-41,8477969
2025021300,2,696,08:43,11:17,1541,left,525,takeaway,23,D,-32,-26,8482055
2025021300,2,824,19:25,00:35,1441,left,525,takeaway,26,D,45,-11,8479675
2025021300,3,992,12:28,07:32,1551,right,525,takeaway,26,O,62,-42,8482730
2025021301,1,152,06:05,13:55,1551,left,525,takeaway,25,D,31,-1,8484829
2025021301,1,153,06:23,13:37,1551,left,525,takeaway,25,O,-29,19,8480840
2025021301,1,177,07:15,12:45,1551,left,525,takeaway,25,D,46,-37,8482740
2025021301,1,259,15:21,04:39,1451,left,525,takeaway,25,N,-17,6,8477454
2025021301,1,260,15:30,04:30,1451,left,525,takeaway,25,D,41,18,8477454
2025021301,2,465,03:26,16:34,1541,right,525,takeaway,7,D,31,-35,8482896
2025021301,3,895,09:53,10:07,1551,left,525,takeaway,25,N,16,36,8480950
2025021301,3,983,16:02,03:58,1551,left,525,takeaway,7,O,99,3,8484305
2025021301,3,995,16:15,03:45,1551,left,525,takeaway,7,N,3,-21,8480891
2025021301,4,1042,02:32,02:28,1331,right,525,takeaway,7,D,53,25,8477949
2025021301,4,1049,02:47,02:13,1341,right,525,takeaway,25,D,-85,15,8483425
2025021301,4,1069,04:34,00:26,1341,right,525,takeaway,25,D,-71,25,8476902
2025021302,1,96,02:26,17:34,1551,left,525,takeaway,3,D,96,3,8482073
2025021302,1,134,03:50,16:10,1551,left,525,takeaway,14,D,-81,-40,8483398
2025021302,1,323,16:51,03:09,1551,left,525,takeaway,3,O,-97,-25,8481789
2025021302,2,576,05:17,14:43,1551,right,525,takeaway,14,N,-9,-38,8477426
2025021302,3,910,00:13,19:47,1551,left,525,takeaway,14,D,-44,-34,8478178
2025021302,3,902,00:27,19:33,1551,left,525,takeaway,3,N,10,39,8482109
2025021302,3,936,02:56,17:04,1451,left,525,takeaway,3,D,34,-19,8476468
2025021302,3,1107,15:10,04:50,1551,left,525,takeaway,14,O,42,38,8478178
2025021303,1,181,06:42,13:18,1551,right,525,takeaway,17,D,-80,41,8481607
2025021303,1,320,11:34,08:26,1551,right,525,takeaway,17,O,49,39,8483464
2025021303,1,346,13:13,06:47,1551,right,525,takeaway,17,N,-2,8,8481607
2025021303,1,383,15:02,04:58,1541,right,525,takeaway,13,N,19,32,8484933
2025021303,2,514,04:17,15:43,1551,left,525,takeaway,13,D,-26,20,8479393
2025021303,2,723,14:54,05:06,1551,left,525,takeaway,17,D,39,-36,8474612
2025021303,2,724,14:58,05:02,1551,left,525,takeaway,13,O,99,-12,8483687
2025021303,3,971,12:14,07:46,1541,right,525,takeaway,13,D,34,18,8481133
2025021304,1,315,12:21,07:39,1551,left,525,takeaway,10,N,-11,-32,8481711
2025021304,1,318,12:48,07:12,1551,left,525,takeaway,9,D,-87,-34,8480188
2025021304,2,573,06:35,13:25,1551,right,525,takeaway,9,O,-53,-39,8482092
2025021304,2,742,16:19,03:41,1551,right,525,takeaway,9,D,45,-41,8478173
2025021304,2,758,17:38,02:22,1451,right,525,takeaway,10,D,-99,-16,8479442
2025021304,3,936,06:31,13:29,1551,left,525,takeaway,10,D,34,36,8482174
2025021304,3,995,11:07,08:53,1551,left,525,takeaway,9,O,94,-7,8480075
2025021304,3,1109,19:47,00:13,0651,left,525,takeaway,9,D,-30,-39,8473512
2025021305,1,113,04:27,15:33,1551,right,525,takeaway,28,N,23,33,8477505
2025021305,1,359,12:00,08:00,1551,right,525,takeaway,28,D,-96,-11,8479576
2025021305,1,406,15:37,04:23,1551,right,525,takeaway,28,O,88,-33,8484801
2025021305,1,447,19:12,00:48,1541,right,525,takeaway,16,D,30,-7,8481568
2025021305,2,470,00:58,19:02,1551,left,525,takeaway,28,O,-47,27,8485402
2025021305,2,677,14:19,05:41,1551,left,525,takeaway,28,D,36,-16,8475726
2025021305,3,924,04:22,15:38,1551,right,525,takeaway,28,O,57,-37,8477505
2025021305,3,935,05:04,14:56,1551,right,525,takeaway,28,D,-48,40,8475726
2025021305,3,946,05:42,14:18,1551,right,525,takeaway,28,D,-37,41,8484911
2025021305,3,962,07:16,12:44,1551,right,525,takeaway,16,D,62,-18,8483493
2025021305,3,1089,18:20,01:40,1551,right,525,takeaway,16,D,51,-41,8482807
2025021306,1,74,00:53,19:07,1551,right,525,takeaway,54,O,-95,14,8475913
2025021306,1,95,02:11,17:49,1551,right,525,takeaway,55,O,54,-41,8477919
2025021306,1,218,10:33,09:27,1551,right,525,takeaway,55,O,69,-12,8480009
2025021306,1,239,12:52,07:08,1551,right,525,takeaway,55,O,34,-25,8482751
2025021306,1,329,16:36,03:24,1551,right,525,takeaway,55,D,-26,39,8478407
2025021306,2,711,05:10,14:50,1551,left,525,takeaway,54,D,-34,-41,8478468
2025021306,2,577,07:06,12:54,1551,left,525,takeaway,54,D,-30,34,8478397
2025021307,1,192,04:36,15:24,1551,left,525,takeaway,24,O,-46,-35,8482178
2025021307,1,291,10:27,09:33,1551,left,525,takeaway,24,D,44,-42,8479705
2025021307,1,376,14:14,05:46,1551,left,525,takeaway,18,D,-70,-32,8482715
2025021307,1,407,17:01,02:59,1551,left,525,takeaway,24,O,-59,-41,8480068
2025021307,1,446,19:22,00:38,1551,left,525,takeaway,24,O,-27,-5,8480068
2025021307,2,477,01:39,18:21,1541,right,525,takeaway,18,D,46,40,8482111
2025021307,2,660,07:47,12:13,1541,right,525,takeaway,18,D,76,-35,8482482
2025021307,2,785,13:58,06:02,1551,right,525,takeaway,18,O,-99,-3,8483696
2025021307,3,991,08:20,11:40,1551,left,525,takeaway,24,D,59,17,8481605
2025021307,3,1048,13:36,06:24,1551,left,525,takeaway,18,D,-36,-34,8482146
2025021308,1,235,09:47,10:13,1551,right,525,takeaway,28,D,-93,10,8479983
2025021308,1,412,19:34,00:26,1551,right,525,takeaway,52,D,29,40,8476525
2025021308,2,587,05:46,14:14,1551,left,525,takeaway,28,D,46,-7,8484911
2025021308,2,619,07:11,12:49,1551,left,525,takeaway,28,D,47,5,8483630
2025021308,2,652,11:11,08:49,1451,left,525,takeaway,28,D,93,6,8479983
2025021308,3,814,04:28,15:32,1551,right,525,takeaway,52,O,-73,-20,8475799
2025021308,3,902,11:22,08:38,1551,right,525,takeaway,28,N,-10,26,8484911
2025021308,3,915,12:07,07:53,1551,right,525,takeaway,52,D,65,-35,8477504
2025021308,3,919,12:46,07:14,1551,right,525,takeaway,28,D,-75,-22,8484152
2025021308,3,984,17:37,02:23,1551,right,525,takeaway,28,O,29,-27,8480748
2025021308,3,986,17:45,02:15,1551,right,525,takeaway,52,D,37,-8,8476460
2025021309,1,137,04:20,15:40,1551,left,525,takeaway,68,O,92,-32,8479977
2025021309,1,166,07:22,12:38,1551,left,525,takeaway,19,D,85,10,8476892
2025021309,2,592,02:31,17:29,1551,right,525,takeaway,19,D,-53,-27,8482733
2025021309,2,665,08:50,11:10,1551,right,525,takeaway,19,D,-33,5,8475718
2025021309,2,729,15:38,04:22,1551,right,525,takeaway,68,O,-77,-27,8482175
2025021309,3,846,01:40,18:20,1441,left,525,takeaway,19,D,53,-32,8476892
2025021309,3,1044,15:33,04:27,1551,left,525,takeaway,19,N,-1,17,8480023
2025021310,1,309,11:20,08:40,1551,right,525,takeaway,20,O,-71,-10,8478109
2025021310,1,409,17:48,02:12,1551,right,525,takeaway,26,O,37,20,8476872
2025021310,2,713,12:51,07:09,1551,left,525,takeaway,26,D,31,-32,8478472
2025021310,2,725,16:04,03:56,1551,left,525,takeaway,20,D,-36,-39,8484768
2025021310,2,771,19:49,00:11,1551,left,525,takeaway,26,D,36,33,8476469
2025021310,3,961,12:22,07:38,1551,right,525,takeaway,26,O,49,-36,8471685
2025021310,3,969,13:21,06:39,1551,right,525,takeaway,26,O,67,-7,8476441
2025021310,3,1015,17:38,02:22,1551,right,525,takeaway,20,N,-21,-38,8480028
2025021310,3,1017,18:37,01:23,0651,right,525,takeaway,26,O,57,22,8482155
2025021311,1,140,04:30,15:30,1551,left,525,takeaway,22,O,27,-2,8484509
2025021311,1,351,14:21,05:39,1451,left,525,takeaway,23,D,28,5,8482055
2025021311,2,479,01:03,18:57,1551,right,525,takeaway,22,O,-57,39,8481617
2025021311,2,461,01:29,18:31,1551,right,525,takeaway,22,N,-23,19,8474641
2025021311,2,601,04:36,15:24,1451,right,525,takeaway,22,O,-57,-27,8481617
2025021311,2,668,08:53,11:07,1551,right,525,takeaway,23,D,-84,-15,8484798
2025021311,2,899,19:45,00:15,1551,right,525,takeaway,22,O,-74,-36,8478402
2025021311,3,1120,13:55,06:05,1551,left,525,takeaway,22,D,-31,13,8482703
2025021312,1,177,03:01,16:59,1551,right,525,takeaway,21,N,-10,-37,8480069
2025021312,1,334,12:13,07:47,1551,right,525,takeaway,55,O,34,-27,8480009
2025021312,1,350,12:45,07:15,1551,right,525,takeaway,55,D,-36,26,8482858
2025021312,2,513,01:06,18:54,1451,left,525,takeaway,55,N,23,38,8477919
2025021312,2,607,03:49,16:11,1551,left,525,takeaway,55,D,52,42,8481554
2025021312,2,729,13:34,06:26,1551,left,525,takeaway,21,D,-38,-42,8483565
2025021312,2,774,17:04,02:56,1551,left,525,takeaway,21,O,97,-26,8483565
2025021312,3,834,01:31,18:29,1541,right,525,takeaway,55,N,-20,27,8478407
2025021312,3,841,02:05,17:55,1541,right,525,takeaway,55,O,99,-4,8482665
2025021312,3,963,12:04,07:56,1551,right,525,takeaway,21,O,-68,-38,8478038
