player_id,first_name,last_name,birth_date,is_active,current_team_id,position,shoots_catches,height_inches,height_cm,weight_lbs,weight_kg,birth_city,birth_state_prov,birth_country,draft_year,draft_team,draft_round,draft_pick_in_round,draft_overall_pick,head_shot,hero_image
8473419,Brad,Marchand,1988-05-11,TRUE,13,L,L,69,175,180,82,Halifax,Nova Scotia,CAN,2006,BOS,3,8,71,NaN,https://assets.nhle.com/mugs/actionshots/1296x729/8473419.jpg
8473422,Nick,Foligno,1987-10-31,TRUE,30,L,L,72,183,210,95,Buffalo,New York,USA,2006,OTT,1,28,28,NaN,https://assets.nhle.com/mugs/actionshots/1296x729/8473422.jpg
8473507,Jeff,Petry,1987-12-09,TRUE,30,D,R,75,191,208,94,Ann Arbor,Michigan,USA,2006,EDM,2,15,45,NaN,https://assets.nhle.com/mugs/actionshots/1296x729/8473507.jpg
8475179,Dmitry,Kulikov,1990-10-29,TRUE,13,D,L,73,185,212,96,Lipetsk,NaN,RUS,2009,FLA,1,14,14,NaN,https://assets.nhle.com/mugs/actionshots/1296x729/8475179.jpg
8476473,Connor,Murphy,1993-03-26,TRUE,22,D,R,76,193,212,96,Boston,Massachusetts,USA,2011,PHX,1,20,20,NaN,https://assets.nhle.com/mugs/actionshots/1296x729/8476473.jpg
8476882,Teuvo,Teravainen,1994-09-11,TRUE,16,C,L,71,180,191,87,Helsinki,NaN,FIN,2012,CHI,1,18,18,NaN,https://assets.nhle.com/mugs/actionshots/1296x729/8476882.jpg
8476891,Matt,Grzelcyk,1994-01-05,TRUE,16,D,L,70,178,180,82,Charlestown,Massachusetts,USA,2012,BOS,3,24,85,NaN,https://assets.nhle.com/mugs/actionshots/1296x729/8476891.jpg
8477409,Carter,Verhaeghe,1995-08-14,TRUE,13,C,L,74,188,183,83,Toronto,Ontario,CAN,2013,TOR,3,21,82,NaN,https://assets.nhle.com/mugs/actionshots/1296x729/8477409.jpg
8477444,Andre,Burakovsky,1995-02-09,TRUE,16,L,L,75,191,203,92,Klagenfurt,NaN,AUT,2013,WSH,1,23,23,NaN,https://assets.nhle.com/mugs/actionshots/1296x729/8477444.jpg
8477450,Jason,Dickinson,1995-07-04,TRUE,22,C,L,74,188,200,91,Georgetown,Ontario,CAN,2013,DAL,1,29,29,NaN,https://assets.nhle.com/mugs/actionshots/1296x729/8477450.jpg
8477479,Tyler,Bertuzzi,1995-02-24,TRUE,16,L,L,74,188,200,91,Sudbury,Ontario,CAN,2013,DET,2,28,58,NaN,https://assets.nhle.com/mugs/actionshots/1296x729/8477479.jpg
8477495,Seth,Jones,1994-10-03,TRUE,13,D,R,76,193,213,97,Arlington,Texas,USA,2013,NSH,1,4,4,NaN,https://assets.nhle.com/mugs/actionshots/1296x729/8477495.jpg
8477932,Aaron,Ekblad,1996-02-07,TRUE,13,D,R,76,193,220,100,Windsor,Ontario,CAN,2014,FLA,1,1,1,NaN,https://assets.nhle.com/mugs/actionshots/1296x729/8477932.jpg
8477933,Sam,Reinhart,1995-11-06,TRUE,13,C,R,73,185,196,89,West Vancouver,British Columbia,CAN,2014,BUF,1,2,2,NaN,https://assets.nhle.com/mugs/actionshots/1296x729/8477933.jpg
8477935,Sam,Bennett,1996-06-20,TRUE,13,C,L,73,185,193,88,Holland Landing,Ontario,CAN,2014,CGY,1,4,4,NaN,https://assets.nhle.com/mugs/actionshots/1296x729/8477935.jpg
8477987,Ryan,Donato,1996-04-09,TRUE,16,C,L,72,183,190,86,Boston,Massachusetts,USA,2014,BOS,2,26,56,NaN,https://assets.nhle.com/mugs/actionshots/1296x729/8477987.jpg
8478043,Sam,Lafferty,1995-03-06,TRUE,16,C,R,74,188,205,93,Hollidaysburg,Pennsylvania,USA,2014,PIT,4,23,113,NaN,https://assets.nhle.com/mugs/actionshots/1296x729/8478043.jpg
8478055,Gustav,Forsling,1996-06-12,TRUE,13,D,L,73,185,199,90,Linkoping,NaN,SWE,2014,VAN,5,6,126,NaN,https://assets.nhle.com/mugs/actionshots/1296x729/8478055.jpg
8478421,A.J.,Greer,1996-12-14,TRUE,13,L,L,75,191,209,95,Joliette,Quebec,CAN,2015,COL,2,9,39,NaN,https://assets.nhle.com/mugs/actionshots/1296x729/8478421.jpg
8478542,Evan,Rodrigues,1993-07-28,TRUE,13,C,R,71,180,182,83,Toronto,Ontario,CAN,NaN,NaN,NaN,NaN,NaN,NaN,https://assets.nhle.com/mugs/actionshots/1296x729/8478542.jpg
8478859,Niko,Mikkola,1996-04-27,TRUE,13,D,L,78,198,204,93,Kiiminki,NaN,FIN,2015,STL,5,6,127,NaN,https://assets.nhle.com/mugs/actionshots/1296x729/8478859.jpg
8479316,Luke,Kunin,1997-12-04,TRUE,13,C,R,72,183,197,89,Chesterfield,Missouri,USA,2016,MIN,1,15,15,NaN,https://assets.nhle.com/mugs/actionshots/1296x729/8479316.jpg
8479981,Jonah,Gadjovich,1998-10-12,TRUE,13,L,L,75,191,211,96,Whitby,Ontario,CAN,2017,VAN,2,24,55,NaN,https://assets.nhle.com/mugs/actionshots/1296x729/8479981.jpg
8480003,Jesper,Boqvist,1998-10-30,TRUE,13,C,L,73,185,191,87,Falun,NaN,SWE,2017,NJD,2,5,36,NaN,https://assets.nhle.com/mugs/actionshots/1296x729/8480003.jpg
8480185,Eetu,Luostarinen,1998-09-02,TRUE,13,C,L,75,191,191,87,Siilinjarvi,NaN,FIN,2017,CAR,2,11,42,NaN,https://assets.nhle.com/mugs/actionshots/1296x729/8480185.jpg
8481624,Ilya,Mikheyev,1994-10-10,TRUE,16,R,L,74,188,192,87,Omsk,NaN,RUS,NaN,NaN,NaN,NaN,NaN,NaN,https://assets.nhle.com/mugs/actionshots/1296x729/8481624.jpg
8482113,Anton,Lundell,2001-10-03,TRUE,13,C,L,73,185,196,89,Espoo,NaN,FIN,2020,FLA,1,12,12,NaN,https://assets.nhle.com/mugs/actionshots/1296x729/8482113.jpg
8482176,Wyatt,Kaiser,2002-07-31,TRUE,16,D,L,72,183,190,86,Andover,Minnesota,USA,2020,CHI,3,19,81,NaN,https://assets.nhle.com/mugs/actionshots/1296x729/8482176.jpg
8482703,Colton,Dach,2003-01-04,TRUE,22,C,L,76,193,218,99,St. Albert,Alberta,CAN,2021,CHI,2,30,62,NaN,https://assets.nhle.com/mugs/actionshots/1296x729/8482703.jpg
8482807,Ethan,Del Mastro,2003-01-15,TRUE,16,D,L,76,193,210,95,Burlington,Ontario,CAN,2021,CHI,4,9,105,NaN,https://assets.nhle.com/mugs/actionshots/1296x729/8482807.jpg
8483450,Ryan,Greene,2003-10-21,TRUE,16,C,R,73,185,195,88,St. John's,Newfoundland and Labrador,CAN,2022,CHI,2,25,57,NaN,https://assets.nhle.com/mugs/actionshots/1296x729/8483450.jpg
8483493,Frank,Nazar,2004-01-14,TRUE,16,C,R,70,178,190,86,Detroit,Michigan,USA,2022,CHI,1,13,13,NaN,https://assets.nhle.com/mugs/actionshots/1296x729/8483493.jpg
8483506,Sam,Rinzel,2004-06-25,TRUE,16,D,R,76,193,194,88,Chanhassen,Minnesota,USA,2022,CHI,1,25,25,NaN,https://assets.nhle.com/mugs/actionshots/1296x729/8483506.jpg
8484144,Connor,Bedard,2005-07-17,TRUE,16,C,R,70,178,190,86,North Vancouver,British Columbia,CAN,2023,CHI,1,1,1,NaN,https://assets.nhle.com/mugs/actionshots/1296x729/8484144.jpg
8484783,Artyom,Levshunov,2005-10-28,TRUE,16,D,R,74,188,208,94,Zhlobin,NaN,BLR,2024,CHI,1,2,2,NaN,https://assets.nhle.com/mugs/actionshots/1296x729/8484783.jpg
8471215,Evgeni,Malkin,1986-07-31,TRUE,5,C,L,77,196,213,97,Magnitogorsk,NaN,RUS,2004,PIT,1,2,2,NaN,https://assets.nhle.com/mugs/actionshots/1296x729/8471215.jpg
8471675,Sidney,Crosby,1987-08-07,TRUE,5,C,L,71,180,200,91,Cole Harbour,Nova Scotia,CAN,2005,PIT,1,1,1,NaN,https://assets.nhle.com/mugs/actionshots/1296x729/8471675.jpg
8471724,Kris,Letang,1987-04-24,TRUE,5,D,R,72,183,199,90,Montreal,Quebec,CAN,2005,PIT,3,1,62,NaN,https://assets.nhle.com/mugs/actionshots/1296x729/8471724.jpg
8474578,Erik,Karlsson,1990-05-31,TRUE,5,D,R,72,183,185,84,Landsbro,NaN,SWE,2008,OTT,1,15,15,NaN,https://assets.nhle.com/mugs/actionshots/1296x729/8474578.jpg
8475842,Sam,Carrick,1992-02-04,TRUE,7,C,R,72,183,202,92,Stouffville,Ontario,CAN,2010,TOR,5,24,144,NaN,https://assets.nhle.com/mugs/actionshots/1296x729/8475842.jpg
8476389,Vincent,Trocheck,1993-07-11,TRUE,3,C,R,71,180,187,85,Pittsburgh,Pennsylvania,USA,2011,FLA,3,3,64,NaN,https://assets.nhle.com/mugs/actionshots/1296x729/8476389.jpg
8476459,Mika,Zibanejad,1993-04-18,TRUE,3,C,R,74,188,208,94,Stockholm,NaN,SWE,2011,OTT,1,6,6,NaN,https://assets.nhle.com/mugs/actionshots/1296x729/8476459.jpg
8476468,J.T.,Miller,1993-03-14,TRUE,3,C,L,72,183,211,96,East Palestine,Ohio,USA,2011,NYR,1,15,15,NaN,https://assets.nhle.com/mugs/actionshots/1296x729/8476468.jpg
8476483,Rickard,Rakell,1993-05-05,TRUE,5,R,R,73,185,194,88,Sundbyberg,NaN,SWE,2011,ANA,1,30,30,NaN,https://assets.nhle.com/mugs/actionshots/1296x729/8476483.jpg
8477369,Carson,Soucy,1994-07-27,TRUE,2,D,L,76,193,211,96,Viking,Alberta,CAN,2013,MIN,5,16,137,NaN,https://assets.nhle.com/mugs/actionshots/1296x729/8477369.jpg
8477511,Anthony,Mantha,1994-09-16,TRUE,5,R,L,77,196,240,109,Longueuil,Quebec,CAN,2013,DET,1,20,20,NaN,https://assets.nhle.com/mugs/actionshots/1296x729/8477511.jpg
8477839,Conor,Sheary,1992-06-08,TRUE,3,L,L,68,173,180,82,Winchester,Massachusetts,USA,NaN,NaN,NaN,NaN,NaN,NaN,https://assets.nhle.com/mugs/actionshots/1296x729/8477839.jpg
8478438,Tommy,Novak,1997-04-28,TRUE,5,C,L,73,185,190,86,St. Paul,Minnesota,USA,2015,NSH,3,24,85,NaN,https://assets.nhle.com/mugs/actionshots/1296x729/8478438.jpg
8478450,Parker,Wotherspoon,1997-08-24,TRUE,5,D,L,73,185,190,86,Surrey,British Columbia,CAN,2015,NYI,4,21,112,NaN,https://assets.nhle.com/mugs/actionshots/1296x729/8478450.jpg
8478452,Caleb,Jones,1997-06-06,TRUE,5,D,L,73,185,184,83,Arlington,Texas,USA,2015,EDM,4,26,117,NaN,https://assets.nhle.com/mugs/actionshots/1296x729/8478452.jpg
8478550,Artemi,Panarin,1991-10-30,TRUE,26,L,R,72,183,176,80,Korkino,NaN,RUS,NaN,NaN,NaN,NaN,NaN,NaN,https://assets.nhle.com/mugs/actionshots/1296x729/8478550.jpg
8478569,Noel,Acciari,1991-12-01,TRUE,5,C,R,71,180,204,93,Johnston,Rhode Island,USA,NaN,NaN,NaN,NaN,NaN,NaN,https://assets.nhle.com/mugs/actionshots/1296x729/8478569.jpg
8478840,Will,Borgen,1996-12-19,TRUE,3,D,R,75,191,199,90,Moorhead,Minnesota,USA,2015,BUF,4,1,92,NaN,https://assets.nhle.com/mugs/actionshots/1296x729/8478840.jpg
8478854,Ryan,Shea,1997-02-11,TRUE,5,D,L,73,185,200,91,Milton,Massachusetts,USA,2015,CHI,4,30,121,NaN,https://assets.nhle.com/mugs/actionshots/1296x729/8478854.jpg
8478882,Vladislav,Gavrikov,1995-11-21,TRUE,3,D,L,75,191,210,95,Yaroslavl,NaN,RUS,2015,CBJ,6,8,159,NaN,https://assets.nhle.com/mugs/actionshots/1296x729/8478882.jpg
8479323,Adam,Fox,1998-02-17,TRUE,3,D,R,71,180,185,84,Jericho,New York,USA,2016,CGY,3,5,66,NaN,https://assets.nhle.com/mugs/actionshots/1296x729/8479323.jpg
8479390,Taylor,Raddysh,1998-02-18,TRUE,3,R,R,74,188,201,91,Caledon,Ontario,CAN,2016,TBL,2,28,58,NaN,https://assets.nhle.com/mugs/actionshots/1296x729/8479390.jpg
8479638,Justin,Brazeau,1998-02-02,TRUE,5,R,R,78,198,232,105,New Liskeard,Ontario,CAN,NaN,NaN,NaN,NaN,NaN,NaN,https://assets.nhle.com/mugs/actionshots/1296x729/8479638.jpg
8480001,Urho,Vaakanainen,1999-01-01,TRUE,3,D,L,74,188,202,92,Joensuu,NaN,FIN,2017,BOS,1,18,18,NaN,https://assets.nhle.com/mugs/actionshots/1296x729/8480001.jpg
8480980,Connor,Dewar,1999-06-26,TRUE,5,C,L,70,178,187,85,The Pas,Manitoba,CAN,2018,MIN,3,30,92,NaN,https://assets.nhle.com/mugs/actionshots/1296x729/8480980.jpg
8481481,Blake,Lizotte,1997-12-13,TRUE,5,C,L,69,175,176,80,Lindstrom,Minnesota,USA,NaN,NaN,NaN,NaN,NaN,NaN,https://assets.nhle.com/mugs/actionshots/1296x729/8481481.jpg
8481577,Philip,Tomasino,2001-07-28,TRUE,4,R,R,72,183,187,85,Mississauga,Ontario,CAN,2019,NSH,1,24,24,NaN,https://assets.nhle.com/mugs/actionshots/1296x729/8481577.jpg
8481726,Adam,Edstrom,2000-10-12,TRUE,3,C,L,79,201,232,105,Karlstad,NaN,SWE,2019,NYR,6,6,161,NaN,https://assets.nhle.com/mugs/actionshots/1296x729/8481726.jpg
8482073,Braden,Schneider,2001-09-20,TRUE,3,D,R,75,191,206,93,Prince Albert,Saskatchewan,CAN,2020,NYR,1,19,19,NaN,https://assets.nhle.com/mugs/actionshots/1296x729/8482073.jpg
8482109,Alexis,Lafreniere,2001-10-11,TRUE,3,L,L,74,188,191,87,St-Eustache,Quebec,CAN,2020,NYR,1,1,1,NaN,https://assets.nhle.com/mugs/actionshots/1296x729/8482109.jpg
8482157,Will,Cuylle,2002-02-05,TRUE,3,L,L,75,191,212,96,Toronto,Ontario,CAN,2020,NYR,2,29,60,NaN,https://assets.nhle.com/mugs/actionshots/1296x729/8482157.jpg
8482460,Matt,Rempe,2002-06-29,TRUE,3,C,R,81,206,261,118,Calgary,Alberta,CAN,2020,NYR,6,10,165,NaN,https://assets.nhle.com/mugs/actionshots/1296x729/8482460.jpg
8482758,Ville,Koivunen,2003-06-13,TRUE,5,R,L,72,183,184,83,Oulu,NaN,FIN,2021,CAR,2,19,51,NaN,https://assets.nhle.com/mugs/actionshots/1296x729/8482758.jpg
8483690,Noah,Laba,2003-08-04,TRUE,3,C,R,75,191,214,97,Northville,Michigan,USA,2022,NYR,4,14,111,NaN,https://assets.nhle.com/mugs/actionshots/1296x729/8483690.jpg
8484839,Harrison,Brunicke,2006-05-08,TRUE,5,D,R,75,191,201,91,Johannesburg,NaN,ZAF,2024,PIT,2,12,44,NaN,https://assets.nhle.com/mugs/actionshots/1296x729/8484839.jpg
8485414,Ben,Kindel,2007-04-19,TRUE,5,C,R,71,180,182,83,Coquitlam,British Columbia,CAN,2025,PIT,1,11,11,NaN,https://assets.nhle.com/mugs/actionshots/1296x729/8485414.jpg
8470613,Brent,Burns,1985-03-09,TRUE,21,D,R,77,196,228,103,Barrie,Ontario,CAN,2003,MIN,1,20,20,NaN,https://assets.nhle.com/mugs/actionshots/1296x729/8470613.jpg
8471685,Anze,Kopitar,1987-08-24,TRUE,26,C,L,75,191,225,102,Jesenice,NaN,SVN,2005,LAK,1,11,11,NaN,https://assets.nhle.com/mugs/actionshots/1296x729/8471685.jpg
8474563,Drew,Doughty,1989-12-08,TRUE,26,D,R,73,185,210,95,London,Ontario,CAN,2008,LAK,1,2,2,NaN,https://assets.nhle.com/mugs/actionshots/1296x729/8474563.jpg
8475208,Brian,Dumoulin,1991-09-06,TRUE,26,D,L,76,193,215,98,Biddeford,Maine,USA,2009,CAR,2,21,51,NaN,https://assets.nhle.com/mugs/actionshots/1296x729/8475208.jpg
8475754,Brock,Nelson,1991-10-15,TRUE,21,C,L,76,193,205,93,Warroad,Minnesota,USA,2010,NYI,1,30,30,NaN,https://assets.nhle.com/mugs/actionshots/1296x729/8475754.jpg
8476312,Josh,Manson,1991-10-07,TRUE,21,D,R,75,191,218,99,Hinsdale,Illinois,USA,2011,ANA,6,9,160,NaN,https://assets.nhle.com/mugs/actionshots/1296x729/8476312.jpg
8476441,Joel,Edmundson,1993-06-28,TRUE,26,D,L,77,196,220,100,Brandon,Manitoba,CAN,2011,STL,2,16,46,NaN,https://assets.nhle.com/mugs/actionshots/1296x729/8476441.jpg
8476455,Gabriel,Landeskog,1992-11-23,TRUE,21,L,L,73,185,215,98,Stockholm,NaN,SWE,2011,COL,1,2,2,NaN,https://assets.nhle.com/mugs/actionshots/1296x729/8476455.jpg
8476469,Joel,Armia,1993-05-31,TRUE,26,R,R,75,191,215,98,Pori,NaN,FIN,2011,BUF,1,16,16,NaN,https://assets.nhle.com/mugs/actionshots/1296x729/8476469.jpg
8476479,Phillip,Danault,1993-02-24,TRUE,8,C,L,73,185,200,91,Victoriaville,Quebec,CAN,2011,CHI,1,26,26,NaN,https://assets.nhle.com/mugs/actionshots/1296x729/8476479.jpg
8476879,Cody,Ceci,1993-12-21,TRUE,26,D,R,75,191,210,95,Ottawa,Ontario,CAN,2012,OTT,1,15,15,NaN,https://assets.nhle.com/mugs/actionshots/1296x729/8476879.jpg
8477476,Artturi,Lehkonen,1995-07-04,TRUE,21,L,L,71,180,179,81,Piikkio,NaN,FIN,2013,MTL,2,25,55,NaN,https://assets.nhle.com/mugs/actionshots/1296x729/8477476.jpg
8477492,Nathan,MacKinnon,1995-09-01,TRUE,21,C,R,72,183,200,91,Halifax,Nova Scotia,CAN,2013,COL,1,1,1,NaN,https://assets.nhle.com/mugs/actionshots/1296x729/8477492.jpg
8477501,Valeri,Nichushkin,1995-03-04,TRUE,21,R,L,76,193,210,95,Chelyabinsk,NaN,RUS,2013,DAL,1,10,10,NaN,https://assets.nhle.com/mugs/actionshots/1296x729/8477501.jpg
8477942,Kevin,Fiala,1996-07-22,TRUE,26,L,L,72,183,205,93,St. Gallen,NaN,CHE,2014,NSH,1,11,11,NaN,https://assets.nhle.com/mugs/actionshots/1296x729/8477942.jpg
8477960,Adrian,Kempe,1996-09-13,TRUE,26,R,L,74,188,205,93,Kramfors,NaN,SWE,2014,LAK,1,29,29,NaN,https://assets.nhle.com/mugs/actionshots/1296x729/8477960.jpg
8477998,Warren,Foegele,1996-04-01,TRUE,9,L,L,74,188,205,93,Markham,Ontario,CAN,2014,CAR,3,7,67,NaN,https://assets.nhle.com/mugs/actionshots/1296x729/8477998.jpg
8478038,Devon,Toews,1994-02-21,TRUE,21,D,L,73,185,191,87,Abbotsford,British Columbia,CAN,2014,NYI,4,18,108,NaN,https://assets.nhle.com/mugs/actionshots/1296x729/8478038.jpg
8478109,Victor,Olofsson,1995-07-18,TRUE,20,L,L,71,180,180,82,Ornskoldsvik,NaN,SWE,2014,BUF,7,1,181,NaN,https://assets.nhle.com/mugs/actionshots/1296x729/8478109.jpg
8479398,Samuel,Girard,1998-05-12,TRUE,5,D,L,70,178,170,77,Roberval,Quebec,CAN,2016,NSH,2,17,47,NaN,https://assets.nhle.com/mugs/actionshots/1296x729/8479398.jpg
8479525,Ross,Colton,1996-09-11,TRUE,21,C,L,72,183,194,88,Robbinsville,New Jersey,USA,2016,TBL,4,27,118,NaN,https://assets.nhle.com/mugs/actionshots/1296x729/8479525.jpg
8479675,Trevor,Moore,1995-03-31,TRUE,26,L,L,71,180,195,88,Thousand Oaks,California,USA,NaN,NaN,NaN,NaN,NaN,NaN,https://assets.nhle.com/mugs/actionshots/1296x729/8479675.jpg
8479998,Mikey,Anderson,1999-05-25,TRUE,26,D,L,72,183,195,88,Roseville,Minnesota,USA,2017,LAK,4,10,103,NaN,https://assets.nhle.com/mugs/actionshots/1296x729/8479998.jpg
8480039,Martin,Necas,1999-01-15,TRUE,21,C,R,75,191,195,88,Nove Mesto na Morave,NaN,CZE,2017,CAR,1,12,12,NaN,https://assets.nhle.com/mugs/actionshots/1296x729/8480039.jpg
8480069,Cale,Makar,1998-10-30,TRUE,21,D,R,72,183,187,85,Calgary,Alberta,CAN,2017,COL,1,4,4,NaN,https://assets.nhle.com/mugs/actionshots/1296x729/8480069.jpg
8480448,Parker,Kelly,1999-05-14,TRUE,21,C,L,73,185,185,84,Camrose,Alberta,CAN,NaN,NaN,NaN,NaN,NaN,NaN,https://assets.nhle.com/mugs/actionshots/1296x729/8480448.jpg
8480835,Jack,Drury,2000-02-03,TRUE,21,C,L,71,180,186,84,New York,New York,USA,2018,CAR,2,11,42,NaN,https://assets.nhle.com/mugs/actionshots/1296x729/8480835.jpg
8481532,Alex,Turcotte,2001-02-26,TRUE,26,C,L,71,180,195,88,Elk Grove,Illinois,USA,2019,LAK,1,5,5,NaN,https://assets.nhle.com/mugs/actionshots/1296x729/8481532.jpg
8481641,Joel,Kiviranta,1996-03-23,TRUE,21,L,L,71,180,185,84,Vantaa,NaN,FIN,NaN,NaN,NaN,NaN,NaN,NaN,https://assets.nhle.com/mugs/actionshots/1296x729/8481641.jpg
8482124,Quinton,Byfield,2002-08-19,TRUE,26,R,L,77,196,230,104,Newmarket,Ontario,CAN,2020,LAK,1,2,2,NaN,https://assets.nhle.com/mugs/actionshots/1296x729/8482124.jpg
8482155,Alex,Laferriere,2001-10-28,TRUE,26,R,R,73,185,205,93,Chatham,New Jersey,USA,2020,LAK,3,21,83,NaN,https://assets.nhle.com/mugs/actionshots/1296x729/8482155.jpg
8482408,Jeff,Malott,1996-08-07,TRUE,26,L,L,77,196,215,98,Burlington,Ontario,CAN,NaN,NaN,NaN,NaN,NaN,NaN,https://assets.nhle.com/mugs/actionshots/1296x729/8482408.jpg
8482730,Brandt,Clarke,2003-02-09,TRUE,26,D,R,74,188,200,91,Nepean,Ontario,CAN,2021,LAK,1,8,8,NaN,https://assets.nhle.com/mugs/actionshots/1296x729/8482730.jpg
8483808,Andrei,Kuzmenko,1996-02-04,TRUE,26,L,R,71,180,200,91,Yakutsk,NaN,RUS,NaN,NaN,NaN,NaN,NaN,NaN,https://assets.nhle.com/mugs/actionshots/1296x729/8483808.jpg
8484149,Gavin,Brindley,2004-10-05,TRUE,21,C,R,68,173,173,78,Fort Myers,Florida,USA,2023,CBJ,2,2,34,NaN,https://assets.nhle.com/mugs/actionshots/1296x729/8484149.jpg
8484258,Sam,Malinski,1998-07-27,TRUE,21,D,R,71,180,190,86,Lakeville,Minnesota,USA,NaN,NaN,NaN,NaN,NaN,NaN,https://assets.nhle.com/mugs/actionshots/1296x729/8484258.jpg
8475166,John,Tavares,1990-09-20,TRUE,10,C,L,73,185,217,98,Mississauga,Ontario,CAN,2009,NYI,1,1,1,NaN,https://assets.nhle.com/mugs/actionshots/1296x729/8475166.jpg
8475171,Oliver,Ekman-Larsson,1991-07-17,TRUE,10,D,L,74,188,190,86,Karlskrona,NaN,SWE,2009,PHX,1,6,6,NaN,https://assets.nhle.com/mugs/actionshots/1296x729/8475171.jpg
8475690,Chris,Tanev,1989-12-20,TRUE,10,D,R,75,191,200,91,Toronto,Ontario,CAN,NaN,NaN,NaN,NaN,NaN,NaN,https://assets.nhle.com/mugs/actionshots/1296x729/8475690.jpg
8475714,Calle,Jarnkrok,1991-09-25,TRUE,10,C,R,72,183,193,88,Gavle,NaN,SWE,2010,DET,2,21,51,NaN,https://assets.nhle.com/mugs/actionshots/1296x729/8475714.jpg
8475848,Brendan,Gallagher,1992-05-06,TRUE,8,R,R,69,175,185,84,Edmonton,Alberta,CAN,2010,MTL,5,27,147,NaN,https://assets.nhle.com/mugs/actionshots/1296x729/8475848.jpg
8476853,Morgan,Rielly,1994-03-09,TRUE,10,D,L,73,185,219,99,Vancouver,British Columbia,CAN,2012,TOR,1,5,5,NaN,https://assets.nhle.com/mugs/actionshots/1296x729/8476853.jpg
8476875,Mike,Matheson,1994-02-27,TRUE,8,D,L,74,188,196,89,Pointe-Claire,Quebec,CAN,2012,FLA,1,23,23,NaN,https://assets.nhle.com/mugs/actionshots/1296x729/8476875.jpg
8476931,Jake,McCabe,1993-10-12,TRUE,10,D,L,73,185,210,95,Eau Claire,Wisconsin,USA,2012,BUF,2,14,44,NaN,https://assets.nhle.com/mugs/actionshots/1296x729/8476931.jpg
8476981,Josh,Anderson,1994-05-07,TRUE,8,R,R,75,191,226,103,Burlington,Ontario,CAN,2012,CBJ,4,4,95,NaN,https://assets.nhle.com/mugs/actionshots/1296x729/8476981.jpg
8477503,Max,Domi,1995-03-02,TRUE,10,C,L,70,178,208,94,Winnipeg,Manitoba,CAN,2013,PHX,1,12,12,NaN,https://assets.nhle.com/mugs/actionshots/1296x729/8477503.jpg
8477939,William,Nylander,1996-05-01,TRUE,10,R,R,72,183,200,91,Calgary,Alberta,CAN,2014,TOR,1,8,8,NaN,https://assets.nhle.com/mugs/actionshots/1296x729/8477939.jpg
8478057,Dakota,Joshua,1996-05-15,TRUE,10,C,L,75,191,218,99,Dearborn,Michigan,USA,2014,TOR,5,8,128,NaN,https://assets.nhle.com/mugs/actionshots/1296x729/8478057.jpg
8478133,Jake,Evans,1996-06-02,TRUE,8,C,R,72,183,190,86,Toronto,Ontario,CAN,2014,MTL,7,27,207,NaN,https://assets.nhle.com/mugs/actionshots/1296x729/8478133.jpg
8478443,Brandon,Carlo,1996-11-26,TRUE,10,D,R,77,196,227,103,Colorado Springs,Colorado,USA,2015,BOS,2,7,37,NaN,https://assets.nhle.com/mugs/actionshots/1296x729/8478443.jpg
8478462,Nicolas,Roy,1997-02-05,TRUE,21,C,R,76,193,200,91,Amos,Quebec,CAN,2015,CAR,4,5,96,NaN,https://assets.nhle.com/mugs/actionshots/1296x729/8478462.jpg
8478851,Alexandre,Carrier,1996-10-08,TRUE,8,D,R,71,180,174,79,Quebec City,Quebec,CAN,2015,NSH,4,24,115,NaN,https://assets.nhle.com/mugs/actionshots/1296x729/8478851.jpg
8478904,Steven,Lorentz,1996-04-13,TRUE,10,C,L,76,193,219,99,Kitchener,Ontario,CAN,2015,CAR,7,5,186,NaN,https://assets.nhle.com/mugs/actionshots/1296x729/8478904.jpg
8479318,Auston,Matthews,1997-09-17,TRUE,10,C,L,75,191,215,98,San Ramon,California,USA,2016,TOR,1,1,1,NaN,https://assets.nhle.com/mugs/actionshots/1296x729/8479318.jpg
8479339,Patrik,Laine,1998-04-19,TRUE,8,R,R,76,193,208,94,Tampere,NaN,FIN,2016,WPG,1,2,2,NaN,https://assets.nhle.com/mugs/actionshots/1296x729/8479339.jpg
8480018,Nick,Suzuki,1999-08-10,TRUE,8,C,R,71,180,207,94,London,Ontario,CAN,2017,VGK,1,13,13,NaN,https://assets.nhle.com/mugs/actionshots/1296x729/8480018.jpg
8480865,Noah,Dobson,2000-01-07,TRUE,8,D,R,76,193,200,91,Summerside,Prince Edward Island,CAN,2018,NYI,1,12,12,NaN,https://assets.nhle.com/mugs/actionshots/1296x729/8480865.jpg
8481122,Simon,Benoit,1998-09-19,TRUE,10,D,L,76,193,210,95,Laval,Quebec,CAN,NaN,NaN,NaN,NaN,NaN,NaN,https://assets.nhle.com/mugs/actionshots/1296x729/8481122.jpg
8481523,Kirby,Dach,2001-01-21,TRUE,8,C,R,76,193,221,100,Fort Saskatchewan,Alberta,CAN,2019,CHI,1,3,3,NaN,https://assets.nhle.com/mugs/actionshots/1296x729/8481523.jpg
8481540,Cole,Caufield,2001-01-02,TRUE,8,R,R,68,173,175,79,Mosinee,Wisconsin,USA,2019,MTL,1,15,15,NaN,https://assets.nhle.com/mugs/actionshots/1296x729/8481540.jpg
8481582,Nicholas,Robertson,2001-09-11,TRUE,10,L,L,69,175,180,82,Pasadena,California,USA,2019,TOR,2,22,53,NaN,https://assets.nhle.com/mugs/actionshots/1296x729/8481582.jpg
8481618,Alex,Newhook,2001-01-28,TRUE,8,C,L,71,180,200,91,St. John's,Newfoundland and Labrador,CAN,2019,COL,1,16,16,NaN,https://assets.nhle.com/mugs/actionshots/1296x729/8481618.jpg
8481711,Matias,Maccelli,2000-10-14,TRUE,10,L,L,71,180,187,85,Turku,NaN,FIN,2019,ARI,4,5,98,NaN,https://assets.nhle.com/mugs/actionshots/1296x729/8481711.jpg
8482087,Kaiden,Guhle,2002-01-18,TRUE,8,D,L,75,191,202,92,Edmonton,Alberta,CAN,2020,MTL,1,16,16,NaN,https://assets.nhle.com/mugs/actionshots/1296x729/8482087.jpg
8482259,Bobby,McMann,1996-06-15,TRUE,55,C,L,74,188,217,98,Wainwright,Alberta,CAN,NaN,NaN,NaN,NaN,NaN,NaN,https://assets.nhle.com/mugs/actionshots/1296x729/8482259.jpg
8482720,Matthew,Knies,2002-10-17,TRUE,10,L,L,75,191,232,105,Phoenix,Arizona,USA,2021,TOR,2,25,57,NaN,https://assets.nhle.com/mugs/actionshots/1296x729/8482720.jpg
8482737,Zachary,Bolduc,2003-02-24,TRUE,8,R,L,72,183,187,85,Trois-Rivieres,Quebec,CAN,2021,STL,1,17,17,NaN,https://assets.nhle.com/mugs/actionshots/1296x729/8482737.jpg
8482775,Oliver,Kapanen,2003-07-29,TRUE,8,C,R,74,188,194,88,Timra,NaN,SWE,2021,MTL,2,32,64,NaN,https://assets.nhle.com/mugs/actionshots/1296x729/8482775.jpg
8482964,Arber,Xhekaj,2001-01-30,TRUE,8,D,L,76,193,240,109,Hamilton,Ontario,CAN,NaN,NaN,NaN,NaN,NaN,NaN,https://assets.nhle.com/mugs/actionshots/1296x729/8482964.jpg
8483457,Lane,Hutson,2004-02-14,TRUE,8,D,L,69,175,162,73,Holland,Michigan,USA,2022,MTL,2,30,62,NaN,https://assets.nhle.com/mugs/actionshots/1296x729/8483457.jpg
8483515,Juraj,Slafkovsky,2004-03-30,TRUE,8,L,L,75,191,225,102,Kosice,NaN,SVK,2022,MTL,1,1,1,NaN,https://assets.nhle.com/mugs/actionshots/1296x729/8483515.jpg
8484984,Ivan,Demidov,2005-12-10,TRUE,8,R,L,73,185,192,87,Sergiyev Posad,NaN,RUS,2024,MTL,1,5,5,NaN,https://assets.nhle.com/mugs/actionshots/1296x729/8484984.jpg
8471214,Alex,Ovechkin,1985-09-17,TRUE,15,L,R,75,191,238,108,Moscow,NaN,RUS,2004,WSH,1,1,1,NaN,https://assets.nhle.com/mugs/actionshots/1296x729/8471214.jpg
8474590,John,Carlson,1990-01-10,TRUE,24,D,R,75,191,220,100,Natick,Massachusetts,USA,2008,WSH,1,27,27,NaN,https://assets.nhle.com/mugs/actionshots/1296x729/8474590.jpg
8475343,Nic,Dowd,1990-05-27,TRUE,54,C,R,74,188,195,88,Huntsville,Alabama,USA,2009,LAK,7,18,198,NaN,https://assets.nhle.com/mugs/actionshots/1296x729/8475343.jpg
8476374,Sean,Kuraly,1993-01-20,TRUE,6,C,L,74,188,208,94,Niagara Falls,New York,USA,2011,SJS,5,12,133,NaN,https://assets.nhle.com/mugs/actionshots/1296x729/8476374.jpg
8476854,Hampus,Lindholm,1994-01-20,TRUE,6,D,L,76,193,217,98,Helsingborg,NaN,SWE,2012,ANA,1,6,6,NaN,https://assets.nhle.com/mugs/actionshots/1296x729/8476854.jpg
8476880,Tom,Wilson,1994-03-29,TRUE,15,R,R,76,193,225,102,Toronto,Ontario,CAN,2012,WSH,1,16,16,NaN,https://assets.nhle.com/mugs/actionshots/1296x729/8476880.jpg
8477496,Elias,Lindholm,1994-12-02,TRUE,6,C,R,73,185,200,91,Boden,NaN,SWE,2013,CAR,1,5,5,NaN,https://assets.nhle.com/mugs/actionshots/1296x729/8477496.jpg
8477507,Nikita,Zadorov,1995-04-16,TRUE,6,D,L,79,201,255,116,Moscow,NaN,RUS,2013,BUF,1,16,16,NaN,https://assets.nhle.com/mugs/actionshots/1296x729/8477507.jpg
8477845,Trevor,van Riemsdyk,1991-07-24,TRUE,15,D,R,75,191,210,95,Middletown,New Jersey,USA,NaN,NaN,NaN,NaN,NaN,NaN,https://assets.nhle.com/mugs/actionshots/1296x729/8477845.jpg
8477956,David,Pastrnak,1996-05-25,TRUE,6,R,R,72,183,199,90,Havirov,NaN,CZE,2014,BOS,1,25,25,NaN,https://assets.nhle.com/mugs/actionshots/1296x729/8477956.jpg
8478042,Viktor,Arvidsson,1993-04-08,TRUE,6,L,R,70,178,181,82,Skelleftea,NaN,SWE,2014,NSH,4,22,112,NaN,https://assets.nhle.com/mugs/actionshots/1296x729/8478042.jpg
8478401,Pavel,Zacha,1997-04-06,TRUE,6,C,L,76,193,211,96,Brno,NaN,CZE,2015,NJD,1,6,6,NaN,https://assets.nhle.com/mugs/actionshots/1296x729/8478401.jpg
8478440,Dylan,Strome,1997-03-07,TRUE,15,C,L,76,193,200,91,Mississauga,Ontario,CAN,2015,ARI,1,3,3,NaN,https://assets.nhle.com/mugs/actionshots/1296x729/8478440.jpg
8478463,Anthony,Beauvillier,1997-06-08,TRUE,15,R,L,71,180,181,82,Sorel-Tracy,Quebec,CAN,2015,NYI,1,28,28,NaN,https://assets.nhle.com/mugs/actionshots/1296x729/8478463.jpg
8478911,Matt,Roy,1995-03-01,TRUE,15,D,R,74,188,220,100,Detroit,Michigan,USA,2015,LAK,7,13,194,NaN,https://assets.nhle.com/mugs/actionshots/1296x729/8478911.jpg
8479325,Charlie,McAvoy,1997-12-21,TRUE,6,D,R,73,185,211,96,Long Beach,New York,USA,2016,BOS,1,14,14,NaN,https://assets.nhle.com/mugs/actionshots/1296x729/8479325.jpg
8479345,Jakob,Chychrun,1998-03-31,TRUE,15,D,L,74,188,215,98,Boca Raton,Florida,USA,2016,ARI,1,16,16,NaN,https://assets.nhle.com/mugs/actionshots/1296x729/8479345.jpg
8479369,Andrew,Peeke,1998-03-17,TRUE,6,D,R,75,191,214,97,Parkland,Florida,USA,2016,CBJ,2,4,34,NaN,https://assets.nhle.com/mugs/actionshots/1296x729/8479369.jpg
8479400,Pierre-Luc,Dubois,1998-06-24,TRUE,15,C,L,76,193,220,100,Ste-Agathe-des-Monts,Quebec,CAN,2016,CBJ,1,3,3,NaN,https://assets.nhle.com/mugs/actionshots/1296x729/8479400.jpg
8479520,Brandon,Duhaime,1997-05-22,TRUE,15,L,L,74,188,210,95,Coral Springs,Florida,USA,2016,MIN,4,15,106,NaN,https://assets.nhle.com/mugs/actionshots/1296x729/8479520.jpg
8479591,Michael,Eyssimont,1996-09-09,TRUE,6,C,L,72,183,195,88,Littleton,Colorado,USA,2016,LAK,5,21,142,NaN,https://assets.nhle.com/mugs/actionshots/1296x729/8479591.jpg
8479661,Tanner,Jeannot,1997-05-29,TRUE,6,L,L,74,188,221,100,Estevan,Saskatchewan,CAN,NaN,NaN,NaN,NaN,NaN,NaN,https://assets.nhle.com/mugs/actionshots/1296x729/8479661.jpg
8479987,Morgan,Geekie,1998-07-20,TRUE,6,C,R,75,191,212,96,Strathclair,Manitoba,CAN,2017,CAR,3,5,67,NaN,https://assets.nhle.com/mugs/actionshots/1296x729/8479987.jpg
8479999,Casey,Mittelstadt,1998-11-22,TRUE,6,C,L,73,185,205,93,Eden Prairie,Minnesota,USA,2017,BUF,1,8,8,NaN,https://assets.nhle.com/mugs/actionshots/1296x729/8479999.jpg
8480035,Henri,Jokiharju,1999-06-17,TRUE,6,D,R,72,183,205,93,Oulu,NaN,FIN,2017,CHI,1,29,29,NaN,https://assets.nhle.com/mugs/actionshots/1296x729/8480035.jpg
8480355,Mark,Kastelic,1999-03-11,TRUE,6,C,R,76,193,234,106,Phoenix,Arizona,USA,2019,OTT,5,1,125,NaN,https://assets.nhle.com/mugs/actionshots/1296x729/8480355.jpg
8480796,Martin,Fehervary,1999-10-06,TRUE,15,D,L,74,188,215,98,Bratislava,NaN,SVK,2018,WSH,2,15,46,NaN,https://assets.nhle.com/mugs/actionshots/1296x729/8480796.jpg
8480873,Rasmus,Sandin,2000-03-07,TRUE,15,D,L,71,180,189,86,Uppsala,NaN,SWE,2018,TOR,1,29,29,NaN,https://assets.nhle.com/mugs/actionshots/1296x729/8480873.jpg
8481580,Connor,McMichael,2001-01-15,TRUE,15,L,L,72,183,180,82,Ajax,Ontario,CAN,2019,WSH,1,25,25,NaN,https://assets.nhle.com/mugs/actionshots/1296x729/8481580.jpg
8481656,Aliaksei,Protas,2001-01-06,TRUE,15,L,L,78,198,250,113,Vitebsk,NaN,BLR,2019,WSH,3,29,91,NaN,https://assets.nhle.com/mugs/actionshots/1296x729/8481656.jpg
8482088,Justin,Sourdif,2002-03-24,TRUE,15,C,R,72,183,195,88,Richmond,British Columbia,CAN,2020,FLA,3,25,87,NaN,https://assets.nhle.com/mugs/actionshots/1296x729/8482088.jpg
8482148,Hendrix,Lapierre,2002-02-09,TRUE,15,C,L,72,183,195,88,Gatineau,Quebec,CAN,2020,WSH,1,22,22,NaN,https://assets.nhle.com/mugs/actionshots/1296x729/8482148.jpg
8482177,Marat,Khusnutdinov,2002-07-17,TRUE,6,C,L,71,180,184,83,Moscow,NaN,RUS,2020,MIN,2,6,37,NaN,https://assets.nhle.com/mugs/actionshots/1296x729/8482177.jpg
8482511,Mason,Lohrei,2001-01-17,TRUE,6,D,L,77,196,218,99,Baton Rouge,Louisiana,USA,2020,BOS,2,27,58,NaN,https://assets.nhle.com/mugs/actionshots/1296x729/8482511.jpg
8483489,Fraser,Minten,2004-07-05,TRUE,6,C,L,74,188,204,93,Vancouver,British Columbia,CAN,2022,TOR,2,6,38,NaN,https://assets.nhle.com/mugs/actionshots/1296x729/8483489.jpg
8484186,Ryan,Leonard,2005-01-21,TRUE,15,R,R,73,185,205,93,Northampton,Massachusetts,USA,2023,WSH,1,8,8,NaN,https://assets.nhle.com/mugs/actionshots/1296x729/8484186.jpg
8474150,Mikael,Backlund,1989-03-17,TRUE,20,C,L,72,183,206,93,Vasteras,NaN,SWE,2007,CGY,1,24,24,NaN,https://assets.nhle.com/mugs/actionshots/1296x729/8474150.jpg
8474641,Adam,Henrique,1990-02-06,TRUE,22,C,L,72,183,195,88,Brantford,Ontario,CAN,2008,NJD,3,21,82,NaN,https://assets.nhle.com/mugs/actionshots/1296x729/8474641.jpg
8475172,Nazem,Kadri,1990-10-06,TRUE,21,C,L,72,183,185,84,London,Ontario,CAN,2009,TOR,1,7,7,NaN,https://assets.nhle.com/mugs/actionshots/1296x729/8475172.jpg
8475218,Mattias,Ekholm,1990-05-24,TRUE,22,D,L,77,196,225,102,Borlange,NaN,SWE,2009,NSH,4,11,102,NaN,https://assets.nhle.com/mugs/actionshots/1296x729/8475218.jpg
8476399,Blake,Coleman,1991-11-28,TRUE,20,L,L,71,180,199,90,Plano,Texas,USA,2011,NJD,3,14,75,NaN,https://assets.nhle.com/mugs/actionshots/1296x729/8476399.jpg
8476454,Ryan,Nugent-Hopkins,1993-04-12,TRUE,22,C,L,73,185,192,87,Burnaby,British Columbia,CAN,2011,EDM,1,1,1,NaN,https://assets.nhle.com/mugs/actionshots/1296x729/8476454.jpg
8476967,Brett,Kulak,1994-01-06,TRUE,21,D,L,73,185,192,87,Edmonton,Alberta,CAN,2012,CGY,4,14,105,NaN,https://assets.nhle.com/mugs/actionshots/1296x729/8476967.jpg
8477346,MacKenzie,Weegar,1994-01-07,TRUE,68,D,R,72,183,206,93,Ottawa,Ontario,CAN,2013,FLA,7,25,206,NaN,https://assets.nhle.com/mugs/actionshots/1296x729/8477346.jpg
8477498,Darnell,Nurse,1995-02-04,TRUE,22,D,L,76,193,215,98,Hamilton,Ontario,CAN,2013,EDM,1,7,7,NaN,https://assets.nhle.com/mugs/actionshots/1296x729/8477498.jpg
8477810,Joel,Hanley,1991-06-08,TRUE,20,D,L,71,180,186,84,Keswick,Ontario,CAN,NaN,NaN,NaN,NaN,NaN,NaN,https://assets.nhle.com/mugs/actionshots/1296x729/8477810.jpg
8477934,Leon,Draisaitl,1995-10-27,TRUE,22,C,L,74,188,209,95,Cologne,NaN,DEU,2014,EDM,1,3,3,NaN,https://assets.nhle.com/mugs/actionshots/1296x729/8477934.jpg
8477953,Kasperi,Kapanen,1996-07-23,TRUE,22,R,R,73,185,194,88,Kuopio,NaN,FIN,2014,PIT,1,22,22,NaN,https://assets.nhle.com/mugs/actionshots/1296x729/8477953.jpg
8477993,Justin,Kirkland,1996-08-02,TRUE,20,C,L,75,191,183,83,Winnipeg,Manitoba,CAN,2014,NSH,3,2,62,NaN,https://assets.nhle.com/mugs/actionshots/1296x729/8477993.jpg
8478233,Andrew,Mangiapane,1996-04-04,TRUE,16,L,L,70,178,183,83,Toronto,Ontario,CAN,2015,CGY,6,15,166,NaN,https://assets.nhle.com/mugs/actionshots/1296x729/8478233.jpg
8478397,Rasmus,Andersson,1996-10-27,TRUE,54,D,R,73,185,202,92,Malmo,NaN,SWE,2015,CGY,2,23,53,NaN,https://assets.nhle.com/mugs/actionshots/1296x729/8478397.jpg
8478402,Connor,McDavid,1997-01-13,TRUE,22,C,L,73,185,194,88,Richmond Hill,Ontario,CAN,2015,EDM,1,1,1,NaN,https://assets.nhle.com/mugs/actionshots/1296x729/8478402.jpg
8479066,Ryan,Lomberg,1994-12-09,TRUE,20,L,L,69,175,184,83,Richmond Hill,Ontario,CAN,NaN,NaN,NaN,NaN,NaN,NaN,https://assets.nhle.com/mugs/actionshots/1296x729/8479066.jpg
8479365,Trent,Frederic,1998-02-11,TRUE,22,C,L,75,191,221,100,St. Louis,Missouri,USA,2016,BOS,1,29,29,NaN,https://assets.nhle.com/mugs/actionshots/1296x729/8479365.jpg
8479402,Jake,Bean,1998-06-09,TRUE,20,D,L,73,185,191,87,Calgary,Alberta,CAN,2016,CAR,1,13,13,NaN,https://assets.nhle.com/mugs/actionshots/1296x729/8479402.jpg
8480028,Morgan,Frost,1999-05-14,TRUE,20,C,L,72,183,193,88,Aurora,Ontario,CAN,2017,PHI,1,27,27,NaN,https://assets.nhle.com/mugs/actionshots/1296x729/8480028.jpg
8480797,Joel,Farabee,2000-02-25,TRUE,20,L,L,72,183,186,84,Syracuse,New York,USA,2018,PHI,1,14,14,NaN,https://assets.nhle.com/mugs/actionshots/1296x729/8480797.jpg
8480803,Evan,Bouchard,1999-10-20,TRUE,22,D,R,75,191,192,87,Oakville,Ontario,CAN,2018,EDM,1,10,10,NaN,https://assets.nhle.com/mugs/actionshots/1296x729/8480803.jpg
8480831,Alec,Regula,2000-08-06,TRUE,22,D,R,76,193,211,96,West Bloomfield,Michigan,USA,2018,DET,3,5,67,NaN,https://assets.nhle.com/mugs/actionshots/1296x729/8480831.jpg
8480834,Ty,Emberson,2000-05-23,TRUE,22,D,R,72,183,193,88,Eau Claire,Wisconsin,USA,2018,ARI,3,11,73,NaN,https://assets.nhle.com/mugs/actionshots/1296x729/8480834.jpg
8480860,Kevin,Bahl,2000-06-27,TRUE,20,D,L,78,198,230,104,New Westminster,British Columbia,CAN,2018,ARI,2,24,55,NaN,https://assets.nhle.com/mugs/actionshots/1296x729/8480860.jpg
8481068,Yegor,Sharangovich,1998-06-06,TRUE,20,C,L,74,188,196,89,Minsk,NaN,BLR,2018,NJD,5,17,141,NaN,https://assets.nhle.com/mugs/actionshots/1296x729/8481068.jpg
8481167,Brayden,Pachal,1999-08-23,TRUE,20,D,R,74,188,202,92,Estevan,Saskatchewan,CAN,NaN,NaN,NaN,NaN,NaN,NaN,https://assets.nhle.com/mugs/actionshots/1296x729/8481167.jpg
8481491,Noah,Philp,1998-08-31,TRUE,12,C,R,75,191,198,90,Canmore,Alberta,CAN,NaN,NaN,NaN,NaN,NaN,NaN,https://assets.nhle.com/mugs/actionshots/1296x729/8481491.jpg
8481617,Vasily,Podkolzin,2001-06-24,TRUE,22,R,L,73,185,190,86,Moscow,NaN,RUS,2019,VAN,1,10,10,NaN,https://assets.nhle.com/mugs/actionshots/1296x729/8481617.jpg
8482074,Connor,Zary,2001-09-25,TRUE,20,C,L,72,183,178,81,Saskatoon,Saskatchewan,CAN,2020,CGY,1,24,24,NaN,https://assets.nhle.com/mugs/actionshots/1296x729/8482074.jpg
8482679,Matt,Coronato,2002-11-14,TRUE,20,R,R,70,178,183,83,Greenlawn,New York,USA,2021,CGY,1,13,13,NaN,https://assets.nhle.com/mugs/actionshots/1296x729/8482679.jpg
8483455,Isaac,Howard,2004-03-30,TRUE,22,L,L,70,178,180,82,Hudson,Wisconsin,USA,2022,TBL,1,31,31,NaN,https://assets.nhle.com/mugs/actionshots/1296x729/8483455.jpg
8483512,Matt,Savoie,2004-01-01,TRUE,22,C,R,70,178,179,81,St. Albert,Alberta,CAN,2022,BUF,1,9,9,NaN,https://assets.nhle.com/mugs/actionshots/1296x729/8483512.jpg
8483609,Adam,Klapka,2000-09-14,TRUE,20,R,R,80,203,235,107,Praha,NaN,CZE,NaN,NaN,NaN,NaN,NaN,NaN,https://assets.nhle.com/mugs/actionshots/1296x729/8483609.jpg
8484860,Matvei,Gridin,2006-03-01,TRUE,20,R,L,73,185,182,83,Kurgan,NaN,RUS,2024,CGY,1,28,28,NaN,https://assets.nhle.com/mugs/actionshots/1296x729/8484860.jpg
8485493,David,Tomasek,1996-02-10,FALSE,NaN,R,R,74,188,210,95,Praha,NaN,CZE,NaN,NaN,NaN,NaN,NaN,NaN,https://assets.nhle.com/mugs/actionshots/1296x729/8485493.jpg
8475188,Brayden,McNabb,1991-01-21,TRUE,54,D,L,76,193,215,98,Davidson,Saskatchewan,CAN,2009,BUF,3,5,66,NaN,https://assets.nhle.com/mugs/actionshots/1296x729/8475188.jpg
8475191,Reilly,Smith,1991-04-01,TRUE,54,R,L,73,185,185,84,Mimico,Ontario,CAN,2009,DAL,3,8,69,NaN,https://assets.nhle.com/mugs/actionshots/1296x729/8475191.jpg
8475913,Mark,Stone,1992-05-13,TRUE,54,R,R,75,191,210,95,Winnipeg,Manitoba,CAN,2010,OTT,6,28,178,NaN,https://assets.nhle.com/mugs/actionshots/1296x729/8475913.jpg
8476438,Brandon,Saad,1992-10-27,TRUE,54,L,L,73,185,207,94,Pittsburgh,Pennsylvania,USA,2011,CHI,2,13,43,NaN,https://assets.nhle.com/mugs/actionshots/1296x729/8476438.jpg
8476448,William,Karlsson,1993-01-08,TRUE,54,C,L,72,183,190,86,Marsta,NaN,SWE,2011,ANA,2,23,53,NaN,https://assets.nhle.com/mugs/actionshots/1296x729/8476448.jpg
8476881,Tomas,Hertl,1993-11-12,TRUE,54,C,L,75,191,220,100,Praha,NaN,CZE,2012,SJS,1,17,17,NaN,https://assets.nhle.com/mugs/actionshots/1296x729/8476881.jpg
8476925,Colton,Sissons,1993-11-05,TRUE,54,C,R,73,185,200,91,North Vancouver,British Columbia,CAN,2012,NSH,2,20,50,NaN,https://assets.nhle.com/mugs/actionshots/1296x729/8476925.jpg
8477447,Shea,Theodore,1995-08-03,TRUE,54,D,L,74,188,197,89,Aldergrove,British Columbia,CAN,2013,ANA,1,26,26,NaN,https://assets.nhle.com/mugs/actionshots/1296x729/8477447.jpg
8477964,Ivan,Barbashev,1995-12-14,TRUE,54,L,L,72,183,203,92,Moscow,NaN,RUS,2014,STL,2,3,33,NaN,https://assets.nhle.com/mugs/actionshots/1296x729/8477964.jpg
8478396,Noah,Hanifin,1997-01-25,TRUE,54,D,L,75,191,206,93,Boston,Massachusetts,USA,2015,CAR,1,5,5,NaN,https://assets.nhle.com/mugs/actionshots/1296x729/8478396.jpg
8478403,Jack,Eichel,1996-10-28,TRUE,54,C,R,74,188,208,94,North Chelmsford,Massachusetts,USA,2015,BUF,1,2,2,NaN,https://assets.nhle.com/mugs/actionshots/1296x729/8478403.jpg
8478434,Keegan,Kolesar,1997-04-08,TRUE,54,R,R,74,188,216,98,Brandon,Manitoba,CAN,2015,CBJ,3,8,69,NaN,https://assets.nhle.com/mugs/actionshots/1296x729/8478434.jpg
8478468,Jeremy,Lauzon,1997-04-28,TRUE,54,D,L,75,191,225,102,Val-d'Or,Quebec,CAN,2015,BOS,2,22,52,NaN,https://assets.nhle.com/mugs/actionshots/1296x729/8478468.jpg
8478483,Mitch,Marner,1997-05-05,TRUE,54,R,R,72,183,180,82,Markham,Ontario,CAN,2015,TOR,1,4,4,NaN,https://assets.nhle.com/mugs/actionshots/1296x729/8478483.jpg
8479353,Brett,Howden,1998-03-29,TRUE,54,C,L,74,188,201,91,Oakbank,Manitoba,CAN,2016,TBL,1,27,27,NaN,https://assets.nhle.com/mugs/actionshots/1296x729/8479353.jpg
8480727,Zach,Whitecloud,1996-11-28,TRUE,20,D,R,74,188,210,95,Brandon,Manitoba,CAN,NaN,NaN,NaN,NaN,NaN,NaN,https://assets.nhle.com/mugs/actionshots/1296x729/8480727.jpg
8481527,Kaedan,Korczak,2001-01-29,TRUE,54,D,R,75,191,206,93,Yorkton,Saskatchewan,CAN,2019,VGK,2,10,41,NaN,https://assets.nhle.com/mugs/actionshots/1296x729/8481527.jpg
8481604,Pavel,Dorofeyev,2000-10-26,TRUE,54,R,L,73,185,194,88,Nizhny Tagil,NaN,RUS,2019,VGK,3,17,79,NaN,https://assets.nhle.com/mugs/actionshots/1296x729/8481604.jpg
8481568,Alex,Vlasic,2001-06-05,TRUE,16,D,L,78,198,217,98,Wilmette,Illinois,USA,2019,CHI,2,12,43,NaN,https://assets.nhle.com/mugs/actionshots/1296x729/8481568.jpg
8481806,Louis,Crevier,2001-05-04,TRUE,16,D,R,80,203,228,103,Quebec City,Quebec,CAN,2020,CHI,7,2,188,NaN,https://assets.nhle.com/mugs/actionshots/1296x729/8481806.jpg
8475722,Jason,Zucker,1992-01-16,TRUE,7,L,L,71,180,198,90,Newport Beach,California,USA,2010,MIN,2,29,59,NaN,https://assets.nhle.com/mugs/actionshots/1296x729/8475722.jpg
8477419,Mason,Geertsen,1995-04-19,TRUE,7,L,L,76,193,231,105,Drayton Valley,Alberta,CAN,2013,COL,4,2,93,NaN,https://assets.nhle.com/mugs/actionshots/1296x729/8477419.jpg
8477949,Alex,Tuch,1996-05-10,TRUE,7,R,R,76,193,219,99,Syracuse,New York,USA,2014,MIN,1,18,18,NaN,https://assets.nhle.com/mugs/actionshots/1296x729/8477949.jpg
8479359,Beck,Malenstyn,1998-02-04,TRUE,7,L,L,75,191,209,95,Delta,British Columbia,CAN,2016,WSH,5,24,145,NaN,https://assets.nhle.com/mugs/actionshots/1296x729/8479359.jpg
8479420,Tage,Thompson,1997-10-30,TRUE,7,C,R,78,198,220,100,Phoenix,Arizona,USA,2016,STL,1,26,26,NaN,https://assets.nhle.com/mugs/actionshots/1296x729/8479420.jpg
8479941,Justin,Danforth,1993-03-15,TRUE,7,R,R,68,173,193,88,Oshawa,Ontario,CAN,NaN,NaN,NaN,NaN,NaN,NaN,https://assets.nhle.com/mugs/actionshots/1296x729/8479941.jpg
8479982,Conor,Timmins,1998-09-18,TRUE,7,D,R,75,191,213,97,St. Catharines,Ontario,CAN,2017,COL,2,1,32,NaN,https://assets.nhle.com/mugs/actionshots/1296x729/8479982.jpg
8480064,Josh,Norris,1999-05-05,TRUE,7,C,L,74,188,196,89,Oxford,Michigan,USA,2017,SJS,1,19,19,NaN,https://assets.nhle.com/mugs/actionshots/1296x729/8480064.jpg
8480196,Jacob,Bryson,1997-11-18,TRUE,52,D,L,69,175,177,80,London,Ontario,CAN,2017,BUF,4,6,99,NaN,https://assets.nhle.com/mugs/actionshots/1296x729/8480196.jpg
8480802,Ryan,McLeod,1999-09-21,TRUE,7,C,L,75,191,204,93,Mississauga,Ontario,CAN,2018,EDM,2,9,40,NaN,https://assets.nhle.com/mugs/actionshots/1296x729/8480802.jpg
8480807,Mattias,Samuelsson,2000-03-14,TRUE,7,D,L,76,193,229,104,Philadelphia,Pennsylvania,USA,2018,BUF,2,1,32,NaN,https://assets.nhle.com/mugs/actionshots/1296x729/8480807.jpg
8480839,Rasmus,Dahlin,2000-04-13,TRUE,7,D,L,75,191,204,93,Lidkoping,NaN,SWE,2018,BUF,1,1,1,NaN,https://assets.nhle.com/mugs/actionshots/1296x729/8480839.jpg
8481522,Peyton,Krebs,2001-01-26,TRUE,7,C,L,72,183,188,85,Calgary,Alberta,CAN,2019,VGK,1,17,17,NaN,https://assets.nhle.com/mugs/actionshots/1296x729/8481522.jpg
8481524,Bowen,Byram,2001-06-13,TRUE,7,D,L,73,185,205,93,Cranbrook,British Columbia,CAN,2019,COL,1,4,4,NaN,https://assets.nhle.com/mugs/actionshots/1296x729/8481524.jpg
8481564,Ryan,Johnson,2001-07-24,TRUE,7,D,L,73,185,195,88,Newport Beach,California,USA,2019,BUF,1,31,31,NaN,https://assets.nhle.com/mugs/actionshots/1296x729/8481564.jpg
8482097,Jack,Quinn,2001-09-19,TRUE,7,R,R,73,185,185,84,Ottawa,Ontario,CAN,2020,BUF,1,8,8,NaN,https://assets.nhle.com/mugs/actionshots/1296x729/8482097.jpg
8482659,Josh,Doan,2002-02-01,TRUE,7,R,R,74,188,198,90,Scottsdale,Arizona,USA,2021,ARI,2,5,37,NaN,https://assets.nhle.com/mugs/actionshots/1296x729/8482659.jpg
8483468,Jiri,Kulich,2004-04-14,TRUE,7,C,L,73,185,193,88,Kadan,NaN,CZE,2022,BUF,1,28,28,NaN,https://assets.nhle.com/mugs/actionshots/1296x729/8483468.jpg
8474141,Patrick,Kane,1988-11-19,TRUE,17,R,L,70,178,176,80,Buffalo,New York,USA,2007,CHI,1,1,1,NaN,https://assets.nhle.com/mugs/actionshots/1296x729/8474141.jpg
8474612,Travis,Hamonic,1990-08-16,TRUE,17,D,R,73,185,193,88,St. Malo,Manitoba,CAN,2008,NYI,2,23,53,NaN,https://assets.nhle.com/mugs/actionshots/1296x729/8474612.jpg
8475279,Ben,Chiarot,1991-05-09,TRUE,17,D,L,75,191,222,101,Hamilton,Ontario,CAN,2009,ATL,4,29,120,NaN,https://assets.nhle.com/mugs/actionshots/1296x729/8475279.jpg
8477429,Andrew,Copp,1994-07-08,TRUE,17,C,L,73,185,200,91,Ann Arbor,Michigan,USA,2013,WPG,4,13,104,NaN,https://assets.nhle.com/mugs/actionshots/1296x729/8477429.jpg
8477456,J.T.,Compher,1995-04-08,TRUE,17,L,R,72,183,191,87,Northbrook,Illinois,USA,2013,BUF,2,5,35,NaN,https://assets.nhle.com/mugs/actionshots/1296x729/8477456.jpg
8477946,Dylan,Larkin,1996-07-30,TRUE,17,C,L,73,185,204,93,Waterford,Michigan,USA,2014,DET,1,15,15,NaN,https://assets.nhle.com/mugs/actionshots/1296x729/8477946.jpg
8478891,Mason,Appleton,1996-01-15,TRUE,17,C,R,74,188,196,89,Green Bay,Wisconsin,USA,2015,WPG,6,17,168,NaN,https://assets.nhle.com/mugs/actionshots/1296x729/8478891.jpg
8479337,Alex,DeBrincat,1997-12-18,TRUE,17,R,R,68,173,180,82,Farmington Hills,Michigan,USA,2016,CHI,2,9,39,NaN,https://assets.nhle.com/mugs/actionshots/1296x729/8479337.jpg
8479992,Michael,Rasmussen,1999-04-17,TRUE,17,C,L,78,198,222,101,Surrey,British Columbia,CAN,2017,DET,1,9,9,NaN,https://assets.nhle.com/mugs/actionshots/1296x729/8479992.jpg
8481542,Moritz,Seider,2001-04-06,TRUE,17,D,R,74,188,210,95,Zell,NaN,DEU,2019,DET,1,6,6,NaN,https://assets.nhle.com/mugs/actionshots/1296x729/8481542.jpg
8481607,Albert,Johansson,2001-01-04,TRUE,17,D,L,72,183,195,88,Karlstad,NaN,SWE,2019,DET,2,29,60,NaN,https://assets.nhle.com/mugs/actionshots/1296x729/8481607.jpg
8481725,Elmer,Soderblom,2001-07-05,TRUE,5,L,L,80,203,252,114,Gothenburg,NaN,SWE,2019,DET,6,4,159,NaN,https://assets.nhle.com/mugs/actionshots/1296x729/8481725.jpg
8482078,Lucas,Raymond,2002-03-28,TRUE,17,L,R,71,180,186,84,Gothenburg,NaN,SWE,2020,DET,1,4,4,NaN,https://assets.nhle.com/mugs/actionshots/1296x729/8482078.jpg
8482762,Simon,Edvinsson,2003-02-05,TRUE,17,D,L,78,198,222,101,Kungsbacka,NaN,SWE,2021,DET,1,6,6,NaN,https://assets.nhle.com/mugs/actionshots/1296x729/8482762.jpg
8483464,Marco,Kasper,2004-04-08,TRUE,17,C,L,73,185,202,92,Innsbruck,NaN,AUT,2022,DET,1,8,8,NaN,https://assets.nhle.com/mugs/actionshots/1296x729/8483464.jpg
8484223,Axel,Sandin-Pellikka,2005-03-11,TRUE,17,D,R,72,183,186,84,Gallivare,NaN,SWE,2023,DET,1,17,17,NaN,https://assets.nhle.com/mugs/actionshots/1296x729/8484223.jpg
8484471,Emmitt,Finnie,2005-06-27,TRUE,17,C,L,73,185,195,88,Lethbridge,Alberta,CAN,2023,DET,7,9,201,NaN,https://assets.nhle.com/mugs/actionshots/1296x729/8484471.jpg
8484794,Michael,Brandsegg-Nygard,2005-10-05,TRUE,17,R,R,73,185,204,93,Oslo,NaN,NOR,2024,DET,1,15,15,NaN,https://assets.nhle.com/mugs/actionshots/1296x729/8484794.jpg
8473512,Claude,Giroux,1988-01-12,TRUE,9,R,R,71,180,186,84,Hearst,Ontario,CAN,2006,PHI,1,22,22,NaN,https://assets.nhle.com/mugs/actionshots/1296x729/8473512.jpg
8474102,David,Perron,1988-05-28,TRUE,17,L,R,72,183,202,92,Sherbrooke,Quebec,CAN,2007,STL,1,26,26,NaN,https://assets.nhle.com/mugs/actionshots/1296x729/8474102.jpg
8474151,Ryan,McDonagh,1989-06-13,TRUE,14,D,L,73,185,216,98,St. Paul,Minnesota,USA,2007,MTL,1,12,12,NaN,https://assets.nhle.com/mugs/actionshots/1296x729/8474151.jpg
8474189,Lars,Eller,1989-05-08,TRUE,9,C,L,74,188,207,94,Rodovre,NaN,DNK,2007,STL,1,13,13,NaN,https://assets.nhle.com/mugs/actionshots/1296x729/8474189.jpg
8475167,Victor,Hedman,1990-12-18,TRUE,14,D,L,79,201,244,111,Ornskoldsvik,NaN,SWE,2009,TBL,1,2,2,NaN,https://assets.nhle.com/mugs/actionshots/1296x729/8475167.jpg
8475324,Nick,Jensen,1990-09-21,TRUE,9,D,R,72,183,202,92,Rogers,Minnesota,USA,2009,DET,5,30,150,NaN,https://assets.nhle.com/mugs/actionshots/1296x729/8475324.jpg
8476393,Nick,Cousins,1993-07-20,TRUE,9,C,L,71,180,191,87,Belleville,Ontario,CAN,2011,PHI,3,7,68,NaN,https://assets.nhle.com/mugs/actionshots/1296x729/8476393.jpg
8476453,Nikita,Kucherov,1993-06-17,TRUE,14,R,L,72,183,173,78,Maykop,NaN,RUS,2011,TBL,2,28,58,NaN,https://assets.nhle.com/mugs/actionshots/1296x729/8476453.jpg
8476826,Yanni,Gourde,1991-12-15,TRUE,14,C,L,69,175,173,78,Saint-Narcisse,Quebec,CAN,NaN,NaN,NaN,NaN,NaN,NaN,https://assets.nhle.com/mugs/actionshots/1296x729/8476826.jpg
8477073,Kurtis,MacDermid,1994-03-25,TRUE,9,L,L,77,196,233,106,Quebec City,Quebec,CAN,NaN,NaN,NaN,NaN,NaN,NaN,https://assets.nhle.com/mugs/actionshots/1296x729/8477073.jpg
8477404,Jake,Guentzel,1994-10-06,TRUE,14,C,L,71,180,176,80,Omaha,Nebraska,USA,2013,PIT,3,16,77,NaN,https://assets.nhle.com/mugs/actionshots/1296x729/8477404.jpg
8477416,Oliver,Bjorkstrand,1995-04-10,TRUE,14,R,R,72,183,175,79,Herning,NaN,DNK,2013,CBJ,3,28,89,NaN,https://assets.nhle.com/mugs/actionshots/1296x729/8477416.jpg
8478010,Brayden,Point,1996-03-13,TRUE,14,C,R,71,180,177,80,Calgary,Alberta,CAN,2014,TBL,3,19,79,NaN,https://assets.nhle.com/mugs/actionshots/1296x729/8478010.jpg
8478020,Michael,Amadio,1996-05-13,TRUE,9,R,R,73,185,206,93,Sault Ste. Marie,Ontario,CAN,2014,LAK,3,30,90,NaN,https://assets.nhle.com/mugs/actionshots/1296x729/8478020.jpg
8478178,Darren,Raddysh,1996-02-28,TRUE,14,D,R,73,185,202,92,Toronto,Ontario,CAN,NaN,NaN,NaN,NaN,NaN,NaN,https://assets.nhle.com/mugs/actionshots/1296x729/8478178.jpg
8478416,Erik,Cernak,1997-05-28,TRUE,14,D,R,76,193,230,104,Kosice,NaN,SVK,2015,LAK,2,13,43,NaN,https://assets.nhle.com/mugs/actionshots/1296x729/8478416.jpg
8478469,Thomas,Chabot,1997-01-30,TRUE,9,D,L,73,185,200,91,Sainte-Marie,Quebec,CAN,2015,OTT,1,18,18,NaN,https://assets.nhle.com/mugs/actionshots/1296x729/8478469.jpg
8478519,Anthony,Cirelli,1997-07-15,TRUE,14,C,L,73,185,193,88,Etobicoke,Ontario,CAN,2015,TBL,3,11,72,NaN,https://assets.nhle.com/mugs/actionshots/1296x729/8478519.jpg
8479542,Brandon,Hagel,1998-08-27,TRUE,14,L,L,74,188,186,84,Saskatoon,Saskatchewan,CAN,2016,BUF,6,8,159,NaN,https://assets.nhle.com/mugs/actionshots/1296x729/8479542.jpg
8480188,Fabian,Zetterlund,1999-08-25,TRUE,9,L,R,71,180,208,94,Karlstad,NaN,SWE,2017,NJD,3,1,63,NaN,https://assets.nhle.com/mugs/actionshots/1296x729/8480188.jpg
8480801,Brady,Tkachuk,1999-09-16,TRUE,9,L,L,76,193,226,103,Scottsdale,Arizona,USA,2018,OTT,1,4,4,NaN,https://assets.nhle.com/mugs/actionshots/1296x729/8480801.jpg
8480876,Curtis,Douglas,2000-03-06,TRUE,23,C,L,81,206,242,110,Oakville,Ontario,CAN,2018,DAL,4,13,106,NaN,https://assets.nhle.com/mugs/actionshots/1296x729/8480876.jpg
8480995,Pontus,Holmberg,1999-03-09,TRUE,14,R,L,72,183,201,91,Vasteras,NaN,SWE,2018,TOR,6,1,156,NaN,https://assets.nhle.com/mugs/actionshots/1296x729/8480995.jpg
8481528,Dylan,Cozens,2001-02-09,TRUE,9,C,R,75,191,205,93,Whitehorse,Yukon Territory,CAN,2019,BUF,1,7,7,NaN,https://assets.nhle.com/mugs/actionshots/1296x729/8481528.jpg
8481596,Shane,Pinto,2000-11-12,TRUE,9,C,R,75,191,206,93,Franklin Square,New York,USA,2019,OTT,2,1,32,NaN,https://assets.nhle.com/mugs/actionshots/1296x729/8481596.jpg
8481719,Max,Crozier,2000-04-19,TRUE,14,D,R,75,191,204,93,Calgary,Alberta,CAN,2019,TBL,4,27,120,NaN,https://assets.nhle.com/mugs/actionshots/1296x729/8481719.jpg
8482070,Mitchell,Chaffee,1998-01-26,TRUE,14,R,R,73,185,197,89,Grand Rapids,Michigan,USA,NaN,NaN,NaN,NaN,NaN,NaN,https://assets.nhle.com/mugs/actionshots/1296x729/8482070.jpg
8482092,Ridly,Greig,2002-08-08,TRUE,9,C,L,72,183,184,83,Lethbridge,Alberta,CAN,2020,OTT,1,28,28,NaN,https://assets.nhle.com/mugs/actionshots/1296x729/8482092.jpg
8482105,Jake,Sanderson,2002-07-08,TRUE,9,D,L,74,188,202,92,Whitefish,Montana,USA,2020,OTT,1,5,5,NaN,https://assets.nhle.com/mugs/actionshots/1296x729/8482105.jpg
8482116,Tim,Stutzle,2002-01-15,TRUE,9,C,L,72,183,187,85,Viersen,NaN,DEU,2020,OTT,1,3,3,NaN,https://assets.nhle.com/mugs/actionshots/1296x729/8482116.jpg
8482131,Donovan,Sebrango,2002-01-12,TRUE,13,D,L,74,188,223,101,Ottawa,Ontario,CAN,2020,DET,3,1,63,NaN,https://assets.nhle.com/mugs/actionshots/1296x729/8482131.jpg
8482201,Gage,Goncalves,2001-01-16,TRUE,14,C,L,73,185,189,86,Mission,British Columbia,CAN,2020,TBL,2,31,62,NaN,https://assets.nhle.com/mugs/actionshots/1296x729/8482201.jpg
8482245,Artem,Zub,1995-10-03,TRUE,9,D,R,75,191,201,91,Khabarovsk,NaN,RUS,NaN,NaN,NaN,NaN,NaN,NaN,https://assets.nhle.com/mugs/actionshots/1296x729/8482245.jpg
8482929,Emil,Lilleberg,2001-02-02,TRUE,14,D,L,75,191,215,98,Sarpsborg,NaN,NOR,2021,ARI,4,11,107,NaN,https://assets.nhle.com/mugs/actionshots/1296x729/8482929.jpg
8483447,Conor,Geekie,2004-05-05,TRUE,14,C,L,76,193,212,96,Strathclair,Manitoba,CAN,2022,ARI,1,11,11,NaN,https://assets.nhle.com/mugs/actionshots/1296x729/8483447.jpg
8484321,Nikolas,Matinpalo,1998-10-05,TRUE,9,D,R,75,191,213,97,Espoo,NaN,FIN,NaN,NaN,NaN,NaN,NaN,NaN,https://assets.nhle.com/mugs/actionshots/1296x729/8484321.jpg
8475235,Nicolas,Deslauriers,1991-02-22,TRUE,12,L,L,73,185,218,99,LaSalle,Quebec,CAN,2009,LAK,3,23,84,NaN,https://assets.nhle.com/mugs/actionshots/1296x729/8475235.jpg
8476372,Nick,Seeler,1993-06-03,TRUE,4,D,L,75,191,197,89,Eden Prairie,Minnesota,USA,2011,MIN,5,10,131,NaN,https://assets.nhle.com/mugs/actionshots/1296x729/8476372.jpg
8476461,Sean,Couturier,1992-12-07,TRUE,4,C,L,76,193,210,95,Phoenix,Arizona,USA,2011,PHI,1,8,8,NaN,https://assets.nhle.com/mugs/actionshots/1296x729/8476461.jpg
8477903,Garnet,Hathaway,1991-11-23,TRUE,4,R,R,74,188,212,96,Naples,Florida,USA,NaN,NaN,NaN,NaN,NaN,NaN,https://assets.nhle.com/mugs/actionshots/1296x729/8477903.jpg
8477948,Travis,Sanheim,1996-03-29,TRUE,4,D,L,76,193,222,101,Elkhorn,Manitoba,CAN,2014,PHI,1,17,17,NaN,https://assets.nhle.com/mugs/actionshots/1296x729/8477948.jpg
8477989,Christian,Dvorak,1996-02-02,TRUE,4,C,L,73,185,190,86,Palos,Illinois,USA,2014,ARI,2,28,58,NaN,https://assets.nhle.com/mugs/actionshots/1296x729/8477989.jpg
8478439,Travis,Konecny,1997-03-11,TRUE,4,R,R,70,178,192,87,London,Ontario,CAN,2015,PHI,1,24,24,NaN,https://assets.nhle.com/mugs/actionshots/1296x729/8478439.jpg
8478454,Noah,Juulsen,1997-04-02,TRUE,4,D,R,74,188,201,91,Surrey,British Columbia,CAN,2015,MTL,1,26,26,NaN,https://assets.nhle.com/mugs/actionshots/1296x729/8478454.jpg
8479022,Rodrigo,Abols,1996-01-05,TRUE,4,C,L,76,193,206,93,Riga,NaN,LVA,2016,VAN,7,3,184,NaN,https://assets.nhle.com/mugs/actionshots/1296x729/8479022.jpg
8480015,Owen,Tippett,1999-02-16,TRUE,4,R,R,73,185,210,95,Peterborough,Ontario,CAN,2017,FLA,1,10,10,NaN,https://assets.nhle.com/mugs/actionshots/1296x729/8480015.jpg
8480220,Noah,Cates,1999-02-05,TRUE,4,L,L,74,188,194,88,Stillwater,Minnesota,USA,2017,PHI,5,13,137,NaN,https://assets.nhle.com/mugs/actionshots/1296x729/8480220.jpg
8480874,Adam,Ginning,2000-01-13,TRUE,4,D,L,75,191,196,89,Linkoping,NaN,SWE,2018,PHI,2,19,50,NaN,https://assets.nhle.com/mugs/actionshots/1296x729/8480874.jpg
8481178,Egor,Zamula,2000-03-30,TRUE,29,D,L,75,191,200,91,Chelyabinsk,NaN,RUS,NaN,NaN,NaN,NaN,NaN,NaN,https://assets.nhle.com/mugs/actionshots/1296x729/8481178.jpg
8481533,Trevor,Zegras,2001-03-20,TRUE,4,C,L,72,183,185,84,Bedford,New York,USA,2019,ANA,1,9,9,NaN,https://assets.nhle.com/mugs/actionshots/1296x729/8481533.jpg
8481553,Bobby,Brink,2001-07-08,TRUE,30,R,R,68,173,169,77,Minnetonka,Minnesota,USA,2019,PHI,2,3,34,NaN,https://assets.nhle.com/mugs/actionshots/1296x729/8481553.jpg
8482142,Jamie,Drysdale,2002-04-08,TRUE,4,D,R,71,180,185,84,Toronto,Ontario,CAN,2020,ANA,1,6,6,NaN,https://assets.nhle.com/mugs/actionshots/1296x729/8482142.jpg
8482159,Tyson,Foerster,2002-01-18,TRUE,4,R,R,74,188,215,98,Alliston,Ontario,CAN,2020,PHI,1,23,23,NaN,https://assets.nhle.com/mugs/actionshots/1296x729/8482159.jpg
8484387,Matvei,Michkov,2004-12-09,TRUE,4,R,L,70,178,172,78,Perm,NaN,RUS,2023,PHI,1,7,7,NaN,https://assets.nhle.com/mugs/actionshots/1296x729/8484387.jpg
8475151,Kyle,Palmieri,1991-02-01,TRUE,2,C,R,72,183,192,87,Smithtown,New York,USA,2009,ANA,1,26,26,NaN,https://assets.nhle.com/mugs/actionshots/1296x729/8475151.jpg
8475231,Casey,Cizikas,1991-02-27,TRUE,2,C,L,71,180,191,87,Toronto,Ontario,CAN,2009,NYI,4,1,92,NaN,https://assets.nhle.com/mugs/actionshots/1296x729/8475231.jpg
8475314,Anders,Lee,1990-07-03,TRUE,2,L,L,75,191,234,106,Edina,Minnesota,USA,2009,NYI,6,2,152,NaN,https://assets.nhle.com/mugs/actionshots/1296x729/8475314.jpg
8476419,Jean-Gabriel,Pageau,1992-11-11,TRUE,2,C,R,71,180,180,82,Ottawa,Ontario,CAN,2011,OTT,4,5,96,NaN,https://assets.nhle.com/mugs/actionshots/1296x729/8476419.jpg
8476429,Scott,Mayfield,1992-10-14,TRUE,2,D,R,76,193,215,98,St. Louis,Missouri,USA,2011,NYI,2,4,34,NaN,https://assets.nhle.com/mugs/actionshots/1296x729/8476429.jpg
8476917,Adam,Pelech,1994-08-16,TRUE,2,D,L,75,191,212,96,Toronto,Ontario,CAN,2012,NYI,3,4,65,NaN,https://assets.nhle.com/mugs/actionshots/1296x729/8476917.jpg
8477407,Anthony,Duclair,1995-08-26,TRUE,2,L,L,72,183,198,90,Pointe-Claire,Quebec,CAN,2013,NYR,3,19,80,NaN,https://assets.nhle.com/mugs/actionshots/1296x729/8477407.jpg
8477494,Jonathan,Drouin,1995-03-28,TRUE,19,L,L,71,180,189,86,Ste-Agathe,Quebec,CAN,2013,TBL,1,3,3,NaN,https://assets.nhle.com/mugs/actionshots/1296x729/8477494.jpg
8477500,Bo,Horvat,1995-04-05,TRUE,2,C,L,73,185,225,102,London,Ontario,CAN,2013,VAN,1,9,9,NaN,https://assets.nhle.com/mugs/actionshots/1296x729/8477500.jpg
8477506,Ryan,Pulock,1994-10-06,TRUE,2,D,R,73,185,219,99,Dauphin,Manitoba,CAN,2013,NYI,1,15,15,NaN,https://assets.nhle.com/mugs/actionshots/1296x729/8477506.jpg
8477950,Tony,DeAngelo,1995-10-24,TRUE,2,D,R,72,183,190,86,Sewell,New Jersey,USA,2014,TBL,1,19,19,NaN,https://assets.nhle.com/mugs/actionshots/1296x729/8477950.jpg
8478445,Mathew,Barzal,1997-05-26,TRUE,2,C,R,73,185,186,84,Coquitlam,British Columbia,CAN,2015,NYI,1,16,16,NaN,https://assets.nhle.com/mugs/actionshots/1296x729/8478445.jpg
8480842,Filip,Hallander,2000-06-29,TRUE,5,C,L,73,185,203,92,Sundsvall,NaN,SWE,2018,PIT,2,27,58,NaN,https://assets.nhle.com/mugs/actionshots/1296x729/8480842.jpg
8481014,Alexander,Romanov,2000-01-06,TRUE,2,D,L,73,185,220,100,Moscow,NaN,RUS,2018,MTL,2,7,38,NaN,https://assets.nhle.com/mugs/actionshots/1296x729/8481014.jpg
8481601,Simon,Holmstrom,2001-05-24,TRUE,2,R,L,73,185,208,94,Tranas,NaN,SWE,2019,NYI,1,23,23,NaN,https://assets.nhle.com/mugs/actionshots/1296x729/8481601.jpg
8482476,Emil,Heineman,2001-11-16,TRUE,2,L,L,74,188,204,93,Leksand,NaN,SWE,2020,FLA,2,12,43,NaN,https://assets.nhle.com/mugs/actionshots/1296x729/8482476.jpg
8484958,Maxim,Tsyplakov,1998-09-19,TRUE,1,R,L,75,191,203,92,Moscow,NaN,RUS,NaN,NaN,NaN,NaN,NaN,NaN,https://assets.nhle.com/mugs/actionshots/1296x729/8484958.jpg
8485366,Matthew,Schaefer,2007-09-05,TRUE,2,D,L,74,188,186,84,Hamilton,Ontario,CAN,2025,NYI,1,1,1,NaN,https://assets.nhle.com/mugs/actionshots/1296x729/8485366.jpg
8485702,Max,Shabanov,2000-10-07,TRUE,2,R,L,69,175,167,76,Chelyabinsk,NaN,RUS,NaN,NaN,NaN,NaN,NaN,NaN,https://assets.nhle.com/mugs/actionshots/1296x729/8485702.jpg
8473533,Jordan,Staal,1988-09-10,TRUE,12,C,L,76,193,220,100,Thunder Bay,Ontario,CAN,2006,PIT,1,2,2,NaN,https://assets.nhle.com/mugs/actionshots/1296x729/8473533.jpg
8474149,Evgenii,Dadonov,1989-03-12,TRUE,1,L,L,71,180,188,85,Chelyabinsk,NaN,RUS,2007,FLA,3,10,71,NaN,https://assets.nhle.com/mugs/actionshots/1296x729/8474149.jpg
8475455,Brenden,Dillon,1990-11-13,TRUE,1,D,L,76,193,225,102,New Westminster,British Columbia,CAN,NaN,NaN,NaN,NaN,NaN,NaN,https://assets.nhle.com/mugs/actionshots/1296x729/8475455.jpg
8475791,Taylor,Hall,1991-11-14,TRUE,12,L,L,73,185,210,95,Calgary,Alberta,CAN,2010,EDM,1,1,1,NaN,https://assets.nhle.com/mugs/actionshots/1296x729/8475791.jpg
8476292,Ondrej,Palat,1991-03-28,TRUE,2,L,L,72,183,194,88,Frydek-Mistek,NaN,CZE,2011,TBL,7,27,208,NaN,https://assets.nhle.com/mugs/actionshots/1296x729/8476292.jpg
8476462,Dougie,Hamilton,1993-06-17,TRUE,1,D,R,78,198,230,104,Toronto,Ontario,CAN,2011,BOS,1,9,9,NaN,https://assets.nhle.com/mugs/actionshots/1296x729/8476462.jpg
8476822,Luke,Glendening,1989-04-28,TRUE,4,C,R,71,180,190,86,Grand Rapids,Michigan,USA,NaN,NaN,NaN,NaN,NaN,NaN,https://assets.nhle.com/mugs/actionshots/1296x729/8476822.jpg
8476906,Shayne,Gostisbehere,1993-04-20,TRUE,12,D,L,71,180,183,83,Pembroke Pines,Florida,USA,2012,PHI,3,17,78,NaN,https://assets.nhle.com/mugs/actionshots/1296x729/8476906.jpg
8476921,Jordan,Martinook,1992-07-25,TRUE,12,L,L,73,185,208,94,Brandon,Manitoba,CAN,2012,PHX,2,28,58,NaN,https://assets.nhle.com/mugs/actionshots/1296x729/8476921.jpg
8476958,Jaccob,Slavin,1994-05-01,TRUE,12,D,L,75,191,207,94,Denver,Colorado,USA,2012,CAR,4,29,120,NaN,https://assets.nhle.com/mugs/actionshots/1296x729/8476958.jpg
8477015,Connor,Brown,1994-01-14,TRUE,1,R,R,72,183,184,83,Toronto,Ontario,CAN,2012,TOR,6,5,156,NaN,https://assets.nhle.com/mugs/actionshots/1296x729/8477015.jpg
8477478,William,Carrier,1994-12-20,TRUE,12,L,L,74,188,214,97,LaSalle,Quebec,CAN,2013,STL,2,27,57,NaN,https://assets.nhle.com/mugs/actionshots/1296x729/8477478.jpg
8477488,Brett,Pesce,1994-11-15,TRUE,1,D,R,75,191,206,93,Tarrytown,New York,USA,2013,CAR,3,5,66,NaN,https://assets.nhle.com/mugs/actionshots/1296x729/8477488.jpg
8477940,Nikolaj,Ehlers,1996-02-14,TRUE,12,L,L,72,183,168,76,Aalborg,NaN,DNK,2014,WPG,1,9,9,NaN,https://assets.nhle.com/mugs/actionshots/1296x729/8477940.jpg
8478399,Jonas,Siegenthaler,1997-05-06,TRUE,1,D,L,74,188,218,99,Zurich,NaN,CHE,2015,WSH,2,27,57,NaN,https://assets.nhle.com/mugs/actionshots/1296x729/8478399.jpg
8478414,Timo,Meier,1996-10-08,TRUE,1,R,L,73,185,220,100,Herisau,NaN,CHE,2015,SJS,1,9,9,NaN,https://assets.nhle.com/mugs/actionshots/1296x729/8478414.jpg
8478427,Sebastian,Aho,1997-07-26,TRUE,12,C,L,72,183,189,86,Rauma,NaN,FIN,2015,CAR,2,5,35,NaN,https://assets.nhle.com/mugs/actionshots/1296x729/8478427.jpg
8478970,Jalen,Chatfield,1996-05-15,TRUE,12,D,R,73,185,209,95,Ypsilanti,Michigan,USA,NaN,NaN,NaN,NaN,NaN,NaN,https://assets.nhle.com/mugs/actionshots/1296x729/8478970.jpg
8479407,Jesper,Bratt,1998-07-30,TRUE,1,L,L,70,178,175,79,Stockholm,NaN,SWE,2016,NJD,6,11,162,NaN,https://assets.nhle.com/mugs/actionshots/1296x729/8479407.jpg
8479996,Cody,Glass,1999-04-01,TRUE,1,C,R,75,191,201,91,Winnipeg,Manitoba,CAN,2017,VGK,1,6,6,NaN,https://assets.nhle.com/mugs/actionshots/1296x729/8479996.jpg
8480002,Nico,Hischier,1999-01-04,TRUE,1,C,L,73,185,200,91,Naters,NaN,CHE,2017,NJD,1,1,1,NaN,https://assets.nhle.com/mugs/actionshots/1296x729/8480002.jpg
8480336,Sean,Walker,1994-11-13,TRUE,12,D,R,71,180,191,87,Keswick,Ontario,CAN,NaN,NaN,NaN,NaN,NaN,NaN,https://assets.nhle.com/mugs/actionshots/1296x729/8480336.jpg
8480762,Eric,Robinson,1995-06-14,TRUE,12,L,L,74,188,220,100,Bellmawr,New Jersey,USA,NaN,NaN,NaN,NaN,NaN,NaN,https://assets.nhle.com/mugs/actionshots/1296x729/8480762.jpg
8480817,K'Andre,Miller,2000-01-21,TRUE,12,D,L,77,196,210,95,St. Paul,Minnesota,USA,2018,NYR,1,22,22,NaN,https://assets.nhle.com/mugs/actionshots/1296x729/8480817.jpg
8480829,Jesperi,Kotkaniemi,2000-07-06,TRUE,12,C,L,75,191,212,96,Pori,NaN,FIN,2018,MTL,1,3,3,NaN,https://assets.nhle.com/mugs/actionshots/1296x729/8480829.jpg
8480830,Andrei,Svechnikov,2000-03-26,TRUE,12,R,L,75,191,200,91,Barnaul,NaN,RUS,2018,CAR,1,2,2,NaN,https://assets.nhle.com/mugs/actionshots/1296x729/8480830.jpg
8481032,Paul,Cotter,1999-11-16,TRUE,1,L,L,74,188,213,97,Canton,Michigan,USA,2018,VGK,4,22,115,NaN,https://assets.nhle.com/mugs/actionshots/1296x729/8481032.jpg
8481559,Jack,Hughes,2001-05-14,TRUE,1,C,L,71,180,175,79,Orlando,Florida,USA,2019,NJD,1,1,1,NaN,https://assets.nhle.com/mugs/actionshots/1296x729/8481559.jpg
8481721,Arseny,Gritsyuk,2001-03-15,TRUE,1,R,L,72,183,195,88,Krasnoyarsk,NaN,RUS,2019,NJD,5,5,129,NaN,https://assets.nhle.com/mugs/actionshots/1296x729/8481721.jpg
8482093,Seth,Jarvis,2002-02-01,TRUE,12,C,R,70,178,180,82,Winnipeg,Manitoba,CAN,2020,CAR,1,13,13,NaN,https://assets.nhle.com/mugs/actionshots/1296x729/8482093.jpg
8482100,Alexander,Nikishin,2001-10-02,TRUE,12,D,L,75,191,218,99,Orel,NaN,RUS,2020,CAR,3,7,69,NaN,https://assets.nhle.com/mugs/actionshots/1296x729/8482100.jpg
8482110,Dawson,Mercer,2001-10-27,TRUE,1,C,R,72,183,180,82,Carbonear,Newfoundland and Labrador,CAN,2020,NJD,1,18,18,NaN,https://assets.nhle.com/mugs/actionshots/1296x729/8482110.jpg
8482684,Luke,Hughes,2003-09-09,TRUE,1,D,L,74,188,198,90,Manchester,New Hampshire,USA,2021,NJD,1,4,4,NaN,https://assets.nhle.com/mugs/actionshots/1296x729/8482684.jpg
8482702,Logan,Stankoven,2003-02-26,TRUE,12,C,R,68,173,165,75,Kamloops,British Columbia,CAN,2021,DAL,2,15,47,NaN,https://assets.nhle.com/mugs/actionshots/1296x729/8482702.jpg
8482809,Jackson,Blake,2003-08-03,TRUE,12,R,R,71,180,185,84,Fargo,North Dakota,USA,2021,CAR,4,13,109,NaN,https://assets.nhle.com/mugs/actionshots/1296x729/8482809.jpg
8483495,Simon,Nemec,2004-02-15,TRUE,1,D,R,73,185,190,86,Liptovsky Mikulas,NaN,SVK,2022,NJD,1,2,2,NaN,https://assets.nhle.com/mugs/actionshots/1296x729/8483495.jpg
8474567,Zach,Bogosian,1990-07-15,TRUE,30,D,R,75,191,231,105,Massena,New York,USA,2008,ATL,1,3,3,NaN,https://assets.nhle.com/mugs/actionshots/1296x729/8474567.jpg
8474716,Jared,Spurgeon,1989-11-29,TRUE,30,D,R,69,175,166,75,Edmonton,Alberta,CAN,2008,NYI,6,5,156,NaN,https://assets.nhle.com/mugs/actionshots/1296x729/8474716.jpg
8475149,Marcus,Johansson,1990-10-06,TRUE,30,L,L,73,185,203,92,Landskrona,NaN,SWE,2009,WSH,1,24,24,NaN,https://assets.nhle.com/mugs/actionshots/1296x729/8475149.jpg
8475170,Brayden,Schenn,1991-08-22,TRUE,2,C,L,73,185,200,91,Saskatoon,Saskatchewan,CAN,2009,LAK,1,5,5,NaN,https://assets.nhle.com/mugs/actionshots/1296x729/8475170.jpg
8475220,Marcus,Foligno,1991-08-10,TRUE,30,L,L,75,191,226,103,Buffalo,New York,USA,2009,BUF,4,13,104,NaN,https://assets.nhle.com/mugs/actionshots/1296x729/8475220.jpg
8475753,Justin,Faulk,1992-03-20,TRUE,17,D,R,72,183,208,94,South St. Paul,Minnesota,USA,2010,CAR,2,7,37,NaN,https://assets.nhle.com/mugs/actionshots/1296x729/8475753.jpg
8475760,Nick,Bjugstad,1992-07-17,TRUE,1,C,R,78,198,210,95,Minneapolis,Minnesota,USA,2010,FLA,1,19,19,NaN,https://assets.nhle.com/mugs/actionshots/1296x729/8475760.jpg
8475764,Cam,Fowler,1991-12-05,TRUE,19,D,L,74,188,213,97,Windsor,Ontario,CAN,2010,ANA,1,12,12,NaN,https://assets.nhle.com/mugs/actionshots/1296x729/8475764.jpg
8475765,Vladimir,Tarasenko,1991-12-13,TRUE,30,R,L,73,185,219,99,Yaroslavl,NaN,RUS,2010,STL,1,16,16,NaN,https://assets.nhle.com/mugs/actionshots/1296x729/8475765.jpg
8476892,Colton,Parayko,1993-05-12,TRUE,19,D,R,78,198,228,103,St. Albert,Alberta,CAN,2012,STL,3,25,86,NaN,https://assets.nhle.com/mugs/actionshots/1296x729/8476892.jpg
8476994,Vinnie,Hinostroza,1994-04-03,TRUE,13,C,R,70,178,183,83,Chicago,Illinois,USA,2012,CHI,6,18,169,NaN,https://assets.nhle.com/mugs/actionshots/1296x729/8476994.jpg
8477402,Pavel,Buchnevich,1995-04-17,TRUE,19,L,L,73,185,196,89,Cherepovets,NaN,RUS,2013,NYR,3,14,75,NaN,https://assets.nhle.com/mugs/actionshots/1296x729/8477402.jpg
8477451,Ryan,Hartman,1994-09-20,TRUE,30,R,R,72,183,197,89,Hilton Head Island,South Carolina,USA,2013,CHI,1,30,30,NaN,https://assets.nhle.com/mugs/actionshots/1296x729/8477451.jpg
8477573,Nathan,Walker,1994-02-07,TRUE,19,L,L,69,175,191,87,Cardiff,NaN,GBR,2014,WSH,3,29,89,NaN,https://assets.nhle.com/mugs/actionshots/1296x729/8477573.jpg
8478136,Jake,Middleton,1996-01-02,TRUE,30,D,L,75,191,219,99,Wainwright,Alberta,CAN,2014,LAK,7,30,210,NaN,https://assets.nhle.com/mugs/actionshots/1296x729/8478136.jpg
8478472,Mathieu,Joseph,1997-02-09,TRUE,26,R,L,73,185,189,86,Laval,Quebec,CAN,2015,TBL,4,29,120,NaN,https://assets.nhle.com/mugs/actionshots/1296x729/8478472.jpg
8478493,Joel,Eriksson Ek,1997-01-29,TRUE,30,C,L,75,191,207,94,Karlstad,NaN,SWE,2015,MIN,1,20,20,NaN,https://assets.nhle.com/mugs/actionshots/1296x729/8478493.jpg
8478508,Yakov,Trenin,1997-01-13,TRUE,30,C,L,74,188,201,91,Chelyabinsk,NaN,RUS,2015,NSH,2,25,55,NaN,https://assets.nhle.com/mugs/actionshots/1296x729/8478508.jpg
8478864,Kirill,Kaprizov,1997-04-26,TRUE,30,L,L,70,178,202,92,Novokuznetsk,NaN,RUS,2015,MIN,5,14,135,NaN,https://assets.nhle.com/mugs/actionshots/1296x729/8478864.jpg
8479385,Jordan,Kyrou,1998-05-05,TRUE,19,R,R,73,185,189,86,Toronto,Ontario,CAN,2016,STL,2,5,35,NaN,https://assets.nhle.com/mugs/actionshots/1296x729/8479385.jpg
8480023,Robert,Thomas,1999-07-02,TRUE,19,C,R,72,183,207,94,Aurora,Ontario,CAN,2017,STL,1,20,20,NaN,https://assets.nhle.com/mugs/actionshots/1296x729/8480023.jpg
8480281,Alexey,Toropchenko,1999-06-25,TRUE,19,R,L,78,198,225,102,Moscow,NaN,RUS,2017,STL,4,20,113,NaN,https://assets.nhle.com/mugs/actionshots/1296x729/8480281.jpg
8480459,Pius,Suter,1996-05-24,TRUE,19,C,L,71,180,172,78,Zurich,NaN,CHE,NaN,NaN,NaN,NaN,NaN,NaN,https://assets.nhle.com/mugs/actionshots/1296x729/8480459.jpg
8481006,Tyler,Tucker,2000-03-01,TRUE,19,D,L,73,185,204,93,Thunder Bay,Ontario,CAN,2018,STL,7,14,200,NaN,https://assets.nhle.com/mugs/actionshots/1296x729/8481006.jpg
8481557,Matt,Boldy,2001-04-05,TRUE,30,L,L,74,188,201,91,Milford,Massachusetts,USA,2019,MIN,1,12,12,NaN,https://assets.nhle.com/mugs/actionshots/1296x729/8481557.jpg
8481598,Philip,Broberg,2001-06-25,TRUE,19,D,L,76,193,210,95,Orebro,NaN,SWE,2019,EDM,1,8,8,NaN,https://assets.nhle.com/mugs/actionshots/1296x729/8481598.jpg
8482077,Dylan,Holloway,2001-09-23,TRUE,19,L,L,73,185,207,94,Calgary,Alberta,CAN,2020,EDM,1,14,14,NaN,https://assets.nhle.com/mugs/actionshots/1296x729/8482077.jpg
8482079,Marco,Rossi,2001-09-23,TRUE,23,C,L,69,175,182,83,Feldkirch,NaN,AUT,2020,MIN,1,9,9,NaN,https://assets.nhle.com/mugs/actionshots/1296x729/8482079.jpg
8482089,Jake,Neighbours,2002-03-29,TRUE,19,L,L,72,183,201,91,Calgary,Alberta,CAN,2020,STL,1,26,26,NaN,https://assets.nhle.com/mugs/actionshots/1296x729/8482089.jpg
8482122,Brock,Faber,2002-08-22,TRUE,30,D,R,73,185,200,91,Maple Grove,Minnesota,USA,2020,LAK,2,14,45,NaN,https://assets.nhle.com/mugs/actionshots/1296x729/8482122.jpg
8482733,Logan,Mailloux,2003-04-15,TRUE,19,D,R,75,191,212,96,Belle River,Ontario,CAN,2021,MTL,1,31,31,NaN,https://assets.nhle.com/mugs/actionshots/1296x729/8482733.jpg
8483452,Hunter,Haight,2004-04-04,TRUE,30,C,R,70,178,173,78,Strathroy,Ontario,CAN,2022,MIN,2,15,47,NaN,https://assets.nhle.com/mugs/actionshots/1296x729/8483452.jpg
8483460,David,Jiricek,2003-11-28,TRUE,4,D,R,76,193,204,93,Klatovy,NaN,CZE,2022,CBJ,1,6,6,NaN,https://assets.nhle.com/mugs/actionshots/1296x729/8483460.jpg
8483499,Liam,Ohgren,2004-01-28,TRUE,23,L,L,72,183,187,85,Stockholm,NaN,SWE,2022,MIN,1,19,19,NaN,https://assets.nhle.com/mugs/actionshots/1296x729/8483499.jpg
8483516,Jimmy,Snuggerud,2004-06-01,TRUE,19,R,R,73,185,193,88,Minneapolis,Minnesota,USA,2022,STL,1,23,23,NaN,https://assets.nhle.com/mugs/actionshots/1296x729/8483516.jpg
8484798,Zeev,Buium,2005-12-07,TRUE,23,D,L,72,183,183,83,San Diego,California,USA,2024,MIN,1,12,12,NaN,https://assets.nhle.com/mugs/actionshots/1296x729/8484798.jpg
8474564,Steven,Stamkos,1990-02-07,TRUE,18,C,R,73,185,193,88,Markham,Ontario,CAN,2008,TBL,1,1,1,NaN,https://assets.nhle.com/mugs/actionshots/1296x729/8474564.jpg
8474600,Roman,Josi,1990-06-01,TRUE,18,D,L,73,185,201,91,Bern,NaN,CHE,2008,NSH,2,8,38,NaN,https://assets.nhle.com/mugs/actionshots/1296x729/8474600.jpg
8475158,Ryan,O'Reilly,1991-02-07,TRUE,18,C,L,73,185,207,94,Clinton,Ontario,CAN,2009,COL,2,3,33,NaN,https://assets.nhle.com/mugs/actionshots/1296x729/8475158.jpg
8475287,Erik,Haula,1991-03-23,TRUE,18,L,L,71,180,191,87,Pori,NaN,FIN,2009,MIN,7,2,182,NaN,https://assets.nhle.com/mugs/actionshots/1296x729/8475287.jpg
8475745,Charlie,Coyle,1992-03-02,TRUE,29,C,R,75,191,221,100,East Weymouth,Massachusetts,USA,2010,SJS,1,28,28,NaN,https://assets.nhle.com/mugs/actionshots/1296x729/8475745.jpg
8475790,Erik,Gudbranson,1992-01-07,TRUE,29,D,R,77,196,222,101,Ottawa,Ontario,CAN,2010,FLA,1,3,3,NaN,https://assets.nhle.com/mugs/actionshots/1296x729/8475790.jpg
8476432,Boone,Jenner,1993-06-15,TRUE,29,C,L,74,188,204,93,Dorchester,Ontario,CAN,2011,CBJ,2,7,37,NaN,https://assets.nhle.com/mugs/actionshots/1296x729/8476432.jpg
8476539,Jonathan,Marchessault,1990-12-27,TRUE,18,C,R,69,175,185,84,Cap-Rouge,Quebec,CAN,NaN,NaN,NaN,NaN,NaN,NaN,https://assets.nhle.com/mugs/actionshots/1296x729/8476539.jpg
8476869,Brady,Skjei,1994-03-26,TRUE,18,D,L,75,191,210,95,Lakeville,Minnesota,USA,2012,NYR,1,28,28,NaN,https://assets.nhle.com/mugs/actionshots/1296x729/8476869.jpg
8476887,Filip,Forsberg,1994-08-13,TRUE,18,L,R,73,185,205,93,Ostervala,NaN,SWE,2012,WSH,1,11,11,NaN,https://assets.nhle.com/mugs/actionshots/1296x729/8476887.jpg
8476923,Damon,Severson,1994-08-07,TRUE,29,D,R,74,188,204,93,Melville,Saskatchewan,CAN,2012,NJD,2,30,60,NaN,https://assets.nhle.com/mugs/actionshots/1296x729/8476923.jpg
8477425,Miles,Wood,1995-09-13,TRUE,29,L,L,74,188,209,95,Buffalo,New York,USA,2013,NJD,4,9,100,NaN,https://assets.nhle.com/mugs/actionshots/1296x729/8477425.jpg
8477446,Michael,McCarron,1995-03-07,TRUE,30,C,R,78,198,232,105,Grosse Pointe,Michigan,USA,2013,MTL,1,25,25,NaN,https://assets.nhle.com/mugs/actionshots/1296x729/8477446.jpg
8477497,Sean,Monahan,1994-10-12,TRUE,29,C,L,74,188,206,93,Brampton,Ontario,CAN,2013,CGY,1,6,6,NaN,https://assets.nhle.com/mugs/actionshots/1296x729/8477497.jpg
8478047,Michael,Bunting,1995-09-17,TRUE,25,L,L,72,183,186,84,Scarborough,Ontario,CAN,2014,ARI,4,27,117,NaN,https://assets.nhle.com/mugs/actionshots/1296x729/8478047.jpg
8478460,Zach,Werenski,1997-07-19,TRUE,29,D,L,74,188,214,97,Grosse Pointe,Michigan,USA,2015,CBJ,1,8,8,NaN,https://assets.nhle.com/mugs/actionshots/1296x729/8478460.jpg
8478500,Ivan,Provorov,1997-01-13,TRUE,29,D,L,73,185,224,102,Yaroslavl,NaN,RUS,2015,PHI,1,7,7,NaN,https://assets.nhle.com/mugs/actionshots/1296x729/8478500.jpg
8479370,Tyson,Jost,1998-03-14,TRUE,18,C,L,71,180,187,85,St. Albert,Alberta,CAN,2016,COL,1,10,10,NaN,https://assets.nhle.com/mugs/actionshots/1296x729/8479370.jpg
8479371,Dante,Fabbro,1998-06-20,TRUE,29,D,R,72,183,200,91,Coquitlam,British Columbia,CAN,2016,NSH,1,17,17,NaN,https://assets.nhle.com/mugs/actionshots/1296x729/8479371.jpg
8479671,Mathieu,Olivier,1997-02-11,TRUE,29,R,R,73,185,232,105,Biloxi,Mississippi,USA,NaN,NaN,NaN,NaN,NaN,NaN,https://assets.nhle.com/mugs/actionshots/1296x729/8479671.jpg
8479944,Zachary,Aston-Reese,1994-08-10,TRUE,29,L,L,73,185,203,92,Staten Island,New York,USA,NaN,NaN,NaN,NaN,NaN,NaN,https://assets.nhle.com/mugs/actionshots/1296x729/8479944.jpg
8480246,Nick,Perbix,1998-06-15,TRUE,18,D,R,76,193,206,93,Elk River,Minnesota,USA,2017,TBL,6,14,169,NaN,https://assets.nhle.com/mugs/actionshots/1296x729/8480246.jpg
8480806,Isac,Lundestrom,1999-11-06,TRUE,29,C,L,73,185,192,87,Gallivare,NaN,SWE,2018,ANA,1,23,23,NaN,https://assets.nhle.com/mugs/actionshots/1296x729/8480806.jpg
8480893,Kirill,Marchenko,2000-07-21,TRUE,29,R,R,75,191,201,91,Barnaul,NaN,RUS,2018,CBJ,2,18,49,NaN,https://assets.nhle.com/mugs/actionshots/1296x729/8480893.jpg
8481056,Spencer,Stastney,2000-01-04,TRUE,22,D,L,72,183,184,83,Woodridge,Illinois,USA,2018,NSH,5,7,131,NaN,https://assets.nhle.com/mugs/actionshots/1296x729/8481056.jpg
8481716,Dmitri,Voronkov,2000-09-10,TRUE,29,L,L,77,196,234,106,Angarsk,NaN,RUS,2019,CBJ,4,21,114,NaN,https://assets.nhle.com/mugs/actionshots/1296x729/8481716.jpg
8482062,Cole,Smith,1995-10-28,TRUE,54,R,L,75,191,195,88,Brainerd,Minnesota,USA,NaN,NaN,NaN,NaN,NaN,NaN,https://assets.nhle.com/mugs/actionshots/1296x729/8482062.jpg
8482111,Justin,Barron,2001-11-15,TRUE,18,D,R,74,188,198,90,Halifax,Nova Scotia,CAN,2020,COL,1,25,25,NaN,https://assets.nhle.com/mugs/actionshots/1296x729/8482111.jpg
8482482,Adam,Wilsby,2000-08-07,TRUE,18,D,L,73,185,188,85,Stockholm,NaN,SWE,2020,NSH,4,8,101,NaN,https://assets.nhle.com/mugs/actionshots/1296x729/8482482.jpg
8482660,Kent,Johnson,2002-10-18,TRUE,29,C,L,72,183,170,77,Port Moody,British Columbia,CAN,2021,CBJ,1,5,5,NaN,https://assets.nhle.com/mugs/actionshots/1296x729/8482660.jpg
8482705,Cole,Sillinger,2003-05-16,TRUE,29,C,L,72,183,202,92,Columbus,Ohio,USA,2021,CBJ,1,12,12,NaN,https://assets.nhle.com/mugs/actionshots/1296x729/8482705.jpg
8482768,Fedor,Svechkov,2003-04-05,TRUE,18,C,L,72,183,187,85,Togliatti,NaN,RUS,2021,NSH,1,19,19,NaN,https://assets.nhle.com/mugs/actionshots/1296x729/8482768.jpg
8483465,Joakim,Kemell,2004-04-27,TRUE,18,R,R,71,180,182,83,Jyvaskyla,NaN,FIN,2022,NSH,1,17,17,NaN,https://assets.nhle.com/mugs/actionshots/1296x729/8483465.jpg
8483485,Denton,Mateychuk,2004-07-12,TRUE,29,D,L,71,180,188,85,Winnipeg,Manitoba,CAN,2022,CBJ,1,12,12,NaN,https://assets.nhle.com/mugs/actionshots/1296x729/8483485.jpg
8484166,Adam,Fantilli,2004-10-12,TRUE,29,C,L,74,188,205,93,Nobleton,Ontario,CAN,2023,CBJ,1,3,3,NaN,https://assets.nhle.com/mugs/actionshots/1296x729/8484166.jpg
8485405,Brady,Martin,2007-03-16,TRUE,18,C,R,72,183,185,84,Kitchener,Ontario,CAN,2025,NSH,1,5,5,NaN,https://assets.nhle.com/mugs/actionshots/1296x729/8485405.jpg
8473604,Jonathan,Toews,1988-04-29,TRUE,52,C,L,74,188,201,91,Winnipeg,Manitoba,CAN,2006,CHI,1,3,3,NaN,https://assets.nhle.com/mugs/actionshots/1296x729/8473604.jpg
8474568,Luke,Schenn,1989-11-02,TRUE,7,D,R,74,188,225,102,Saskatoon,Saskatchewan,CAN,2008,TOR,1,5,5,NaN,https://assets.nhle.com/mugs/actionshots/1296x729/8474568.jpg
8474679,Gustav,Nyquist,1989-09-01,TRUE,52,R,L,71,180,180,82,Halmstad,NaN,SWE,2008,DET,4,30,121,NaN,https://assets.nhle.com/mugs/actionshots/1296x729/8474679.jpg
8475168,Matt,Duchene,1991-01-16,TRUE,25,C,L,71,180,211,96,Haliburton,Ontario,CAN,2009,COL,1,3,3,NaN,https://assets.nhle.com/mugs/actionshots/1296x729/8475168.jpg
8475794,Tyler,Seguin,1992-01-31,TRUE,25,C,R,74,188,205,93,Brampton,Ontario,CAN,2010,BOS,1,2,2,NaN,https://assets.nhle.com/mugs/actionshots/1296x729/8475794.jpg
8475799,Nino,Niederreiter,1992-09-08,TRUE,52,R,L,74,188,218,99,Chur,NaN,CHE,2010,NYI,1,5,5,NaN,https://assets.nhle.com/mugs/actionshots/1296x729/8475799.jpg
8476278,Colin,Blackwell,1993-03-28,TRUE,25,C,R,68,173,181,82,North Andover,Massachusetts,USA,2011,SJS,7,13,194,NaN,https://assets.nhle.com/mugs/actionshots/1296x729/8476278.jpg
8476331,Dylan,DeMelo,1993-05-01,TRUE,52,D,R,73,185,194,88,London,Ontario,CAN,2011,SJS,6,28,179,NaN,https://assets.nhle.com/mugs/actionshots/1296x729/8476331.jpg
8476460,Mark,Scheifele,1993-03-15,TRUE,52,C,R,75,191,207,94,Kitchener,Ontario,CAN,2011,WPG,1,7,7,NaN,https://assets.nhle.com/mugs/actionshots/1296x729/8476460.jpg
8476480,Vladislav,Namestnikov,1992-11-22,TRUE,52,C,L,72,183,181,82,Zhukovskiy,NaN,RUS,2011,TBL,1,27,27,NaN,https://assets.nhle.com/mugs/actionshots/1296x729/8476480.jpg
8476871,Tanner,Pearson,1992-08-10,TRUE,7,L,L,73,185,207,94,Kitchener,Ontario,CAN,2012,LAK,1,30,30,NaN,https://assets.nhle.com/mugs/actionshots/1296x729/8476871.jpg
8476889,Radek,Faksa,1994-01-09,TRUE,25,C,L,75,191,216,98,Vitkov,NaN,CZE,2012,DAL,1,13,13,NaN,https://assets.nhle.com/mugs/actionshots/1296x729/8476889.jpg
8476902,Esa,Lindell,1994-05-23,TRUE,25,D,L,75,191,217,98,Vantaa,NaN,FIN,2012,DAL,3,13,74,NaN,https://assets.nhle.com/mugs/actionshots/1296x729/8476902.jpg
8477504,Josh,Morrissey,1995-03-28,TRUE,52,D,L,72,183,195,88,Calgary,Alberta,CAN,2013,WPG,1,13,13,NaN,https://assets.nhle.com/mugs/actionshots/1296x729/8477504.jpg
8477938,Haydn,Fleury,1996-07-08,TRUE,52,D,L,76,193,207,94,Carlyle,Saskatchewan,CAN,2014,CAR,1,7,7,NaN,https://assets.nhle.com/mugs/actionshots/1296x729/8477938.jpg
8478398,Kyle,Connor,1996-12-09,TRUE,52,L,L,73,185,183,83,Shelby Township,Michigan,USA,2015,WPG,1,17,17,NaN,https://assets.nhle.com/mugs/actionshots/1296x729/8478398.jpg
8478420,Mikko,Rantanen,1996-10-29,TRUE,25,R,L,76,193,228,103,Nousiainen,NaN,FIN,2015,COL,1,10,10,NaN,https://assets.nhle.com/mugs/actionshots/1296x729/8478420.jpg
8478449,Roope,Hintz,1996-11-17,TRUE,25,C,L,75,191,217,98,Nokia,NaN,FIN,2015,DAL,2,19,49,NaN,https://assets.nhle.com/mugs/actionshots/1296x729/8478449.jpg
8479351,Sam,Steel,1998-02-03,TRUE,25,C,L,72,183,185,84,Ardrossan,Alberta,CAN,2016,ANA,1,30,30,NaN,https://assets.nhle.com/mugs/actionshots/1296x729/8479351.jpg
8479378,Logan,Stanley,1998-05-26,TRUE,7,D,L,79,201,231,105,Waterloo,Ontario,CAN,2016,WPG,1,18,18,NaN,https://assets.nhle.com/mugs/actionshots/1296x729/8479378.jpg
8479414,Nathan,Bastian,1997-12-06,TRUE,25,R,R,76,193,217,98,Kitchener,Ontario,CAN,2016,NJD,2,11,41,NaN,https://assets.nhle.com/mugs/actionshots/1296x729/8479414.jpg
8480014,Gabriel,Vilardi,1999-08-16,TRUE,52,C,R,75,191,216,98,Kingston,Ontario,CAN,2017,LAK,1,11,11,NaN,https://assets.nhle.com/mugs/actionshots/1296x729/8480014.jpg
8480027,Jason,Robertson,1999-07-22,TRUE,25,L,L,75,191,204,93,Arcadia,California,USA,2017,DAL,2,8,39,NaN,https://assets.nhle.com/mugs/actionshots/1296x729/8480027.jpg
8480036,Miro,Heiskanen,1999-07-18,TRUE,25,D,L,74,188,197,89,Espoo,NaN,FIN,2017,DAL,1,3,3,NaN,https://assets.nhle.com/mugs/actionshots/1296x729/8480036.jpg
8480113,Alex,Iafallo,1993-12-21,TRUE,52,L,L,72,183,201,91,Eden,New York,USA,NaN,NaN,NaN,NaN,NaN,NaN,https://assets.nhle.com/mugs/actionshots/1296x729/8480113.jpg
8480145,Neal,Pionk,1995-07-29,TRUE,52,D,R,72,183,190,86,Omaha,Nebraska,USA,NaN,NaN,NaN,NaN,NaN,NaN,https://assets.nhle.com/mugs/actionshots/1296x729/8480145.jpg
8480289,Morgan,Barron,1998-12-02,TRUE,52,C,L,76,193,220,100,Halifax,Nova Scotia,CAN,2017,NYR,6,19,174,NaN,https://assets.nhle.com/mugs/actionshots/1296x729/8480289.jpg
8480878,Nils,Lundkvist,2000-07-27,TRUE,25,D,R,73,185,194,88,Pitea,NaN,SWE,2018,NYR,1,28,28,NaN,https://assets.nhle.com/mugs/actionshots/1296x729/8480878.jpg
8480950,Ilya,Lyubushkin,1994-04-06,TRUE,25,D,R,74,188,206,93,Moscow,NaN,RUS,NaN,NaN,NaN,NaN,NaN,NaN,https://assets.nhle.com/mugs/actionshots/1296x729/8480950.jpg
8481043,Cole,Koepke,1998-05-17,TRUE,52,L,L,73,185,207,94,Two Harbors,Minnesota,USA,2018,TBL,6,28,183,NaN,https://assets.nhle.com/mugs/actionshots/1296x729/8481043.jpg
8481581,Thomas,Harley,2001-08-19,TRUE,25,D,L,75,191,214,97,Syracuse,New York,USA,2019,DAL,1,18,18,NaN,https://assets.nhle.com/mugs/actionshots/1296x729/8481581.jpg
8482145,Mavrik,Bourque,2002-01-08,TRUE,25,C,R,71,180,187,85,Plessisville,Quebec,CAN,2020,DAL,1,30,30,NaN,https://assets.nhle.com/mugs/actionshots/1296x729/8482145.jpg
8482740,Wyatt,Johnston,2003-05-14,TRUE,25,C,R,73,185,187,85,Toronto,Ontario,CAN,2021,DAL,1,23,23,NaN,https://assets.nhle.com/mugs/actionshots/1296x729/8482740.jpg
8482787,Nikita,Chibrikov,2003-02-16,TRUE,52,R,L,70,178,170,77,Moscow,NaN,RUS,2021,WPG,2,18,50,NaN,https://assets.nhle.com/mugs/actionshots/1296x729/8482787.jpg
8483425,Lian,Bichsel,2004-05-18,TRUE,25,D,L,79,201,237,108,Olten,NaN,CHE,2022,DAL,1,18,18,NaN,https://assets.nhle.com/mugs/actionshots/1296x729/8483425.jpg
8484829,Justin,Hryckowian,2001-02-23,TRUE,25,C,L,71,180,198,90,L'Ile-Bizard,Quebec,CAN,NaN,NaN,NaN,NaN,NaN,NaN,https://assets.nhle.com/mugs/actionshots/1296x729/8484829.jpg
8474013,Ian,Cole,1989-02-21,TRUE,68,D,L,73,185,237,108,Ann Arbor,Michigan,USA,2007,STL,1,18,18,NaN,https://assets.nhle.com/mugs/actionshots/1296x729/8474013.jpg
8475461,Andrew,Agozzino,1991-01-03,TRUE,68,L,L,70,178,187,85,Kleinburg,Ontario,CAN,NaN,NaN,NaN,NaN,NaN,NaN,https://assets.nhle.com/mugs/actionshots/1296x729/8475461.jpg
8476874,Olli,Maatta,1994-08-22,TRUE,20,D,L,74,188,207,94,Jyvaskyla,NaN,FIN,2012,PIT,1,22,22,NaN,https://assets.nhle.com/mugs/actionshots/1296x729/8476874.jpg
8477220,Nate,Schmidt,1991-07-16,TRUE,68,D,L,72,183,197,89,St. Cloud,Minnesota,USA,NaN,NaN,NaN,NaN,NaN,NaN,https://assets.nhle.com/mugs/actionshots/1296x729/8477220.jpg
8477951,Nick,Schmaltz,1996-02-23,TRUE,68,C,R,72,183,184,83,Madison,Wisconsin,USA,2014,CHI,1,20,20,NaN,https://assets.nhle.com/mugs/actionshots/1296x729/8477951.jpg
8478474,Lawson,Crouse,1997-06-23,TRUE,68,L,L,76,193,214,97,Mt. Brydges,Ontario,CAN,2015,FLA,1,11,11,NaN,https://assets.nhle.com/mugs/actionshots/1296x729/8478474.jpg
8478507,John,Marino,1997-05-21,TRUE,68,D,R,73,185,200,91,North Easton,Massachusetts,USA,2015,EDM,6,3,154,NaN,https://assets.nhle.com/mugs/actionshots/1296x729/8478507.jpg
8478831,Kevin,Stenlund,1996-09-20,TRUE,68,C,R,75,191,213,97,Stockholm,NaN,SWE,2015,CBJ,2,28,58,NaN,https://assets.nhle.com/mugs/actionshots/1296x729/8478831.jpg
8479293,Brandon,Tanev,1991-12-31,TRUE,68,L,L,72,183,189,86,Toronto,Ontario,CAN,NaN,NaN,NaN,NaN,NaN,NaN,https://assets.nhle.com/mugs/actionshots/1296x729/8479293.jpg
8479343,Clayton,Keller,1998-07-29,TRUE,68,R,L,70,178,175,79,Chesterfield,Missouri,USA,2016,ARI,1,7,7,NaN,https://assets.nhle.com/mugs/actionshots/1296x729/8479343.jpg
8479410,Mikhail,Sergachev,1998-06-25,TRUE,68,D,L,75,191,212,96,Nizhnekamsk,NaN,RUS,2016,MTL,1,9,9,NaN,https://assets.nhle.com/mugs/actionshots/1296x729/8479410.jpg
8479977,Kailer,Yamamoto,1998-09-29,TRUE,68,R,R,69,175,178,81,Spokane,Washington,USA,2017,EDM,1,22,22,NaN,https://assets.nhle.com/mugs/actionshots/1296x729/8479977.jpg
8480434,Sean,Durzi,1998-10-21,TRUE,68,D,R,73,185,196,89,Mississauga,Ontario,CAN,2018,TOR,2,21,52,NaN,https://assets.nhle.com/mugs/actionshots/1296x729/8480434.jpg
8480855,Jack,McBain,2000-01-06,TRUE,68,C,L,76,193,219,99,Toronto,Ontario,CAN,2018,MIN,3,1,63,NaN,https://assets.nhle.com/mugs/actionshots/1296x729/8480855.jpg
8482175,JJ,Peterka,2002-01-14,TRUE,68,R,L,72,183,189,86,Munich,NaN,DEU,2020,BUF,2,3,34,NaN,https://assets.nhle.com/mugs/actionshots/1296x729/8482175.jpg
8482699,Dylan,Guenther,2003-04-10,TRUE,68,R,R,73,185,191,87,Edmonton,Alberta,CAN,2021,ARI,1,9,9,NaN,https://assets.nhle.com/mugs/actionshots/1296x729/8482699.jpg
8483431,Logan,Cooley,2004-05-04,TRUE,68,C,L,72,183,191,87,Pittsburgh,Pennsylvania,USA,2022,ARI,1,3,3,NaN,https://assets.nhle.com/mugs/actionshots/1296x729/8483431.jpg
8484386,Dmitri,Simashev,2005-02-04,TRUE,68,D,L,76,193,198,90,Kostroma,NaN,RUS,2023,ARI,1,6,6,NaN,https://assets.nhle.com/mugs/actionshots/1296x729/8484386.jpg
8474574,Tyler,Myers,1990-02-01,TRUE,25,D,R,80,203,229,104,Houston,Texas,USA,2008,BUF,1,12,12,NaN,https://assets.nhle.com/mugs/actionshots/1296x729/8474574.jpg
8475169,Evander,Kane,1991-08-02,TRUE,23,L,L,74,188,218,99,Vancouver,British Columbia,CAN,2009,ATL,1,4,4,NaN,https://assets.nhle.com/mugs/actionshots/1296x729/8475169.jpg
8475762,Derek,Forbort,1992-03-04,TRUE,23,D,L,76,193,216,98,Duluth,Minnesota,USA,2010,LAK,1,15,15,NaN,https://assets.nhle.com/mugs/actionshots/1296x729/8475762.jpg
8477969,Marcus,Pettersson,1996-05-08,TRUE,23,D,L,77,196,174,79,Skelleftea,NaN,SWE,2014,ANA,2,8,38,NaN,https://assets.nhle.com/mugs/actionshots/1296x729/8477969.jpg
8478444,Brock,Boeser,1997-02-25,TRUE,23,R,R,73,185,208,94,Burnsville,Minnesota,USA,2015,VAN,1,23,23,NaN,https://assets.nhle.com/mugs/actionshots/1296x729/8478444.jpg
8478498,Jake,DeBrusk,1996-10-17,TRUE,23,L,L,73,185,198,90,Edmonton,Alberta,CAN,2015,BOS,1,14,14,NaN,https://assets.nhle.com/mugs/actionshots/1296x729/8478498.jpg
8478856,Conor,Garland,1996-03-11,TRUE,29,R,R,70,178,165,75,Scituate,Massachusetts,USA,2015,ARI,5,2,123,NaN,https://assets.nhle.com/mugs/actionshots/1296x729/8478856.jpg
8479425,Filip,Hronek,1997-11-02,TRUE,23,D,R,72,183,190,86,Hradec Kralove,NaN,CZE,2016,DET,2,23,53,NaN,https://assets.nhle.com/mugs/actionshots/1296x729/8479425.jpg
8480012,Elias,Pettersson,1998-11-12,TRUE,23,C,L,74,188,176,80,Sundsvall,NaN,SWE,2017,VAN,1,5,5,NaN,https://assets.nhle.com/mugs/actionshots/1296x729/8480012.jpg
8480078,Filip,Chytil,1999-09-05,TRUE,23,C,L,74,188,210,95,Kromeriz,NaN,CZE,2017,NYR,1,21,21,NaN,https://assets.nhle.com/mugs/actionshots/1296x729/8480078.jpg
8480748,Kiefer,Sherwood,1995-03-31,TRUE,28,L,R,72,183,194,88,Columbus,Ohio,USA,NaN,NaN,NaN,NaN,NaN,NaN,https://assets.nhle.com/mugs/actionshots/1296x729/8480748.jpg
8480800,Quinn,Hughes,1999-10-14,TRUE,30,D,L,70,178,180,82,Orlando,Florida,USA,2018,VAN,1,7,7,NaN,https://assets.nhle.com/mugs/actionshots/1296x729/8480800.jpg
8482055,Drew,O'Connor,1998-06-09,TRUE,23,L,L,76,193,209,95,Chatham,New Jersey,USA,NaN,NaN,NaN,NaN,NaN,NaN,https://assets.nhle.com/mugs/actionshots/1296x729/8482055.jpg
8482691,Aatu,Raty,2002-11-14,TRUE,23,C,L,74,188,204,93,Oulu,NaN,FIN,2021,NYI,2,20,52,NaN,https://assets.nhle.com/mugs/actionshots/1296x729/8482691.jpg
8483395,Arshdeep,Bains,2001-01-09,TRUE,23,L,L,72,183,184,83,Surrey,British Columbia,CAN,NaN,NaN,NaN,NaN,NaN,NaN,https://assets.nhle.com/mugs/actionshots/1296x729/8483395.jpg
8483476,Jonathan,Lekkerimaki,2004-07-24,TRUE,23,R,R,71,180,172,78,Tullinge,NaN,SWE,2022,VAN,1,15,15,NaN,https://assets.nhle.com/mugs/actionshots/1296x729/8483476.jpg
8483678,Elias,Pettersson,2004-02-16,TRUE,23,D,L,74,188,185,84,Vasteras,NaN,SWE,2022,VAN,3,15,80,NaN,https://assets.nhle.com/mugs/actionshots/1296x729/8483678.jpg
8471817,Ryan,Reaves,1987-01-20,TRUE,28,R,R,74,188,225,102,Winnipeg,Manitoba,CAN,2005,STL,5,31,156,NaN,https://assets.nhle.com/mugs/actionshots/1296x729/8471817.jpg
8475181,Nick,Leddy,1991-03-20,TRUE,28,D,L,72,183,205,93,Eden Prairie,Minnesota,USA,2009,MIN,1,16,16,NaN,https://assets.nhle.com/mugs/actionshots/1296x729/8475181.jpg
8475200,Dmitry,Orlov,1991-07-23,TRUE,28,D,L,71,180,215,98,Novokuznetsk,NaN,RUS,2009,WSH,2,25,55,NaN,https://assets.nhle.com/mugs/actionshots/1296x729/8475200.jpg
8475726,Tyler,Toffoli,1992-04-24,TRUE,28,C,R,72,183,205,93,Scarborough,Ontario,CAN,2010,LAK,2,17,47,NaN,https://assets.nhle.com/mugs/actionshots/1296x729/8475726.jpg
8475784,Jeff,Skinner,1992-05-16,FALSE,NaN,L,L,71,180,200,91,Toronto,Ontario,CAN,2010,CAR,1,7,7,NaN,https://assets.nhle.com/mugs/actionshots/1296x729/8475784.jpg
8475906,John,Klingberg,1992-08-14,TRUE,28,D,R,74,188,185,84,Gothenburg,NaN,SWE,2010,DAL,5,11,131,NaN,https://assets.nhle.com/mugs/actionshots/1296x729/8475906.jpg
8476624,Barclay,Goodrow,1993-02-26,TRUE,28,C,L,74,188,210,95,Toronto,Ontario,CAN,NaN,NaN,NaN,NaN,NaN,NaN,https://assets.nhle.com/mugs/actionshots/1296x729/8476624.jpg
8477018,Ben,Hutton,1993-04-20,TRUE,54,D,L,75,191,209,95,Brockville,Ontario,CAN,2012,VAN,5,26,147,NaN,https://assets.nhle.com/mugs/actionshots/1296x729/8477018.jpg
8477505,Alexander,Wennberg,1994-09-22,TRUE,28,C,L,74,188,190,86,Stockholm,NaN,SWE,2013,CBJ,1,14,14,NaN,https://assets.nhle.com/mugs/actionshots/1296x729/8477505.jpg
8478874,Adam,Gaudette,1996-10-03,TRUE,28,R,R,73,185,190,86,Braintree,Massachusetts,USA,2015,VAN,5,28,149,NaN,https://assets.nhle.com/mugs/actionshots/1296x729/8478874.jpg
8479983,Mario,Ferraro,1998-09-17,TRUE,28,D,L,71,180,200,91,Toronto,Ontario,CAN,2017,SJS,2,18,49,NaN,https://assets.nhle.com/mugs/actionshots/1296x729/8479983.jpg
8480043,Timothy,Liljegren,1999-04-30,TRUE,15,D,R,73,185,200,91,Kristianstad,NaN,SWE,2017,TOR,1,17,17,NaN,https://assets.nhle.com/mugs/actionshots/1296x729/8480043.jpg
8480798,Philipp,Kurashev,1999-10-12,TRUE,28,C,L,72,183,190,86,Munsingen,NaN,CHE,2018,CHI,4,27,120,NaN,https://assets.nhle.com/mugs/actionshots/1296x729/8480798.jpg
8480848,Ty,Dellandrea,2000-07-21,TRUE,28,C,R,74,188,185,84,Port Perry,Ontario,CAN,2018,DAL,1,13,13,NaN,https://assets.nhle.com/mugs/actionshots/1296x729/8480848.jpg
8482166,Shakir,Mukhamadullin,2002-01-10,TRUE,28,D,L,76,193,200,91,Ufa,NaN,RUS,2020,NJD,1,20,20,NaN,https://assets.nhle.com/mugs/actionshots/1296x729/8482166.jpg
8482667,William,Eklund,2002-10-12,TRUE,28,L,L,70,178,185,84,Stockholm,NaN,SWE,2021,SJS,1,7,7,NaN,https://assets.nhle.com/mugs/actionshots/1296x729/8482667.jpg
8484227,Will,Smith,2005-03-17,TRUE,28,C,R,72,183,180,82,Boston,Massachusetts,USA,2023,SJS,1,4,4,NaN,https://assets.nhle.com/mugs/actionshots/1296x729/8484227.jpg
8484801,Macklin,Celebrini,2006-06-13,TRUE,28,C,L,72,183,190,86,North Vancouver,British Columbia,CAN,2024,SJS,1,1,1,NaN,https://assets.nhle.com/mugs/actionshots/1296x729/8484801.jpg
8484911,Collin,Graf,2002-09-21,TRUE,28,R,R,73,185,190,86,Lincoln,Massachusetts,USA,NaN,NaN,NaN,NaN,NaN,NaN,https://assets.nhle.com/mugs/actionshots/1296x729/8484911.jpg
8473986,Alex,Killorn,1989-09-14,TRUE,24,L,L,73,185,205,93,Halifax,Nova Scotia,CAN,2007,TBL,3,16,77,NaN,https://assets.nhle.com/mugs/actionshots/1296x729/8473986.jpg
8474586,Jordan,Eberle,1990-05-15,TRUE,55,R,R,71,180,180,82,Regina,Saskatchewan,CAN,2008,EDM,1,22,22,NaN,https://assets.nhle.com/mugs/actionshots/1296x729/8474586.jpg
8475184,Chris,Kreider,1991-04-30,TRUE,24,L,L,75,191,232,105,Boxford,Massachusetts,USA,2009,NYR,1,19,19,NaN,https://assets.nhle.com/mugs/actionshots/1296x729/8475184.jpg
8475462,Radko,Gudas,1990-06-05,TRUE,24,D,R,72,183,208,94,Prague,NaN,CZE,2010,TBL,3,6,66,NaN,https://assets.nhle.com/mugs/actionshots/1296x729/8475462.jpg
8475768,Jaden,Schwartz,1992-06-25,TRUE,55,L,L,70,178,185,84,Wilcox,Saskatchewan,CAN,2010,STL,1,14,14,NaN,https://assets.nhle.com/mugs/actionshots/1296x729/8475768.jpg
8475798,Mikael,Granlund,1992-02-26,TRUE,24,C,L,70,178,193,88,Oulu,NaN,FIN,2010,MIN,1,9,9,NaN,https://assets.nhle.com/mugs/actionshots/1296x729/8475798.jpg
8476457,Adam,Larsson,1992-11-12,TRUE,55,D,R,75,191,207,94,Skelleftea,NaN,SWE,2011,NJD,1,4,4,NaN,https://assets.nhle.com/mugs/actionshots/1296x729/8476457.jpg
8476467,Jamie,Oleksiak,1992-12-21,TRUE,55,D,L,79,201,252,114,Toronto,Ontario,CAN,2011,DAL,1,14,14,NaN,https://assets.nhle.com/mugs/actionshots/1296x729/8476467.jpg
8476885,Jacob,Trouba,1994-02-26,TRUE,24,D,R,75,191,212,96,Rochester,Michigan,USA,2012,WPG,1,9,9,NaN,https://assets.nhle.com/mugs/actionshots/1296x729/8476885.jpg
8476905,Chandler,Stephenson,1994-04-22,TRUE,55,C,L,72,183,201,91,Saskatoon,Saskatchewan,CAN,2012,WSH,3,16,77,NaN,https://assets.nhle.com/mugs/actionshots/1296x729/8476905.jpg
8477527,Ross,Johnston,1994-02-18,TRUE,24,L,L,77,196,232,105,Charlottetown,Prince Edward Island,CAN,NaN,NaN,NaN,NaN,NaN,NaN,https://assets.nhle.com/mugs/actionshots/1296x729/8477527.jpg
8477919,Frederick,Gaudreau,1993-05-01,TRUE,55,C,R,72,183,184,83,Bromont,Quebec,CAN,NaN,NaN,NaN,NaN,NaN,NaN,https://assets.nhle.com/mugs/actionshots/1296x729/8477919.jpg
8477955,Jared,McCann,1996-05-31,TRUE,55,L,L,73,185,191,87,Stratford,Ontario,CAN,2014,VAN,1,24,24,NaN,https://assets.nhle.com/mugs/actionshots/1296x729/8477955.jpg
8477986,Brandon,Montour,1994-04-11,TRUE,55,D,R,72,183,199,90,Brantford,Ontario,CAN,2014,ANA,2,25,55,NaN,https://assets.nhle.com/mugs/actionshots/1296x729/8477986.jpg
8478366,Frank,Vatrano,1994-03-14,TRUE,24,R,L,71,180,203,92,East Longmeadow,Massachusetts,USA,NaN,NaN,NaN,NaN,NaN,NaN,https://assets.nhle.com/mugs/actionshots/1296x729/8478366.jpg
8478407,Vince,Dunn,1996-10-29,TRUE,55,D,L,72,183,200,91,Mississauga,Ontario,CAN,2015,STL,2,26,56,NaN,https://assets.nhle.com/mugs/actionshots/1296x729/8478407.jpg
8478873,Troy,Terry,1997-09-10,TRUE,24,R,R,72,183,193,88,Denver,Colorado,USA,2015,ANA,5,27,148,NaN,https://assets.nhle.com/mugs/actionshots/1296x729/8478873.jpg
8478975,Mason,Marchment,1995-06-18,TRUE,29,L,L,77,196,212,96,Uxbridge,Ontario,CAN,NaN,NaN,NaN,NaN,NaN,NaN,https://assets.nhle.com/mugs/actionshots/1296x729/8478975.jpg
8479324,Ryan,Lindgren,1998-02-11,TRUE,55,D,L,72,183,194,88,Burnsville,Minnesota,USA,2016,BOS,2,19,49,NaN,https://assets.nhle.com/mugs/actionshots/1296x729/8479324.jpg
8479372,Joshua,Mahura,1998-05-05,TRUE,55,D,L,72,183,193,88,St. Albert,Alberta,CAN,2016,ANA,3,24,85,NaN,https://assets.nhle.com/mugs/actionshots/1296x729/8479372.jpg
8480009,Eeli,Tolvanen,1999-04-22,TRUE,55,R,L,70,178,182,83,Vihti,NaN,FIN,2017,NSH,1,30,30,NaN,https://assets.nhle.com/mugs/actionshots/1296x729/8480009.jpg
8480068,Ryan,Poehling,1999-01-03,TRUE,24,C,L,74,188,206,93,Lakeville,Minnesota,USA,2017,MTL,1,25,25,NaN,https://assets.nhle.com/mugs/actionshots/1296x729/8480068.jpg
8481563,Drew,Helleson,2001-03-26,TRUE,24,D,R,75,191,208,94,Farmington,Minnesota,USA,2019,COL,2,16,47,NaN,https://assets.nhle.com/mugs/actionshots/1296x729/8481563.jpg
8481605,Jackson,LaCombe,2001-01-09,TRUE,24,D,L,74,188,208,94,Eden Prairie,Minnesota,USA,2019,ANA,2,8,39,NaN,https://assets.nhle.com/mugs/actionshots/1296x729/8481605.jpg
8481789,Tye,Kartye,2001-04-30,TRUE,3,L,L,71,180,202,92,Kingston,Ontario,CAN,NaN,NaN,NaN,NaN,NaN,NaN,https://assets.nhle.com/mugs/actionshots/1296x729/8481789.jpg
8482118,Sam,Colangelo,2001-12-26,TRUE,24,R,R,74,188,213,97,Stoneham,Massachusetts,USA,2020,ANA,2,5,36,NaN,https://assets.nhle.com/mugs/actionshots/1296x729/8482118.jpg
8482665,Matty,Beniers,2002-11-05,TRUE,55,C,L,74,188,181,82,Hingham,Massachusetts,USA,2021,SEA,1,2,2,NaN,https://assets.nhle.com/mugs/actionshots/1296x729/8482665.jpg
8482745,Mason,McTavish,2003-01-30,TRUE,24,C,L,73,185,219,99,Zurich,NaN,CHE,2021,ANA,1,3,3,NaN,https://assets.nhle.com/mugs/actionshots/1296x729/8482745.jpg
8482751,Ryan,Winterton,2003-09-04,TRUE,55,C,R,74,188,175,79,Markham,Ontario,CAN,2021,SEA,3,3,67,NaN,https://assets.nhle.com/mugs/actionshots/1296x729/8482751.jpg
8482803,Olen,Zellweger,2003-09-10,TRUE,24,D,L,70,178,193,88,Calgary,Alberta,CAN,2021,ANA,2,2,34,NaN,https://assets.nhle.com/mugs/actionshots/1296x729/8482803.jpg
8483445,Cutter,Gauthier,2004-01-19,TRUE,24,L,L,74,188,205,93,Skelleftea,NaN,SWE,2022,PHI,1,5,5,NaN,https://assets.nhle.com/mugs/actionshots/1296x729/8483445.jpg
8483490,Pavel,Mintyukov,2003-11-25,TRUE,24,D,L,73,185,207,94,Moscow,NaN,RUS,2022,ANA,1,10,10,NaN,https://assets.nhle.com/mugs/actionshots/1296x729/8483490.jpg
8483497,Jani,Nyman,2004-07-30,TRUE,55,R,L,74,188,212,96,Valkeakoski,NaN,FIN,2022,SEA,2,17,49,NaN,https://assets.nhle.com/mugs/actionshots/1296x729/8483497.jpg
8483524,Shane,Wright,2004-01-05,TRUE,55,C,R,72,183,192,87,Burlington,Ontario,CAN,2022,SEA,1,4,4,NaN,https://assets.nhle.com/mugs/actionshots/1296x729/8483524.jpg
8484153,Leo,Carlsson,2004-12-26,TRUE,24,C,L,75,191,208,94,Karlstad,NaN,SWE,2023,ANA,1,2,2,NaN,https://assets.nhle.com/mugs/actionshots/1296x729/8484153.jpg
8484762,Beckett,Sennecke,2006-01-28,TRUE,24,R,R,75,191,206,93,Toronto,Ontario,CAN,2024,ANA,1,3,3,NaN,https://assets.nhle.com/mugs/actionshots/1296x729/8484762.jpg
8480074,Alexandre,Texier,1999-09-13,TRUE,8,L,L,73,185,196,89,Saint-Martin-d'Heres,NaN,FRA,2017,CBJ,2,14,45,NaN,https://assets.nhle.com/mugs/actionshots/1296x729/8480074.jpg
8484180,Samuel,Honzek,2004-11-12,TRUE,20,L,L,76,193,186,84,Trencin,NaN,SVK,2023,CGY,1,16,16,NaN,https://assets.nhle.com/mugs/actionshots/1296x729/8484180.jpg
8484768,Zayne,Parekh,2006-02-15,TRUE,20,D,R,72,183,179,81,Markham,Ontario,CAN,2024,CGY,1,9,9,NaN,https://assets.nhle.com/mugs/actionshots/1296x729/8484768.jpg
8480887,Jordan,Harris,2000-07-07,TRUE,6,D,L,72,183,189,86,Haverhill,Massachusetts,USA,2018,MTL,3,9,71,NaN,https://assets.nhle.com/mugs/actionshots/1296x729/8480887.jpg
8482671,Owen,Power,2002-11-22,TRUE,7,D,L,78,198,226,103,Mississauga,Ontario,CAN,2021,BUF,1,1,1,NaN,https://assets.nhle.com/mugs/actionshots/1296x729/8482671.jpg
8482896,Tyson,Kozak,2002-12-29,TRUE,7,C,L,71,180,185,84,Souris,Manitoba,CAN,2021,BUF,7,1,193,NaN,https://assets.nhle.com/mugs/actionshots/1296x729/8482896.jpg
8480879,Jacob,Bernard-Docker,2000-06-30,TRUE,17,D,R,73,185,196,89,Canmore,Alberta,CAN,2018,OTT,1,26,26,NaN,https://assets.nhle.com/mugs/actionshots/1296x729/8480879.jpg
8481013,Jonatan,Berggren,2000-07-16,TRUE,19,R,L,71,180,195,88,Uppsala,NaN,SWE,2018,DET,2,2,33,NaN,https://assets.nhle.com/mugs/actionshots/1296x729/8481013.jpg
8479772,Zack,MacEwen,1996-07-08,TRUE,1,R,R,76,193,226,103,Charlottetown,Prince Edward Island,CAN,NaN,NaN,NaN,NaN,NaN,NaN,https://assets.nhle.com/mugs/actionshots/1296x729/8479772.jpg
8482090,Jack,Finley,2002-09-02,TRUE,19,C,R,78,198,227,103,St. Louis,Missouri,USA,2020,TBL,2,26,57,NaN,https://assets.nhle.com/mugs/actionshots/1296x729/8482090.jpg
8484304,Uvis,Balinskis,1996-08-01,TRUE,13,D,L,72,183,196,89,Ventspils,NaN,LVA,NaN,NaN,NaN,NaN,NaN,NaN,https://assets.nhle.com/mugs/actionshots/1296x729/8484304.jpg
8483553,Marc,Gatcomb,1999-07-22,TRUE,2,C,R,74,188,200,91,Woburn,Massachusetts,USA,NaN,NaN,NaN,NaN,NaN,NaN,https://assets.nhle.com/mugs/actionshots/1296x729/8483553.jpg
8475810,Bryan,Rust,1992-05-11,TRUE,5,R,R,71,180,202,92,Pontiac,Michigan,USA,2010,PIT,3,20,80,NaN,https://assets.nhle.com/mugs/actionshots/1296x729/8475810.jpg
8481704,Juuso,Parssinen,2001-02-01,TRUE,3,C,L,75,191,207,94,Hameenlinna,NaN,FIN,2019,NSH,7,24,210,NaN,https://assets.nhle.com/mugs/actionshots/1296x729/8481704.jpg
8483733,Nikita,Grebenkin,2003-05-02,TRUE,4,R,L,74,188,210,95,Serov,NaN,RUS,2022,TOR,5,6,135,NaN,https://assets.nhle.com/mugs/actionshots/1296x729/8483733.jpg
8484779,Jett,Luchanko,2006-08-21,TRUE,4,C,R,71,180,180,82,London,Ontario,CAN,2024,PHI,1,13,13,NaN,https://assets.nhle.com/mugs/actionshots/1296x729/8484779.jpg
8482117,Lukas,Reichel,2002-05-17,TRUE,6,L,L,72,183,170,77,Nurnberg,NaN,DEU,2020,CHI,1,17,17,NaN,https://assets.nhle.com/mugs/actionshots/1296x729/8482117.jpg
8482146,Luke,Evangelista,2002-02-21,TRUE,18,R,R,72,183,183,83,Toronto,Ontario,CAN,2020,NSH,2,11,42,NaN,https://assets.nhle.com/mugs/actionshots/1296x729/8482146.jpg
8476463,Jonas,Brodin,1993-07-12,TRUE,30,D,L,74,188,196,89,Karlstad,NaN,SWE,2011,MIN,1,10,10,NaN,https://assets.nhle.com/mugs/actionshots/1296x729/8476463.jpg
8482470,Ilya,Solovyov,2000-07-20,TRUE,5,D,L,75,191,208,94,Mogilev,NaN,BLR,2020,CGY,7,19,205,NaN,https://assets.nhle.com/mugs/actionshots/1296x729/8482470.jpg
8481754,Nikita,Nesterenko,2001-09-10,TRUE,24,C,L,74,188,203,92,Brooklyn,New York,USA,2019,MIN,6,17,172,NaN,https://assets.nhle.com/mugs/actionshots/1296x729/8481754.jpg
8484806,Sam,Dickinson,2006-06-07,TRUE,28,D,L,75,191,200,91,Toronto,Ontario,CAN,2024,SJS,1,11,11,NaN,https://assets.nhle.com/mugs/actionshots/1296x729/8484806.jpg
8477380,Jonny,Brodzinski,1993-06-19,TRUE,3,C,R,72,183,206,93,Ham Lake,Minnesota,USA,2013,LAK,5,27,148,NaN,https://assets.nhle.com/mugs/actionshots/1296x729/8477380.jpg
8477947,Sonny,Milano,1996-05-12,TRUE,15,L,L,72,183,205,93,Massapequa,New York,USA,2014,CBJ,1,16,16,NaN,https://assets.nhle.com/mugs/actionshots/1296x729/8477947.jpg
8480990,Declan,Chisholm,2000-01-12,TRUE,15,D,L,73,185,205,93,Bowmanville,Ontario,CAN,2018,WPG,5,26,150,NaN,https://assets.nhle.com/mugs/actionshots/1296x729/8480990.jpg
8481525,Matthew,Robertson,2001-03-09,TRUE,3,D,L,76,193,210,95,Edmonton,Alberta,CAN,2019,NYR,2,18,49,NaN,https://assets.nhle.com/mugs/actionshots/1296x729/8481525.jpg
8482623,Josh,Dunne,1998-12-08,TRUE,7,C,L,76,193,208,94,O'Fallon,Missouri,USA,NaN,NaN,NaN,NaN,NaN,NaN,https://assets.nhle.com/mugs/actionshots/1296x729/8482623.jpg
8482655,J.J.,Moser,2000-06-06,TRUE,14,D,L,74,188,183,83,Biel,NaN,CHE,2021,ARI,2,28,60,NaN,https://assets.nhle.com/mugs/actionshots/1296x729/8482655.jpg
8480245,Olle,Lycksell,1999-08-24,TRUE,9,R,L,71,180,197,89,Oskarshamn,NaN,SWE,2017,PHI,6,13,168,NaN,https://assets.nhle.com/mugs/actionshots/1296x729/8480245.jpg
8481606,Jordan,Spence,2001-02-24,TRUE,9,D,R,71,180,188,85,Manly,NaN,AUS,2019,LAK,4,2,95,NaN,https://assets.nhle.com/mugs/actionshots/1296x729/8481606.jpg
8482095,Tyler,Kleven,2002-01-10,TRUE,9,D,L,77,196,225,102,Fargo,North Dakota,USA,2020,OTT,2,13,44,NaN,https://assets.nhle.com/mugs/actionshots/1296x729/8482095.jpg
8476525,Colin,Miller,1992-10-29,TRUE,52,D,R,73,185,200,91,Sault Ste. Marie,Ontario,CAN,2012,LAK,5,30,151,NaN,https://assets.nhle.com/mugs/actionshots/1296x729/8476525.jpg
8474037,James,van Riemsdyk,1989-05-04,TRUE,17,L,L,75,191,210,95,Middletown,New Jersey,USA,2007,PHI,1,2,2,NaN,https://assets.nhle.com/mugs/actionshots/1296x729/8474037.jpg
8484158,Easton,Cowan,2005-05-20,TRUE,10,R,L,72,183,190,86,Mount Brydges,Ontario,CAN,2023,TOR,1,28,28,NaN,https://assets.nhle.com/mugs/actionshots/1296x729/8484158.jpg
8482126,Emil,Andrae,2002-02-23,TRUE,4,D,L,69,175,189,86,Vastervik,NaN,SWE,2020,PHI,2,23,54,NaN,https://assets.nhle.com/mugs/actionshots/1296x729/8482126.jpg
8481161,Jake,Christiansen,1999-09-12,TRUE,29,D,L,72,183,199,90,West Vancouver,British Columbia,CAN,NaN,NaN,NaN,NaN,NaN,NaN,https://assets.nhle.com/mugs/actionshots/1296x729/8481161.jpg
8483531,Brian,Halonen,1999-01-11,TRUE,1,L,R,72,183,207,94,Delano,Minnesota,USA,NaN,NaN,NaN,NaN,NaN,NaN,https://assets.nhle.com/mugs/actionshots/1296x729/8483531.jpg
8483768,Victor,Mancini,2002-05-26,TRUE,23,D,R,75,191,229,104,Hancock,Michigan,USA,2022,NYR,5,30,159,NaN,https://assets.nhle.com/mugs/actionshots/1296x729/8483768.jpg
8483525,Danila,Yurov,2003-12-22,TRUE,30,R,L,73,185,178,81,Chelyabinsk,NaN,RUS,2022,MIN,1,24,24,NaN,https://assets.nhle.com/mugs/actionshots/1296x729/8483525.jpg
8479619,Michael,Carcone,1996-05-19,TRUE,68,L,L,69,175,182,83,Ajax,Ontario,CAN,NaN,NaN,NaN,NaN,NaN,NaN,https://assets.nhle.com/mugs/actionshots/1296x729/8479619.jpg
8480849,Barrett,Hayton,2000-06-09,TRUE,68,C,L,73,185,200,91,Peterborough,Ontario,CAN,2018,ARI,1,5,5,NaN,https://assets.nhle.com/mugs/actionshots/1296x729/8480849.jpg
8482103,Ozzy,Wiesblatt,2002-03-09,TRUE,18,C,R,70,178,183,83,Calgary,Alberta,CAN,2020,SJS,1,31,31,NaN,https://assets.nhle.com/mugs/actionshots/1296x729/8482103.jpg
8478458,Jack,Roslovic,1997-01-29,TRUE,22,C,R,73,185,198,90,Columbus,Ohio,USA,2015,WPG,1,25,25,NaN,https://assets.nhle.com/mugs/actionshots/1296x729/8478458.jpg
8479442,Troy,Stecher,1994-04-07,TRUE,10,D,R,70,178,184,83,Richmond,British Columbia,CAN,NaN,NaN,NaN,NaN,NaN,NaN,https://assets.nhle.com/mugs/actionshots/1296x729/8479442.jpg
8481133,Cole,Reinhardt,2000-02-01,TRUE,13,L,L,73,185,207,94,Calgary,Alberta,CAN,2020,OTT,6,26,181,NaN,https://assets.nhle.com/mugs/actionshots/1296x729/8481133.jpg
8482624,Daniil,Miromanov,1997-07-11,TRUE,20,D,R,76,193,207,94,Moscow,NaN,RUS,NaN,NaN,NaN,NaN,NaN,NaN,https://assets.nhle.com/mugs/actionshots/1296x729/8482624.jpg
8475755,Alexander,Petrovic,1992-03-03,TRUE,25,D,R,77,196,215,98,Edmonton,Alberta,CAN,2010,FLA,2,6,36,NaN,https://assets.nhle.com/mugs/actionshots/1296x729/8475755.jpg
8476422,Mike,Reilly,1993-07-13,TRUE,12,D,L,74,188,191,87,Glenview,Illinois,USA,2011,CBJ,4,7,98,NaN,https://assets.nhle.com/mugs/actionshots/1296x729/8476422.jpg
8476873,Mark,Jankowski,1994-09-13,TRUE,12,L,L,76,193,200,91,Hamilton,Ontario,CAN,2012,CGY,1,21,21,NaN,https://assets.nhle.com/mugs/actionshots/1296x729/8476873.jpg
8485402,Michael,Misa,2007-02-16,TRUE,28,C,L,73,185,185,84,Oakville,Ontario,CAN,2025,SJS,1,2,2,NaN,https://assets.nhle.com/mugs/actionshots/1296x729/8485402.jpg
8476856,Mathew,Dumba,1994-07-25,FALSE,NaN,D,R,72,183,191,87,Regina,Saskatchewan,CAN,2012,MIN,1,7,7,NaN,https://assets.nhle.com/mugs/actionshots/1296x729/8476856.jpg
8477365,Connor,Clifton,1995-04-28,TRUE,5,D,R,72,183,196,89,Matawan,New Jersey,USA,2013,PHX,5,12,133,NaN,https://assets.nhle.com/mugs/actionshots/1296x729/8477365.jpg
8480208,Drake,Batherson,1998-04-27,TRUE,9,R,R,75,191,209,95,Fort Wayne,Indiana,USA,2017,OTT,4,28,121,NaN,https://assets.nhle.com/mugs/actionshots/1296x729/8480208.jpg
8484145,Zach,Benson,2005-05-12,TRUE,7,L,L,70,178,177,80,Chilliwack,British Columbia,CAN,2023,BUF,1,13,13,NaN,https://assets.nhle.com/mugs/actionshots/1296x729/8484145.jpg
8481593,Jayden,Struble,2001-09-08,TRUE,8,D,L,72,183,207,94,Cumberland,Rhode Island,USA,2019,MTL,2,15,46,NaN,https://assets.nhle.com/mugs/actionshots/1296x729/8481593.jpg
8481560,Arthur,Kaliyev,2001-06-26,TRUE,9,R,L,74,188,212,96,Tashkent,NaN,UZB,2019,LAK,2,2,33,NaN,https://assets.nhle.com/mugs/actionshots/1296x729/8481560.jpg
8481237,Kyle,MacLean,1999-04-29,TRUE,2,C,L,73,185,190,86,Verona,New Jersey,USA,NaN,NaN,NaN,NaN,NaN,NaN,https://assets.nhle.com/mugs/actionshots/1296x729/8481237.jpg
8481546,Cam,York,2001-01-05,TRUE,4,D,L,72,183,194,88,Anaheim,California,USA,2019,PHI,1,14,14,NaN,https://assets.nhle.com/mugs/actionshots/1296x729/8481546.jpg
8484135,Parker,Ford,2000-07-20,TRUE,52,C,R,69,175,181,82,Wakefield,Rhode Island,USA,NaN,NaN,NaN,NaN,NaN,NaN,https://assets.nhle.com/mugs/actionshots/1296x729/8484135.jpg
8482475,Egor,Chinakhov,2001-02-01,TRUE,5,R,L,73,185,203,92,Omsk,NaN,RUS,2020,CBJ,1,21,21,NaN,https://assets.nhle.com/mugs/actionshots/1296x729/8482475.jpg
8477454,Adam,Erne,1995-04-20,TRUE,25,L,L,73,185,209,95,New Haven,Connecticut,USA,2013,TBL,2,3,33,NaN,https://assets.nhle.com/mugs/actionshots/1296x729/8477454.jpg
8481024,Linus,Karlsson,1999-11-16,TRUE,23,C,R,73,185,178,81,Landsbro,NaN,SWE,2018,SJS,3,25,87,NaN,https://assets.nhle.com/mugs/actionshots/1296x729/8481024.jpg
8484136,Max,Sasson,2000-09-05,TRUE,23,C,L,73,185,181,82,Birmingham,Michigan,USA,NaN,NaN,NaN,NaN,NaN,NaN,https://assets.nhle.com/mugs/actionshots/1296x729/8484136.jpg
8479705,Jeffrey,Viel,1997-01-28,TRUE,24,L,L,73,185,214,97,Rimouski,Quebec,CAN,NaN,NaN,NaN,NaN,NaN,NaN,https://assets.nhle.com/mugs/actionshots/1296x729/8479705.jpg
8482726,Samuel,Helenius,2002-11-26,TRUE,26,C,L,78,198,225,102,Dallas,Texas,USA,2021,LAK,2,27,59,NaN,https://assets.nhle.com/mugs/actionshots/1296x729/8482726.jpg
8476927,Teddy,Blueger,1994-08-15,TRUE,23,C,L,72,183,185,84,Riga,NaN,LVA,2012,PIT,2,22,52,NaN,https://assets.nhle.com/mugs/actionshots/1296x729/8476927.jpg
8477070,Liam,O'Brien,1994-07-29,TRUE,68,C,L,73,185,215,98,Halifax,Nova Scotia,CAN,NaN,NaN,NaN,NaN,NaN,NaN,https://assets.nhle.com/mugs/actionshots/1296x729/8477070.jpg
8479576,Vincent,Desharnais,1996-05-29,TRUE,28,D,R,79,201,225,102,Laval,Quebec,CAN,2016,EDM,7,2,183,NaN,https://assets.nhle.com/mugs/actionshots/1296x729/8479576.jpg
8482861,Vincent,Iorio,2002-11-14,TRUE,3,D,R,76,193,220,100,Coquitlam,British Columbia,CAN,2021,WSH,2,23,55,NaN,https://assets.nhle.com/mugs/actionshots/1296x729/8482861.jpg
8480871,Adam,Boqvist,2000-08-15,TRUE,2,D,R,72,183,195,88,Falun,NaN,SWE,2018,CHI,1,8,8,NaN,https://assets.nhle.com/mugs/actionshots/1296x729/8480871.jpg
8477508,Curtis,Lazar,1995-02-02,TRUE,22,C,R,72,183,203,92,Salmon Arm,British Columbia,CAN,2013,OTT,1,17,17,NaN,https://assets.nhle.com/mugs/actionshots/1296x729/8477508.jpg
8477401,John,Hayden,1995-02-14,TRUE,55,C,R,75,191,223,101,Chicago,Illinois,USA,2013,CHI,3,13,74,NaN,https://assets.nhle.com/mugs/actionshots/1296x729/8477401.jpg
8479985,Cale,Fleury,1998-11-19,TRUE,55,D,R,73,185,204,93,Carlyle,Saskatchewan,CAN,2017,MTL,3,25,87,NaN,https://assets.nhle.com/mugs/actionshots/1296x729/8479985.jpg
8480813,Joe,Veleno,2000-01-13,TRUE,8,C,L,73,185,201,91,Montreal,Quebec,CAN,2018,DET,1,30,30,NaN,https://assets.nhle.com/mugs/actionshots/1296x729/8480813.jpg
8483424,Owen,Beck,2004-02-03,TRUE,8,C,R,72,183,199,90,Port Hope,Ontario,CAN,2022,MTL,2,1,33,NaN,https://assets.nhle.com/mugs/actionshots/1296x729/8483424.jpg
8475752,Tyler,Pitlick,1991-11-01,TRUE,30,C,R,74,188,199,90,Minneapolis,Minnesota,USA,2010,EDM,2,1,31,NaN,https://assets.nhle.com/mugs/actionshots/1296x729/8475752.jpg
8482516,Matthew,Kessel,2000-06-23,TRUE,19,D,R,75,191,212,96,Bloomfield Hills,Michigan,USA,2020,STL,5,26,150,NaN,https://assets.nhle.com/mugs/actionshots/1296x729/8482516.jpg
8483565,Nick,Blankenburg,1998-05-12,TRUE,21,D,R,69,175,177,80,Washington,Michigan,USA,NaN,NaN,NaN,NaN,NaN,NaN,https://assets.nhle.com/mugs/actionshots/1296x729/8483565.jpg
8481556,John,Beecher,2001-04-05,TRUE,20,C,L,75,191,220,100,Elmira,New York,USA,2019,BOS,1,30,30,NaN,https://assets.nhle.com/mugs/actionshots/1296x729/8481556.jpg
8482947,Zakhar,Bardakov,2001-02-24,TRUE,21,C,L,74,188,198,90,Berdsk,NaN,RUS,2021,NJD,7,11,203,NaN,https://assets.nhle.com/mugs/actionshots/1296x729/8482947.jpg
8476456,Jonathan,Huberdeau,1993-06-04,TRUE,20,L,L,73,185,200,91,Saint-Jerome,Quebec,CAN,2011,FLA,1,3,3,NaN,https://assets.nhle.com/mugs/actionshots/1296x729/8476456.jpg
8482125,Alexander,Holtz,2002-01-23,TRUE,54,R,R,72,183,198,90,Stockholm,NaN,SWE,2020,NJD,1,7,7,NaN,https://assets.nhle.com/mugs/actionshots/1296x729/8482125.jpg
8482172,Landon,Slaggert,2002-06-25,TRUE,16,L,L,72,183,180,82,South Bend,Indiana,USA,2020,CHI,3,17,79,NaN,https://assets.nhle.com/mugs/actionshots/1296x729/8482172.jpg
8482178,Ian,Moore,2002-01-04,TRUE,24,D,R,75,191,205,93,Salt Lake City,Utah,USA,2020,ANA,3,5,67,NaN,https://assets.nhle.com/mugs/actionshots/1296x729/8482178.jpg
8480259,Ben,Jones,1999-02-26,TRUE,30,C,L,72,183,187,85,Waterloo,Ontario,CAN,2017,VGK,7,3,189,NaN,https://assets.nhle.com/mugs/actionshots/1296x729/8480259.jpg
8484800,Berkly,Catton,2006-01-14,TRUE,55,C,L,70,178,179,81,Saskatoon,Saskatchewan,CAN,2024,SEA,1,8,8,NaN,https://assets.nhle.com/mugs/actionshots/1296x729/8484800.jpg
8484305,Zach,Metsa,1998-10-19,TRUE,7,D,R,69,175,198,90,Delafield,Wisconsin,USA,NaN,NaN,NaN,NaN,NaN,NaN,https://assets.nhle.com/mugs/actionshots/1296x729/8484305.jpg
8483471,Brad,Lambert,2003-12-19,TRUE,52,C,R,73,185,173,78,Lahti,NaN,FIN,2022,WPG,1,30,30,NaN,https://assets.nhle.com/mugs/actionshots/1296x729/8483471.jpg
8484428,Charles Alexis,Legault,2003-09-05,TRUE,12,D,R,76,193,220,100,Montreal,Quebec,CAN,2023,CAR,5,11,139,NaN,https://assets.nhle.com/mugs/actionshots/1296x729/8484428.jpg
8478013,Jake,Walman,1996-02-20,TRUE,22,D,L,73,185,218,99,Toronto,Ontario,CAN,2014,STL,3,22,82,NaN,https://assets.nhle.com/mugs/actionshots/1296x729/8478013.jpg
8476425,Joseph,LaBate,1993-04-16,TRUE,23,C,L,77,196,225,102,Burnsville,Minnesota,USA,2011,VAN,4,10,101,NaN,https://assets.nhle.com/mugs/actionshots/1296x729/8476425.jpg
8480058,Pierre-Olivier,Joseph,1999-07-01,TRUE,23,D,L,74,188,185,84,Laval,Quebec,CAN,2017,ARI,1,23,23,NaN,https://assets.nhle.com/mugs/actionshots/1296x729/8480058.jpg
8482496,Nils,Aman,2000-02-07,TRUE,23,C,L,74,188,179,81,Avesta,NaN,SWE,2020,COL,6,12,167,NaN,https://assets.nhle.com/mugs/actionshots/1296x729/8482496.jpg
8483570,Ben,Meyers,1998-11-15,TRUE,55,C,L,71,180,194,88,Delano,Minnesota,USA,NaN,NaN,NaN,NaN,NaN,NaN,https://assets.nhle.com/mugs/actionshots/1296x729/8483570.jpg
8483573,Ethen,Frank,1998-02-05,TRUE,15,R,R,71,180,188,85,Aurora,Colorado,USA,NaN,NaN,NaN,NaN,NaN,NaN,https://assets.nhle.com/mugs/actionshots/1296x729/8483573.jpg
8470621,Corey,Perry,1985-05-16,TRUE,14,R,R,75,191,210,95,Peterborough,Ontario,CAN,2003,ANA,1,28,28,NaN,https://assets.nhle.com/mugs/actionshots/1296x729/8470621.jpg
8476474,Stefan,Noesen,1993-02-12,TRUE,1,R,R,73,185,205,93,Plano,Texas,USA,2011,OTT,1,21,21,NaN,https://assets.nhle.com/mugs/actionshots/1296x729/8476474.jpg
8483500,Noah,Ostlund,2004-03-11,TRUE,7,C,L,71,180,180,82,Stockholm,NaN,SWE,2022,BUF,1,16,16,NaN,https://assets.nhle.com/mugs/actionshots/1296x729/8483500.jpg
8482749,Joshua,Roy,2003-08-06,TRUE,8,R,L,72,183,192,87,Saint-Georges-De-Beauce,Quebec,CAN,2021,MTL,5,22,150,NaN,https://assets.nhle.com/mugs/actionshots/1296x729/8482749.jpg
8480828,Michael,Callahan,1999-09-23,TRUE,6,D,L,74,188,195,88,Franklin,Massachusetts,USA,2018,ARI,5,18,142,NaN,https://assets.nhle.com/mugs/actionshots/1296x729/8480828.jpg
8483752,Dominic,James,2002-07-03,TRUE,14,C,L,72,183,190,86,Plymouth,Michigan,USA,2022,CHI,6,12,173,NaN,https://assets.nhle.com/mugs/actionshots/1296x729/8483752.jpg
8476897,Oskar,Sundqvist,1994-03-23,TRUE,19,C,R,75,191,210,95,Boden,NaN,SWE,2012,PIT,3,20,81,NaN,https://assets.nhle.com/mugs/actionshots/1296x729/8476897.jpg
8484241,Matthew,Wood,2005-02-06,TRUE,18,R,R,76,193,202,92,Nanaimo,British Columbia,CAN,2023,NSH,1,15,15,NaN,https://assets.nhle.com/mugs/actionshots/1296x729/8484241.jpg
8482911,Joel,Nystrom,2002-05-14,TRUE,12,D,R,71,180,178,81,Karlstad,NaN,SWE,2021,CAR,7,27,219,NaN,https://assets.nhle.com/mugs/actionshots/1296x729/8482911.jpg
8477541,Dakota,Mermis,1994-01-05,TRUE,10,D,L,72,183,197,89,Alton,Illinois,USA,NaN,NaN,NaN,NaN,NaN,NaN,https://assets.nhle.com/mugs/actionshots/1296x729/8477541.jpg
8479026,Philippe,Myers,1997-01-25,TRUE,10,D,R,77,196,221,100,Moncton,New Brunswick,CAN,NaN,NaN,NaN,NaN,NaN,NaN,https://assets.nhle.com/mugs/actionshots/1296x729/8479026.jpg
8481569,Marshall,Warren,2001-04-20,TRUE,2,D,L,71,180,195,88,Laurel Hollow,New York,USA,2019,MIN,6,11,166,NaN,https://assets.nhle.com/mugs/actionshots/1296x729/8481569.jpg
8476878,Zemgus,Girgensons,1994-01-05,TRUE,14,C,L,75,191,197,89,Riga,NaN,LVA,2012,BUF,1,14,14,NaN,https://assets.nhle.com/mugs/actionshots/1296x729/8476878.jpg
8480426,Charle-Edouard,D'Astous,1998-04-21,TRUE,14,D,L,74,188,211,96,Rimouski,Quebec,CAN,NaN,NaN,NaN,NaN,NaN,NaN,https://assets.nhle.com/mugs/actionshots/1296x729/8480426.jpg
8481655,Cole,Schwindt,2001-04-25,TRUE,13,C,R,75,191,210,95,Kitchener,Ontario,CAN,2019,FLA,3,19,81,NaN,https://assets.nhle.com/mugs/actionshots/1296x729/8481655.jpg
8475795,Dylan,McIlrath,1992-04-20,TRUE,15,D,R,77,196,240,109,Winnipeg,Manitoba,CAN,2010,NYR,1,10,10,NaN,https://assets.nhle.com/mugs/actionshots/1296x729/8475795.jpg
8479980,Nicolas,Hague,1998-12-05,TRUE,18,D,L,78,198,245,111,Kitchener,Ontario,CAN,2017,VGK,2,3,34,NaN,https://assets.nhle.com/mugs/actionshots/1296x729/8479980.jpg
8484203,Bradly,Nadeau,2005-05-05,TRUE,12,L,R,71,180,180,82,St-Francois de Madaw,New Brunswick,CAN,2023,CAR,1,30,30,NaN,https://assets.nhle.com/mugs/actionshots/1296x729/8484203.jpg
8482072,Jack,Ahcan,1997-05-18,TRUE,21,D,L,68,173,180,82,Savage,Minnesota,USA,NaN,NaN,NaN,NaN,NaN,NaN,https://assets.nhle.com/mugs/actionshots/1296x729/8482072.jpg
8480840,Oskar,Back,2000-03-12,TRUE,25,C,L,76,193,207,94,Karlstad,NaN,SWE,2018,DAL,3,13,75,NaN,https://assets.nhle.com/mugs/actionshots/1296x729/8480840.jpg
8482747,Brennan,Othmann,2003-01-05,TRUE,20,L,L,72,183,192,87,Pickering,Ontario,CAN,2021,NYR,1,16,16,NaN,https://assets.nhle.com/mugs/actionshots/1296x729/8482747.jpg
8483503,Owen,Pickering,2004-01-27,TRUE,5,D,L,77,196,206,93,St. Adolphe,Manitoba,CAN,2022,PIT,1,21,21,NaN,https://assets.nhle.com/mugs/actionshots/1296x729/8483503.jpg
8480891,Michael,Kesselring,2000-01-13,TRUE,7,D,R,77,196,215,98,Florence,South Carolina,USA,2018,EDM,6,9,164,NaN,https://assets.nhle.com/mugs/actionshots/1296x729/8480891.jpg
8478424,Jansen,Harkins,1997-05-23,TRUE,24,C,L,73,185,197,89,Cleveland,Ohio,USA,2015,WPG,2,17,47,NaN,https://assets.nhle.com/mugs/actionshots/1296x729/8478424.jpg
8479393,Noah,Gregor,1998-07-28,TRUE,13,L,L,72,183,201,91,Beaumont,Alberta,CAN,2016,SJS,4,20,111,NaN,https://assets.nhle.com/mugs/actionshots/1296x729/8479393.jpg
8481219,Jonathan,Aspirot,1999-05-16,TRUE,6,D,L,72,183,212,96,Mascouche,Quebec,CAN,NaN,NaN,NaN,NaN,NaN,NaN,https://assets.nhle.com/mugs/actionshots/1296x729/8481219.jpg
8481562,Domenick,Fensore,2001-09-07,TRUE,12,D,L,69,175,175,79,Thornwood,New York,USA,2019,CAR,3,28,90,NaN,https://assets.nhle.com/mugs/actionshots/1296x729/8481562.jpg
8478476,Kyle,Capobianco,1997-08-13,TRUE,25,D,L,75,191,194,88,Mississauga,Ontario,CAN,2015,ARI,3,2,63,NaN,https://assets.nhle.com/mugs/actionshots/1296x729/8478476.jpg
8477996,Juho,Lammikko,1996-01-29,FALSE,NaN,C,L,74,188,191,87,Noormarkku,NaN,FIN,2014,FLA,3,5,65,NaN,https://assets.nhle.com/mugs/actionshots/1296x729/8477996.jpg
8483429,Seamus,Casey,2004-01-08,TRUE,1,D,R,70,178,181,82,Miami,Florida,USA,2022,NJD,2,14,46,NaN,https://assets.nhle.com/mugs/actionshots/1296x729/8483429.jpg
8484240,Tom,Willander,2005-02-09,TRUE,23,D,R,73,185,180,82,Stockholm,NaN,SWE,2023,VAN,1,11,11,NaN,https://assets.nhle.com/mugs/actionshots/1296x729/8484240.jpg
8478104,Sammy,Blais,1996-06-17,TRUE,8,L,L,74,188,206,93,Montmagny,Quebec,CAN,2014,STL,6,26,176,NaN,https://assets.nhle.com/mugs/actionshots/1296x729/8478104.jpg
8478413,Jordan,Greenway,1997-02-16,TRUE,7,L,L,78,198,231,105,Canton,New York,USA,2015,MIN,2,20,50,NaN,https://assets.nhle.com/mugs/actionshots/1296x729/8478413.jpg
8476907,Mackenzie,MacEachern,1994-03-09,TRUE,23,L,L,74,188,193,88,Bloomfield Hills,Michigan,USA,2012,STL,3,6,67,NaN,https://assets.nhle.com/mugs/actionshots/1296x729/8476907.jpg
8484164,Dalibor,Dvorsky,2005-06-15,TRUE,19,R,L,73,185,207,94,Zvolen,NaN,SVK,2023,STL,1,10,10,NaN,https://assets.nhle.com/mugs/actionshots/1296x729/8484164.jpg
8480825,Patrick,Giles,2000-01-03,TRUE,28,R,R,77,196,218,99,Chevy Chase,Maryland,USA,NaN,NaN,NaN,NaN,NaN,NaN,https://assets.nhle.com/mugs/actionshots/1296x729/8480825.jpg
8479421,Jacob,Moverare,1998-08-31,TRUE,26,D,L,75,191,205,93,Ostersund,NaN,SWE,2016,LAK,4,21,112,NaN,https://assets.nhle.com/mugs/actionshots/1296x729/8479421.jpg
8484221,Calum,Ritchie,2005-01-21,TRUE,2,C,R,74,188,200,91,Oakville,Ontario,CAN,2023,COL,1,27,27,NaN,https://assets.nhle.com/mugs/actionshots/1296x729/8484221.jpg
8482953,Taylor,Makar,2001-03-13,TRUE,21,L,L,75,191,190,86,Calgary,Alberta,CAN,2021,COL,7,28,220,NaN,https://assets.nhle.com/mugs/actionshots/1296x729/8482953.jpg
8482765,Isak,Rosen,2003-03-15,TRUE,52,R,L,72,183,185,84,Solna,NaN,SWE,2021,BUF,1,14,14,NaN,https://assets.nhle.com/mugs/actionshots/1296x729/8482765.jpg
8481848,Jacob,Gaucher,2001-03-09,TRUE,4,C,R,75,191,185,84,Longueuil,Quebec,CAN,NaN,NaN,NaN,NaN,NaN,NaN,https://assets.nhle.com/mugs/actionshots/1296x729/8481848.jpg
8479395,Dennis,Cholowski,1998-02-15,TRUE,1,D,L,74,188,210,95,Langley,British Columbia,CAN,2016,DET,1,20,20,NaN,https://assets.nhle.com/mugs/actionshots/1296x729/8479395.jpg
8481554,Kaapo,Kakko,2001-02-13,TRUE,55,R,L,73,185,215,98,Turku,NaN,FIN,2019,NYR,1,2,2,NaN,https://assets.nhle.com/mugs/actionshots/1296x729/8481554.jpg
8482206,Ethan,Cardwell,2002-08-30,TRUE,28,R,R,71,180,180,82,Oshawa,Ontario,CAN,2021,SJS,4,25,121,NaN,https://assets.nhle.com/mugs/actionshots/1296x729/8482206.jpg
8484197,Oliver,Moore,2005-01-22,TRUE,16,C,L,71,180,188,85,Mounds View,Minnesota,USA,2023,CHI,1,19,19,NaN,https://assets.nhle.com/mugs/actionshots/1296x729/8484197.jpg
8483039,Tristen,Nielsen,2000-02-23,TRUE,21,C,L,70,178,192,87,Fort St. John,British Columbia,CAN,NaN,NaN,NaN,NaN,NaN,NaN,https://assets.nhle.com/mugs/actionshots/1296x729/8483039.jpg
8476392,Adam,Lowry,1993-03-29,TRUE,52,C,L,77,196,210,95,St. Louis,Missouri,USA,2011,WPG,3,6,67,NaN,https://assets.nhle.com/mugs/actionshots/1296x729/8476392.jpg
8476872,Scott,Laughton,1994-05-30,TRUE,26,C,L,73,185,190,86,Oakville,Ontario,CAN,2012,PHI,1,20,20,NaN,https://assets.nhle.com/mugs/actionshots/1296x729/8476872.jpg
8478062,Dysin,Mayo,1996-08-17,TRUE,29,D,R,72,183,190,86,Victoria,British Columbia,CAN,2014,ARI,5,13,133,NaN,https://assets.nhle.com/mugs/actionshots/1296x729/8478062.jpg
8482165,Yan,Kuznetsov,2002-03-09,TRUE,20,D,L,76,193,209,95,Murmansk,NaN,RUS,2020,CGY,2,19,50,NaN,https://assets.nhle.com/mugs/actionshots/1296x729/8482165.jpg
8477435,Ryan,Graves,1995-05-21,TRUE,5,D,L,77,196,225,102,Yarmouth,Nova Scotia,CAN,2013,NYR,4,19,110,NaN,https://assets.nhle.com/mugs/actionshots/1296x729/8477435.jpg
8478046,Danton,Heinen,1995-07-05,TRUE,29,L,L,74,188,187,85,Langley,British Columbia,CAN,2014,BOS,4,26,116,NaN,https://assets.nhle.com/mugs/actionshots/1296x729/8478046.jpg
8479533,Joona,Koppanen,1998-02-25,TRUE,5,L,L,77,196,216,98,Tampere,NaN,FIN,2016,BOS,5,14,135,NaN,https://assets.nhle.com/mugs/actionshots/1296x729/8479533.jpg
8482094,Daemon,Hunt,2002-05-15,TRUE,30,D,L,73,185,193,88,Brandon,Manitoba,CAN,2020,MIN,3,3,65,NaN,https://assets.nhle.com/mugs/actionshots/1296x729/8482094.jpg
8482877,Jaroslav,Chmelar,2003-07-20,TRUE,3,R,R,76,193,226,103,Nove Mesto nad Metuji,NaN,CZE,2021,NYR,5,16,144,NaN,https://assets.nhle.com/mugs/actionshots/1296x729/8482877.jpg
8475692,Mats,Zuccarello,1987-09-01,TRUE,30,R,L,68,173,181,82,Oslo,NaN,NOR,NaN,NaN,NaN,NaN,NaN,NaN,https://assets.nhle.com/mugs/actionshots/1296x729/8475692.jpg
8475763,Kevin,Hayes,1992-05-08,TRUE,5,R,L,75,191,217,98,Dorchester,Massachusetts,USA,2010,CHI,1,24,24,NaN,https://assets.nhle.com/mugs/actionshots/1296x729/8475763.jpg
8478841,Colton,White,1997-05-03,TRUE,1,D,L,73,185,187,85,London,Ontario,CAN,2015,NJD,4,6,97,NaN,https://assets.nhle.com/mugs/actionshots/1296x729/8478841.jpg
8479336,Carl,Grundstrom,1997-12-01,TRUE,4,R,L,72,183,200,91,Umea,NaN,SWE,2016,TOR,2,27,57,NaN,https://assets.nhle.com/mugs/actionshots/1296x729/8479336.jpg
8482634,Alex,Steeves,1999-12-10,TRUE,6,C,L,72,183,199,90,Saint Paul,Minnesota,USA,NaN,NaN,NaN,NaN,NaN,NaN,https://assets.nhle.com/mugs/actionshots/1296x729/8482634.jpg
8482858,Ryker,Evans,2001-12-13,TRUE,55,D,L,72,183,195,88,Calgary,Alberta,CAN,2021,SEA,2,3,35,NaN,https://assets.nhle.com/mugs/actionshots/1296x729/8482858.jpg
8483432,Luca,Del Bel Belluz,2003-11-10,TRUE,29,C,L,73,185,185,84,Woodbridge,Ontario,CAN,2022,CBJ,2,12,44,NaN,https://assets.nhle.com/mugs/actionshots/1296x729/8483432.jpg
8484160,Nate,Danielson,2004-09-27,TRUE,17,C,R,74,188,195,88,Edmonton,Alberta,CAN,2023,DET,1,9,9,NaN,https://assets.nhle.com/mugs/actionshots/1296x729/8484160.jpg
8478173,Hayden,Hodgson,1996-03-02,TRUE,9,R,R,74,188,226,103,Windsor,Ontario,CAN,NaN,NaN,NaN,NaN,NaN,NaN,https://assets.nhle.com/mugs/actionshots/1296x729/8478173.jpg
8480084,Nick,DeSimone,1994-11-21,TRUE,68,D,R,74,188,194,88,East Amherst,New York,USA,NaN,NaN,NaN,NaN,NaN,NaN,https://assets.nhle.com/mugs/actionshots/1296x729/8480084.jpg
8482149,Cole,Perfetti,2002-01-01,TRUE,52,C,L,71,180,185,84,Whitby,Ontario,CAN,2020,WPG,1,10,10,NaN,https://assets.nhle.com/mugs/actionshots/1296x729/8482149.jpg
8484210,Gabe,Perreault,2005-05-07,TRUE,3,R,L,71,180,180,82,Sherbrooke,Quebec,CAN,2023,NYR,1,23,23,NaN,https://assets.nhle.com/mugs/actionshots/1296x729/8484210.jpg
8477406,Mattias,Janmark,1992-12-08,TRUE,22,C,L,74,188,205,93,Danderyd,NaN,SWE,2013,DET,3,18,79,NaN,https://assets.nhle.com/mugs/actionshots/1296x729/8477406.jpg
8477149,Scott,Sabourin,1992-07-30,TRUE,14,R,R,75,191,205,93,Orleans,Ontario,CAN,NaN,NaN,NaN,NaN,NaN,NaN,https://assets.nhle.com/mugs/actionshots/1296x729/8477149.jpg
8479383,Boris,Katchouk,1998-06-18,TRUE,4,L,L,74,188,212,96,Vancouver,British Columbia,CAN,2016,TBL,2,14,44,NaN,https://assets.nhle.com/mugs/actionshots/1296x729/8479383.jpg
8476458,Ryan,Strome,1993-07-11,TRUE,20,C,R,73,185,192,87,Mississauga,Ontario,CAN,2011,NYI,1,5,5,NaN,https://assets.nhle.com/mugs/actionshots/1296x729/8476458.jpg
8482209,Rory,Kerins,2002-04-12,TRUE,20,C,L,70,178,175,79,Caledon,Ontario,CAN,2020,CGY,6,19,174,NaN,https://assets.nhle.com/mugs/actionshots/1296x729/8482209.jpg
8483890,Braeden,Bowman,2003-06-26,TRUE,54,R,R,73,185,205,93,Kitchener,Ontario,CAN,NaN,NaN,NaN,NaN,NaN,NaN,https://assets.nhle.com/mugs/actionshots/1296x729/8483890.jpg
8480049,Dylan,Samberg,1999-01-24,TRUE,52,D,L,76,193,216,98,Saginaw,Minnesota,USA,2017,WPG,2,12,43,NaN,https://assets.nhle.com/mugs/actionshots/1296x729/8480049.jpg
8481715,Hunter,Skinner,2001-04-29,TRUE,19,D,R,75,191,195,88,Wyandotte,Michigan,USA,2019,NYR,4,19,112,NaN,https://assets.nhle.com/mugs/actionshots/1296x729/8481715.jpg
8481592,Jakob,Pelletier,2001-03-07,TRUE,14,L,L,70,178,172,78,Quebec City,Quebec,CAN,2019,CGY,1,26,26,NaN,https://assets.nhle.com/mugs/actionshots/1296x729/8481592.jpg
8483728,Jared,Davidson,2002-07-07,TRUE,8,C,L,71,180,183,83,Edmonton,Alberta,CAN,2022,MTL,5,1,130,NaN,https://assets.nhle.com/mugs/actionshots/1296x729/8483728.jpg
8475786,Zach,Hyman,1992-06-09,TRUE,22,L,R,73,185,206,93,Toronto,Ontario,CAN,2010,FLA,5,3,123,NaN,https://assets.nhle.com/mugs/actionshots/1296x729/8475786.jpg
8482859,Zack,Ostapchuk,2003-05-29,TRUE,28,C,L,76,193,212,96,St. Albert,Alberta,CAN,2021,OTT,2,7,39,NaN,https://assets.nhle.com/mugs/actionshots/1296x729/8482859.jpg
8482666,Scott,Morrow,2002-11-01,TRUE,3,D,R,74,188,210,95,Darien,Connecticut,USA,2021,CAR,2,8,40,NaN,https://assets.nhle.com/mugs/actionshots/1296x729/8482666.jpg
8479362,Riley,Tufte,1998-04-10,TRUE,6,L,L,78,198,233,106,Coon Rapids,Minnesota,USA,2016,DAL,1,25,25,NaN,https://assets.nhle.com/mugs/actionshots/1296x729/8479362.jpg
8481712,Matej,Blumel,2000-05-31,TRUE,6,R,L,72,183,202,92,Tabor,NaN,CZE,2019,EDM,4,7,100,NaN,https://assets.nhle.com/mugs/actionshots/1296x729/8481712.jpg
8480144,David,Kampf,1995-01-12,TRUE,15,C,L,74,188,198,90,Chomutov,NaN,CZE,NaN,NaN,NaN,NaN,NaN,NaN,https://assets.nhle.com/mugs/actionshots/1296x729/8480144.jpg
8484901,Jacob,Quillan,2002-02-02,TRUE,10,C,L,73,185,204,93,Dartmouth,Nova Scotia,CAN,NaN,NaN,NaN,NaN,NaN,NaN,https://assets.nhle.com/mugs/actionshots/1296x729/8484901.jpg
8477463,Steven,Santini,1995-03-07,TRUE,14,D,R,75,191,217,98,Bronxville,New York,USA,2013,NJD,2,12,42,NaN,https://assets.nhle.com/mugs/actionshots/1296x729/8477463.jpg
8483398,Declan,Carlile,2000-05-18,TRUE,14,D,L,75,191,190,86,Hartland,Michigan,USA,NaN,NaN,NaN,NaN,NaN,NaN,https://assets.nhle.com/mugs/actionshots/1296x729/8483398.jpg
8473994,Jamie,Benn,1989-07-18,TRUE,25,L,L,75,191,210,95,Victoria,British Columbia,CAN,2007,DAL,5,8,129,NaN,https://assets.nhle.com/mugs/actionshots/1296x729/8473994.jpg
8481609,Vladislav,Kolyachonok,2001-05-26,TRUE,25,D,L,74,188,198,90,Minsk,NaN,BLR,2019,FLA,2,21,52,NaN,https://assets.nhle.com/mugs/actionshots/1296x729/8481609.jpg
8484821,Sam,Morton,1999-07-28,TRUE,20,C,L,72,183,185,84,Lafayette,Colorado,USA,NaN,NaN,NaN,NaN,NaN,NaN,https://assets.nhle.com/mugs/actionshots/1296x729/8484821.jpg
8477426,Nick,Paul,1995-03-20,TRUE,14,L,L,76,193,234,106,Mississauga,Ontario,CAN,2013,DAL,4,10,101,NaN,https://assets.nhle.com/mugs/actionshots/1296x729/8477426.jpg
8483433,Jack,Devine,2003-10-01,TRUE,13,R,R,71,180,173,78,Glencoe,Illinois,USA,2022,FLA,7,28,221,NaN,https://assets.nhle.com/mugs/actionshots/1296x729/8483433.jpg
8484168,Oscar,Fisker Molgaard,2005-02-18,TRUE,55,C,L,72,183,168,76,Hjorring,NaN,DNK,2023,SEA,2,20,52,NaN,https://assets.nhle.com/mugs/actionshots/1296x729/8484168.jpg
8483676,Stephen,Halliday,2002-07-02,TRUE,9,C,L,76,193,214,97,Ajax,Ontario,CAN,2022,OTT,4,7,104,NaN,https://assets.nhle.com/mugs/actionshots/1296x729/8483676.jpg
8481591,Samuel,Poulin,2001-02-25,TRUE,22,R,L,74,188,217,98,Blainville,Quebec,CAN,2019,PIT,1,21,21,NaN,https://assets.nhle.com/mugs/actionshots/1296x729/8481591.jpg
8476867,Brendan,Gaunce,1994-03-25,TRUE,29,C,L,74,188,222,101,Sudbury,Ontario,CAN,2012,VAN,1,26,26,NaN,https://assets.nhle.com/mugs/actionshots/1296x729/8476867.jpg
8484403,Florian,Xhekaj,2004-06-27,TRUE,8,L,L,75,191,195,88,Hamilton,Ontario,CAN,2023,MTL,4,5,101,NaN,https://assets.nhle.com/mugs/actionshots/1296x729/8484403.jpg
8484529,Connor,Clattenburg,2005-05-02,TRUE,22,C,L,74,188,215,98,Ottawa,Ontario,CAN,2024,EDM,5,31,160,NaN,https://assets.nhle.com/mugs/actionshots/1296x729/8484529.jpg
8484255,Jason,Polin,1999-06-17,TRUE,21,R,R,72,183,198,90,Holt,Michigan,USA,NaN,NaN,NaN,NaN,NaN,NaN,https://assets.nhle.com/mugs/actionshots/1296x729/8484255.jpg
8481477,Nico,Sturm,1995-05-03,TRUE,30,C,L,75,191,209,95,Augsburg,NaN,DEU,NaN,NaN,NaN,NaN,NaN,NaN,https://assets.nhle.com/mugs/actionshots/1296x729/8481477.jpg
8482132,Brett,Berard,2002-09-09,TRUE,3,L,L,69,175,175,79,Providence,Rhode Island,USA,2020,NYR,5,10,134,NaN,https://assets.nhle.com/mugs/actionshots/1296x729/8482132.jpg
8476979,Erik,Gustafsson,1992-03-14,TRUE,17,D,L,72,183,190,86,Nynashamn,NaN,SWE,2012,EDM,4,2,93,NaN,https://assets.nhle.com/mugs/actionshots/1296x729/8476979.jpg
8482698,Tristan,Broz,2002-10-10,TRUE,5,C,L,72,183,204,93,River Falls,Wisconsin,USA,2021,PIT,2,26,58,NaN,https://assets.nhle.com/mugs/actionshots/1296x729/8482698.jpg
8483510,Elias,Salomonsson,2004-08-31,TRUE,52,D,R,72,183,172,78,Skelleftea,NaN,SWE,2022,WPG,2,23,55,NaN,https://assets.nhle.com/mugs/actionshots/1296x729/8483510.jpg
8482785,Justin,Robidas,2003-03-13,TRUE,12,C,R,68,173,176,80,Plano,Texas,USA,2021,CAR,5,19,147,NaN,https://assets.nhle.com/mugs/actionshots/1296x729/8482785.jpg
8474090,Brendan,Smith,1989-02-08,TRUE,29,D,L,74,188,200,91,Mimico,Ontario,CAN,2007,DET,1,27,27,NaN,https://assets.nhle.com/mugs/actionshots/1296x729/8474090.jpg
8484214,Luca,Pinelli,2005-04-05,TRUE,29,C,L,69,175,176,80,Stoney Creek,Ontario,CAN,2023,CBJ,4,18,114,NaN,https://assets.nhle.com/mugs/actionshots/1296x729/8484214.jpg
8483930,Ivan,Ivan,2002-08-20,TRUE,21,C,L,72,183,190,86,Ostrava,NaN,CZE,NaN,NaN,NaN,NaN,NaN,NaN,https://assets.nhle.com/mugs/actionshots/1296x729/8483930.jpg
8483686,Adam,Engstrom,2003-11-17,TRUE,8,D,L,74,188,193,88,Jarna,NaN,SWE,2022,MTL,3,27,92,NaN,https://assets.nhle.com/mugs/actionshots/1296x729/8483686.jpg
8483567,Georgii,Merkulov,2000-10-10,TRUE,6,C,L,71,180,174,79,Ryazan,NaN,RUS,NaN,NaN,NaN,NaN,NaN,NaN,https://assets.nhle.com/mugs/actionshots/1296x729/8483567.jpg
8484262,Travis,Mitchell,1999-11-25,TRUE,2,D,L,76,193,203,92,South Lyon,Michigan,USA,NaN,NaN,NaN,NaN,NaN,NaN,https://assets.nhle.com/mugs/actionshots/1296x729/8484262.jpg
8483513,Reid,Schaefer,2003-09-21,TRUE,18,L,L,77,196,226,103,Edmonton,Alberta,CAN,2022,EDM,1,32,32,NaN,https://assets.nhle.com/mugs/actionshots/1296x729/8483513.jpg
8479291,Kevin,Rooney,1993-05-21,TRUE,68,C,L,74,188,190,86,Canton,Massachusetts,USA,NaN,NaN,NaN,NaN,NaN,NaN,https://assets.nhle.com/mugs/actionshots/1296x729/8479291.jpg
8478211,Dryden,Hunt,1995-11-24,TRUE,20,L,L,72,183,193,88,Cranbrook,British Columbia,CAN,NaN,NaN,NaN,NaN,NaN,NaN,https://assets.nhle.com/mugs/actionshots/1296x729/8478211.jpg
8478147,Bokondji,Imama,1996-08-03,TRUE,5,L,L,73,185,223,101,Montreal,Quebec,CAN,2015,TBL,6,29,180,NaN,https://assets.nhle.com/mugs/actionshots/1296x729/8478147.jpg
8483487,Rutger,McGroarty,2004-03-30,TRUE,5,R,L,73,185,212,96,Lincoln,Nebraska,USA,2022,WPG,1,14,14,NaN,https://assets.nhle.com/mugs/actionshots/1296x729/8483487.jpg
8483630,Pavol,Regenda,1999-12-07,TRUE,28,L,L,75,191,215,98,Michalovce,NaN,SVK,NaN,NaN,NaN,NaN,NaN,NaN,https://assets.nhle.com/mugs/actionshots/1296x729/8483630.jpg
8480021,Jack,Studnicka,1999-02-18,TRUE,13,C,R,73,185,187,85,Windsor,Ontario,CAN,2017,BOS,2,22,53,NaN,https://assets.nhle.com/mugs/actionshots/1296x729/8480021.jpg
8483472,Maveric,Lamoureux,2004-01-13,TRUE,68,D,R,78,198,196,89,Laval,Quebec,CAN,2022,ARI,1,29,29,NaN,https://assets.nhle.com/mugs/actionshots/1296x729/8483472.jpg
8484388,Daniil,But,2005-02-15,TRUE,68,L,R,77,196,203,92,Yaroslavl,NaN,RUS,2023,ARI,1,12,12,NaN,https://assets.nhle.com/mugs/actionshots/1296x729/8484388.jpg
8481599,Victor,Soderstrom,2001-02-26,TRUE,6,D,R,72,183,189,86,Gavle,NaN,SWE,2019,ARI,1,11,11,NaN,https://assets.nhle.com/mugs/actionshots/1296x729/8481599.jpg
8483463,Aleksanteri,Kaskimaki,2004-02-06,TRUE,19,C,L,72,183,195,88,Espoo,NaN,FIN,2022,STL,3,8,73,NaN,https://assets.nhle.com/mugs/actionshots/1296x729/8483463.jpg
8478502,Dennis,Gilbert,1996-10-30,TRUE,9,D,L,74,188,216,98,Buffalo,New York,USA,2015,CHI,3,30,91,NaN,https://assets.nhle.com/mugs/actionshots/1296x729/8478502.jpg
8481065,Angus,Crookshank,1999-10-02,TRUE,1,C,L,70,178,183,83,North Vancouver,British Columbia,CAN,2018,OTT,5,2,126,NaN,https://assets.nhle.com/mugs/actionshots/1296x729/8481065.jpg
8479644,Matt,Luff,1997-05-05,TRUE,2,R,R,75,191,219,99,Oakville,Ontario,CAN,NaN,NaN,NaN,NaN,NaN,NaN,https://assets.nhle.com/mugs/actionshots/1296x729/8479644.jpg
8481535,Nils,Hoglander,2000-12-20,TRUE,23,L,L,69,175,185,84,Bocktrask,NaN,SWE,2019,VAN,2,9,40,NaN,https://assets.nhle.com/mugs/actionshots/1296x729/8481535.jpg
8482804,Ty,Murchison,2003-02-02,TRUE,4,D,L,74,188,212,96,Corona,California,USA,2021,PHI,5,30,158,NaN,https://assets.nhle.com/mugs/actionshots/1296x729/8482804.jpg
8484150,Hunter,Brzustewicz,2004-11-29,TRUE,20,D,R,72,183,190,86,Washington,Michigan,USA,2023,VAN,3,11,75,NaN,https://assets.nhle.com/mugs/actionshots/1296x729/8484150.jpg
8481567,Henry,Thrun,2001-03-12,TRUE,10,D,L,74,188,211,96,Southborough,Massachusetts,USA,2019,ANA,4,8,101,NaN,https://assets.nhle.com/mugs/actionshots/1296x729/8481567.jpg
8483841,Xavier,Parent,2001-03-23,TRUE,1,C,L,68,173,170,77,Laval,Quebec,CAN,NaN,NaN,NaN,NaN,NaN,NaN,https://assets.nhle.com/mugs/actionshots/1296x729/8483841.jpg
8477952,Robby,Fabbri,1996-01-22,TRUE,30,C,L,71,180,185,84,Mississauga,Ontario,CAN,2014,STL,1,21,21,NaN,https://assets.nhle.com/mugs/actionshots/1296x729/8477952.jpg
8481070,Hugh,McGing,1998-07-11,TRUE,19,L,L,68,173,174,79,Chicago,Illinois,USA,2018,STL,5,14,138,NaN,https://assets.nhle.com/mugs/actionshots/1296x729/8481070.jpg
8482479,Trevor,Kuntar,2001-06-20,TRUE,7,C,L,72,183,205,93,Buffalo,New York,USA,2020,BOS,3,27,89,NaN,https://assets.nhle.com/mugs/actionshots/1296x729/8482479.jpg
8477979,Nicolas,Aube-Kubel,1996-05-10,TRUE,30,R,R,72,183,213,97,Slave Lake,Alberta,CAN,2014,PHI,2,18,48,NaN,https://assets.nhle.com/mugs/actionshots/1296x729/8477979.jpg
8482641,Matt,Kiersted,1998-04-14,TRUE,30,D,L,72,183,182,83,Elk River,Minnesota,USA,NaN,NaN,NaN,NaN,NaN,NaN,https://assets.nhle.com/mugs/actionshots/1296x729/8482641.jpg
8482167,Bogdan,Trineyev,2002-03-04,TRUE,15,R,R,75,191,198,90,Voronezh,NaN,RUS,2020,WSH,4,24,117,NaN,https://assets.nhle.com/mugs/actionshots/1296x729/8482167.jpg
8476952,Dominic,Toninato,1994-03-09,TRUE,16,C,L,74,188,201,91,Duluth,Minnesota,USA,2012,TOR,5,5,126,NaN,https://assets.nhle.com/mugs/actionshots/1296x729/8476952.jpg
8484185,Nick,Lardis,2005-07-08,TRUE,16,L,L,71,180,165,75,Oakville,Ontario,CAN,2023,CHI,3,3,67,NaN,https://assets.nhle.com/mugs/actionshots/1296x729/8484185.jpg
8479368,Max,Jones,1998-02-17,TRUE,22,L,L,75,191,216,98,Rochester,Michigan,USA,2016,ANA,1,24,24,NaN,https://assets.nhle.com/mugs/actionshots/1296x729/8479368.jpg
8482874,Jacob,Melanson,2003-04-22,TRUE,55,R,R,72,183,207,94,Halifax,Nova Scotia,CAN,2021,SEA,5,3,131,NaN,https://assets.nhle.com/mugs/actionshots/1296x729/8482874.jpg
8477499,Rasmus,Ristolainen,1994-10-27,TRUE,4,D,R,76,193,208,94,Turku,NaN,FIN,2013,BUF,1,8,8,NaN,https://assets.nhle.com/mugs/actionshots/1296x729/8477499.jpg
8481077,John,Leonard,1998-08-07,TRUE,17,L,L,71,180,192,87,Westwood,New Jersey,USA,2018,SJS,6,27,182,NaN,https://assets.nhle.com/mugs/actionshots/1296x729/8481077.jpg
8481030,Jack,St. Ivany,1999-07-22,TRUE,5,D,R,76,193,197,89,Manhattan Beach,California,USA,2018,PHI,4,19,112,NaN,https://assets.nhle.com/mugs/actionshots/1296x729/8481030.jpg
8485511,Quinn,Hutson,2002-01-01,TRUE,22,R,R,71,180,176,80,North Barrington,Illinois,USA,NaN,NaN,NaN,NaN,NaN,NaN,https://assets.nhle.com/mugs/actionshots/1296x729/8485511.jpg
8484994,Igor,Chernyshov,2005-11-30,TRUE,28,L,R,74,188,195,88,Penza,NaN,RUS,2024,SJS,2,1,33,NaN,https://assets.nhle.com/mugs/actionshots/1296x729/8484994.jpg
8484230,Otto,Stenberg,2005-05-29,TRUE,19,C,L,71,180,188,85,Stenungsund,NaN,SWE,2023,STL,1,25,25,NaN,https://assets.nhle.com/mugs/actionshots/1296x729/8484230.jpg
8479388,Riley,Stillman,1998-03-09,TRUE,22,D,L,74,188,207,94,Peterborough,Ontario,CAN,2016,FLA,4,23,114,NaN,https://assets.nhle.com/mugs/actionshots/1296x729/8479388.jpg
8482781,Carson,Lambos,2003-01-14,TRUE,30,D,L,73,185,197,89,Winnipeg,Manitoba,CAN,2021,MIN,1,26,26,NaN,https://assets.nhle.com/mugs/actionshots/1296x729/8482781.jpg
8477021,Alexander,Kerfoot,1994-08-11,TRUE,68,C,L,71,180,185,84,Vancouver,British Columbia,CAN,2012,NJD,5,29,150,NaN,https://assets.nhle.com/mugs/actionshots/1296x729/8477021.jpg
8484142,Denver,Barkey,2005-04-27,TRUE,4,C,L,70,178,171,78,Newmarket,Ontario,CAN,2023,PHI,3,31,95,NaN,https://assets.nhle.com/mugs/actionshots/1296x729/8484142.jpg
8483491,Ivan,Miroshnichenko,2004-02-04,TRUE,15,L,R,73,185,185,84,Ussuriysk,NaN,RUS,2022,WSH,1,20,20,NaN,https://assets.nhle.com/mugs/actionshots/1296x729/8483491.jpg
8482673,Xavier,Bourgault,2002-10-22,TRUE,9,R,R,71,180,185,84,L'Islet,Quebec,CAN,2021,EDM,1,22,22,NaN,https://assets.nhle.com/mugs/actionshots/1296x729/8482673.jpg
8482168,Maxim,Groshev,2001-12-14,TRUE,14,D,L,74,188,196,89,Agryz,NaN,RUS,2020,TBL,3,23,85,NaN,https://assets.nhle.com/mugs/actionshots/1296x729/8482168.jpg
8477034,Jaycob,Megna,1992-12-10,TRUE,54,D,L,78,198,214,97,Plantation,Florida,USA,2012,ANA,7,29,210,NaN,https://assets.nhle.com/mugs/actionshots/1296x729/8477034.jpg
8475413,Justin,Dowling,1990-10-01,TRUE,3,C,L,71,180,178,81,Calgary,Alberta,CAN,NaN,NaN,NaN,NaN,NaN,NaN,https://assets.nhle.com/mugs/actionshots/1296x729/8475413.jpg
8476988,Matt,Benning,1994-05-25,TRUE,10,D,R,73,185,220,100,Edmonton,Alberta,CAN,2012,BOS,6,24,175,NaN,https://assets.nhle.com/mugs/actionshots/1296x729/8476988.jpg
8484287,Cole,McWard,2001-06-09,TRUE,2,D,R,74,188,196,89,Fenton,Missouri,USA,NaN,NaN,NaN,NaN,NaN,NaN,https://assets.nhle.com/mugs/actionshots/1296x729/8484287.jpg
8477320,Anton,Blidh,1995-03-14,TRUE,3,L,L,73,185,191,87,Molnlycke,NaN,SWE,2013,BOS,6,29,180,NaN,https://assets.nhle.com/mugs/actionshots/1296x729/8477320.jpg
8481517,Brett,Leason,1999-04-30,TRUE,15,R,R,77,196,220,100,Calgary,Alberta,CAN,2019,WSH,2,25,56,NaN,https://assets.nhle.com/mugs/actionshots/1296x729/8481517.jpg
8482766,William,Stromgren,2003-06-07,TRUE,20,L,L,75,191,175,79,Ornskoldsvik,NaN,SWE,2021,CGY,2,13,45,NaN,https://assets.nhle.com/mugs/actionshots/1296x729/8482766.jpg
8481732,Andre,Lee,2000-07-26,TRUE,26,L,L,76,193,210,95,Karlstad,NaN,SWE,2019,LAK,7,2,188,NaN,https://assets.nhle.com/mugs/actionshots/1296x729/8481732.jpg
8483406,Taylor,Ward,1998-03-31,TRUE,26,R,R,74,188,215,98,Kelowna,British Columbia,CAN,NaN,NaN,NaN,NaN,NaN,NaN,https://assets.nhle.com/mugs/actionshots/1296x729/8483406.jpg
8485512,Tim,Washe,2001-08-25,TRUE,24,C,L,75,191,212,96,Detroit,Michigan,USA,NaN,NaN,NaN,NaN,NaN,NaN,https://assets.nhle.com/mugs/actionshots/1296x729/8485512.jpg
8483526,Danil,Zhilkin,2003-12-19,TRUE,52,C,L,73,185,192,87,Moscow,NaN,RUS,2022,WPG,3,12,77,NaN,https://assets.nhle.com/mugs/actionshots/1296x729/8483526.jpg
8479639,Dylan,Coghlan,1998-02-19,TRUE,54,D,R,74,188,205,93,Duncan,British Columbia,CAN,NaN,NaN,NaN,NaN,NaN,NaN,https://assets.nhle.com/mugs/actionshots/1296x729/8479639.jpg
8482451,Mikael,Pyyhtia,2001-12-17,TRUE,29,L,L,72,183,178,81,Turku,NaN,FIN,2020,CBJ,4,21,114,NaN,https://assets.nhle.com/mugs/actionshots/1296x729/8482451.jpg
8483466,Kevin,Korchinski,2004-06-21,TRUE,16,D,L,73,185,185,84,Saskatoon,Saskatchewan,CAN,2022,CHI,1,7,7,NaN,https://assets.nhle.com/mugs/actionshots/1296x729/8483466.jpg
8476391,T.J.,Tynan,1992-02-25,TRUE,21,C,R,68,173,160,73,Orland Park,Illinois,USA,2011,CBJ,3,5,66,NaN,https://assets.nhle.com/mugs/actionshots/1296x729/8476391.jpg
8483771,Sandis,Vilmanis,2004-01-23,TRUE,13,L,L,73,185,192,87,Riga,NaN,LVA,2022,FLA,5,28,157,NaN,https://assets.nhle.com/mugs/actionshots/1296x729/8483771.jpg
8480192,Johnathan,Kovacevic,1997-07-12,TRUE,1,D,R,77,196,223,101,Hamilton,Ontario,CAN,2017,WPG,3,12,74,NaN,https://assets.nhle.com/mugs/actionshots/1296x729/8480192.jpg
8479550,Tanner,Laczynski,1997-06-01,TRUE,54,C,R,73,185,211,96,Minooka,Illinois,USA,2016,PHI,6,18,169,NaN,https://assets.nhle.com/mugs/actionshots/1296x729/8479550.jpg
8481600,Tobias,Bjornfot,2001-04-06,TRUE,13,D,L,72,183,200,91,Upplands Vasby,NaN,SWE,2019,LAK,1,22,22,NaN,https://assets.nhle.com/mugs/actionshots/1296x729/8481600.jpg
8484797,Konsta,Helenius,2006-05-11,TRUE,7,C,R,71,180,190,86,Ylojarvi,NaN,FIN,2024,BUF,1,14,14,NaN,https://assets.nhle.com/mugs/actionshots/1296x729/8484797.jpg
8479718,Alex,Barre-Boulet,1997-05-21,TRUE,21,C,L,70,178,178,81,Montmagny,Quebec,CAN,NaN,NaN,NaN,NaN,NaN,NaN,https://assets.nhle.com/mugs/actionshots/1296x729/8479718.jpg
8479314,Matthew,Tkachuk,1997-12-11,TRUE,13,L,L,74,188,202,92,Scottsdale,Arizona,USA,2016,CGY,1,6,6,NaN,https://assets.nhle.com/mugs/actionshots/1296x729/8479314.jpg
8478967,Lane,Pederson,1997-08-04,TRUE,4,C,R,73,185,196,89,Saskatoon,Saskatchewan,CAN,NaN,NaN,NaN,NaN,NaN,NaN,https://assets.nhle.com/mugs/actionshots/1296x729/8478967.jpg
8482192,Isaak,Phillips,2001-09-28,TRUE,52,D,L,75,191,205,93,Barrie,Ontario,CAN,2020,CHI,5,17,141,NaN,https://assets.nhle.com/mugs/actionshots/1296x729/8482192.jpg
8484177,Lenni,Hameenaho,2004-11-07,TRUE,1,R,R,73,185,195,88,Kajaani,NaN,FIN,2023,NJD,2,26,58,NaN,https://assets.nhle.com/mugs/actionshots/1296x729/8484177.jpg
8481028,Martin,Pospisil,1999-11-19,TRUE,20,C,L,74,188,173,78,Zvolen,NaN,SVK,2018,CGY,4,12,105,NaN,https://assets.nhle.com/mugs/actionshots/1296x729/8481028.jpg
8480007,Jonas,Rondbjerg,1999-03-31,TRUE,54,R,L,74,188,206,93,Horsholm,NaN,DNK,2017,VGK,3,3,65,NaN,https://assets.nhle.com/mugs/actionshots/1296x729/8480007.jpg
8483448,Isaiah,George,2004-02-15,TRUE,2,D,L,73,185,203,92,Oakville,Ontario,CAN,2022,NYI,4,1,98,NaN,https://assets.nhle.com/mugs/actionshots/1296x729/8483448.jpg
8481547,Simon,Lundmark,2000-10-08,TRUE,14,D,R,74,188,190,86,Stockholm,NaN,SWE,2019,WPG,2,20,51,NaN,https://assets.nhle.com/mugs/actionshots/1296x729/8481547.jpg
8483756,Jared,Wright,2002-11-22,TRUE,26,R,R,73,185,178,81,Burnsville,Minnesota,USA,2022,LAK,6,8,169,NaN,https://assets.nhle.com/mugs/actionshots/1296x729/8483756.jpg
8484509,Josh,Samanski,2002-03-22,TRUE,22,C,L,74,188,195,88,Erding,NaN,DEU,NaN,NaN,NaN,NaN,NaN,NaN,https://assets.nhle.com/mugs/actionshots/1296x729/8484509.jpg
8477971,Andreas,Englund,1996-01-21,TRUE,18,D,L,76,193,200,91,Stockholm,NaN,SWE,2014,OTT,2,10,40,NaN,https://assets.nhle.com/mugs/actionshots/1296x729/8477971.jpg
8479387,Keaton,Middleton,1998-02-10,TRUE,21,D,L,78,198,240,109,Edmonton,Alberta,CAN,2016,TOR,4,10,101,NaN,https://assets.nhle.com/mugs/actionshots/1296x729/8479387.jpg
8483505,Matthew,Poitras,2004-03-10,TRUE,6,C,R,72,183,189,86,Whitby,Ontario,CAN,2022,BOS,2,22,54,NaN,https://assets.nhle.com/mugs/actionshots/1296x729/8483505.jpg
8483546,Marshall,Rifai,1998-03-16,TRUE,10,D,L,74,188,211,96,Beaconsfield,Quebec,CAN,NaN,NaN,NaN,NaN,NaN,NaN,https://assets.nhle.com/mugs/actionshots/1296x729/8483546.jpg
8485251,Kai,Uchacz,2003-06-24,TRUE,54,C,R,74,188,206,93,Calgary,Alberta,CAN,NaN,NaN,NaN,NaN,NaN,NaN,https://assets.nhle.com/mugs/actionshots/1296x729/8485251.jpg
8482993,Avery,Hayes,2002-10-10,TRUE,5,R,R,70,178,180,82,Westland,Michigan,USA,NaN,NaN,NaN,NaN,NaN,NaN,https://assets.nhle.com/mugs/actionshots/1296x729/8482993.jpg
8484933,Mikulas,Hovorka,2001-07-01,TRUE,13,D,R,78,198,229,104,Praha,NaN,CZE,NaN,NaN,NaN,NaN,NaN,NaN,https://assets.nhle.com/mugs/actionshots/1296x729/8484933.jpg
8484938,Arttu,Hyry,2001-04-06,TRUE,25,R,R,75,191,211,96,Oulu,NaN,FIN,NaN,NaN,NaN,NaN,NaN,NaN,https://assets.nhle.com/mugs/actionshots/1296x729/8484938.jpg
8481572,Ville,Heinola,2001-03-02,TRUE,52,D,L,72,183,181,82,Honkajoki,NaN,FIN,2019,WPG,1,20,20,NaN,https://assets.nhle.com/mugs/actionshots/1296x729/8481572.jpg
8482153,Brendan,Brisson,2001-10-22,TRUE,3,C,L,72,183,188,85,Los Angeles,California,USA,2020,VGK,1,29,29,NaN,https://assets.nhle.com/mugs/actionshots/1296x729/8482153.jpg
8482742,Zachary,L'Heureux,2003-05-15,TRUE,18,L,L,71,180,197,89,Montreal,Quebec,CAN,2021,NSH,1,27,27,NaN,https://assets.nhle.com/mugs/actionshots/1296x729/8482742.jpg
8479942,Dominik,Shine,1993-04-18,TRUE,17,R,R,71,180,177,80,Pinckney,Michigan,USA,NaN,NaN,NaN,NaN,NaN,NaN,https://assets.nhle.com/mugs/actionshots/1296x729/8479942.jpg
8482652,Walker,Duehr,1997-11-23,TRUE,52,R,R,74,188,210,95,Sioux Falls,South Dakota,USA,NaN,NaN,NaN,NaN,NaN,NaN,https://assets.nhle.com/mugs/actionshots/1296x729/8482652.jpg
8483675,Kenny,Connors,2003-03-10,TRUE,26,C,L,73,185,199,90,Glen Mills,Pennsylvania,USA,2022,LAK,4,6,103,NaN,https://assets.nhle.com/mugs/actionshots/1296x729/8483675.jpg
8483699,Angus,Booth,2004-04-27,TRUE,26,D,L,72,183,177,80,Montreal,Quebec,CAN,2022,LAK,4,19,116,NaN,https://assets.nhle.com/mugs/actionshots/1296x729/8483699.jpg
8481534,Raphael,Lavoie,2000-09-25,TRUE,54,C,R,76,193,217,98,Chambly,Quebec,CAN,2019,EDM,2,7,38,NaN,https://assets.nhle.com/mugs/actionshots/1296x729/8481534.jpg
8477931,Tomas,Nosek,1992-09-01,TRUE,13,L,L,75,191,199,90,Pardubice,NaN,CZE,NaN,NaN,NaN,NaN,NaN,NaN,https://assets.nhle.com/mugs/actionshots/1296x729/8477931.jpg
8482715,Ryan,Ufko,2003-05-07,TRUE,18,D,R,72,183,174,79,Smithtown,New York,USA,2021,NSH,4,19,115,NaN,https://assets.nhle.com/mugs/actionshots/1296x729/8482715.jpg
8483731,Alex,Bump,2003-11-20,TRUE,4,L,L,72,183,195,88,Burnsville,Minnesota,USA,2022,PHI,5,4,133,NaN,https://assets.nhle.com/mugs/actionshots/1296x729/8483731.jpg
8475718,Justin,Holl,1992-01-30,TRUE,19,D,R,76,193,194,88,Tonka Bay,Minnesota,USA,2010,CHI,2,24,54,NaN,https://assets.nhle.com/mugs/actionshots/1296x729/8475718.jpg
8480870,Bo,Groulx,2000-02-06,TRUE,10,C,L,74,188,202,92,Rouen,NaN,FRA,2018,ANA,2,23,54,NaN,https://assets.nhle.com/mugs/actionshots/1296x729/8480870.jpg
8484188,Theo,Lindstein,2005-01-05,TRUE,19,D,L,72,183,197,89,Gavle,NaN,SWE,2023,STL,1,29,29,NaN,https://assets.nhle.com/mugs/actionshots/1296x729/8484188.jpg
8479543,Michael,Pezzetta,1998-03-13,TRUE,10,L,L,73,185,222,101,Toronto,Ontario,CAN,2016,MTL,6,9,160,NaN,https://assets.nhle.com/mugs/actionshots/1296x729/8479543.jpg
8480326,Sheldon,Dries,1994-04-23,TRUE,17,C,L,70,178,182,83,Macomb,Michigan,USA,NaN,NaN,NaN,NaN,NaN,NaN,https://assets.nhle.com/mugs/actionshots/1296x729/8480326.jpg
8482107,Mike,Benning,2002-01-05,TRUE,13,D,R,69,175,185,84,Edmonton,Alberta,CAN,2020,FLA,4,2,95,NaN,https://assets.nhle.com/mugs/actionshots/1296x729/8482107.jpg
8481518,Nolan,Foote,2000-11-29,TRUE,13,L,L,75,191,196,89,Denver,Colorado,USA,2019,TBL,1,27,27,NaN,https://assets.nhle.com/mugs/actionshots/1296x729/8481518.jpg
8484873,Cole,Hutson,2006-06-28,TRUE,15,D,L,71,180,175,79,St. Louis,Missouri,USA,2024,WSH,2,11,43,NaN,https://assets.nhle.com/mugs/actionshots/1296x729/8484873.jpg
8482067,Connor,Mackey,1996-09-12,TRUE,3,D,L,75,191,205,93,Tower Lakes,Illinois,USA,NaN,NaN,NaN,NaN,NaN,NaN,https://assets.nhle.com/mugs/actionshots/1296x729/8482067.jpg
8475253,Garrett,Wilson,1991-03-16,TRUE,4,L,L,75,191,218,99,Barrie,Ontario,CAN,2009,FLA,4,16,107,NaN,https://assets.nhle.com/mugs/actionshots/1296x729/8475253.jpg
8482162,Roby,Jarventie,2002-08-08,TRUE,22,L,L,74,188,184,83,Tampere,NaN,FIN,2020,OTT,2,2,33,NaN,https://assets.nhle.com/mugs/actionshots/1296x729/8482162.jpg
8486056,Tyson,Gross,2002-09-23,TRUE,20,C,R,75,191,195,88,Calgary,Alberta,CAN,NaN,NaN,NaN,NaN,NaN,NaN,https://assets.nhle.com/mugs/actionshots/1296x729/8486056.jpg
8481575,Lassi,Thomson,2000-09-24,TRUE,9,D,R,72,183,195,88,Tampere,NaN,FIN,2019,OTT,1,19,19,NaN,https://assets.nhle.com/mugs/actionshots/1296x729/8481575.jpg
8483435,Jorian,Donovan,2004-04-05,TRUE,9,D,L,73,185,200,91,Calgary,Alberta,CAN,2022,OTT,5,7,136,NaN,https://assets.nhle.com/mugs/actionshots/1296x729/8483435.jpg
8484759,Carter,Yakemchuk,2005-09-29,TRUE,9,D,R,75,191,219,99,Fort McMurray,Alberta,CAN,2024,OTT,1,7,7,NaN,https://assets.nhle.com/mugs/actionshots/1296x729/8484759.jpg
8485391,Anton,Frondell,2007-05-07,TRUE,16,C,L,73,185,198,90,Trangsund,NaN,SWE,2025,CHI,1,3,3,NaN,https://assets.nhle.com/mugs/actionshots/1296x729/8485391.jpg
8481186,Logan,O'Connor,1996-08-14,TRUE,21,R,R,72,183,175,79,Missouri City,Texas,USA,NaN,NaN,NaN,NaN,NaN,NaN,https://assets.nhle.com/mugs/actionshots/1296x729/8481186.jpg
8483669,Adam,Sykora,2004-09-07,TRUE,3,L,L,71,180,193,88,Piestany,NaN,SVK,2022,NYR,2,31,63,NaN,https://assets.nhle.com/mugs/actionshots/1296x729/8483669.jpg
8484793,Sacha,Boisvert,2006-03-17,TRUE,16,C,L,74,188,176,80,Trois-Rivieres,Quebec,CAN,2024,CHI,1,18,18,NaN,https://assets.nhle.com/mugs/actionshots/1296x729/8484793.jpg
8484169,Drew,Fortescue,2005-04-28,TRUE,3,D,L,74,188,195,88,New York,New York,USA,2023,NYR,3,26,90,NaN,https://assets.nhle.com/mugs/actionshots/1296x729/8484169.jpg
8482802,Carter,Mazur,2002-03-28,TRUE,17,L,R,72,183,200,91,Jackson,Michigan,USA,2021,DET,3,6,70,NaN,https://assets.nhle.com/mugs/actionshots/1296x729/8482802.jpg
8478888,Cameron,Hughes,1996-10-09,TRUE,25,C,L,72,183,190,86,Edmonton,Alberta,CAN,2015,BOS,6,14,165,NaN,https://assets.nhle.com/mugs/actionshots/1296x729/8478888.jpg
8485406,Porter,Martone,2006-10-26,TRUE,4,R,R,75,191,214,97,Peterborough,Ontario,CAN,2025,PHI,1,6,6,NaN,https://assets.nhle.com/mugs/actionshots/1296x729/8485406.jpg
8483444,Nathan,Gaucher,2003-11-06,TRUE,24,C,R,75,191,226,103,Chambly,Quebec,CAN,2022,ANA,1,22,22,NaN,https://assets.nhle.com/mugs/actionshots/1296x729/8483444.jpg
8480075,Cameron,Crotty,1999-05-05,TRUE,9,D,R,75,191,213,97,Ottawa,Ontario,CAN,2017,ARI,3,20,82,NaN,https://assets.nhle.com/mugs/actionshots/1296x729/8480075.jpg
8484406,Ty,Mueller,2003-02-26,TRUE,23,C,L,71,180,185,84,Edmonton,Alberta,CAN,2023,VAN,4,9,105,NaN,https://assets.nhle.com/mugs/actionshots/1296x729/8484406.jpg
8483397,Marc,McLaughlin,1999-07-26,TRUE,1,C,R,72,183,202,92,North Billerica,Massachusetts,USA,NaN,NaN,NaN,NaN,NaN,NaN,https://assets.nhle.com/mugs/actionshots/1296x729/8483397.jpg
8482731,Tyson,Hinds,2003-03-12,TRUE,24,D,L,75,191,201,91,Gatineau,Quebec,CAN,2021,ANA,3,12,76,NaN,https://assets.nhle.com/mugs/actionshots/1296x729/8482731.jpg
8482663,Dylan,Duke,2003-03-04,TRUE,14,L,L,70,178,184,83,Strongsville,Ohio,USA,2021,TBL,4,30,126,NaN,https://assets.nhle.com/mugs/actionshots/1296x729/8482663.jpg
8484234,Aydar,Suniev,2004-11-16,TRUE,20,L,L,74,188,198,90,Kazan,NaN,RUS,2023,CGY,3,16,80,NaN,https://assets.nhle.com/mugs/actionshots/1296x729/8484234.jpg
8484999,Ilya,Protas,2006-07-18,TRUE,15,L,L,78,198,225,102,Vitebsk,NaN,BLR,2024,WSH,3,10,75,NaN,https://assets.nhle.com/mugs/actionshots/1296x729/8484999.jpg
8483687,Marek,Alscher,2004-04-07,TRUE,13,D,L,75,191,206,93,Slany,NaN,CZE,2022,FLA,3,28,93,NaN,https://assets.nhle.com/mugs/actionshots/1296x729/8483687.jpg
8483712,Ludvig,Jansson,2003-12-27,TRUE,13,D,R,72,183,176,80,Stockholm,NaN,SWE,2022,FLA,4,28,125,NaN,https://assets.nhle.com/mugs/actionshots/1296x729/8483712.jpg
8485467,Luke,Haymes,2003-07-28,TRUE,10,C,L,73,185,192,87,Ottawa,Ontario,CAN,NaN,NaN,NaN,NaN,NaN,NaN,https://assets.nhle.com/mugs/actionshots/1296x729/8485467.jpg
8480291,Skyler,Brind'Amour,1999-07-27,TRUE,12,C,L,74,188,195,88,Raleigh,North Carolina,USA,2017,EDM,6,22,177,NaN,https://assets.nhle.com/mugs/actionshots/1296x729/8480291.jpg
8481004,Josiah,Slavin,1998-12-31,TRUE,12,L,L,75,191,205,93,Erie,Colorado,USA,2018,CHI,7,7,193,NaN,https://assets.nhle.com/mugs/actionshots/1296x729/8481004.jpg
8477851,Jordan,Oesterle,1992-06-25,TRUE,18,D,L,72,183,181,82,Dearborn Heights,Michigan,USA,NaN,NaN,NaN,NaN,NaN,NaN,https://assets.nhle.com/mugs/actionshots/1296x729/8477851.jpg
8482174,William,Villeneuve,2002-03-20,TRUE,10,D,R,74,188,183,83,Sherbrooke,Quebec,CAN,2020,TOR,4,29,122,NaN,https://assets.nhle.com/mugs/actionshots/1296x729/8482174.jpg
8484380,Wilmer,Skoog,1999-07-17,TRUE,13,C,L,74,188,196,89,Stockholm,NaN,SWE,NaN,NaN,NaN,NaN,NaN,NaN,https://assets.nhle.com/mugs/actionshots/1296x729/8484380.jpg
8483709,Abram,Wiebe,2003-08-28,TRUE,20,D,L,74,188,187,85,Mission,British Columbia,CAN,2022,VGK,7,16,209,NaN,https://assets.nhle.com/mugs/actionshots/1296x729/8483709.jpg
8484220,David,Reinbacher,2004-10-25,TRUE,8,D,R,75,191,207,94,Hohenems,NaN,AUT,2023,MTL,1,5,5,NaN,https://assets.nhle.com/mugs/actionshots/1296x729/8484220.jpg
8485395,James,Hagens,2006-11-03,TRUE,6,C,L,71,180,177,80,Hauppauge,New York,USA,2025,BOS,1,7,7,NaN,https://assets.nhle.com/mugs/actionshots/1296x729/8485395.jpg
8482873,Topias,Vilen,2003-04-01,TRUE,1,D,L,73,185,194,88,Lahti,NaN,FIN,2021,NJD,5,1,129,NaN,https://assets.nhle.com/mugs/actionshots/1296x729/8482873.jpg
8483467,Kirill,Kudryavtsev,2004-02-05,TRUE,23,D,L,71,180,200,91,Yaroslavl,NaN,RUS,2022,VAN,7,15,208,NaN,https://assets.nhle.com/mugs/actionshots/1296x729/8483467.jpg
8482525,Ryan,Tverberg,2002-01-30,TRUE,10,C,R,71,180,187,85,Richmond Hill,Ontario,CAN,2020,TOR,7,27,213,NaN,https://assets.nhle.com/mugs/actionshots/1296x729/8482525.jpg
8486166,Viking,Gustafsson Nyberg,2003-09-21,TRUE,30,D,NaN,78,198,225,102,Stockholm,NaN,SWE,NaN,NaN,NaN,NaN,NaN,NaN,https://assets.nhle.com/mugs/actionshots/1296x729/8486166.jpg
8484152,Luca,Cagnoni,2004-12-21,TRUE,28,D,L,69,175,180,82,Burnaby,British Columbia,CAN,2023,SJS,4,27,123,NaN,https://assets.nhle.com/mugs/actionshots/1296x729/8484152.jpg
8484242,Brayden,Yager,2005-01-03,TRUE,52,C,R,71,180,180,82,Saskatoon,Saskatchewan,CAN,2023,PIT,1,14,14,NaN,https://assets.nhle.com/mugs/actionshots/1296x729/8484242.jpg
8480853,Liam,Foudy,2000-02-04,TRUE,2,C,L,73,185,186,84,Scarborough,Ontario,CAN,2018,CBJ,1,18,18,NaN,https://assets.nhle.com/mugs/actionshots/1296x729/8480853.jpg
8482187,Ronan,Seeley,2002-08-02,TRUE,12,D,L,72,183,201,91,Yellowknife,Northwest Territories,CAN,2020,CAR,7,22,208,NaN,https://assets.nhle.com/mugs/actionshots/1296x729/8482187.jpg
8484392,Felix,Unger Sorum,2005-09-14,TRUE,12,R,R,72,183,190,86,Trondheim,NaN,NOR,2023,CAR,2,30,62,NaN,https://assets.nhle.com/mugs/actionshots/1296x729/8484392.jpg
8485388,Victor,Eklund,2006-10-03,TRUE,2,R,R,71,180,161,73,Stockholm,NaN,SWE,2025,NYI,1,16,16,NaN,https://assets.nhle.com/mugs/actionshots/1296x729/8485388.jpg
8483760,Hunter,McDonald,2002-05-11,TRUE,4,D,L,76,193,238,108,Fairport,New York,USA,2022,PHI,6,4,165,NaN,https://assets.nhle.com/mugs/actionshots/1296x729/8483760.jpg
8484148,Oliver,Bonk,2005-01-09,TRUE,4,D,R,74,188,180,82,Ottawa,Ontario,CAN,2023,PHI,1,22,22,NaN,https://assets.nhle.com/mugs/actionshots/1296x729/8484148.jpg
8481093,Rafael,Harvey-Pinard,1999-01-06,TRUE,5,L,L,69,175,179,81,Saguenay,Quebec,CAN,2019,MTL,7,15,201,NaN,https://assets.nhle.com/mugs/actionshots/1296x729/8481093.jpg
8486169,Jake,Livanavage,2004-05-06,TRUE,5,D,NaN,71,180,190,86,NaN,NaN,USA,NaN,NaN,NaN,NaN,NaN,NaN,https://assets.nhle.com/mugs/actionshots/1296x729/8486169.jpg
8475857,Kevin,Gravel,1992-03-06,TRUE,18,D,L,76,193,205,93,Kingsford,Michigan,USA,2010,LAK,5,28,148,NaN,https://assets.nhle.com/mugs/actionshots/1296x729/8475857.jpg
8483482,Tristan,Luneau,2004-01-12,TRUE,24,D,R,73,185,211,96,Victoriaville,Quebec,CAN,2022,ANA,2,21,53,NaN,https://assets.nhle.com/mugs/actionshots/1296x729/8483482.jpg
8483696,Cole,O'Hara,2002-06-20,TRUE,18,R,R,72,183,189,86,Richmond Hill,Ontario,CAN,2022,NSH,4,17,114,NaN,https://assets.nhle.com/mugs/actionshots/1296x729/8483696.jpg
