game_num,game_date,venue,venue_location,a_team_id,h_team_id,a_team_code,h_team_code,a_goals,h_goals,a_sog,h_sog,a_fo_win_perc,h_fo_win_perc,a_ppg,h_ppg,a_pp_perc,h_pp_perc,a_pim,h_pim,a_hits,h_hits,a_blocked_shots,h_blocked_shots,a_giveaways,h_giveaways,a_takeaways,h_takeaways
2024020001,2024-10-04,O2 Czech Republic,Prague,1,7,NJD,BUF,4,1,23,31,0.423729,0.576271,0,0,0,0,8,4,34,29,18,15,22,12,2,5
2024020002,2024-10-05,O2 Czech Republic,Prague,7,1,BUF,NJD,1,3,18,37,0.352941,0.647059,0,1,0,0.25,13,9,28,18,10,22,17,26,4,5
2024020003,2024-10-08,Climate Pledge Arena,Seattle,19,55,STL,SEA,3,2,25,32,0.56338,0.43662,1,0,0.5,0,11,13,31,22,18,16,14,10,4,3
2024020004,2024-10-08,Amerant Bank Arena,Sunrise,6,13,BOS,FLA,4,6,28,35,0.484375,0.515625,1,0,0.25,0,19,15,27,26,21,8,17,8,8,5
2024020005,2024-10-08,Delta Center,Salt Lake City,16,59,CHI,UTA,2,5,26,27,0.5,0.5,0,0,0,0,17,11,31,23,12,23,16,22,5,1
2024020006,2024-10-09,Centre Bell,Montreal,10,8,TOR,MTL,0,1,48,27,0.666667,0.333333,0,1,0,0.2,10,8,23,23,15,25,13,14,4,5
2024020007,2024-10-09,PPG Paints Arena,Pittsburgh,3,5,NYR,PIT,6,0,40,31,0.542373,0.457627,0,0,0,0,8,6,18,25,20,10,18,19,4,4
2024020008,2024-10-09,Rogers Place,Edmonton,52,22,WPG,EDM,6,0,20,30,0.408163,0.591837,2,0,0.666667,0,2,6,11,20,29,8,16,8,5,7
2024020009,2024-10-09,Rogers Arena,Vancouver,20,23,CGY,VAN,6,5,26,24,0.461538,0.538462,1,2,0.333333,0.5,17,15,21,17,22,12,9,15,3,6
2024020010,2024-10-09,T-Mobile Arena,Paradise,21,54,COL,VGK,4,8,32,21,0.42,0.58,1,2,0.333333,0.666667,6,6,22,19,9,18,16,17,8,9
2024020011,2024-10-10,TD Garden,Boston,8,6,MTL,BOS,4,6,24,29,0.5,0.5,1,1,0.166667,0.2,10,12,23,25,16,15,17,17,7,3
2024020012,2024-10-10,KeyBank Center,Buffalo,26,7,LAK,BUF,3,1,23,33,0.416667,0.583333,1,0,0.2,0,15,35,20,29,19,15,12,14,2,8
2024020013,2024-10-10,Canadian Tire Centre,Ottawa,13,9,FLA,OTT,1,3,32,31,0.438596,0.561404,0,1,0,0.333333,6,4,22,30,9,30,13,14,2,2
2024020014,2024-10-10,Little Caesars Arena,Detroit,5,17,PIT,DET,6,3,28,32,0.536232,0.463768,1,1,0.5,0.2,10,4,22,22,16,12,13,14,4,7
2024020015,2024-10-10,Prudential Center,Newark,10,1,TOR,NJD,4,2,22,23,0.481481,0.518519,0,1,0,0.2,10,4,12,32,27,11,18,21,4,2
2024020016,2024-10-10,UBS Arena,Elmont,59,2,UTA,NYI,5,4,26,27,0.521739,0.478261,2,1,1,0.166667,12,4,13,24,20,20,20,11,11,2
2024020017,2024-10-10,Bridgestone Arena,Nashville,25,18,DAL,NSH,4,3,20,36,0.344828,0.655172,1,1,0.25,0.166667,12,8,11,21,13,16,19,22,2,10
2024020018,2024-10-10,Xcel Energy Center,St. Paul,29,30,CBJ,MIN,2,3,33,26,0.457627,0.542373,1,1,0.333333,0.333333,6,6,21,17,8,18,15,11,1,2
2024020019,2024-10-10,SAP Center at San Jose,San Jose,19,28,STL,SJS,5,4,40,29,0.583333,0.416667,0,1,0,0.5,4,4,18,21,15,23,17,19,5,5
2024020020,2024-10-11,Lenovo Center,Raleigh,14,12,TBL,CAR,4,1,23,21,0.469697,0.530303,2,0,0.333333,0,8,12,20,19,19,11,18,17,3,1
2024020021,2024-10-11,Canada Life Centre,Winnipeg,16,52,CHI,WPG,1,2,26,35,0.366667,0.633333,0,0,0,0,4,2,19,14,16,10,9,15,3,5
2024020022,2024-10-11,Rogers Arena,Vancouver,4,23,PHI,VAN,3,2,31,26,0.421875,0.578125,1,0,0.25,0,10,8,21,29,20,12,16,11,7,8
2024020023,2024-10-11,T-Mobile Arena,Paradise,19,54,STL,VGK,3,4,22,28,0.528302,0.471698,1,0,0.5,0,4,4,20,11,11,15,13,19,10,4
2024020024,2024-10-12,TD Garden,Boston,26,6,LAK,BOS,1,2,34,26,0.44898,0.55102,0,0,0,0,10,10,26,32,15,19,13,10,10,8
2024020025,2024-10-12,KeyBank Center,Buffalo,13,7,FLA,BUF,2,5,25,27,0.483871,0.516129,1,0,0.5,0,8,6,26,26,14,16,12,14,11,7
2024020026,2024-10-12,Scotiabank Arena,Toronto,5,10,PIT,TOR,2,4,23,33,0.468085,0.531915,1,0,0.25,0,6,8,14,17,10,17,9,17,12,8
2024020027,2024-10-12,Centre Bell,Montreal,9,8,OTT,MTL,1,4,25,26,0.454545,0.545455,0,1,0,0.25,10,10,20,21,11,22,16,14,6,3
2024020028,2024-10-12,Little Caesars Arena,Detroit,18,17,NSH,DET,0,3,42,22,0.545455,0.454545,0,0,0,0,4,6,19,22,12,31,21,21,8,9
2024020029,2025-01-07,Amalie Arena,Tampa,12,14,CAR,TBL,2,3,31,33,0.576923,0.423077,0,1,0,0.333333,10,6,24,19,13,14,13,11,2,3
2024020030,2024-10-12,Madison Square Garden,New York,59,3,UTA,NYR,6,5,26,34,0.430769,0.569231,1,1,0.25,0.333333,26,28,12,18,15,13,22,24,6,4
2024020031,2024-10-12,Capital One Arena,Washington,1,15,NJD,WSH,5,3,33,32,0.581818,0.418182,0,1,0,0.333333,8,10,19,21,15,18,16,17,3,8
2024020032,2024-10-12,American Airlines Center,Dallas,2,25,NYI,DAL,0,3,34,27,0.508772,0.491228,0,0,0,0,4,2,17,21,13,14,20,15,5,5
2024020033,2024-10-12,Xcel Energy Center,St. Paul,55,30,SEA,MIN,5,4,34,38,0.492308,0.507692,1,1,0.5,0.5,4,4,21,38,15,8,11,11,6,2
2024020034,2024-10-12,Ball Arena,Denver,29,21,CBJ,COL,6,4,23,30,0.4375,0.5625,1,2,0.333333,0.5,10,18,9,27,19,13,13,11,8,10
2024020035,2024-10-12,Scotiabank Saddledome,Calgary,4,20,PHI,CGY,3,6,40,32,0.545455,0.454545,1,2,0.25,0.4,27,15,28,29,17,15,12,22,3,5
2024020036,2024-10-12,Rogers Place,Edmonton,16,22,CHI,EDM,5,2,20,38,0.396825,0.603175,3,1,1,0.333333,6,6,16,9,35,12,11,9,9,13
2024020037,2024-10-12,SAP Center at San Jose,San Jose,24,28,ANA,SJS,2,0,30,30,0.45614,0.54386,0,0,0,0,8,12,16,17,18,10,15,13,5,6
2024020038,2024-10-13,Canada Life Centre,Winnipeg,30,52,MIN,WPG,1,2,27,35,0.474576,0.525424,0,1,0,0.5,4,6,18,16,15,11,19,19,8,7
2024020039,2024-10-13,American Airlines Center,Dallas,55,25,SEA,DAL,0,2,25,23,0.480769,0.519231,0,0,0,0,8,10,25,13,16,14,13,13,6,5
2024020040,2024-10-13,Rogers Place,Edmonton,20,22,CGY,EDM,4,1,29,26,0.442308,0.557692,0,0,0,0,2,6,28,15,17,17,23,20,4,8
2024020041,2024-10-13,T-Mobile Arena,Paradise,24,54,ANA,VGK,1,3,23,32,0.465116,0.534884,0,1,0,0.25,8,2,23,16,15,18,11,19,5,4
2024020042,2024-10-14,TD Garden,Boston,13,6,FLA,BOS,4,3,26,27,0.459016,0.540984,1,0,0.2,0,19,21,36,40,7,8,11,14,6,4
2024020043,2024-10-14,Canadian Tire Centre,Ottawa,26,9,LAK,OTT,7,8,26,41,0.558824,0.441176,3,4,0.6,0.666667,19,17,22,26,22,10,15,18,3,3
2024020044,2024-10-14,Prudential Center,Newark,59,1,UTA,NJD,0,3,20,32,0.568182,0.431818,0,2,0,0.285714,14,8,8,29,21,9,16,10,6,3
2024020045,2024-10-14,Madison Square Garden,New York,17,3,DET,NYR,1,4,32,28,0.41791,0.58209,0,1,0,0.2,10,8,19,20,17,10,17,11,3,4
2024020046,2024-10-14,Centre Bell,Montreal,5,8,PIT,MTL,6,3,30,28,0.645833,0.354167,0,1,0,0.5,6,4,23,28,16,22,23,8,9,6
2024020047,2024-10-14,Ball Arena,Denver,2,21,NYI,COL,6,2,37,34,0.567568,0.432432,0,0,0,0,6,4,14,24,21,14,20,18,5,2
2024020048,2024-10-15,Amalie Arena,Tampa,23,14,VAN,TBL,1,4,27,27,0.54902,0.45098,1,0,0.333333,0,14,8,23,13,15,19,10,13,8,3
2024020049,2024-10-15,Capital One Arena,Washington,54,15,VGK,WSH,2,4,26,22,0.454545,0.545455,1,1,0.25,0.333333,6,8,9,24,15,13,7,13,1,5
2024020050,2024-10-15,Lenovo Center,Raleigh,1,12,NJD,CAR,2,4,26,31,0.444444,0.555556,1,0,0.333333,0,2,6,26,20,25,16,22,23,5,9
2024020051,2024-10-15,Nationwide Arena,Columbus,13,29,FLA,CBJ,4,3,22,38,0.42623,0.57377,0,0,0,0,4,6,25,17,13,13,23,10,8,7
2024020052,2024-10-15,Enterprise Center,St. Louis,30,19,MIN,STL,4,1,27,28,0.446809,0.553191,2,0,0.4,0,4,10,24,22,23,18,17,16,5,5
2024020053,2024-10-15,Bridgestone Arena,Nashville,55,18,SEA,NSH,7,3,35,33,0.412698,0.587302,0,0,0,0,6,6,23,29,19,8,15,15,6,5
2024020054,2024-10-15,American Airlines Center,Dallas,28,25,SJS,DAL,2,3,27,38,0.473684,0.526316,0,0,0,0,8,6,36,19,18,10,22,21,6,5
2024020055,2024-10-15,Scotiabank Saddledome,Calgary,16,20,CHI,CGY,1,3,32,27,0.515152,0.484848,0,1,0,0.333333,6,4,14,29,18,21,12,19,9,5
2024020056,2024-10-15,Rogers Place,Edmonton,4,22,PHI,EDM,3,4,30,31,0.409091,0.590909,2,0,0.285714,0,18,24,21,23,21,9,9,12,7,7
2024020057,2024-10-16,PPG Paints Arena,Pittsburgh,7,5,BUF,PIT,5,6,33,43,0.378788,0.621212,0,2,0,0.4,12,4,21,18,17,14,17,23,6,11
2024020058,2024-10-16,Scotiabank Arena,Toronto,26,10,LAK,TOR,2,6,34,26,0.45,0.55,0,2,0,0.5,8,8,26,28,8,17,10,7,6,4
2024020059,2024-10-16,Ball Arena,Denver,6,21,BOS,COL,5,3,26,25,0.612903,0.387097,2,3,0.5,1,11,13,35,35,14,15,15,20,4,6
2024020060,2024-10-16,Honda Center,Anaheim,59,24,UTA,ANA,4,5,30,34,0.617647,0.382353,1,0,0.5,0,14,8,9,19,20,19,19,21,6,6
2024020061,2024-10-17,Centre Bell,Montreal,26,8,LAK,MTL,4,1,32,27,0.407407,0.592593,0,0,0,0,10,4,25,34,12,19,12,13,6,9
2024020062,2024-10-17,Canadian Tire Centre,Ottawa,1,9,NJD,OTT,3,1,35,31,0.479167,0.520833,0,1,0,0.333333,6,4,22,27,11,18,14,16,3,4
2024020063,2024-10-17,Little Caesars Arena,Detroit,3,17,NYR,DET,5,2,34,31,0.553846,0.446154,3,1,0.75,0.2,14,12,14,20,11,16,14,18,8,5
2024020064,2024-10-17,Amalie Arena,Tampa,54,14,VGK,TBL,3,4,25,25,0.565217,0.434783,1,0,0.333333,0,4,6,16,22,20,9,13,13,4,2
2024020065,2024-10-17,Amerant Bank Arena,Sunrise,23,13,VAN,FLA,3,2,33,28,0.491803,0.508197,0,1,0,1,9,11,41,35,18,10,15,7,2,0
2024020066,2024-10-17,Capital One Arena,Washington,25,15,DAL,WSH,2,3,24,26,0.525424,0.474576,0,0,0,0,10,8,10,26,12,26,17,16,3,4
2024020067,2024-10-17,Nationwide Arena,Columbus,7,29,BUF,CBJ,4,6,24,25,0.509091,0.490909,0,1,0,0.333333,6,4,18,16,8,17,13,14,6,7
2024020068,2024-10-17,Enterprise Center,St. Louis,2,19,NYI,STL,0,1,34,30,0.533333,0.466667,0,0,0,0,4,6,23,30,21,12,13,12,5,5
2024020069,2024-10-17,Bridgestone Arena,Nashville,22,18,EDM,NSH,4,2,36,27,0.454545,0.545455,0,1,0,0.333333,11,13,9,29,18,15,18,21,1,5
2024020070,2024-10-17,United Center,Chicago,28,16,SJS,CHI,2,4,22,27,0.559322,0.440678,0,2,0,0.285714,14,6,22,13,18,18,8,6,6,7
2024020071,2024-10-17,Climate Pledge Arena,Seattle,4,55,PHI,SEA,4,6,25,29,0.54386,0.45614,1,1,0.25,0.2,19,17,27,21,21,19,10,12,9,8
2024020072,2024-10-18,PPG Paints Arena,Pittsburgh,12,5,CAR,PIT,4,1,38,26,0.473684,0.526316,2,0,0.5,0,12,10,15,27,13,21,15,17,6,3
2024020073,2024-10-18,Canada Life Centre,Winnipeg,28,52,SJS,WPG,3,8,22,36,0.490909,0.509091,1,4,0.5,0.571429,14,4,25,20,21,10,12,10,6,5
2024020074,2024-10-18,Ball Arena,Denver,24,21,ANA,COL,3,4,19,49,0.389831,0.610169,0,1,0,0.2,10,6,21,16,27,19,10,16,3,5
2024020075,2024-10-19,Canadian Tire Centre,Ottawa,14,9,TBL,OTT,4,5,29,28,0.537313,0.462687,0,2,0,0.4,14,10,15,30,20,18,17,14,2,10
2024020076,2024-10-19,Bridgestone Arena,Nashville,17,18,DET,NSH,5,2,24,39,0.539683,0.460317,1,1,0.333333,0.5,6,8,25,27,16,12,16,9,12,5
2024020077,2024-10-19,American Airlines Center,Dallas,22,25,EDM,DAL,1,4,31,24,0.629032,0.370968,0,1,0,1,2,4,10,23,12,22,23,15,8,10
2024020078,2024-10-19,Amerant Bank Arena,Sunrise,54,13,VGK,FLA,3,4,26,49,0.567164,0.432836,0,1,0,0.5,4,2,25,17,28,17,27,23,3,5
2024020079,2024-10-19,Scotiabank Arena,Toronto,3,10,NYR,TOR,4,1,29,35,0.470588,0.529412,0,0,0,0,6,4,19,20,22,11,9,15,11,7
2024020080,2024-10-19,Prudential Center,Newark,15,1,WSH,NJD,6,5,37,31,0.423729,0.576271,0,1,0,0.5,9,9,37,31,15,15,12,13,8,2
2024020081,2024-10-19,UBS Arena,Elmont,8,2,MTL,NYI,3,4,24,36,0.472727,0.527273,1,1,1,0.166667,12,2,30,28,25,8,17,13,5,6
2024020082,2024-10-19,Wells Fargo Center,Philadelphia,23,4,VAN,PHI,3,0,32,26,0.491228,0.508772,0,0,0,0,8,6,37,28,10,12,14,18,4,1
2024020083,2024-10-19,Nationwide Arena,Columbus,30,29,MIN,CBJ,3,1,34,24,0.446809,0.553191,1,0,0.333333,0,6,6,13,27,20,11,23,18,4,10
2024020084,2024-10-19,Enterprise Center,St. Louis,12,19,CAR,STL,3,4,40,19,0.464789,0.535211,1,0,0.333333,0,14,10,13,27,5,12,11,18,9,3
2024020085,2024-10-19,United Center,Chicago,7,16,BUF,CHI,4,2,22,37,0.462963,0.537037,0,0,0,0,6,12,24,21,14,19,10,11,4,6
2024020086,2024-10-19,Delta Center,Salt Lake City,6,59,BOS,UTA,1,2,22,32,0.469388,0.530612,0,0,0,0,10,8,29,12,19,8,22,17,3,2
2024020087,2024-10-19,Climate Pledge Arena,Seattle,20,55,CGY,SEA,1,2,22,23,0.442623,0.557377,1,1,0.333333,0.166667,12,6,31,27,16,10,16,16,5,3
2024020088,2024-10-20,Canada Life Centre,Winnipeg,5,52,PIT,WPG,3,6,42,37,0.548387,0.451613,1,0,1,0,6,4,18,21,11,25,15,24,3,4
2024020089,2024-10-20,SAP Center at San Jose,San Jose,21,28,COL,SJS,4,1,22,26,0.507937,0.492063,1,1,0.25,0.2,17,15,19,26,18,13,19,16,0,0
2024020090,2024-10-20,Honda Center,Anaheim,26,24,LAK,ANA,4,1,36,14,0.622642,0.377358,0,0,0,0,6,4,20,20,11,17,12,10,8,3
2024020091,2024-10-21,Scotiabank Arena,Toronto,14,10,TBL,TOR,2,5,34,29,0.630435,0.369565,1,1,0.166667,0.25,13,17,20,20,14,18,10,16,4,8
2024020092,2024-10-22,Wells Fargo Center,Philadelphia,15,4,WSH,PHI,4,1,29,18,0.529412,0.470588,0,0,0,0,13,17,20,23,16,12,14,15,11,8
2024020093,2024-10-22,Amerant Bank Arena,Sunrise,30,13,MIN,FLA,5,1,22,25,0.56,0.44,1,0,0.5,0,0,4,26,55,20,12,8,8,4,8
2024020094,2024-10-22,Prudential Center,Newark,14,1,TBL,NJD,8,5,37,35,0.493333,0.506667,2,2,1,0.666667,8,6,13,23,20,9,9,13,4,5
2024020095,2024-10-22,KeyBank Center,Buffalo,25,7,DAL,BUF,2,4,30,25,0.612245,0.387755,0,0,0,0,2,6,20,17,16,27,14,16,8,10
2024020096,2024-10-22,Centre Bell,Montreal,3,8,NYR,MTL,7,2,45,23,0.470588,0.529412,1,1,0.333333,0.333333,15,25,18,21,15,16,16,23,6,4
2024020097,2024-10-22,Nationwide Arena,Columbus,10,29,TOR,CBJ,2,6,28,38,0.457143,0.542857,0,0,0,0,12,10,22,19,15,14,16,19,6,5
2024020098,2024-10-22,UBS Arena,Elmont,17,2,DET,NYI,1,0,11,30,0.47619,0.52381,0,0,0,0,6,2,10,13,15,9,19,16,1,5
2024020099,2024-10-22,Enterprise Center,St. Louis,52,19,WPG,STL,3,2,24,29,0.576923,0.423077,1,0,0.5,0,4,4,14,22,16,21,12,23,3,4
2024020100,2024-10-22,United Center,Chicago,23,16,VAN,CHI,6,3,30,34,0.403226,0.596774,2,1,0.666667,0.2,10,6,25,16,12,14,12,19,9,6
2024020101,2024-10-22,Bridgestone Arena,Nashville,6,18,BOS,NSH,0,4,33,42,0.433333,0.566667,0,1,0,0.166667,17,13,17,32,18,10,19,21,6,7
2024020102,2024-10-22,Scotiabank Saddledome,Calgary,5,20,PIT,CGY,3,4,38,25,0.631579,0.368421,1,0,0.25,0,8,8,31,24,21,11,17,17,7,3
2024020103,2024-10-22,Rogers Place,Edmonton,12,22,CAR,EDM,3,2,33,35,0.442308,0.557692,1,1,0.5,0.25,10,6,25,14,13,15,21,17,10,9
2024020104,2024-10-22,Delta Center,Salt Lake City,9,59,OTT,UTA,4,0,22,31,0.40678,0.59322,1,0,1,0,8,6,38,29,16,12,16,17,9,1
2024020105,2024-10-22,Honda Center,Anaheim,28,24,SJS,ANA,1,3,28,40,0.549296,0.450704,1,2,0.5,0.333333,14,6,22,15,15,25,18,25,0,0
2024020106,2024-10-22,Climate Pledge Arena,Seattle,21,55,COL,SEA,3,2,28,27,0.375,0.625,1,1,0.333333,1,2,6,17,18,23,17,13,21,3,4
2024020107,2024-10-22,T-Mobile Arena,Paradise,26,54,LAK,VGK,1,6,35,30,0.36,0.64,0,2,0,1,4,8,35,21,12,21,17,14,6,5
2024020108,2024-10-23,Capital One Arena,Washington,4,15,PHI,WSH,3,6,29,25,0.617647,0.382353,2,0,0.5,0,8,10,32,16,11,20,18,17,3,5
2024020109,2024-10-24,TD Garden,Boston,25,6,DAL,BOS,5,2,32,27,0.471698,0.528302,3,1,0.6,0.25,8,10,18,29,9,14,20,22,4,5
2024020110,2024-10-24,Scotiabank Arena,Toronto,19,10,STL,TOR,5,1,27,41,0.316667,0.683333,1,0,0.5,0,10,6,24,21,23,8,15,14,4,4
2024020111,2024-10-24,Little Caesars Arena,Detroit,1,17,NJD,DET,3,5,40,20,0.5,0.5,3,2,0.6,0.5,20,22,37,24,14,16,9,10,12,10
2024020112,2024-10-24,Amalie Arena,Tampa,30,14,MIN,TBL,4,2,18,26,0.557692,0.442308,1,0,0.25,0,2,8,29,14,19,16,12,24,7,7
2024020113,2024-10-24,Madison Square Garden,New York,13,3,FLA,NYR,3,1,29,25,0.392157,0.607843,0,0,0,0,8,4,32,29,13,13,12,11,6,5
2024020114,2024-10-24,Scotiabank Saddledome,Calgary,12,20,CAR,CGY,4,2,43,32,0.589041,0.410959,1,0,0.333333,0,8,10,17,31,15,19,24,24,10,5
2024020115,2024-10-24,Delta Center,Salt Lake City,21,59,COL,UTA,5,1,26,26,0.280702,0.719298,2,0,0.5,0,6,8,27,15,19,10,12,19,2,5
2024020116,2024-10-24,Climate Pledge Arena,Seattle,52,55,WPG,SEA,4,3,36,32,0.533333,0.466667,0,0,0,0,4,2,31,34,15,16,12,10,6,2
2024020117,2024-10-24,Crypto.com Arena,Los Angeles,28,26,SJS,LAK,2,3,26,30,0.534483,0.465517,2,0,0.333333,0,11,19,39,24,13,24,13,21,9,8
2024020118,2024-10-25,T-Mobile Arena,Paradise,9,54,OTT,VGK,4,6,39,28,0.464789,0.535211,1,1,0.5,0.5,4,4,28,32,20,12,12,20,2,1
2024020119,2024-10-25,Prudential Center,Newark,2,1,NYI,NJD,4,3,30,36,0.625,0.375,1,0,0.25,0,9,13,32,27,15,11,8,17,4,8
2024020120,2024-10-25,United Center,Chicago,18,16,NSH,CHI,3,2,34,29,0.580645,0.419355,1,0,0.2,0,15,15,21,10,16,16,9,12,7,8
2024020121,2024-10-25,Rogers Place,Edmonton,5,22,PIT,EDM,0,4,27,50,0.425532,0.574468,0,1,0,0.5,9,9,21,11,20,17,14,11,6,7
2024020122,2024-10-26,KeyBank Center,Buffalo,17,7,DET,BUF,3,5,25,39,0.671233,0.328767,0,1,0,0.25,8,4,12,14,17,15,27,18,4,2
2024020123,2024-10-26,Wells Fargo Center,Philadelphia,30,4,MIN,PHI,5,7,26,23,0.490909,0.509091,1,1,0.25,0.5,6,10,9,24,12,22,16,15,5,4
2024020124,2024-10-26,Crypto.com Arena,Los Angeles,59,26,UTA,LAK,2,3,26,23,0.6,0.4,0,1,0,0.333333,6,6,20,26,13,15,16,14,7,3
2024020125,2024-10-26,TD Garden,Boston,10,6,TOR,BOS,3,4,23,34,0.603448,0.396552,0,1,0,0.2,12,8,27,20,18,19,12,11,7,6
2024020126,2024-10-26,Centre Bell,Montreal,19,8,STL,MTL,2,5,31,26,0.56,0.44,0,1,0,0.333333,6,6,18,24,16,19,19,17,5,6
2024020127,2024-10-26,Amalie Arena,Tampa,15,14,WSH,TBL,0,3,32,21,0.583333,0.416667,0,0,0,0,13,11,30,12,16,19,15,14,3,7
2024020128,2024-10-26,Madison Square Garden,New York,24,3,ANA,NYR,1,2,33,32,0.5,0.5,0,0,0,0,4,4,19,26,18,15,16,10,8,8
2024020129,2024-10-26,Scotiabank Saddledome,Calgary,52,20,WPG,CGY,5,3,35,29,0.465753,0.534247,2,0,0.5,0,12,22,18,31,17,18,15,17,6,7
2024020130,2024-10-26,UBS Arena,Elmont,13,2,FLA,NYI,6,3,29,28,0.41791,0.58209,1,0,0.5,0,6,4,20,23,12,11,10,14,5,7
2024020131,2024-10-26,Bridgestone Arena,Nashville,29,18,CBJ,NSH,3,4,28,33,0.491228,0.508772,0,0,0,0,6,6,25,39,15,14,19,18,6,8
2024020132,2024-10-26,American Airlines Center,Dallas,16,25,CHI,DAL,2,4,24,30,0.519231,0.480769,0,1,0,0.333333,6,6,29,9,22,13,11,7,3,3
2024020133,2024-10-26,Rogers Arena,Vancouver,5,23,PIT,VAN,3,4,24,34,0.428571,0.571429,0,0,0,0,6,4,16,24,13,9,14,13,4,7
2024020134,2024-10-26,T-Mobile Arena,Paradise,28,54,SJS,VGK,3,7,26,42,0.490566,0.509434,0,1,0,0.25,8,4,35,17,16,13,7,12,6,6
2024020135,2024-10-26,Climate Pledge Arena,Seattle,12,55,CAR,SEA,4,1,39,19,0.459016,0.540984,1,0,0.166667,0,6,12,13,25,6,23,15,15,7,5
2024020136,2024-10-27,Little Caesars Arena,Detroit,22,17,EDM,DET,3,2,34,26,0.396552,0.603448,0,0,0,0,7,9,11,23,14,20,18,11,1,1
2024020137,2024-10-27,Prudential Center,Newark,24,1,ANA,NJD,2,6,26,34,0.380952,0.619048,0,1,0,1,9,11,20,24,13,10,17,13,2,0
2024020138,2024-10-27,Wells Fargo Center,Philadelphia,8,4,MTL,PHI,4,3,24,26,0.37931,0.62069,1,0,0.5,0,6,4,18,28,22,12,15,22,9,9
2024020139,2024-10-27,Ball Arena,Denver,9,21,OTT,COL,4,5,30,32,0.555556,0.444444,0,0,0,0,2,2,38,20,23,8,15,14,4,4
2024020140,2024-10-28,KeyBank Center,Buffalo,13,7,FLA,BUF,5,2,31,28,0.354839,0.645161,2,1,0.5,0.333333,10,12,19,24,11,14,13,9,6,5
2024020141,2024-10-28,Amalie Arena,Tampa,18,14,NSH,TBL,2,3,37,27,0.5,0.5,1,0,0.25,0,6,8,33,13,21,13,13,11,1,1
2024020142,2024-10-28,Nationwide Arena,Columbus,22,29,EDM,CBJ,1,6,32,25,0.618182,0.381818,1,1,0.166667,0.25,8,12,10,20,9,13,17,16,4,4
2024020143,2024-10-28,Canada Life Centre,Winnipeg,10,52,TOR,WPG,6,4,36,23,0.666667,0.333333,0,2,0,0.5,8,4,25,21,18,11,11,6,10,9
2024020144,2024-10-28,Ball Arena,Denver,16,21,CHI,COL,5,2,26,26,0.428571,0.571429,1,1,0.333333,0.25,8,6,15,19,17,13,11,17,7,8
2024020145,2024-10-28,Delta Center,Salt Lake City,28,59,SJS,UTA,5,4,46,23,0.458333,0.541667,1,0,0.25,0,9,13,29,21,14,18,9,16,6,4
2024020146,2024-10-28,Rogers Arena,Vancouver,12,23,CAR,VAN,4,3,32,27,0.481481,0.518519,0,0,0,0,6,6,23,28,12,8,13,11,3,3
2024020147,2024-10-28,T-Mobile Arena,Paradise,20,54,CGY,VGK,0,5,16,38,0.421875,0.578125,0,0,0,0,4,2,23,10,23,23,18,15,11,15
2024020148,2024-10-29,TD Garden,Boston,4,6,PHI,BOS,2,0,19,25,0.607843,0.392157,0,0,0,0,10,6,28,23,28,11,14,15,8,11
2024020149,2024-10-29,Centre Bell,Montreal,55,8,SEA,MTL,8,2,23,30,0.546875,0.453125,3,0,0.5,0,12,26,16,19,17,13,13,11,4,2
2024020150,2024-10-29,Canadian Tire Centre,Ottawa,19,9,STL,OTT,1,8,27,35,0.413793,0.586207,1,2,0.25,0.666667,10,12,31,21,13,18,23,9,4,2
2024020151,2024-10-29,Capital One Arena,Washington,3,15,NYR,WSH,3,5,19,46,0.381818,0.618182,1,0,0.333333,0,13,11,22,17,13,10,20,10,4,3
2024020152,2024-10-29,UBS Arena,Elmont,24,2,ANA,NYI,3,1,22,41,0.327586,0.672414,2,1,0.666667,0.25,8,6,22,16,25,14,14,13,8,6
2024020153,2024-10-29,PPG Paints Arena,Pittsburgh,30,5,MIN,PIT,5,3,40,29,0.416667,0.583333,0,1,0,0.5,9,15,15,15,16,11,13,17,4,3
2024020154,2024-10-29,SAP Center at San Jose,San Jose,26,28,LAK,SJS,2,4,28,21,0.578947,0.421053,0,0,0,0,8,12,15,21,11,24,13,12,10,6
2024020155,2024-10-30,Nationwide Arena,Columbus,2,29,NYI,CBJ,0,2,26,26,0.6,0.4,0,0,0,0,0,2,23,18,12,20,23,16,10,3
2024020156,2024-10-30,Little Caesars Arena,Detroit,52,17,WPG,DET,6,2,29,21,0.611111,0.388889,1,2,0.5,0.666667,6,4,10,31,17,6,13,17,3,8
2024020157,2024-10-30,Ball Arena,Denver,14,21,TBL,COL,5,2,21,35,0.595745,0.404255,0,1,0,0.25,17,26,12,24,17,11,18,9,2,1
2024020158,2024-10-30,Delta Center,Salt Lake City,20,59,CGY,UTA,1,5,31,28,0.424242,0.575758,0,2,0,0.5,10,8,30,15,21,12,20,17,4,9
2024020159,2024-10-30,Rogers Arena,Vancouver,1,23,NJD,VAN,6,0,22,20,0.491228,0.508772,1,0,0.5,0,15,11,20,43,15,14,15,7,8,5
2024020160,2024-10-30,Crypto.com Arena,Los Angeles,54,26,VGK,LAK,3,6,26,27,0.5,0.5,1,1,0.333333,1,9,13,21,27,7,10,16,8,11,6
2024020161,2024-10-31,Scotiabank Arena,Toronto,55,10,SEA,TOR,1,4,25,30,0.444444,0.555556,0,0,0,0,4,6,30,34,22,15,18,22,5,6
2024020162,2024-10-31,Wells Fargo Center,Philadelphia,19,4,STL,PHI,1,2,21,21,0.465116,0.534884,0,0,0,0,6,4,24,10,14,24,8,10,4,8
2024020163,2024-10-31,PPG Paints Arena,Pittsburgh,24,5,ANA,PIT,1,2,23,45,0.45614,0.54386,0,0,0,0,6,4,27,17,26,13,23,11,7,2
2024020164,2024-10-31,Capital One Arena,Washington,8,15,MTL,WSH,3,6,15,34,0.610169,0.389831,1,1,0.166667,0.2,15,17,23,22,24,22,24,14,3,3
2024020165,2024-10-31,Lenovo Center,Raleigh,6,12,BOS,CAR,2,8,15,37,0.561644,0.438356,1,3,0.2,0.6,10,10,32,12,13,7,13,21,6,11
2024020166,2024-10-31,Bridgestone Arena,Nashville,22,18,EDM,NSH,5,1,29,27,0.54,0.46,0,1,0,0.333333,16,12,20,30,19,11,10,9,7,5
2024020167,2024-10-31,SAP Center at San Jose,San Jose,16,28,CHI,SJS,2,3,29,29,0.390244,0.609756,0,1,0,1,2,6,13,20,9,26,13,13,7,7
2024020168,2024-11-01,Nokia Arena,Tampere,13,25,FLA,DAL,6,4,28,36,0.530303,0.469697,1,0,0.5,0,8,6,17,21,12,18,14,19,8,7
2024020169,2024-11-01,KeyBank Center,Buffalo,2,7,NYI,BUF,4,3,36,35,0.54386,0.45614,1,1,0.25,0.25,15,15,18,18,23,9,12,9,3,4
2024020170,2024-11-01,Madison Square Garden,New York,9,3,OTT,NYR,1,2,41,18,0.457627,0.542373,0,1,0,0.5,4,10,28,28,8,23,22,24,5,3
2024020171,2024-11-01,Nationwide Arena,Columbus,52,29,WPG,CBJ,6,2,44,22,0.482759,0.517241,1,1,0.5,0.5,4,4,17,20,11,13,12,17,8,5
2024020172,2024-11-01,Xcel Energy Center,St. Paul,14,30,TBL,MIN,3,5,30,22,0.537037,0.462963,2,0,0.5,0,9,13,11,22,10,18,7,14,3,5
2024020173,2024-11-01,Scotiabank Saddledome,Calgary,1,20,NJD,CGY,0,3,22,32,0.484848,0.515152,0,0,0,0,25,13,22,30,15,18,19,14,5,5
2024020174,2024-11-02,Nokia Arena,Tampere,25,13,DAL,FLA,2,4,25,25,0.537037,0.462963,1,1,0.25,0.25,15,15,26,22,6,16,32,16,5,8
2024020175,2024-11-02,Wells Fargo Center,Philadelphia,6,4,BOS,PHI,3,0,31,20,0.533333,0.466667,0,0,0,0,14,12,22,30,18,19,11,15,6,5
2024020176,2024-11-02,Crypto.com Arena,Los Angeles,16,26,CHI,LAK,4,3,21,40,0.345455,0.654545,0,1,0,0.333333,11,9,25,24,17,13,12,13,3,6
2024020177,2024-11-02,Capital One Arena,Washington,29,15,CBJ,WSH,2,7,36,22,0.603175,0.396825,0,0,0,0,2,6,17,14,10,30,14,21,10,4
2024020178,2024-11-02,Canadian Tire Centre,Ottawa,55,9,SEA,OTT,0,3,22,23,0.446809,0.553191,0,0,0,0,6,8,14,25,15,14,16,11,5,2
2024020179,2024-11-02,Little Caesars Arena,Detroit,7,17,BUF,DET,1,2,32,23,0.396552,0.603448,0,2,0,0.5,8,4,17,11,18,16,13,15,5,4
2024020180,2024-11-02,PPG Paints Arena,Pittsburgh,8,5,MTL,PIT,1,3,26,24,0.428571,0.571429,0,1,0,0.5,13,11,28,19,24,19,20,15,4,5
2024020181,2024-11-02,Enterprise Center,St. Louis,10,19,TOR,STL,2,4,37,24,0.653061,0.346939,0,0,0,0,20,20,18,17,13,17,11,14,7,3
2024020182,2024-11-02,Bridgestone Arena,Nashville,21,18,COL,NSH,2,5,31,26,0.492063,0.507937,1,2,0.25,1,6,8,26,23,15,25,23,16,11,4
2024020183,2024-11-02,T-Mobile Arena,Paradise,59,54,UTA,VGK,3,4,19,35,0.529412,0.470588,0,0,0,0,7,5,21,22,9,14,13,13,8,10
2024020184,2024-11-02,SAP Center at San Jose,San Jose,23,28,VAN,SJS,3,2,28,23,0.487179,0.512821,0,0,0,0,4,4,24,21,13,22,25,17,5,6
2024020185,2024-11-03,Madison Square Garden,New York,2,3,NYI,NYR,2,5,37,40,0.57377,0.42623,0,1,0,0.333333,6,10,17,19,10,18,23,14,12,11
2024020186,2024-11-03,Canada Life Centre,Winnipeg,14,52,TBL,WPG,4,7,30,34,0.541667,0.458333,1,1,0.5,0.333333,31,19,16,31,5,13,8,7,6,5
2024020187,2024-11-03,TD Garden,Boston,55,6,SEA,BOS,0,2,23,33,0.366667,0.633333,0,1,0,0.2,15,11,18,15,15,27,19,16,4,5
2024020188,2024-11-03,Lenovo Center,Raleigh,15,12,WSH,CAR,2,4,21,45,0.5,0.5,1,0,0.25,0,6,8,20,10,16,11,15,15,2,7
2024020189,2024-11-03,Xcel Energy Center,St. Paul,10,30,TOR,MIN,1,2,28,33,0.510638,0.489362,1,0,0.5,0,8,6,30,22,24,8,10,15,2,7
2024020190,2024-11-03,Scotiabank Saddledome,Calgary,22,20,EDM,CGY,4,2,31,31,0.467742,0.532258,1,1,0.333333,0.5,6,8,19,13,25,15,10,23,2,4
2024020191,2024-11-03,Honda Center,Anaheim,16,24,CHI,ANA,4,2,29,40,0.490566,0.509434,2,1,1,0.2,25,9,9,19,26,7,12,16,6,6
2024020192,2024-11-04,Bridgestone Arena,Nashville,26,18,LAK,NSH,3,0,27,16,0.545455,0.454545,0,0,0,0,18,20,12,21,12,14,10,11,8,3
2024020193,2024-11-04,Rogers Place,Edmonton,1,22,NJD,EDM,3,0,16,31,0.510638,0.489362,1,0,1,0,4,4,23,5,14,9,12,19,5,7
2024020194,2024-11-05,KeyBank Center,Buffalo,9,7,OTT,BUF,1,5,38,34,0.564516,0.435484,0,2,0,0.5,23,21,35,37,11,11,7,12,2,3
2024020195,2024-11-05,Scotiabank Arena,Toronto,6,10,BOS,TOR,0,4,29,27,0.451613,0.548387,0,3,0,0.428571,16,14,32,19,10,12,14,9,5,4
2024020196,2024-11-05,Centre Bell,Montreal,20,8,CGY,MTL,3,2,35,24,0.426471,0.573529,0,1,0,0.333333,6,2,29,25,13,22,11,21,7,6
2024020197,2024-11-05,Lenovo Center,Raleigh,4,12,PHI,CAR,4,6,16,35,0.589286,0.410714,1,0,0.333333,0,4,6,18,13,20,9,14,5,12,4
2024020198,2024-11-05,UBS Arena,Elmont,5,2,PIT,NYI,3,4,35,26,0.491803,0.508197,1,1,0.25,0.25,8,8,23,21,10,14,16,11,10,6
2024020199,2024-11-05,Enterprise Center,St. Louis,14,19,TBL,STL,2,3,23,23,0.52381,0.47619,0,0,0,0,2,6,12,24,11,18,8,18,6,7
2024020200,2024-11-05,Xcel Energy Center,St. Paul,26,30,LAK,MIN,5,1,28,24,0.52381,0.47619,1,0,1,0,10,4,25,11,13,9,9,13,4,7
2024020201,2024-11-05,Canada Life Centre,Winnipeg,59,52,UTA,WPG,0,3,21,28,0.45614,0.54386,0,1,0,0.5,4,8,19,24,5,18,24,18,3,6
2024020202,2024-11-05,Ball Arena,Denver,55,21,SEA,COL,3,6,20,32,0.541667,0.458333,1,3,0.333333,0.6,20,6,22,20,21,22,17,18,5,2
2024020203,2024-11-05,Honda Center,Anaheim,23,24,VAN,ANA,5,1,37,22,0.539683,0.460317,1,1,0.2,0.25,8,10,17,16,7,19,7,13,8,3
2024020204,2024-11-05,SAP Center at San Jose,San Jose,29,28,CBJ,SJS,1,2,50,27,0.517857,0.482143,0,0,0,0,10,8,17,23,11,16,12,8,8,3
2024020205,2024-11-06,Capital One Arena,Washington,18,15,NSH,WSH,2,3,35,36,0.52381,0.47619,0,0,0,0,12,4,34,34,20,19,12,19,7,6
2024020206,2024-11-06,United Center,Chicago,17,16,DET,CHI,4,1,25,29,0.471698,0.528302,0,0,0,0,4,4,7,22,15,15,18,18,7,5
2024020207,2024-11-06,Rogers Place,Edmonton,54,22,VGK,EDM,4,2,35,29,0.491228,0.508772,1,0,0.5,0,2,4,16,29,14,8,3,9,1,8
2024020208,2024-11-07,TD Garden,Boston,20,6,CGY,BOS,3,4,37,38,0.467742,0.532258,1,0,0.333333,0,8,10,12,22,17,12,23,21,7,10
2024020209,2024-11-07,Canadian Tire Centre,Ottawa,2,9,NYI,OTT,4,2,25,30,0.509091,0.490909,0,1,0,0.333333,8,6,20,31,22,15,17,21,4,13
2024020210,2024-11-07,Amalie Arena,Tampa,4,14,PHI,TBL,2,1,31,23,0.512195,0.487805,0,0,0,0,4,4,23,14,16,13,20,29,10,4
2024020211,2024-11-07,Amerant Bank Arena,Sunrise,18,13,NSH,FLA,2,6,18,34,0.59375,0.40625,1,2,0.2,0.285714,22,18,39,21,13,10,12,17,2,1
2024020212,2024-11-07,Prudential Center,Newark,8,1,MTL,NJD,3,5,24,27,0.470588,0.529412,0,0,0,0,6,4,25,22,13,14,11,11,3,3
2024020213,2024-11-07,Madison Square Garden,New York,7,3,BUF,NYR,6,1,22,26,0.518519,0.481481,1,0,0.25,0,8,8,17,34,21,10,21,10,5,5
2024020214,2024-11-07,Lenovo Center,Raleigh,5,12,PIT,CAR,1,5,36,18,0.473684,0.526316,0,0,0,0,2,8,28,11,12,18,8,10,7,7
2024020215,2024-11-07,Enterprise Center,St. Louis,59,19,UTA,STL,4,2,31,15,0.596774,0.403226,0,0,0,0,24,21,21,30,17,18,16,15,5,3
2024020216,2024-11-07,American Airlines Center,Dallas,16,25,CHI,DAL,1,3,26,40,0.285714,0.714286,1,0,0.333333,0,6,6,39,15,22,11,16,17,6,3
2024020217,2024-11-07,Canada Life Centre,Winnipeg,21,52,COL,WPG,0,1,35,28,0.440678,0.559322,0,0,0,0,4,2,18,10,15,15,14,12,9,5
2024020218,2024-11-07,Crypto.com Arena,Los Angeles,23,26,VAN,LAK,4,2,23,28,0.510204,0.489796,1,0,0.333333,0,12,21,33,26,18,21,11,15,4,3
2024020219,2024-11-07,SAP Center at San Jose,San Jose,30,28,MIN,SJS,5,2,31,26,0.375,0.625,1,0,0.333333,0,6,6,16,20,9,17,13,18,5,5
2024020220,2024-11-08,Scotiabank Arena,Toronto,17,10,DET,TOR,1,3,22,20,0.568627,0.431373,1,2,0.333333,1,4,6,14,23,18,20,15,18,6,2
2024020221,2024-11-08,Capital One Arena,Washington,5,15,PIT,WSH,4,2,32,34,0.491525,0.508475,0,0,0,0,6,4,19,20,18,16,21,10,10,1
2024020222,2024-11-08,Honda Center,Anaheim,30,24,MIN,ANA,5,2,31,35,0.583333,0.416667,1,0,0.5,0,16,10,9,21,21,18,20,12,5,2
2024020223,2024-11-08,Climate Pledge Arena,Seattle,54,55,VGK,SEA,3,4,24,32,0.481481,0.518519,1,0,0.25,0,2,8,26,31,10,16,11,7,7,10
2024020224,2024-11-09,KeyBank Center,Buffalo,20,7,CGY,BUF,2,3,26,19,0.4,0.6,0,1,0,0.5,6,8,20,18,15,19,12,13,3,8
2024020225,2024-11-09,Amerant Bank Arena,Sunrise,4,13,PHI,FLA,3,4,37,31,0.442623,0.557377,0,0,0,0,6,6,23,16,16,7,10,15,6,3
2024020226,2024-11-09,TD Garden,Boston,9,6,OTT,BOS,3,2,34,16,0.529412,0.470588,1,0,0.333333,0,4,6,35,42,13,16,15,21,6,3
2024020227,2024-11-09,Scotiabank Arena,Toronto,8,10,MTL,TOR,1,4,21,27,0.435484,0.564516,1,2,0.5,0.5,10,6,20,24,7,21,12,12,6,4
2024020228,2024-11-09,Little Caesars Arena,Detroit,3,17,NYR,DET,4,0,24,37,0.448276,0.551724,1,0,0.5,0,4,4,25,5,22,14,20,20,2,3
2024020229,2024-11-09,Enterprise Center,St. Louis,15,19,WSH,STL,8,1,27,25,0.461538,0.538462,2,0,1,0,8,6,18,25,18,7,22,21,1,3
2024020230,2024-11-09,Canada Life Centre,Winnipeg,25,52,DAL,WPG,1,4,33,25,0.538462,0.461538,0,2,0,0.4,27,15,18,18,9,17,15,13,5,6
2024020231,2024-11-09,UBS Arena,Elmont,1,2,NJD,NYI,4,3,33,22,0.444444,0.555556,1,0,0.5,0,0,4,24,34,10,13,11,16,14,8
2024020232,2024-11-09,Bridgestone Arena,Nashville,59,18,UTA,NSH,0,4,27,21,0.4375,0.5625,0,2,0,0.5,13,9,18,35,9,12,17,10,7,7
2024020233,2024-11-09,Ball Arena,Denver,12,21,CAR,COL,4,6,31,29,0.597015,0.402985,1,1,0.25,0.2,10,8,16,7,13,10,8,9,1,9
2024020234,2024-11-09,Crypto.com Arena,Los Angeles,29,26,CBJ,LAK,2,5,26,23,0.431034,0.568966,1,1,0.333333,0.25,13,11,16,8,12,22,10,14,4,5
2024020235,2024-11-09,Rogers Arena,Vancouver,22,23,EDM,VAN,7,3,31,20,0.466667,0.533333,1,1,0.333333,0.5,4,6,10,34,8,11,19,13,3,4
2024020236,2024-11-10,Prudential Center,Newark,28,1,SJS,NJD,1,0,27,44,0.411765,0.588235,0,0,0,0,4,6,19,18,25,14,14,17,3,4
2024020237,2024-11-10,United Center,Chicago,30,16,MIN,CHI,1,2,33,22,0.481481,0.518519,0,0,0,0,6,6,25,16,9,13,14,8,5,5
2024020238,2024-11-10,Honda Center,Anaheim,29,24,CBJ,ANA,2,4,40,30,0.566667,0.433333,1,0,0.5,0,4,4,18,20,16,21,8,18,8,4
2024020239,2024-11-11,KeyBank Center,Buffalo,8,7,MTL,BUF,7,5,23,18,0.393939,0.606061,2,1,0.333333,0.25,10,14,16,23,14,13,13,12,6,3
2024020240,2024-11-11,Wells Fargo Center,Philadelphia,28,4,SJS,PHI,3,4,31,43,0.5,0.5,0,1,0,0.333333,16,16,21,23,19,10,15,14,2,12
2024020241,2024-11-11,PPG Paints Arena,Pittsburgh,25,5,DAL,PIT,7,1,40,21,0.509804,0.490196,2,0,0.5,0,2,8,12,16,8,16,12,15,5,4
2024020242,2024-11-11,Scotiabank Saddledome,Calgary,26,20,LAK,CGY,1,3,29,28,0.456522,0.543478,0,0,0,0,11,9,25,23,18,36,18,15,4,5
2024020243,2024-11-11,Ball Arena,Denver,18,21,NSH,COL,2,3,30,32,0.553571,0.446429,0,0,0,0,4,4,23,18,21,21,19,16,2,5
2024020244,2024-11-11,T-Mobile Arena,Paradise,12,54,CAR,VGK,5,2,34,32,0.597015,0.402985,0,1,0,0.333333,6,8,13,27,17,14,12,17,5,4
2024020245,2024-11-12,Scotiabank Arena,Toronto,9,10,OTT,TOR,3,0,41,27,0.462687,0.537313,0,0,0,0,10,8,25,25,16,14,11,20,4,6
2024020246,2024-11-12,Amerant Bank Arena,Sunrise,1,13,NJD,FLA,4,1,24,35,0.396552,0.603448,0,1,0,0.333333,15,11,25,36,21,9,18,15,4,4
2024020247,2024-11-12,Madison Square Garden,New York,52,3,WPG,NYR,6,3,33,36,0.352941,0.647059,1,1,0.5,0.25,8,4,13,21,12,12,23,16,3,5
2024020248,2024-11-12,Enterprise Center,St. Louis,6,19,BOS,STL,3,2,30,22,0.541667,0.458333,0,2,0,0.666667,6,8,29,17,10,10,18,15,4,6
2024020249,2024-11-12,Rogers Place,Edmonton,2,22,NYI,EDM,3,4,22,42,0.466667,0.533333,0,1,0,0.5,4,4,15,7,18,14,19,14,4,10
2024020250,2024-11-12,Rogers Arena,Vancouver,20,23,CGY,VAN,1,3,29,32,0.409836,0.590164,0,1,0,0.333333,6,4,13,19,7,16,19,32,3,4
2024020251,2024-11-12,Climate Pledge Arena,Seattle,29,55,CBJ,SEA,2,5,40,33,0.545455,0.454545,0,1,0,0.333333,6,2,25,14,13,16,15,18,2,4
2024020252,2024-11-13,PPG Paints Arena,Pittsburgh,17,5,DET,PIT,3,2,31,33,0.545455,0.454545,1,0,0.5,0,4,4,15,18,24,17,20,20,9,5
2024020253,2024-11-13,Capital One Arena,Washington,10,15,TOR,WSH,4,3,34,27,0.462963,0.537037,1,0,0.5,0,2,4,13,21,12,15,10,17,5,3
2024020254,2024-11-13,Delta Center,Salt Lake City,12,59,CAR,UTA,1,4,50,21,0.589041,0.410959,1,0,0.166667,0,2,25,12,11,14,26,19,15,7,5
2024020255,2024-11-13,Ball Arena,Denver,26,21,LAK,COL,2,4,15,26,0.672414,0.327586,0,0,0,0,6,2,24,20,18,15,11,12,4,4
2024020256,2024-11-13,Honda Center,Anaheim,54,24,VGK,ANA,3,2,39,24,0.588235,0.411765,1,0,0.333333,0,6,6,19,20,17,16,18,21,3,1
2024020257,2024-11-14,KeyBank Center,Buffalo,19,7,STL,BUF,3,4,27,33,0.639344,0.360656,0,1,0,0.333333,6,2,28,26,19,10,12,7,5,10
2024020258,2024-11-14,Canadian Tire Centre,Ottawa,4,9,PHI,OTT,5,4,19,37,0.385965,0.614035,0,2,0,0.333333,12,4,20,23,30,14,18,6,8,9
2024020259,2024-11-14,Amalie Arena,Tampa,52,14,WPG,TBL,1,4,24,29,0.431034,0.568966,0,1,0,0.333333,6,10,25,16,10,19,23,12,9,6
2024020260,2024-11-14,Amerant Bank Arena,Sunrise,1,13,NJD,FLA,6,2,29,27,0.611111,0.388889,3,0,0.6,0,17,17,29,45,13,10,16,15,4,8
2024020261,2024-11-14,Madison Square Garden,New York,28,3,SJS,NYR,2,3,27,35,0.5,0.5,1,0,0.333333,0,4,6,31,34,14,14,21,7,4,10
2024020262,2024-11-14,American Airlines Center,Dallas,6,25,BOS,DAL,2,7,25,38,0.571429,0.428571,0,0,0,0,19,9,25,6,9,9,21,10,7,10
2024020263,2024-11-14,Xcel Energy Center,St. Paul,8,30,MTL,MIN,0,3,19,28,0.54,0.46,0,1,0,0.333333,8,8,22,14,11,16,9,10,2,5
2024020264,2024-11-14,Rogers Place,Edmonton,18,22,NSH,EDM,2,3,22,34,0.526316,0.473684,0,0,0,0,8,4,19,15,7,12,21,19,5,4
2024020265,2024-11-14,Rogers Arena,Vancouver,2,23,NYI,VAN,5,2,32,26,0.592593,0.407407,1,0,0.2,0,7,15,14,26,16,14,14,16,6,6
2024020266,2024-11-14,Climate Pledge Arena,Seattle,16,55,CHI,SEA,1,3,19,26,0.482143,0.517857,0,1,0,0.333333,6,2,12,14,15,11,9,9,6,8
2024020267,2024-11-15,Nationwide Arena,Columbus,5,29,PIT,CBJ,2,6,23,39,0.474576,0.525424,1,1,0.25,0.2,10,8,18,26,20,25,14,17,5,3
2024020268,2024-11-15,Ball Arena,Denver,15,21,WSH,COL,5,2,20,19,0.507692,0.492308,1,0,0.5,0,2,4,18,15,18,14,16,14,3,2
2024020269,2024-11-15,Scotiabank Saddledome,Calgary,18,20,NSH,CGY,0,2,29,33,0.505882,0.494118,0,0,0,0,15,11,38,21,17,19,11,17,10,15
2024020270,2024-11-15,Delta Center,Salt Lake City,54,59,VGK,UTA,4,2,29,32,0.390625,0.609375,2,1,0.666667,0.25,23,11,30,12,25,8,11,14,7,3
2024020271,2024-11-15,Honda Center,Anaheim,17,24,DET,ANA,4,6,25,29,0.586207,0.413793,3,2,0.75,0.5,8,8,11,23,12,15,10,11,2,10
2024020272,2024-11-16,TD Garden,Boston,19,6,STL,BOS,3,2,31,18,0.440678,0.559322,0,0,0,0,4,6,27,18,11,9,18,15,4,3
2024020273,2024-11-16,Climate Pledge Arena,Seattle,2,55,NYI,SEA,2,3,24,27,0.578947,0.421053,0,0,0,0,8,2,9,16,16,8,11,7,3,4
2024020274,2024-11-16,Scotiabank Arena,Toronto,22,10,EDM,TOR,3,4,30,22,0.55814,0.44186,1,0,0.5,0,8,17,15,18,17,27,11,14,7,4
2024020275,2024-11-16,Centre Bell,Montreal,29,8,CBJ,MTL,1,5,26,30,0.5,0.5,0,1,0,0.25,13,13,18,21,12,17,18,7,5,4
2024020276,2024-11-16,Amalie Arena,Tampa,1,14,NJD,TBL,0,4,29,26,0.5,0.5,0,1,0,0.333333,6,8,23,15,11,19,12,15,4,8
2024020277,2024-11-16,Amerant Bank Arena,Sunrise,52,13,WPG,FLA,0,5,27,31,0.603448,0.396552,0,0,0,0,43,31,29,27,14,11,13,18,7,13
2024020278,2024-11-16,Wells Fargo Center,Philadelphia,7,4,BUF,PHI,2,5,25,32,0.493506,0.506494,1,1,0.25,0.2,12,10,13,14,12,25,18,17,5,2
2024020279,2024-11-16,PPG Paints Arena,Pittsburgh,28,5,SJS,PIT,3,4,29,36,0.434783,0.565217,1,0,0.25,0,2,8,22,20,26,16,11,11,4,3
2024020280,2024-11-16,Lenovo Center,Raleigh,9,12,OTT,CAR,0,4,24,28,0.517857,0.482143,0,2,0,0.4,10,8,28,19,16,6,16,15,5,7
2024020281,2024-11-16,Xcel Energy Center,St. Paul,25,30,DAL,MIN,2,1,40,23,0.571429,0.428571,0,0,0,0,14,12,14,29,17,14,16,19,8,5
2024020282,2024-11-16,Crypto.com Arena,Los Angeles,17,26,DET,LAK,1,4,18,41,0.441176,0.558824,0,0,0,0,2,0,22,26,11,31,24,19,4,2
2024020283,2024-11-16,Rogers Arena,Vancouver,16,23,CHI,VAN,1,4,29,33,0.372549,0.627451,0,1,0,0.333333,6,2,14,35,18,10,17,13,7,5
2024020284,2024-11-17,Lenovo Center,Raleigh,19,12,STL,CAR,1,4,30,24,0.365079,0.634921,0,1,0,0.333333,6,2,26,16,17,6,18,15,9,7
2024020285,2024-11-17,Rogers Arena,Vancouver,18,23,NSH,VAN,5,3,22,27,0.470588,0.529412,2,1,1,0.5,4,4,25,26,19,14,10,14,4,6
2024020286,2024-11-17,T-Mobile Arena,Paradise,15,54,WSH,VGK,5,2,25,42,0.478873,0.521127,1,0,1,0,2,2,18,26,18,16,13,29,7,5
2024020287,2024-11-17,Climate Pledge Arena,Seattle,3,55,NYR,SEA,2,0,23,24,0.55102,0.44898,0,0,0,0,2,0,41,19,21,17,19,14,4,7
2024020288,2024-11-18,TD Garden,Boston,29,6,CBJ,BOS,5,1,28,29,0.508475,0.491525,0,1,0,0.166667,19,11,22,13,21,10,16,19,1,7
2024020289,2024-11-18,Wells Fargo Center,Philadelphia,21,4,COL,PHI,3,2,29,26,0.416667,0.583333,1,0,0.25,0,10,12,14,21,12,26,15,13,5,6
2024020290,2024-11-18,Centre Bell,Montreal,22,8,EDM,MTL,0,3,30,25,0.564103,0.435897,0,0,0,0,6,8,13,19,15,15,14,9,3,6
2024020291,2024-11-18,American Airlines Center,Dallas,24,25,ANA,DAL,4,2,27,36,0.338235,0.661765,1,0,0.5,0,4,4,29,13,21,12,24,18,7,4
2024020292,2024-11-18,Delta Center,Salt Lake City,15,59,WSH,UTA,6,2,24,26,0.473684,0.526316,1,0,0.333333,0,21,13,14,10,20,6,14,19,6,9
2024020293,2024-11-18,SAP Center at San Jose,San Jose,17,28,DET,SJS,4,5,20,34,0.451613,0.548387,2,1,0.666667,0.25,8,6,13,22,11,12,16,18,5,7
2024020294,2024-11-19,Canadian Tire Centre,Ottawa,22,9,EDM,OTT,5,2,31,29,0.483333,0.516667,1,0,0.333333,0,11,13,17,35,19,13,11,12,5,4
2024020295,2024-11-19,PPG Paints Arena,Pittsburgh,14,5,TBL,PIT,3,2,35,19,0.591837,0.408163,0,1,0,0.5,4,6,11,15,11,22,16,23,4,2
2024020296,2024-11-19,Enterprise Center,St. Louis,30,19,MIN,STL,4,2,28,24,0.465517,0.534483,0,1,0,0.5,6,6,17,17,19,19,19,12,5,3
2024020297,2024-11-19,Canada Life Centre,Winnipeg,13,52,FLA,WPG,3,6,23,27,0.57377,0.42623,2,1,0.5,0.25,10,10,36,20,16,10,16,17,3,3
2024020298,2024-11-19,United Center,Chicago,24,16,ANA,CHI,3,2,24,20,0.472727,0.527273,0,0,0,0,2,4,27,13,14,15,12,9,3,13
2024020299,2024-11-19,Scotiabank Saddledome,Calgary,2,20,NYI,CGY,1,2,29,31,0.626866,0.373134,0,1,0,1,2,6,24,18,24,11,10,17,1,3
2024020300,2024-11-19,Rogers Arena,Vancouver,3,23,NYR,VAN,4,3,33,24,0.671642,0.328358,0,0,0,0,8,6,16,24,14,13,3,14,8,4
2024020301,2024-11-20,Scotiabank Arena,Toronto,54,10,VGK,TOR,0,3,31,26,0.5,0.5,0,1,0,0.5,10,12,29,27,14,25,11,13,6,4
2024020302,2024-11-20,Wells Fargo Center,Philadelphia,12,4,CAR,PHI,4,1,37,19,0.557692,0.442308,0,0,0,0,6,2,12,20,9,20,17,25,7,7
2024020303,2024-11-20,American Airlines Center,Dallas,28,25,SJS,DAL,2,5,23,31,0.453125,0.546875,0,0,0,0,8,6,28,20,18,15,16,18,3,6
2024020304,2024-11-20,Climate Pledge Arena,Seattle,18,55,NSH,SEA,0,3,24,37,0.55,0.45,0,0,0,0,8,6,21,13,13,28,19,15,1,9
2024020305,2024-11-20,Crypto.com Arena,Los Angeles,7,26,BUF,LAK,1,0,19,23,0.403509,0.596491,1,0,0.333333,0,10,6,19,19,18,14,19,17,3,8
2024020306,2024-11-21,TD Garden,Boston,59,6,UTA,BOS,0,1,22,31,0.465517,0.534483,0,1,0,0.142857,24,18,10,24,20,14,10,18,9,7
2024020307,2024-11-21,Canadian Tire Centre,Ottawa,54,9,VGK,OTT,3,2,32,40,0.435484,0.564516,0,1,0,0.333333,8,6,30,36,23,11,8,20,3,4
2024020308,2024-11-21,Little Caesars Arena,Detroit,2,17,NYI,DET,1,2,23,31,0.530612,0.469388,0,0,0,0,6,2,25,29,18,13,18,10,2,5
2024020309,2024-11-21,Prudential Center,Newark,12,1,CAR,NJD,2,4,22,21,0.52,0.48,1,2,0.5,0.666667,6,4,12,25,11,25,16,12,2,1
2024020310,2024-11-21,Capital One Arena,Washington,21,15,COL,WSH,2,1,27,29,0.344828,0.655172,1,0,0.333333,0,4,6,8,13,19,17,17,14,1,4
2024020311,2024-11-21,Nationwide Arena,Columbus,14,29,TBL,CBJ,6,7,30,43,0.571429,0.428571,2,1,1,1,2,4,21,28,32,20,10,17,3,5
2024020312,2024-11-21,Enterprise Center,St. Louis,28,19,SJS,STL,2,3,24,31,0.491228,0.508772,1,0,0.5,0,2,4,23,22,16,20,22,16,3,6
2024020313,2024-11-21,United Center,Chicago,13,16,FLA,CHI,1,3,33,20,0.568966,0.431034,0,1,0,1,2,4,18,19,8,19,11,20,8,5
2024020314,2024-11-21,Scotiabank Saddledome,Calgary,3,20,NYR,CGY,2,3,29,49,0.583333,0.416667,0,1,0,0.2,10,2,19,12,17,14,10,14,2,4
2024020315,2024-11-21,Rogers Place,Edmonton,30,22,MIN,EDM,5,3,26,31,0.428571,0.571429,0,0,0,0,9,7,25,18,26,13,15,19,3,2
2024020316,2024-11-22,PPG Paints Arena,Pittsburgh,52,5,WPG,PIT,4,1,30,18,0.507937,0.492063,1,1,0.333333,0.333333,11,11,11,29,14,14,18,14,5,6
2024020317,2024-11-22,Honda Center,Anaheim,7,24,BUF,ANA,3,2,32,24,0.659574,0.340426,0,0,0,0,11,11,17,25,10,19,9,11,3,5
2024020318,2024-11-23,Wells Fargo Center,Philadelphia,16,4,CHI,PHI,2,3,21,37,0.368421,0.631579,0,1,0,0.333333,6,2,18,24,20,18,6,12,6,5
2024020319,2024-11-23,Scotiabank Saddledome,Calgary,30,20,MIN,CGY,3,4,23,31,0.645833,0.354167,1,2,0.333333,1,6,8,13,16,16,18,10,10,4,5
2024020320,2024-11-23,Crypto.com Arena,Los Angeles,55,26,SEA,LAK,1,2,20,21,0.466667,0.533333,0,1,0,1,4,8,24,24,15,15,14,11,3,4
2024020321,2024-11-23,Amerant Bank Arena,Sunrise,21,13,COL,FLA,7,4,25,31,0.393939,0.606061,0,1,0,0.25,10,4,9,31,18,14,21,12,5,3
2024020322,2024-11-23,Centre Bell,Montreal,54,8,VGK,MTL,6,2,28,17,0.509804,0.490196,0,1,0,0.5,4,4,19,40,17,13,19,20,7,5
2024020323,2024-11-23,Canadian Tire Centre,Ottawa,23,9,VAN,OTT,4,3,21,29,0.345455,0.654545,1,2,0.166667,0.666667,30,33,37,36,19,7,8,6,7,6
2024020324,2024-11-23,Little Caesars Arena,Detroit,6,17,BOS,DET,2,1,29,20,0.55,0.45,1,0,0.5,0,8,4,23,9,16,7,16,26,6,3
2024020325,2024-11-23,Amalie Arena,Tampa,25,14,DAL,TBL,4,2,28,29,0.439394,0.560606,1,0,0.333333,0,6,6,10,31,16,9,17,16,2,3
2024020326,2024-11-23,PPG Paints Arena,Pittsburgh,59,5,UTA,PIT,6,1,30,28,0.474576,0.525424,3,1,0.75,0.25,8,8,31,42,15,8,12,7,2,7
2024020327,2024-11-23,Capital One Arena,Washington,1,15,NJD,WSH,3,2,33,25,0.54717,0.45283,2,1,0.4,0.5,11,17,14,18,28,17,11,14,5,5
2024020328,2024-11-23,Nationwide Arena,Columbus,12,29,CAR,CBJ,4,5,36,32,0.608696,0.391304,1,1,0.25,0.2,10,8,21,16,10,19,20,23,2,9
2024020329,2024-11-23,Bridgestone Arena,Nashville,52,18,WPG,NSH,1,4,24,36,0.48,0.52,0,1,0,0.333333,8,8,18,29,15,10,18,15,5,7
2024020330,2024-11-23,UBS Arena,Elmont,19,2,STL,NYI,1,3,25,31,0.358491,0.641509,1,1,1,0.5,4,2,24,29,6,20,12,14,4,2
2024020331,2024-11-23,SAP Center at San Jose,San Jose,7,28,BUF,SJS,4,2,31,33,0.662338,0.337662,0,0,0,0,16,10,20,45,16,13,25,15,5,12
2024020332,2024-11-23,Rogers Place,Edmonton,3,22,NYR,EDM,2,6,34,40,0.44,0.56,0,0,0,0,6,6,21,12,10,14,23,27,10,2
2024020333,2024-11-24,Scotiabank Arena,Toronto,59,10,UTA,TOR,2,3,26,35,0.459016,0.540984,1,1,0.5,0.166667,12,4,21,34,13,10,18,15,3,3
2024020334,2024-11-25,Amalie Arena,Tampa,21,14,COL,TBL,2,8,25,33,0.372881,0.627119,0,2,0,1,4,6,22,11,13,17,26,24,4,5
2024020335,2024-11-25,Amerant Bank Arena,Sunrise,15,13,WSH,FLA,4,1,31,21,0.578947,0.421053,1,0,0.25,0,10,10,23,30,15,17,16,17,5,5
2024020336,2024-11-25,Prudential Center,Newark,18,1,NSH,NJD,2,5,22,46,0.388889,0.611111,0,1,0,0.5,4,23,30,32,11,18,20,19,7,3
2024020337,2024-11-25,Madison Square Garden,New York,19,3,STL,NYR,5,2,44,29,0.439024,0.560976,0,0,0,0,8,8,24,23,17,14,18,19,4,6
2024020338,2024-11-25,Wells Fargo Center,Philadelphia,54,4,VGK,PHI,5,4,30,36,0.508197,0.491803,1,0,1,0,6,2,28,14,14,15,14,13,6,6
2024020339,2024-11-25,Lenovo Center,Raleigh,25,12,DAL,CAR,4,6,19,34,0.402778,0.597222,0,2,0,1,4,6,12,32,10,6,10,14,10,6
2024020340,2024-11-25,Canadian Tire Centre,Ottawa,20,9,CGY,OTT,3,4,27,30,0.434783,0.565217,1,2,0.5,0.222222,20,6,14,27,23,20,16,11,5,10
2024020341,2024-11-25,UBS Arena,Elmont,17,2,DET,NYI,4,2,21,29,0.325,0.675,0,0,0,0,10,10,24,23,11,14,12,16,3,4
2024020342,2024-11-25,Xcel Energy Center,St. Paul,52,30,WPG,MIN,4,1,32,44,0.45283,0.54717,1,0,0.333333,0,6,8,16,19,17,14,14,17,5,9
2024020343,2024-11-25,Honda Center,Anaheim,55,24,SEA,ANA,3,2,28,23,0.596154,0.403846,0,0,0,0,6,10,15,32,13,17,15,14,3,5
2024020344,2024-11-25,SAP Center at San Jose,San Jose,26,28,LAK,SJS,2,7,24,21,0.55,0.45,0,2,0,0.333333,12,4,18,20,6,16,20,16,4,6
2024020345,2024-11-26,TD Garden,Boston,23,6,VAN,BOS,2,0,15,33,0.409836,0.590164,1,0,0.5,0,6,4,30,29,26,11,16,12,2,2
2024020346,2024-11-26,Centre Bell,Montreal,59,8,UTA,MTL,3,2,29,13,0.422222,0.577778,0,0,0,0,8,20,15,44,15,24,11,7,4,8
2024020347,2024-11-27,KeyBank Center,Buffalo,30,7,MIN,BUF,1,0,30,39,0.466667,0.533333,0,0,0,0,4,0,22,15,32,14,11,19,4,3
2024020348,2024-11-27,Prudential Center,Newark,19,1,STL,NJD,3,0,20,32,0.56,0.44,0,0,0,0,8,8,13,21,24,10,11,10,3,6
2024020349,2024-11-27,Lenovo Center,Raleigh,3,12,NYR,CAR,3,4,22,31,0.58,0.42,0,2,0,0.5,8,4,28,17,20,8,17,15,6,9
2024020350,2024-11-27,Little Caesars Arena,Detroit,20,17,CGY,DET,1,2,25,27,0.419355,0.580645,1,2,0.25,0.5,8,8,11,17,14,18,12,21,5,6
2024020351,2024-11-27,Amalie Arena,Tampa,15,14,WSH,TBL,5,4,32,28,0.637931,0.362069,1,1,0.333333,0.333333,11,11,24,26,15,11,17,13,5,5
2024020352,2024-11-27,Amerant Bank Arena,Sunrise,10,13,TOR,FLA,1,5,24,24,0.6,0.4,1,2,0.333333,0.4,10,6,19,28,20,11,11,14,7,7
2024020353,2024-11-27,UBS Arena,Elmont,6,2,BOS,NYI,6,3,21,24,0.491228,0.508772,0,0,0,0,2,0,35,36,15,11,15,16,3,2
2024020354,2024-11-27,PPG Paints Arena,Pittsburgh,23,5,VAN,PIT,4,5,29,23,0.350877,0.649123,0,1,0,0.25,8,2,32,11,10,22,12,17,4,6
2024020355,2024-11-27,Nationwide Arena,Columbus,8,29,MTL,CBJ,4,3,23,24,0.52459,0.47541,1,0,0.5,0,13,11,24,25,14,16,9,14,5,2
2024020356,2024-11-27,Bridgestone Arena,Nashville,4,18,PHI,NSH,3,2,23,27,0.404255,0.595745,0,0,0,0,6,6,25,23,32,11,37,29,5,4
2024020357,2024-11-27,United Center,Chicago,25,16,DAL,CHI,2,6,27,26,0.634615,0.365385,1,1,0.25,0.5,4,8,14,14,10,28,20,17,12,4
2024020358,2024-11-27,Ball Arena,Denver,54,21,VGK,COL,1,2,19,34,0.48,0.52,0,0,0,0,4,2,10,10,28,11,23,23,3,0
2024020359,2024-11-27,Crypto.com Arena,Los Angeles,52,26,WPG,LAK,1,4,14,33,0.473684,0.526316,1,1,0.333333,0.5,6,8,18,32,12,13,15,17,6,7
2024020360,2024-11-27,Climate Pledge Arena,Seattle,24,55,ANA,SEA,5,2,33,44,0.380282,0.619718,1,0,0.5,0,22,6,34,21,16,17,17,13,3,6
2024020361,2024-11-27,SAP Center at San Jose,San Jose,9,28,OTT,SJS,4,3,11,39,0.55102,0.44898,1,1,0.5,0.5,4,4,30,29,24,6,13,19,5,5
2024020362,2024-11-29,Wells Fargo Center,Philadelphia,3,4,NYR,PHI,1,3,23,35,0.481481,0.518519,0,0,0,0,2,0,27,8,12,21,18,15,3,7
2024020363,2024-11-29,Xcel Energy Center,St. Paul,16,30,CHI,MIN,2,3,23,29,0.357143,0.642857,1,0,0.333333,0,4,6,14,17,16,4,19,14,10,1
2024020364,2024-11-29,KeyBank Center,Buffalo,23,7,VAN,BUF,4,3,22,34,0.482143,0.517857,1,0,0.25,0,10,8,24,18,17,15,19,18,4,2
2024020365,2024-11-29,Little Caesars Arena,Detroit,1,17,NJD,DET,5,4,29,28,0.467742,0.532258,3,1,0.75,0.25,13,13,30,19,13,26,26,14,5,0
2024020366,2024-11-29,Capital One Arena,Washington,2,15,NYI,WSH,4,5,24,26,0.575758,0.424242,0,2,0,0.5,8,6,21,21,19,13,11,8,7,9
2024020367,2024-11-29,Lenovo Center,Raleigh,13,12,FLA,CAR,6,3,30,31,0.476923,0.523077,0,1,0,0.2,10,6,23,16,14,14,23,22,2,3
2024020368,2024-11-29,Nationwide Arena,Columbus,20,29,CGY,CBJ,2,5,29,34,0.5,0.5,1,1,0.5,1,19,21,28,24,10,20,35,28,7,8
2024020369,2024-11-29,Bridgestone Arena,Nashville,14,18,TBL,NSH,3,2,28,31,0.491803,0.508197,1,0,0.25,0,6,10,28,39,12,20,23,24,3,9
2024020370,2024-11-29,Honda Center,Anaheim,26,24,LAK,ANA,2,1,18,31,0.528302,0.471698,0,0,0,0,8,6,18,25,9,20,11,10,6,5
2024020371,2024-11-29,SAP Center at San Jose,San Jose,55,28,SEA,SJS,5,8,31,27,0.448276,0.551724,2,0,0.333333,0,7,17,26,18,15,13,18,17,7,4
2024020372,2024-11-29,TD Garden,Boston,5,6,PIT,BOS,2,1,36,31,0.517857,0.482143,0,0,0,0,8,6,15,25,15,12,15,15,4,6
2024020373,2024-11-29,American Airlines Center,Dallas,21,25,COL,DAL,3,5,32,24,0.424658,0.575342,1,2,0.2,0.5,8,10,20,20,19,14,9,11,2,5
2024020374,2024-11-29,T-Mobile Arena,Paradise,52,54,WPG,VGK,3,4,25,30,0.3125,0.6875,0,0,0,0,4,6,22,17,12,8,18,14,7,4
2024020375,2024-11-29,Delta Center,Salt Lake City,22,59,EDM,UTA,4,3,32,31,0.471698,0.528302,2,0,0.666667,0,2,6,8,16,7,23,12,16,12,8
2024020376,2024-11-30,Madison Square Garden,New York,8,3,MTL,NYR,3,4,28,28,0.439394,0.560606,0,3,0,0.5,23,17,23,22,18,10,12,11,2,3
2024020377,2024-11-30,Amerant Bank Arena,Sunrise,12,13,CAR,FLA,0,6,20,35,0.491803,0.508197,0,3,0,0.5,16,8,23,25,8,15,17,15,8,6
2024020378,2024-11-30,Amalie Arena,Tampa,10,14,TOR,TBL,5,3,29,41,0.485714,0.514286,0,1,0,0.333333,6,2,22,20,15,12,11,9,4,2
2024020379,2024-11-30,Prudential Center,Newark,15,1,WSH,NJD,6,5,32,27,0.515152,0.484848,3,2,0.6,0.666667,10,14,5,25,11,11,18,16,5,2
2024020380,2024-11-30,PPG Paints Arena,Pittsburgh,20,5,CGY,PIT,2,6,32,43,0.461538,0.538462,0,3,0,0.6,20,6,16,12,13,23,10,13,14,4
2024020381,2024-11-30,Enterprise Center,St. Louis,4,19,PHI,STL,3,2,31,27,0.596154,0.403846,0,1,0,0.333333,6,4,12,27,18,8,11,21,6,7
2024020382,2024-11-30,Crypto.com Arena,Los Angeles,9,26,OTT,LAK,2,5,22,27,0.425926,0.574074,0,1,0,0.333333,6,2,31,36,14,20,10,11,3,8
2024020383,2024-11-30,UBS Arena,Elmont,7,2,BUF,NYI,0,3,29,20,0.428571,0.571429,0,1,0,0.333333,6,4,16,30,13,16,12,15,4,5
2024020384,2024-11-30,Xcel Energy Center,St. Paul,18,30,NSH,MIN,2,3,27,28,0.522727,0.477273,1,1,0.333333,0.333333,11,11,30,22,8,21,21,18,4,5
2024020385,2024-11-30,Ball Arena,Denver,22,21,EDM,COL,4,1,32,28,0.698113,0.301887,0,1,0,0.2,14,8,9,16,15,9,2,11,3,9
2024020386,2024-11-30,T-Mobile Arena,Paradise,59,54,UTA,VGK,6,0,28,29,0.372549,0.627451,1,0,0.333333,0,13,11,5,14,20,9,16,23,6,6
2024020387,2024-11-30,Climate Pledge Arena,Seattle,28,55,SJS,SEA,4,2,23,38,0.508772,0.491228,0,0,0,0,4,2,11,21,21,13,14,16,3,2
2024020388,2024-12-01,Little Caesars Arena,Detroit,23,17,VAN,DET,5,4,32,31,0.5,0.5,2,1,0.5,0.25,8,8,33,27,14,17,15,16,4,3
2024020389,2024-12-01,TD Garden,Boston,8,6,MTL,BOS,3,6,28,30,0.459016,0.540984,0,0,0,0,16,16,18,26,12,20,16,10,4,5
2024020390,2024-12-01,United Center,Chicago,29,16,CBJ,CHI,6,3,36,31,0.553846,0.446154,0,3,0,0.5,27,9,30,21,11,8,14,11,3,4
2024020391,2024-12-01,American Airlines Center,Dallas,52,25,WPG,DAL,1,3,27,31,0.559322,0.440678,0,0,0,0,10,4,31,18,16,13,8,15,5,2
2024020392,2024-12-01,Honda Center,Anaheim,9,24,OTT,ANA,3,4,31,34,0.515625,0.484375,1,1,0.25,0.333333,10,12,22,32,19,17,16,21,3,5
2024020393,2024-12-02,Madison Square Garden,New York,1,3,NJD,NYR,5,1,28,39,0.409836,0.590164,2,1,0.5,0.25,10,10,24,25,27,14,18,12,4,5
2024020394,2024-12-02,Scotiabank Arena,Toronto,16,10,CHI,TOR,1,4,28,22,0.357143,0.642857,0,0,0,0,4,8,22,39,6,16,13,18,5,8
2024020395,2024-12-02,Delta Center,Salt Lake City,25,59,DAL,UTA,2,1,21,37,0.428571,0.571429,1,0,0.333333,0,4,6,11,19,21,23,21,24,13,4
2024020396,2024-12-03,TD Garden,Boston,17,6,DET,BOS,2,3,25,35,0.545455,0.454545,0,1,0,0.333333,12,12,14,40,19,16,16,15,8,7
2024020397,2024-12-03,KeyBank Center,Buffalo,21,7,COL,BUF,5,4,41,30,0.508772,0.491228,0,0,0,0,6,2,24,19,13,11,15,16,5,9
2024020398,2024-12-03,Centre Bell,Montreal,2,8,NYI,MTL,1,2,31,27,0.44186,0.55814,0,1,0,0.5,4,6,32,37,9,19,10,13,3,4
2024020399,2024-12-03,PPG Paints Arena,Pittsburgh,13,5,FLA,PIT,4,5,41,16,0.514286,0.485714,1,0,1,0,4,4,38,14,11,21,13,15,10,5
2024020400,2024-12-03,Capital One Arena,Washington,28,15,SJS,WSH,2,1,31,28,0.490909,0.509091,1,0,0.25,0,6,18,30,22,19,24,23,20,1,0
2024020401,2024-12-03,Lenovo Center,Raleigh,55,12,SEA,CAR,4,2,28,19,0.482143,0.517857,0,1,0,1,2,4,15,26,25,11,18,16,2,3
2024020402,2024-12-03,Xcel Energy Center,St. Paul,23,30,VAN,MIN,2,3,32,29,0.565217,0.434783,1,0,0.333333,0,2,6,14,20,16,7,14,21,6,8
2024020403,2024-12-03,Canada Life Centre,Winnipeg,19,52,STL,WPG,4,1,32,23,0.62069,0.37931,0,0,0,0,4,6,24,18,14,13,18,13,5,6
2024020404,2024-12-03,Scotiabank Saddledome,Calgary,29,20,CBJ,CGY,0,3,16,22,0.403846,0.596154,0,2,0,0.5,8,2,19,21,19,14,12,12,2,8
2024020405,2024-12-03,T-Mobile Arena,Paradise,22,54,EDM,VGK,0,1,28,16,0.588235,0.411765,0,0,0,0,0,0,12,6,16,22,14,19,8,6
2024020406,2024-12-04,Scotiabank Arena,Toronto,18,10,NSH,TOR,2,3,24,28,0.589286,0.410714,0,1,0,0.333333,6,4,15,32,13,18,16,25,3,2
2024020407,2024-12-04,United Center,Chicago,6,16,BOS,CHI,4,2,27,22,0.625,0.375,0,0,0,0,4,10,22,12,14,16,20,6,5,6
2024020408,2024-12-04,Honda Center,Anaheim,54,24,VGK,ANA,4,1,33,20,0.673077,0.326923,0,0,0,0,2,4,11,17,17,14,17,18,5,5
2024020409,2024-12-04,Crypto.com Arena,Los Angeles,25,26,DAL,LAK,2,3,28,17,0.56,0.44,1,0,0.5,0,4,4,8,32,13,21,19,13,4,3
2024020410,2024-12-05,KeyBank Center,Buffalo,52,7,WPG,BUF,3,2,31,30,0.552239,0.447761,1,1,0.2,0.333333,23,27,15,28,18,15,16,16,3,1
2024020411,2024-12-05,Centre Bell,Montreal,18,8,NSH,MTL,0,3,29,30,0.44,0.56,0,1,0,0.333333,6,10,19,26,11,23,19,8,6,11
2024020412,2024-12-05,Canadian Tire Centre,Ottawa,17,9,DET,OTT,1,2,20,32,0.476923,0.523077,1,0,0.333333,0,12,8,15,14,13,13,13,13,6,7
2024020413,2024-12-05,Amalie Arena,Tampa,28,14,SJS,TBL,1,8,21,35,0.611111,0.388889,0,1,0,0.5,4,6,24,16,14,25,18,15,2,3
2024020414,2024-12-05,Wells Fargo Center,Philadelphia,13,4,FLA,PHI,7,5,28,34,0.507937,0.492063,4,1,0.8,0.25,12,14,37,16,13,21,8,7,7,6
2024020415,2024-12-05,Lenovo Center,Raleigh,21,12,COL,CAR,3,5,19,35,0.355932,0.644068,0,2,0,0.4,10,6,22,13,15,11,23,21,4,5
2024020416,2024-12-05,UBS Arena,Elmont,55,2,SEA,NYI,5,2,25,29,0.396226,0.603774,2,0,1,0,6,4,23,24,19,14,8,13,10,8
2024020417,2024-12-05,Scotiabank Saddledome,Calgary,19,20,STL,CGY,4,3,24,39,0.5375,0.4625,1,1,0.333333,0.25,10,8,16,20,21,10,19,11,4,7
2024020418,2024-12-05,Rogers Place,Edmonton,29,22,CBJ,EDM,3,6,22,36,0.37037,0.62963,0,2,0,0.4,10,4,15,12,17,16,11,10,4,2
2024020419,2024-12-06,Scotiabank Arena,Toronto,15,10,WSH,TOR,3,1,26,21,0.542373,0.457627,0,0,0,0,4,8,16,25,13,17,15,21,2,3
2024020420,2024-12-06,Prudential Center,Newark,55,1,SEA,NJD,2,3,19,36,0.509804,0.490196,1,0,0.5,0,4,4,24,28,24,14,10,22,3,4
2024020421,2024-12-06,Madison Square Garden,New York,5,3,PIT,NYR,2,4,22,32,0.352941,0.647059,0,0,0,0,8,10,14,19,12,14,14,14,4,5
2024020422,2024-12-06,Rogers Arena,Vancouver,29,23,CBJ,VAN,2,5,32,17,0.40625,0.59375,0,1,0,0.5,15,17,18,28,11,18,15,11,4,5
2024020423,2024-12-06,T-Mobile Arena,Paradise,25,54,DAL,VGK,2,3,40,28,0.5,0.5,0,2,0,0.333333,12,4,15,19,14,18,29,22,4,8
2024020424,2024-12-06,Honda Center,Anaheim,30,24,MIN,ANA,5,1,33,27,0.581818,0.418182,1,0,0.333333,0,6,8,15,21,21,14,7,11,5,5
2024020425,2024-12-07,TD Garden,Boston,4,6,PHI,BOS,3,4,26,31,0.514706,0.485294,1,1,0.5,0.166667,16,8,18,33,18,9,18,19,1,6
2024020426,2024-12-07,KeyBank Center,Buffalo,59,7,UTA,BUF,5,2,28,25,0.4,0.6,0,0,0,0,11,5,9,39,19,13,11,12,6,11
2024020427,2024-12-07,United Center,Chicago,52,16,WPG,CHI,4,2,29,14,0.477273,0.522727,0,1,0,1,2,4,15,13,10,12,14,11,3,2
2024020428,2024-12-07,UBS Arena,Elmont,12,2,CAR,NYI,3,4,31,25,0.551724,0.448276,2,0,0.666667,0,6,8,17,25,8,32,10,14,12,5
2024020429,2024-12-07,Amerant Bank Arena,Sunrise,28,13,SJS,FLA,1,3,29,54,0.492537,0.507463,1,1,0.142857,0.2,15,21,22,19,20,15,29,26,6,5
2024020430,2024-12-07,Centre Bell,Montreal,15,8,WSH,MTL,4,2,35,24,0.509804,0.490196,1,0,0.333333,0,4,6,23,28,16,17,12,12,3,6
2024020431,2024-12-07,Canadian Tire Centre,Ottawa,18,9,NSH,OTT,1,3,37,30,0.438356,0.561644,0,0,0,0,11,7,25,24,17,16,11,8,3,5
2024020432,2024-12-07,Little Caesars Arena,Detroit,21,17,COL,DET,2,1,25,30,0.372881,0.627119,1,0,1,0,4,4,16,16,19,17,18,26,3,6
2024020433,2024-12-07,PPG Paints Arena,Pittsburgh,10,5,TOR,PIT,2,5,27,29,0.352941,0.647059,1,2,0.333333,0.4,10,6,18,17,22,18,20,9,6,2
2024020434,2024-12-07,Crypto.com Arena,Los Angeles,30,26,MIN,LAK,1,4,23,34,0.44,0.56,0,1,0,0.5,9,9,20,19,22,17,17,10,5,3
2024020435,2024-12-07,Rogers Place,Edmonton,19,22,STL,EDM,2,4,31,21,0.431373,0.568627,1,1,0.5,1,2,4,26,10,12,18,17,15,1,4
2024020436,2024-12-08,Madison Square Garden,New York,55,3,SEA,NYR,7,5,22,37,0.375,0.625,1,1,0.5,0.5,4,4,20,16,20,14,16,12,5,6
2024020437,2024-12-08,Rogers Arena,Vancouver,14,23,TBL,VAN,4,2,33,25,0.454545,0.545455,2,0,0.5,0,6,8,9,28,11,17,24,10,3,2
2024020438,2024-12-08,Canadian Tire Centre,Ottawa,2,9,NYI,OTT,4,2,13,31,0.372549,0.627451,2,1,1,0.333333,6,4,25,16,21,10,15,12,2,2
2024020439,2024-12-08,Canada Life Centre,Winnipeg,29,52,CBJ,WPG,4,1,28,25,0.326087,0.673913,1,1,0.5,0.25,10,6,28,13,24,16,17,17,5,7
2024020440,2024-12-08,Prudential Center,Newark,21,1,COL,NJD,4,0,24,25,0.555556,0.444444,0,0,0,0,6,4,12,19,19,12,13,8,6,2
2024020441,2024-12-08,Wells Fargo Center,Philadelphia,59,4,UTA,PHI,4,2,25,24,0.418182,0.581818,1,0,0.333333,0,6,18,22,23,18,11,6,5,3,6
2024020442,2024-12-08,American Airlines Center,Dallas,20,25,CGY,DAL,2,6,31,28,0.475,0.525,0,0,0,0,8,6,32,11,14,17,13,22,5,4
2024020443,2024-12-09,KeyBank Center,Buffalo,17,7,DET,BUF,6,5,31,21,0.555556,0.444444,0,0,0,0,8,10,12,28,11,20,9,14,2,4
2024020444,2024-12-09,Madison Square Garden,New York,16,3,CHI,NYR,2,1,32,30,0.371429,0.628571,0,0,0,0,4,4,14,25,17,14,9,15,8,2
2024020445,2024-12-09,Centre Bell,Montreal,24,8,ANA,MTL,2,3,29,21,0.5,0.5,1,1,0.333333,0.5,9,11,30,21,11,17,12,15,6,1
2024020446,2024-12-10,Prudential Center,Newark,10,1,TOR,NJD,2,1,17,39,0.491525,0.508475,0,0,0,0,8,6,22,18,20,13,13,11,4,9
2024020447,2024-12-10,PPG Paints Arena,Pittsburgh,21,5,COL,PIT,6,2,27,27,0.382353,0.617647,0,0,0,0,10,8,16,10,15,16,16,15,8,8
2024020448,2024-12-10,Lenovo Center,Raleigh,28,12,SJS,CAR,2,3,23,28,0.557692,0.442308,0,0,0,0,8,6,34,31,19,19,17,15,8,6
2024020449,2024-12-10,Nationwide Arena,Columbus,4,29,PHI,CBJ,5,3,25,18,0.355556,0.644444,1,1,0.333333,0.5,9,11,18,26,16,17,20,7,1,1
2024020450,2024-12-10,UBS Arena,Elmont,26,2,LAK,NYI,3,1,30,20,0.526316,0.473684,0,0,0,0,6,2,14,16,12,9,17,11,5,6
2024020451,2024-12-10,Bridgestone Arena,Nashville,20,18,CGY,NSH,4,3,28,20,0.433962,0.566038,1,0,0.5,0,4,4,21,28,21,13,13,13,7,4
2024020452,2024-12-10,Canada Life Centre,Winnipeg,6,52,BOS,WPG,1,8,24,35,0.522388,0.477612,1,3,0.5,0.5,37,29,56,35,8,16,22,24,4,4
2024020453,2024-12-10,Rogers Place,Edmonton,14,22,TBL,EDM,1,2,22,25,0.517241,0.482759,0,0,0,0,4,4,14,9,10,14,14,16,4,2
2024020454,2024-12-10,Delta Center,Salt Lake City,30,59,MIN,UTA,5,4,38,25,0.469697,0.530303,0,2,0,0.666667,6,4,27,14,13,13,25,30,5,9
2024020455,2024-12-10,Rogers Arena,Vancouver,19,23,STL,VAN,4,3,25,25,0.546875,0.453125,1,1,0.5,0.333333,8,6,15,30,18,14,17,15,11,14
2024020456,2024-12-10,Climate Pledge Arena,Seattle,13,55,FLA,SEA,2,1,33,18,0.5,0.5,0,0,0,0,6,4,29,16,13,18,9,11,8,3
2024020457,2024-12-11,KeyBank Center,Buffalo,3,7,NYR,BUF,3,2,28,31,0.536232,0.463768,1,0,0.25,0,9,13,33,19,20,18,17,10,4,6
2024020458,2024-12-11,Canadian Tire Centre,Ottawa,24,9,ANA,OTT,1,5,32,34,0.351852,0.648148,0,3,0,0.6,25,15,37,23,15,12,14,12,3,5
2024020459,2024-12-12,Scotiabank Arena,Toronto,24,10,ANA,TOR,2,3,28,33,0.423729,0.576271,1,0,1,0,4,2,22,16,16,10,20,15,3,0
2024020460,2024-12-12,Centre Bell,Montreal,5,8,PIT,MTL,9,2,33,23,0.509804,0.490196,2,0,0.666667,0,8,6,11,26,8,16,13,15,7,3
2024020461,2024-12-12,Prudential Center,Newark,26,1,LAK,NJD,1,3,14,26,0.56,0.44,0,0,0,0,2,2,18,27,20,16,20,15,7,4
2024020462,2024-12-12,Wells Fargo Center,Philadelphia,17,4,DET,PHI,1,4,26,36,0.369565,0.630435,0,0,0,0,2,2,16,12,12,19,19,15,7,5
2024020463,2024-12-12,Nationwide Arena,Columbus,15,29,WSH,CBJ,2,1,37,33,0.612903,0.387097,0,1,0,0.2,10,2,12,19,14,15,10,16,6,3
2024020464,2024-12-12,UBS Arena,Elmont,16,2,CHI,NYI,4,5,30,21,0.272727,0.727273,1,0,0.5,0,6,4,15,22,15,19,19,27,5,6
2024020465,2024-12-12,Enterprise Center,St. Louis,28,19,SJS,STL,4,3,31,20,0.5,0.5,1,0,0.5,0,11,11,32,31,21,14,15,16,12,2
2024020466,2024-12-12,American Airlines Center,Dallas,18,25,NSH,DAL,4,1,26,36,0.385965,0.614035,0,0,0,0,4,4,20,18,18,9,10,12,4,3
2024020467,2024-12-12,Xcel Energy Center,St. Paul,22,30,EDM,MIN,7,1,35,30,0.56,0.44,2,1,0.5,0.333333,11,13,8,23,11,14,14,21,3,3
2024020468,2024-12-12,Canada Life Centre,Winnipeg,54,52,VGK,WPG,3,2,36,20,0.54,0.46,1,0,0.25,0,2,8,27,31,12,25,13,15,13,7
2024020469,2024-12-12,Ball Arena,Denver,59,21,UTA,COL,4,1,23,24,0.433962,0.566038,1,0,0.5,0,6,4,10,23,23,11,15,21,6,16
2024020470,2024-12-12,Scotiabank Saddledome,Calgary,14,20,TBL,CGY,8,3,26,22,0.625,0.375,3,0,1,0,0,6,13,17,15,20,11,19,7,9
2024020471,2024-12-12,Rogers Arena,Vancouver,13,23,FLA,VAN,0,4,27,19,0.438596,0.561404,0,1,0,1,4,6,25,26,7,18,19,8,6,8
2024020472,2024-12-12,Climate Pledge Arena,Seattle,6,55,BOS,SEA,1,5,34,21,0.568182,0.431818,0,1,0,0.333333,6,2,23,26,19,20,14,19,5,5
2024020473,2024-12-13,Lenovo Center,Raleigh,9,12,OTT,CAR,3,0,22,32,0.550725,0.449275,0,0,0,0,4,6,26,29,16,8,15,18,10,9
2024020474,2024-12-14,Prudential Center,Newark,16,1,CHI,NJD,1,4,17,24,0.340426,0.659574,0,0,0,0,6,6,19,25,20,15,23,22,5,6
2024020475,2024-12-14,Madison Square Garden,New York,26,3,LAK,NYR,5,1,32,32,0.372549,0.627451,0,0,0,0,11,11,14,39,8,12,21,23,2,3
2024020476,2024-12-14,Xcel Energy Center,St. Paul,4,30,PHI,MIN,1,4,22,22,0.566667,0.433333,0,0,0,0,9,13,17,18,11,16,15,15,6,5
2024020477,2024-12-14,Rogers Place,Edmonton,54,22,VGK,EDM,3,6,42,34,0.575758,0.424242,0,1,0,0.5,4,2,31,18,11,23,17,20,1,5
2024020478,2024-12-14,Canadian Tire Centre,Ottawa,5,9,PIT,OTT,2,3,27,31,0.54,0.46,0,0,0,0,4,0,36,32,11,17,19,18,7,7
2024020479,2024-12-14,Little Caesars Arena,Detroit,10,17,TOR,DET,2,4,25,26,0.489362,0.510638,1,0,0.5,0,6,4,19,13,19,14,9,12,5,7
2024020480,2024-12-14,Capital One Arena,Washington,7,15,BUF,WSH,2,4,21,31,0.54386,0.45614,0,2,0,0.666667,11,9,25,27,10,17,11,13,8,4
2024020481,2024-12-14,Nationwide Arena,Columbus,24,29,ANA,CBJ,4,3,27,42,0.5,0.5,0,1,0,0.5,4,2,21,23,23,16,16,14,6,1
2024020482,2024-12-14,Canada Life Centre,Winnipeg,8,52,MTL,WPG,2,4,28,27,0.5,0.5,0,2,0,0.333333,12,8,20,11,11,15,10,12,2,8
2024020483,2024-12-14,American Airlines Center,Dallas,19,25,STL,DAL,1,2,16,37,0.376812,0.623188,0,1,0,0.25,10,6,30,12,17,12,23,16,4,6
2024020484,2024-12-14,Ball Arena,Denver,18,21,NSH,COL,2,5,39,33,0.587302,0.412698,0,0,0,0,8,6,16,23,12,16,17,12,6,5
2024020485,2024-12-14,Scotiabank Saddledome,Calgary,13,20,FLA,CGY,0,3,32,27,0.622642,0.377358,0,0,0,0,6,8,30,16,11,16,21,14,9,7
2024020486,2024-12-14,Rogers Arena,Vancouver,6,23,BOS,VAN,5,1,28,20,0.492063,0.507937,1,0,0.25,0,6,10,18,30,21,15,16,10,6,5
2024020487,2024-12-14,SAP Center at San Jose,San Jose,59,28,UTA,SJS,4,3,40,22,0.516129,0.483871,2,1,0.333333,0.333333,10,16,17,15,12,18,14,13,3,4
2024020488,2024-12-14,Climate Pledge Arena,Seattle,14,55,TBL,SEA,5,1,31,22,0.473684,0.526316,1,1,0.333333,0.5,4,6,15,33,17,15,11,11,10,2
2024020489,2024-12-15,United Center,Chicago,2,16,NYI,CHI,3,5,33,23,0.56,0.44,0,1,0,0.5,4,8,27,22,10,10,7,13,2,2
2024020490,2024-12-15,Scotiabank Arena,Toronto,7,10,BUF,TOR,3,5,27,41,0.432836,0.567164,1,1,0.5,0.25,18,4,13,37,16,4,11,12,1,9
2024020491,2024-12-15,Lenovo Center,Raleigh,29,12,CBJ,CAR,1,4,28,28,0.389831,0.610169,0,0,0,0,6,10,23,17,16,11,26,24,5,5
2024020492,2024-12-15,Enterprise Center,St. Louis,3,19,NYR,STL,2,3,28,24,0.553846,0.446154,0,0,0,0,2,0,41,20,8,19,15,15,2,2
2024020493,2024-12-15,Xcel Energy Center,St. Paul,54,30,VGK,MIN,3,2,27,22,0.546875,0.453125,1,0,1,0,7,7,20,13,16,17,22,13,9,5
2024020494,2024-12-16,American Airlines Center,Dallas,15,25,WSH,DAL,1,3,26,24,0.476923,0.523077,0,1,0,0.5,11,15,22,15,14,15,16,10,8,6
2024020495,2024-12-16,Rogers Place,Edmonton,13,22,FLA,EDM,6,5,28,30,0.415385,0.584615,1,1,0.25,0.333333,11,13,39,21,13,15,16,16,3,4
2024020496,2024-12-16,Rogers Arena,Vancouver,21,23,COL,VAN,1,3,31,25,0.490566,0.509434,0,0,0,0,4,8,19,30,8,18,22,11,3,3
2024020497,2024-12-17,Centre Bell,Montreal,7,8,BUF,MTL,1,6,21,27,0.517857,0.482143,0,3,0,0.5,12,10,26,7,13,23,11,10,8,8
2024020498,2024-12-17,Amalie Arena,Tampa,29,14,CBJ,TBL,3,5,32,33,0.453125,0.546875,1,1,0.2,0.5,19,14,24,16,5,22,18,27,2,6
2024020499,2024-12-17,PPG Paints Arena,Pittsburgh,26,5,LAK,PIT,2,3,31,31,0.542373,0.457627,0,0,0,0,6,6,15,18,14,17,11,13,3,6
2024020500,2024-12-17,Lenovo Center,Raleigh,2,12,NYI,CAR,0,4,32,29,0.538462,0.461538,0,1,0,0.5,6,4,18,13,16,15,17,16,10,12
2024020501,2024-12-17,Enterprise Center,St. Louis,1,19,NJD,STL,4,1,28,20,0.615385,0.384615,1,0,0.333333,0,10,14,26,32,8,12,12,19,5,5
2024020502,2024-12-17,Bridgestone Arena,Nashville,3,18,NYR,NSH,0,2,25,32,0.526316,0.473684,0,0,0,0,11,11,35,27,14,29,14,16,5,10
2024020503,2024-12-17,United Center,Chicago,15,16,WSH,CHI,2,3,22,23,0.613636,0.386364,0,0,0,0,10,8,12,13,15,13,17,15,0,4
2024020504,2024-12-17,Scotiabank Saddledome,Calgary,6,20,BOS,CGY,4,3,35,23,0.68,0.32,0,0,0,0,0,2,17,23,12,15,27,24,9,5
2024020505,2024-12-17,Climate Pledge Arena,Seattle,9,55,OTT,SEA,3,0,27,30,0.541667,0.458333,0,0,0,0,10,8,18,31,16,20,10,17,5,5
2024020506,2024-12-17,SAP Center at San Jose,San Jose,52,28,WPG,SJS,4,3,33,35,0.6,0.4,2,1,1,0.333333,6,4,17,18,13,13,9,12,8,3
2024020507,2024-12-18,Little Caesars Arena,Detroit,4,17,PHI,DET,4,6,19,24,0.574468,0.425532,0,1,0,0.333333,6,2,18,15,19,11,17,11,5,4
2024020508,2024-12-18,American Airlines Center,Dallas,10,25,TOR,DAL,5,3,19,39,0.53125,0.46875,0,0,0,0,8,2,25,9,16,8,12,13,5,3
2024020509,2024-12-18,Xcel Energy Center,St. Paul,13,30,FLA,MIN,6,1,33,27,0.534483,0.465517,1,1,0.5,0.5,16,16,42,25,11,9,11,15,4,6
2024020510,2024-12-18,Delta Center,Salt Lake City,23,59,VAN,UTA,2,3,26,31,0.574074,0.425926,1,1,0.333333,0.333333,6,6,33,22,20,17,15,26,5,1
2024020511,2024-12-18,Honda Center,Anaheim,52,24,WPG,ANA,2,3,23,31,0.5,0.5,1,0,0.25,0,6,8,12,27,21,17,12,9,9,7
2024020512,2024-12-19,Amalie Arena,Tampa,19,14,STL,TBL,1,3,32,18,0.56,0.44,0,0,0,0,11,9,26,19,15,9,15,14,1,7
2024020513,2024-12-19,Wells Fargo Center,Philadelphia,26,4,LAK,PHI,7,3,27,26,0.467742,0.532258,0,0,0,0,4,2,13,14,17,18,7,9,4,3
2024020514,2024-12-19,Nationwide Arena,Columbus,1,29,NJD,CBJ,2,4,42,20,0.491525,0.508475,0,1,0,0.5,4,2,19,15,8,24,22,16,8,2
2024020515,2024-12-19,Bridgestone Arena,Nashville,5,18,PIT,NSH,5,4,20,26,0.54,0.46,1,1,0.333333,0.2,10,6,15,24,16,11,14,12,7,5
2024020516,2024-12-19,United Center,Chicago,55,16,SEA,CHI,1,3,27,24,0.57377,0.42623,0,0,0,0,8,10,26,19,4,10,8,9,2,3
2024020517,2024-12-19,Scotiabank Saddledome,Calgary,9,20,OTT,CGY,3,2,29,32,0.540984,0.459016,0,1,0,0.5,9,11,27,30,22,9,15,13,2,6
2024020518,2024-12-19,Rogers Place,Edmonton,6,22,BOS,EDM,2,3,26,26,0.535714,0.464286,0,0,0,0,4,4,30,25,14,10,13,25,5,8
2024020519,2024-12-19,T-Mobile Arena,Paradise,23,54,VAN,VGK,1,3,20,21,0.487179,0.512821,0,0,0,0,2,4,21,16,16,20,11,18,5,8
2024020520,2024-12-19,SAP Center at San Jose,San Jose,21,28,COL,SJS,4,2,31,34,0.515152,0.484848,2,0,0.5,0,10,10,10,11,13,16,9,10,3,5
2024020521,2024-12-20,KeyBank Center,Buffalo,10,7,TOR,BUF,6,3,29,27,0.574468,0.425532,1,0,0.333333,0,13,15,26,24,21,11,11,8,2,3
2024020522,2024-12-20,Little Caesars Arena,Detroit,8,17,MTL,DET,4,3,33,28,0.5,0.5,1,0,0.5,0,8,4,12,12,9,13,15,15,4,2
2024020523,2024-12-20,Amerant Bank Arena,Sunrise,19,13,STL,FLA,1,2,27,27,0.508772,0.491228,0,1,0,0.5,4,4,21,20,21,14,10,15,5,3
2024020524,2024-12-20,Capital One Arena,Washington,12,15,CAR,WSH,1,3,25,22,0.553571,0.446429,0,0,0,0,6,6,12,23,13,27,13,7,7,8
2024020525,2024-12-20,American Airlines Center,Dallas,3,25,NYR,DAL,3,1,30,42,0.574074,0.425926,0,0,0,0,29,8,28,13,14,8,13,16,6,2
2024020526,2024-12-20,Xcel Energy Center,St. Paul,59,30,UTA,MIN,2,1,18,29,0.630435,0.369565,1,0,0.333333,0,10,6,9,11,10,14,9,11,2,5
2024020527,2024-12-20,Honda Center,Anaheim,21,24,COL,ANA,4,2,23,32,0.471698,0.528302,1,0,0.25,0,15,13,17,27,22,12,6,9,1,4
2024020528,2024-12-21,Bridgestone Arena,Nashville,26,18,LAK,NSH,2,3,24,26,0.478261,0.521739,0,0,0,0,4,2,12,24,9,9,13,12,1,2
2024020529,2024-12-21,Scotiabank Saddledome,Calgary,16,20,CHI,CGY,4,6,28,30,0.545455,0.454545,1,1,0.333333,0.2,36,32,12,27,14,19,16,16,4,2
2024020530,2024-12-21,Rogers Place,Edmonton,28,22,SJS,EDM,2,3,22,42,0.416667,0.583333,0,0,0,0,4,2,18,4,15,9,17,22,5,5
2024020531,2024-12-21,TD Garden,Boston,7,6,BUF,BOS,1,3,20,19,0.4,0.6,1,1,0.333333,0.333333,6,6,22,28,20,15,25,20,4,5
2024020532,2024-12-21,Scotiabank Arena,Toronto,2,10,NYI,TOR,6,3,34,29,0.647059,0.352941,0,0,0,0,0,0,11,36,13,15,25,21,7,3
2024020533,2024-12-21,Centre Bell,Montreal,17,8,DET,MTL,1,5,21,24,0.428571,0.571429,0,1,0,0.2,10,8,20,19,17,12,22,17,3,4
2024020534,2024-12-21,Prudential Center,Newark,5,1,PIT,NJD,0,3,12,27,0.480769,0.519231,0,0,0,0,12,14,9,22,12,15,19,15,7,4
2024020535,2024-12-21,Wells Fargo Center,Philadelphia,29,4,CBJ,PHI,4,5,25,30,0.52459,0.47541,0,0,0,0,8,4,19,14,24,11,11,8,1,2
2024020536,2024-12-21,Canada Life Centre,Winnipeg,30,52,MIN,WPG,0,5,19,24,0.48,0.52,0,2,0,0.4,12,10,12,7,14,16,13,4,4,1
2024020537,2024-12-21,Rogers Arena,Vancouver,9,23,OTT,VAN,5,4,22,25,0.596154,0.403846,0,0,0,0,6,10,13,28,16,11,13,9,1,3
2024020538,2024-12-21,T-Mobile Arena,Paradise,55,54,SEA,VGK,2,6,23,34,0.538462,0.461538,2,0,0.5,0,2,8,26,12,15,14,14,11,2,2
2024020539,2024-12-22,Madison Square Garden,New York,12,3,CAR,NYR,3,1,33,23,0.518519,0.481481,1,0,0.2,0,8,10,26,33,14,13,12,14,4,2
2024020540,2024-12-22,Amalie Arena,Tampa,13,14,FLA,TBL,4,2,26,21,0.473684,0.526316,1,0,0.5,0,8,6,26,24,14,12,8,20,9,5
2024020541,2024-12-22,Capital One Arena,Washington,26,15,LAK,WSH,1,3,26,21,0.327273,0.672727,1,1,1,1,2,2,16,21,13,14,16,14,3,5
2024020542,2024-12-22,Delta Center,Salt Lake City,24,59,ANA,UTA,5,4,30,25,0.446154,0.553846,1,1,0.166667,0.2,10,12,19,13,20,25,10,17,4,5
2024020543,2024-12-22,Ball Arena,Denver,55,21,SEA,COL,2,5,19,29,0.490566,0.509434,0,1,0,0.25,8,2,31,14,18,15,12,14,3,5
2024020544,2024-12-22,Rogers Place,Edmonton,9,22,OTT,EDM,1,3,21,21,0.604167,0.395833,0,1,0,0.2,12,4,16,11,6,24,13,18,5,7
2024020545,2024-12-23,Prudential Center,Newark,3,1,NYR,NJD,0,5,12,30,0.55,0.45,0,3,0,0.75,24,24,26,16,8,13,18,17,1,5
2024020546,2024-12-23,Scotiabank Arena,Toronto,52,10,WPG,TOR,5,2,27,25,0.469388,0.530612,1,1,0.5,0.333333,11,9,15,29,22,6,8,10,4,2
2024020547,2024-12-23,TD Garden,Boston,15,6,WSH,BOS,1,4,11,22,0.34,0.66,1,1,0.333333,0.25,12,23,18,19,11,17,14,12,6,4
2024020548,2024-12-23,Little Caesars Arena,Detroit,19,17,STL,DET,4,0,21,19,0.48,0.52,0,0,0,0,2,4,21,13,12,15,10,12,5,2
2024020549,2024-12-23,Amerant Bank Arena,Sunrise,14,13,TBL,FLA,4,0,29,36,0.52459,0.47541,1,0,0.333333,0,37,26,13,32,16,20,14,16,4,2
2024020550,2024-12-23,PPG Paints Arena,Pittsburgh,4,5,PHI,PIT,3,7,27,22,0.408163,0.591837,0,3,0,1,6,0,26,21,8,11,8,16,7,6
2024020551,2024-12-23,Nationwide Arena,Columbus,8,29,MTL,CBJ,4,5,31,32,0.530303,0.469697,0,1,0,0.333333,6,4,15,18,15,15,17,14,7,5
2024020552,2024-12-23,UBS Arena,Elmont,7,2,BUF,NYI,7,1,25,28,0.421875,0.578125,1,0,0.333333,0,8,12,17,19,30,9,17,23,2,6
2024020553,2024-12-23,Bridgestone Arena,Nashville,12,18,CAR,NSH,2,5,27,25,0.490909,0.509091,0,1,0,0.5,6,4,29,25,10,15,24,18,9,3
2024020554,2024-12-23,Xcel Energy Center,St. Paul,16,30,CHI,MIN,3,4,31,27,0.5,0.5,0,0,0,0,2,0,29,26,17,13,11,16,4,1
2024020555,2024-12-23,Rogers Arena,Vancouver,28,23,SJS,VAN,3,4,29,24,0.40678,0.59322,1,1,0.333333,0.2,24,30,18,27,7,22,19,17,3,3
2024020556,2024-12-23,Delta Center,Salt Lake City,25,59,DAL,UTA,3,2,29,26,0.553571,0.446429,0,0,0,0,4,6,20,19,20,21,8,18,5,6
2024020557,2024-12-23,T-Mobile Arena,Paradise,24,54,ANA,VGK,1,3,32,33,0.5,0.5,0,0,0,0,6,8,18,13,10,16,6,9,3,4
2024020558,2024-12-27,KeyBank Center,Buffalo,16,7,CHI,BUF,2,6,17,35,0.489796,0.510204,0,0,0,0,4,4,35,24,9,11,20,8,4,5
2024020559,2024-12-27,Little Caesars Arena,Detroit,10,17,TOR,DET,5,2,23,25,0.418605,0.581395,1,1,0.333333,0.333333,6,6,37,34,17,9,14,15,7,2
2024020560,2024-12-27,Prudential Center,Newark,12,1,CAR,NJD,2,4,31,23,0.411765,0.588235,0,0,0,0,2,6,24,20,11,15,16,12,4,4
2024020561,2024-12-27,Nationwide Arena,Columbus,6,29,BOS,CBJ,2,6,26,33,0.555556,0.444444,0,3,0,1,6,4,18,15,17,17,10,21,6,9
2024020562,2024-12-27,Enterprise Center,St. Louis,18,19,NSH,STL,4,7,30,30,0.47619,0.52381,2,1,0.5,0.25,15,15,27,26,7,19,15,12,5,2
2024020563,2024-12-27,American Airlines Center,Dallas,30,25,MIN,DAL,3,2,18,29,0.518519,0.481481,0,0,0,0,6,2,28,18,19,15,11,14,5,4
2024020564,2024-12-27,Delta Center,Salt Lake City,21,59,COL,UTA,4,1,37,35,0.485294,0.514706,0,1,0,0.333333,11,9,19,10,12,19,12,17,3,4
2024020565,2024-12-27,SAP Center at San Jose,San Jose,54,28,VGK,SJS,6,3,36,25,0.465517,0.534483,0,0,0,0,8,6,11,19,25,13,17,15,5,8
2024020566,2024-12-28,Amerant Bank Arena,Sunrise,8,13,MTL,FLA,4,0,25,34,0.396226,0.603774,0,0,0,0,7,7,14,19,21,10,9,13,1,1
2024020567,2024-12-28,Rogers Arena,Vancouver,55,23,SEA,VAN,5,4,29,22,0.469388,0.530612,0,1,0,0.5,6,8,8,24,13,18,11,9,3,2
2024020568,2024-12-28,Honda Center,Anaheim,4,24,PHI,ANA,3,1,25,33,0.553571,0.446429,0,0,0,0,8,10,15,18,16,16,18,19,5,4
2024020569,2024-12-28,Crypto.com Arena,Los Angeles,22,26,EDM,LAK,3,4,27,29,0.459016,0.540984,1,0,0.5,0,2,4,13,25,11,15,17,18,7,8
2024020570,2024-12-28,TD Garden,Boston,29,6,CBJ,BOS,0,4,18,28,0.488889,0.511111,0,0,0,0,14,16,22,30,4,16,19,15,8,6
2024020571,2024-12-28,Scotiabank Arena,Toronto,15,10,WSH,TOR,5,2,32,37,0.472727,0.527273,1,0,1,0,4,2,17,28,17,9,14,13,6,1
2024020572,2024-12-28,Amalie Arena,Tampa,3,14,NYR,TBL,2,6,44,25,0.519481,0.480519,0,2,0,0.4,10,8,23,13,12,18,16,13,10,5
2024020573,2024-12-28,Lenovo Center,Raleigh,1,12,NJD,CAR,2,5,23,41,0.389831,0.610169,0,1,0,0.25,21,8,41,41,13,11,14,12,4,3
2024020574,2024-12-28,Canada Life Centre,Winnipeg,9,52,OTT,WPG,2,4,35,23,0.608696,0.391304,2,1,0.5,0.333333,6,8,21,15,13,18,4,9,5,8
2024020575,2024-12-28,UBS Arena,Elmont,5,2,PIT,NYI,3,6,25,34,0.451613,0.548387,1,0,0.25,0,4,8,27,19,15,7,15,20,1,2
2024020576,2024-12-28,SAP Center at San Jose,San Jose,20,28,CGY,SJS,3,1,33,22,0.472727,0.527273,1,1,0.333333,0.5,9,11,19,16,15,17,12,13,5,6
2024020577,2024-12-29,United Center,Chicago,25,16,DAL,CHI,5,1,35,25,0.584906,0.415094,1,1,0.142857,0.25,8,25,7,19,8,12,17,20,3,5
2024020578,2024-12-29,Honda Center,Anaheim,22,24,EDM,ANA,3,5,23,32,0.4,0.6,2,0,0.666667,0,12,8,13,26,14,13,8,17,5,3
2024020579,2024-12-29,Little Caesars Arena,Detroit,15,17,WSH,DET,2,4,27,27,0.471698,0.528302,0,1,0,0.25,10,8,24,12,9,18,11,12,0,2
2024020580,2024-12-29,Amalie Arena,Tampa,8,14,MTL,TBL,5,2,37,23,0.53125,0.46875,0,0,0,0,6,4,20,19,17,13,4,6,6,8
2024020581,2024-12-29,PPG Paints Arena,Pittsburgh,2,5,NYI,PIT,2,3,31,41,0.507463,0.492537,0,2,0,1,4,4,12,12,15,21,18,10,5,5
2024020582,2024-12-29,Enterprise Center,St. Louis,7,19,BUF,STL,4,2,16,37,0.4,0.6,2,0,0.666667,0,8,6,20,14,23,4,11,8,3,6
2024020583,2024-12-29,Xcel Energy Center,St. Paul,9,30,OTT,MIN,3,1,37,31,0.492063,0.507937,1,0,0.5,0,11,11,18,26,13,13,9,16,5,6
2024020584,2024-12-29,T-Mobile Arena,Paradise,20,54,CGY,VGK,0,3,31,37,0.508197,0.491803,0,1,0,0.25,8,8,20,12,17,17,10,10,8,7
2024020585,2024-12-29,Crypto.com Arena,Los Angeles,4,26,PHI,LAK,4,5,21,20,0.5,0.5,0,1,0,1,6,6,14,24,20,12,11,7,5,5
2024020586,2024-12-30,Amerant Bank Arena,Sunrise,3,13,NYR,FLA,3,5,35,26,0.45098,0.54902,1,0,0.2,0,10,12,22,23,21,13,14,17,7,7
2024020587,2024-12-30,Canada Life Centre,Winnipeg,18,52,NSH,WPG,0,3,22,28,0.444444,0.555556,0,2,0,0.4,10,4,28,17,15,21,17,18,2,9
2024020588,2024-12-30,Climate Pledge Arena,Seattle,59,55,UTA,SEA,2,5,30,33,0.491525,0.508475,1,0,1,0,8,6,9,24,12,23,16,22,8,6
2024020589,2024-12-31,Capital One Arena,Washington,6,15,BOS,WSH,1,3,27,27,0.52381,0.47619,0,1,0,0.5,10,10,16,26,20,28,19,17,0,3
2024020590,2024-12-31,Scotiabank Arena,Toronto,2,10,NYI,TOR,1,3,31,25,0.537037,0.462963,0,1,0,0.25,20,4,20,22,17,15,12,10,6,3
2024020591,2024-12-31,T-Mobile Arena,Paradise,8,54,MTL,VGK,3,2,22,29,0.585366,0.414634,0,0,0,0,2,0,39,22,11,11,14,23,4,3
2024020592,2024-12-31,Wrigley Field,Chicago,19,16,STL,CHI,6,2,28,30,0.527273,0.472727,2,2,0.666667,0.5,15,13,20,17,11,10,17,15,4,2
2024020593,2024-12-31,Little Caesars Arena,Detroit,5,17,PIT,DET,2,4,25,25,0.4375,0.5625,1,2,0.333333,0.666667,6,6,9,18,13,18,13,7,5,7
2024020594,2024-12-31,Nationwide Arena,Columbus,12,29,CAR,CBJ,3,4,35,28,0.410959,0.589041,1,1,0.25,0.333333,8,10,21,14,12,20,14,15,6,6
2024020595,2024-12-31,American Airlines Center,Dallas,7,25,BUF,DAL,2,4,23,33,0.265306,0.734694,0,0,0,0,2,0,23,10,17,11,14,15,4,1
2024020596,2024-12-31,Xcel Energy Center,St. Paul,18,30,NSH,MIN,3,5,46,38,0.4375,0.5625,0,3,0,0.5,35,16,19,14,9,13,11,18,3,3
2024020597,2024-12-31,Ball Arena,Denver,52,21,WPG,COL,2,5,22,38,0.487179,0.512821,0,0,0,0,2,0,30,26,20,15,21,20,2,2
2024020598,2024-12-31,Honda Center,Anaheim,1,24,NJD,ANA,2,3,34,26,0.544118,0.455882,0,0,0,0,12,10,25,18,10,21,7,19,6,1
2024020599,2024-12-31,SAP Center at San Jose,San Jose,4,28,PHI,SJS,4,0,34,22,0.461538,0.538462,1,0,0.333333,0,4,8,20,41,20,11,9,8,6,8
2024020600,2024-12-31,Scotiabank Saddledome,Calgary,23,20,VAN,CGY,1,3,24,29,0.523077,0.476923,1,0,0.5,0,25,25,29,28,16,11,11,15,4,6
2024020601,2024-12-31,Rogers Place,Edmonton,59,22,UTA,EDM,1,4,27,38,0.456522,0.543478,0,0,0,0,8,6,15,4,14,12,26,13,3,7
2024020602,2025-01-01,Crypto.com Arena,Los Angeles,1,26,NJD,LAK,0,3,33,24,0.625,0.375,0,0,0,0,6,12,23,15,14,20,8,12,3,2
2024020603,2025-01-02,Amerant Bank Arena,Sunrise,12,13,CAR,FLA,3,1,40,26,0.492958,0.507042,0,0,0,0,4,6,34,28,16,15,12,16,3,2
2024020604,2025-01-02,Madison Square Garden,New York,6,3,BOS,NYR,1,2,33,27,0.516129,0.483871,0,0,0,0,2,2,18,16,17,24,15,18,6,7
2024020605,2025-01-02,Capital One Arena,Washington,30,15,MIN,WSH,4,3,33,31,0.363636,0.636364,0,1,0,0.333333,6,4,10,16,14,16,18,13,10,1
2024020606,2025-01-02,Nationwide Arena,Columbus,17,29,DET,CBJ,5,4,26,25,0.490196,0.509804,2,1,0.666667,0.5,4,10,16,18,15,18,15,11,7,4
2024020607,2025-01-02,UBS Arena,Elmont,10,2,TOR,NYI,2,1,31,33,0.566038,0.433962,1,0,0.5,0,6,4,26,19,16,14,14,20,4,8
2024020608,2025-01-02,American Airlines Center,Dallas,9,25,OTT,DAL,2,4,13,25,0.4,0.6,0,1,0,0.2,10,8,29,11,19,18,6,13,1,7
2024020609,2025-01-02,Canada Life Centre,Winnipeg,24,52,ANA,WPG,4,3,24,30,0.36,0.64,0,0,0,0,4,0,44,26,22,9,13,15,4,8
2024020610,2025-01-02,Ball Arena,Denver,7,21,BUF,COL,5,6,21,29,0.552239,0.447761,2,1,0.666667,0.333333,8,8,27,31,9,9,7,5,4,9
2024020611,2025-01-02,Scotiabank Saddledome,Calgary,59,20,UTA,CGY,5,3,26,26,0.542373,0.457627,1,1,0.333333,0.25,20,18,21,36,16,11,22,12,5,7
2024020612,2025-01-02,T-Mobile Arena,Paradise,4,54,PHI,VGK,2,5,25,27,0.425532,0.574468,1,0,0.5,0,2,4,17,22,13,16,14,19,1,4
2024020613,2025-01-02,Climate Pledge Arena,Seattle,23,55,VAN,SEA,4,3,22,27,0.526316,0.473684,0,1,0,0.5,6,6,20,19,16,17,12,15,10,4
2024020614,2025-01-02,SAP Center at San Jose,San Jose,14,28,TBL,SJS,1,2,25,25,0.552632,0.447368,0,0,0,0,11,11,13,17,8,13,14,21,3,1
2024020615,2025-01-03,Amerant Bank Arena,Sunrise,5,13,PIT,FLA,2,3,31,33,0.482759,0.517241,2,1,0.285714,0.333333,10,28,15,28,10,12,8,7,1,2
2024020616,2025-01-03,United Center,Chicago,8,16,MTL,CHI,2,4,40,26,0.5,0.5,1,1,0.333333,0.25,13,11,25,20,9,14,15,4,8,7
2024020617,2025-01-03,Enterprise Center,St. Louis,9,19,OTT,STL,0,4,20,25,0.472727,0.527273,0,0,0,0,7,7,27,16,16,13,12,18,2,5
2024020618,2025-01-03,Rogers Place,Edmonton,24,22,ANA,EDM,2,3,29,26,0.392157,0.607843,1,1,0.5,1,4,6,14,3,12,14,4,18,1,5
2024020619,2025-01-03,Rogers Arena,Vancouver,18,23,NSH,VAN,3,0,19,27,0.5,0.5,0,0,0,0,11,9,21,51,19,14,23,7,2,5
2024020620,2025-01-04,Capital One Arena,Washington,3,15,NYR,WSH,4,7,33,28,0.515152,0.484848,0,2,0,0.5,8,8,15,20,13,22,18,12,1,2
2024020621,2025-01-04,Canada Life Centre,Winnipeg,17,52,DET,WPG,4,2,29,23,0.586957,0.413043,2,0,0.666667,0,4,6,9,21,13,15,7,6,7,2
2024020622,2025-01-04,SAP Center at San Jose,San Jose,1,28,NJD,SJS,2,3,30,24,0.571429,0.428571,1,0,0.5,0,8,4,21,16,12,16,10,11,3,1
2024020623,2025-01-04,Scotiabank Arena,Toronto,6,10,BOS,TOR,4,6,31,29,0.454545,0.545455,0,0,0,0,4,4,23,20,6,14,17,20,13,6
2024020624,2025-01-04,Lenovo Center,Raleigh,30,12,MIN,CAR,4,0,27,21,0.387097,0.612903,1,0,0.333333,0,10,8,14,11,17,12,12,20,3,3
2024020625,2025-01-04,Nationwide Arena,Columbus,19,29,STL,CBJ,4,6,33,39,0.553571,0.446429,1,1,0.5,0.5,9,9,21,14,18,24,14,16,3,9
2024020626,2025-01-04,Ball Arena,Denver,8,21,MTL,COL,2,1,23,23,0.541667,0.458333,0,1,0,0.2,12,8,29,17,20,17,26,17,2,2
2024020627,2025-01-04,Scotiabank Saddledome,Calgary,18,20,NSH,CGY,4,1,28,32,0.470588,0.529412,2,0,1,0,13,11,11,9,30,6,18,12,5,7
2024020628,2025-01-04,American Airlines Center,Dallas,59,25,UTA,DAL,2,3,35,29,0.555556,0.444444,0,0,0,0,0,2,21,16,19,9,23,16,3,2
2024020629,2025-01-04,Crypto.com Arena,Los Angeles,14,26,TBL,LAK,1,2,34,21,0.491803,0.508197,0,0,0,0,4,4,25,36,16,17,8,8,4,1
2024020630,2025-01-04,T-Mobile Arena,Paradise,7,54,BUF,VGK,1,3,24,33,0.574468,0.425532,1,0,0.333333,0,4,6,17,19,10,17,22,15,5,6
2024020631,2025-01-04,Climate Pledge Arena,Seattle,22,55,EDM,SEA,4,2,32,18,0.586207,0.413793,0,0,0,0,4,2,7,23,21,19,18,16,5,6
2024020632,2025-01-05,United Center,Chicago,3,16,NYR,CHI,6,2,34,27,0.571429,0.428571,0,0,0,0,4,2,21,17,11,8,4,17,1,4
2024020633,2025-01-05,TD Garden,Boston,2,6,NYI,BOS,5,4,37,30,0.517857,0.482143,0,0,0,0,2,0,14,31,19,22,11,20,5,9
2024020634,2025-01-05,Lenovo Center,Raleigh,5,12,PIT,CAR,3,4,19,31,0.439394,0.560606,0,0,0,0,6,6,22,17,22,11,7,6,11,7
2024020635,2025-01-05,Scotiabank Arena,Toronto,4,10,PHI,TOR,2,3,32,25,0.327273,0.672727,0,0,0,0,9,13,33,43,12,17,16,17,4,2
2024020636,2025-01-05,Honda Center,Anaheim,14,24,TBL,ANA,1,4,37,26,0.491525,0.508475,1,0,0.5,0,2,4,26,31,11,24,22,16,6,10
2024020637,2025-01-06,KeyBank Center,Buffalo,15,7,WSH,BUF,3,4,28,27,0.540984,0.459016,1,1,0.5,0.333333,8,6,23,10,12,20,19,10,8,2
2024020638,2025-01-06,Centre Bell,Montreal,23,8,VAN,MTL,4,5,20,24,0.413043,0.586957,1,2,0.333333,0.5,8,6,39,30,17,9,16,16,4,3
2024020639,2025-01-06,Ball Arena,Denver,13,21,FLA,COL,1,3,27,34,0.490909,0.509091,0,0,0,0,8,6,24,19,13,13,10,8,6,2
2024020640,2025-01-06,Climate Pledge Arena,Seattle,1,55,NJD,SEA,3,2,29,24,0.526316,0.473684,0,1,0,1,7,5,12,21,14,13,7,19,3,8
2024020641,2025-01-07,TD Garden,Boston,22,6,EDM,BOS,4,0,39,26,0.574468,0.425532,1,0,0.333333,0,9,11,18,45,16,17,12,11,13,11
2024020642,2025-01-07,Little Caesars Arena,Detroit,9,17,OTT,DET,2,3,33,33,0.444444,0.555556,1,2,0.5,0.666667,6,4,28,18,15,18,16,13,10,4
2024020643,2025-01-07,Madison Square Garden,New York,25,3,DAL,NYR,5,4,39,26,0.509091,0.490909,2,1,1,0.5,4,4,12,25,15,19,7,14,3,4
2024020644,2025-01-07,Wells Fargo Center,Philadelphia,10,4,TOR,PHI,3,2,17,32,0.535714,0.464286,1,0,0.25,0,13,15,31,15,12,17,17,13,6,3
2024020645,2025-01-07,PPG Paints Arena,Pittsburgh,29,5,CBJ,PIT,4,3,29,23,0.508772,0.491228,2,1,1,1,2,4,10,16,23,11,18,14,8,0
2024020646,2025-01-07,Xcel Energy Center,St. Paul,19,30,STL,MIN,4,6,33,26,0.571429,0.428571,1,0,1,0,0,2,31,29,12,19,25,19,3,5
2024020647,2025-01-07,Canada Life Centre,Winnipeg,18,52,NSH,WPG,2,5,28,30,0.45098,0.54902,1,1,0.142857,1,4,16,17,17,7,24,15,17,5,2
2024020648,2025-01-07,Honda Center,Anaheim,20,24,CGY,ANA,3,2,33,28,0.454545,0.545455,1,1,0.333333,0.5,6,19,12,24,10,14,10,12,5,10
2024020649,2025-01-07,SAP Center at San Jose,San Jose,54,28,VGK,SJS,4,2,42,21,0.666667,0.333333,1,2,1,1,4,2,25,28,19,15,14,10,5,4
2024020650,2025-01-08,Capital One Arena,Washington,23,15,VAN,WSH,1,2,31,18,0.472727,0.527273,1,0,0.25,0,10,14,27,20,18,13,10,12,10,7
2024020651,2025-01-08,United Center,Chicago,21,16,COL,CHI,1,3,36,20,0.425926,0.574074,0,0,0,0,2,4,11,9,14,9,13,13,3,4
2024020652,2025-01-08,Delta Center,Salt Lake City,13,59,FLA,UTA,4,1,33,26,0.508475,0.491525,1,1,1,0.25,10,6,34,26,16,24,9,15,5,3
2024020653,2025-04-17,Crypto.com Arena,Los Angeles,20,26,CGY,LAK,5,1,29,31,0.557692,0.442308,0,1,0,0.333333,6,4,15,19,11,7,13,13,3,0
2024020654,2025-01-09,Canadian Tire Centre,Ottawa,7,9,BUF,OTT,4,0,21,35,0.384615,0.615385,0,0,0,0,15,15,21,27,15,9,12,15,4,5
2024020655,2025-01-09,Amalie Arena,Tampa,6,14,BOS,TBL,1,4,28,31,0.557143,0.442857,0,1,0,0.25,27,24,35,24,20,13,16,15,4,6
2024020656,2025-01-09,Madison Square Garden,New York,1,3,NJD,NYR,2,3,23,32,0.361702,0.638298,0,2,0,0.666667,6,8,27,33,15,20,25,10,5,2
2024020657,2025-01-09,Wells Fargo Center,Philadelphia,25,4,DAL,PHI,4,1,23,28,0.45614,0.54386,0,0,0,0,4,2,5,21,15,20,14,18,7,5
2024020658,2025-01-09,PPG Paints Arena,Pittsburgh,22,5,EDM,PIT,3,5,43,26,0.551724,0.448276,1,1,0.333333,1,4,8,16,16,13,24,14,9,0,3
2024020659,2025-01-09,Lenovo Center,Raleigh,10,12,TOR,CAR,3,6,33,34,0.490566,0.509434,1,0,0.5,0,6,4,26,13,22,11,14,15,5,4
2024020660,2025-01-09,Nationwide Arena,Columbus,55,29,SEA,CBJ,2,6,31,24,0.54902,0.45098,0,0,0,0,2,6,16,7,14,23,15,16,5,4
2024020661,2025-01-09,Enterprise Center,St. Louis,24,19,ANA,STL,2,6,23,34,0.461538,0.538462,0,0,0,0,4,6,29,28,16,17,18,20,5,4
2024020662,2025-01-09,Xcel Energy Center,St. Paul,21,30,COL,MIN,6,1,27,25,0.421053,0.578947,0,0,0,0,6,6,18,18,14,13,21,21,5,4
2024020663,2025-01-09,T-Mobile Arena,Paradise,2,54,NYI,VGK,4,0,21,30,0.636364,0.363636,0,0,0,0,2,2,19,12,21,8,14,18,4,3
2024020664,2025-01-10,Little Caesars Arena,Detroit,16,17,CHI,DET,3,5,15,28,0.454545,0.545455,0,1,0,0.25,8,0,21,12,13,7,23,13,3,3
2024020665,2025-01-10,Capital One Arena,Washington,8,15,MTL,WSH,3,2,30,17,0.489796,0.510204,0,1,0,0.25,8,6,19,25,14,18,16,16,4,4
2024020666,2025-01-10,Lenovo Center,Raleigh,23,12,VAN,CAR,0,2,14,20,0.533333,0.466667,0,0,0,0,8,8,25,10,13,27,12,19,6,2
2024020667,2025-01-10,Canada Life Centre,Winnipeg,26,52,LAK,WPG,2,1,23,19,0.491228,0.508772,0,1,0,0.5,4,6,33,31,11,11,8,11,7,9
2024020668,2025-01-10,Delta Center,Salt Lake City,28,59,SJS,UTA,1,2,19,26,0.464286,0.535714,0,0,0,0,2,6,11,23,22,10,15,15,5,4
2024020669,2025-01-11,Amerant Bank Arena,Sunrise,6,13,BOS,FLA,4,3,18,43,0.430556,0.569444,2,1,0.4,0.333333,10,14,42,30,29,9,13,15,4,8
2024020670,2025-01-11,KeyBank Center,Buffalo,55,7,SEA,BUF,6,2,29,35,0.625,0.375,1,1,0.25,0.2,17,15,18,20,18,1,21,14,6,2
2024020671,2025-01-11,PPG Paints Arena,Pittsburgh,9,5,OTT,PIT,5,0,22,29,0.488889,0.511111,2,0,0.5,0,20,16,27,30,15,11,10,11,4,3
2024020672,2025-01-11,Scotiabank Arena,Toronto,23,10,VAN,TOR,3,0,18,20,0.489796,0.510204,0,0,0,0,6,0,22,11,21,14,15,14,2,3
2024020673,2025-01-11,Centre Bell,Montreal,25,8,DAL,MTL,2,1,36,31,0.560606,0.439394,0,1,0,0.333333,8,4,8,30,21,20,15,12,6,6
2024020674,2025-01-11,Prudential Center,Newark,14,1,TBL,NJD,2,3,25,26,0.54386,0.45614,0,1,0,0.5,4,6,14,27,13,19,15,20,5,1
2024020675,2025-01-11,Wells Fargo Center,Philadelphia,24,4,ANA,PHI,0,6,22,30,0.52381,0.47619,0,2,0,0.5,30,14,31,29,19,12,10,15,2,3
2024020676,2025-01-11,United Center,Chicago,22,16,EDM,CHI,4,3,34,22,0.4375,0.5625,1,0,1,0,4,4,18,27,13,11,13,9,6,7
2024020677,2025-01-11,Enterprise Center,St. Louis,29,19,CBJ,STL,2,1,30,32,0.470588,0.529412,1,1,0.5,0.333333,6,4,14,22,23,10,8,19,3,4
2024020678,2025-01-11,Canada Life Centre,Winnipeg,21,52,COL,WPG,0,3,22,29,0.391304,0.608696,0,0,0,0,0,4,21,23,9,18,7,9,5,2
2024020679,2025-01-11,Bridgestone Arena,Nashville,15,18,WSH,NSH,4,1,16,33,0.490196,0.509804,1,1,0.5,0.333333,6,4,12,18,27,15,13,12,3,2
2024020680,2025-01-11,Delta Center,Salt Lake City,2,59,NYI,UTA,2,1,32,22,0.491525,0.508475,0,0,0,0,6,8,25,23,24,22,10,25,1,3
2024020681,2025-01-11,Scotiabank Saddledome,Calgary,26,20,LAK,CGY,1,2,32,18,0.647059,0.352941,0,1,0,0.25,20,18,10,20,17,13,13,12,4,4
2024020682,2025-01-11,T-Mobile Arena,Paradise,3,54,NYR,VGK,2,1,26,30,0.327273,0.672727,1,1,1,0.333333,6,2,14,21,21,11,11,18,5,3
2024020683,2025-01-11,SAP Center at San Jose,San Jose,30,28,MIN,SJS,3,1,22,37,0.46,0.54,0,0,0,0,4,0,20,18,17,14,17,12,10,4
2024020684,2025-01-12,Little Caesars Arena,Detroit,55,17,SEA,DET,2,6,33,23,0.383333,0.616667,1,3,0.5,0.6,12,6,27,8,16,9,5,11,4,2
2024020685,2025-01-12,Canadian Tire Centre,Ottawa,25,9,DAL,OTT,2,3,26,27,0.41791,0.58209,1,0,0.25,0,6,8,9,24,13,10,22,18,3,2
2024020686,2025-01-12,PPG Paints Arena,Pittsburgh,14,5,TBL,PIT,5,2,19,33,0.46,0.54,0,1,0,0.333333,8,2,38,33,15,11,17,12,2,9
2024020687,2025-01-12,Lenovo Center,Raleigh,24,12,ANA,CAR,3,2,20,37,0.402985,0.597015,0,1,0,0.5,4,4,26,32,28,8,12,15,0,2
2024020688,2025-01-12,T-Mobile Arena,Paradise,30,54,MIN,VGK,1,4,16,37,0.56,0.44,0,2,0,0.4,15,9,27,23,16,10,19,16,7,1
2024020689,2025-01-13,Wells Fargo Center,Philadelphia,13,4,FLA,PHI,3,4,23,29,0.444444,0.555556,1,2,0.5,0.4,14,6,36,22,10,27,11,21,5,4
2024020690,2025-01-13,United Center,Chicago,20,16,CGY,CHI,5,2,36,25,0.448276,0.551724,0,1,0,0.5,15,6,22,29,15,17,13,18,2,2
2024020691,2025-01-13,Rogers Place,Edmonton,26,22,LAK,EDM,0,1,30,30,0.516129,0.483871,0,0,0,0,6,4,8,15,14,16,11,8,4,3
2024020692,2025-01-14,TD Garden,Boston,14,6,TBL,BOS,2,6,45,24,0.513158,0.486842,0,0,0,0,18,16,25,22,8,14,13,19,4,4
2024020693,2025-01-14,Scotiabank Arena,Toronto,25,10,DAL,TOR,4,1,23,28,0.510204,0.489796,2,0,0.666667,0,4,6,13,35,8,8,17,12,4,8
2024020694,2025-01-14,Little Caesars Arena,Detroit,28,17,SJS,DET,6,3,24,28,0.470588,0.529412,1,0,1,0,4,2,18,21,18,9,18,18,8,5
2024020695,2025-01-14,Prudential Center,Newark,13,1,FLA,NJD,2,1,28,27,0.544118,0.455882,0,0,0,0,6,4,42,30,14,19,14,11,2,7
2024020696,2025-01-14,PPG Paints Arena,Pittsburgh,55,5,SEA,PIT,4,2,18,33,0.365385,0.634615,0,0,0,0,14,4,28,20,17,13,11,17,3,3
2024020697,2025-01-14,Capital One Arena,Washington,24,15,ANA,WSH,0,3,19,25,0.465116,0.534884,0,0,0,0,4,2,28,6,15,14,13,14,2,5
2024020698,2025-01-14,Nationwide Arena,Columbus,4,29,PHI,CBJ,2,3,25,28,0.538462,0.461538,0,0,0,0,4,6,24,13,14,13,13,15,3,2
2024020699,2025-01-14,UBS Arena,Elmont,9,2,OTT,NYI,2,0,27,24,0.393443,0.606557,0,0,0,0,7,7,26,22,24,15,11,12,9,9
2024020700,2025-01-14,Enterprise Center,St. Louis,20,19,CGY,STL,1,2,28,25,0.477273,0.522727,0,0,0,0,4,4,20,20,13,18,14,14,7,4
2024020701,2025-01-14,Bridgestone Arena,Nashville,54,18,VGK,NSH,3,5,22,23,0.45283,0.54717,1,0,0.5,0,2,4,18,18,19,14,16,33,6,4
2024020702,2025-01-14,Canada Life Centre,Winnipeg,23,52,VAN,WPG,1,6,24,33,0.45283,0.54717,0,1,0,0.333333,6,4,29,26,14,20,10,17,2,3
2024020703,2025-01-14,Ball Arena,Denver,3,21,NYR,COL,2,3,29,26,0.62963,0.37037,0,0,0,0,6,6,12,17,22,10,13,14,11,8
2024020704,2025-01-14,Delta Center,Salt Lake City,8,59,MTL,UTA,5,3,27,25,0.507937,0.492063,0,1,0,0.166667,24,18,22,19,17,14,3,9,7,13
2024020705,2025-01-15,KeyBank Center,Buffalo,12,7,CAR,BUF,2,4,37,24,0.5,0.5,0,0,0,0,2,6,11,16,12,25,17,20,2,7
2024020706,2025-01-15,Xcel Energy Center,St. Paul,22,30,EDM,MIN,5,3,36,34,0.525424,0.474576,1,2,1,0.666667,6,4,13,20,16,10,21,15,1,4
2024020707,2025-01-16,Scotiabank Arena,Toronto,1,10,NJD,TOR,3,4,24,41,0.478261,0.521739,2,1,0.666667,0.5,4,6,14,25,21,16,15,17,2,4
2024020708,2025-01-16,Canadian Tire Centre,Ottawa,15,9,WSH,OTT,1,0,26,24,0.525,0.475,0,0,0,0,10,6,25,20,18,12,17,14,3,5
2024020709,2025-01-16,Amalie Arena,Tampa,24,14,ANA,TBL,3,4,37,35,0.551724,0.448276,0,2,0,0.4,12,6,24,12,12,12,13,15,3,2
2024020710,2025-01-16,Amerant Bank Arena,Sunrise,17,13,DET,FLA,5,2,20,43,0.338983,0.661017,3,0,0.75,0,8,10,23,36,21,12,9,13,0,1
2024020711,2025-01-16,Nationwide Arena,Columbus,28,29,SJS,CBJ,1,4,19,34,0.6,0.4,0,0,0,0,4,6,12,13,17,24,19,16,8,10
2024020712,2025-01-16,UBS Arena,Elmont,4,2,PHI,NYI,5,3,24,29,0.526316,0.473684,0,2,0,0.5,8,8,28,15,23,13,14,18,4,4
2024020713,2025-01-16,Enterprise Center,St. Louis,20,19,CGY,STL,1,4,29,29,0.47619,0.52381,0,1,0,0.333333,13,9,21,28,12,14,24,25,4,3
2024020714,2025-01-16,Bridgestone Arena,Nashville,16,18,CHI,NSH,2,3,26,41,0.370968,0.629032,0,1,0,0.25,13,7,33,35,17,13,4,9,5,3
2024020715,2025-01-16,American Airlines Center,Dallas,8,25,MTL,DAL,3,1,24,33,0.517857,0.482143,0,0,0,0,8,6,33,25,23,9,14,9,7,4
2024020716,2025-01-16,Canada Life Centre,Winnipeg,55,52,SEA,WPG,1,2,18,36,0.588235,0.411765,0,1,0,0.5,4,2,17,16,23,17,10,16,5,5
2024020717,2025-01-16,Delta Center,Salt Lake City,3,59,NYR,UTA,5,3,25,31,0.462687,0.537313,0,1,0,0.333333,6,6,21,18,13,18,12,10,8,5
2024020718,2025-01-16,Ball Arena,Denver,22,21,EDM,COL,4,3,28,25,0.466667,0.533333,0,0,0,0,4,8,11,14,11,19,9,13,7,3
2024020719,2025-01-16,Rogers Arena,Vancouver,26,23,LAK,VAN,5,1,21,21,0.546875,0.453125,1,0,0.333333,0,15,21,12,22,17,12,16,13,8,3
2024020720,2025-01-17,KeyBank Center,Buffalo,5,7,PIT,BUF,5,2,19,42,0.551724,0.448276,3,1,0.75,0.2,22,20,21,19,17,14,12,9,6,1
2024020721,2025-01-17,Lenovo Center,Raleigh,54,12,VGK,CAR,2,3,31,28,0.38806,0.61194,1,0,0.333333,0,8,6,19,18,22,14,19,24,9,7
2024020722,2025-01-18,Prudential Center,Newark,4,1,PHI,NJD,3,1,18,13,0.511628,0.488372,1,0,0.5,0,4,4,10,18,33,25,18,21,8,4
2024020723,2025-01-18,Canadian Tire Centre,Ottawa,6,9,BOS,OTT,5,6,28,44,0.471429,0.528571,1,1,0.25,0.333333,15,17,29,28,25,16,18,18,6,6
2024020724,2025-01-18,Ball Arena,Denver,25,21,DAL,COL,3,6,29,36,0.641791,0.358209,2,1,0.5,0.333333,6,8,11,17,23,17,11,12,5,4
2024020725,2025-01-18,Amerant Bank Arena,Sunrise,24,13,ANA,FLA,0,3,34,45,0.433962,0.566038,0,0,0,0,4,17,14,21,15,15,8,11,9,2
2024020726,2025-01-18,Centre Bell,Montreal,10,8,TOR,MTL,7,3,34,35,0.41791,0.58209,2,1,0.5,0.2,10,8,20,15,19,17,10,19,5,2
2024020727,2025-01-18,Amalie Arena,Tampa,17,14,DET,TBL,1,5,39,22,0.539683,0.460317,1,2,0.166667,0.666667,8,14,23,30,9,22,15,9,4,3
2024020728,2025-01-18,Madison Square Garden,New York,29,3,CBJ,NYR,0,1,27,26,0.395349,0.604651,0,0,0,0,2,4,9,18,16,12,15,19,9,10
2024020729,2025-01-18,Capital One Arena,Washington,5,15,PIT,WSH,1,4,19,32,0.45283,0.54717,0,1,0,0.25,10,6,17,27,14,17,14,20,7,3
2024020730,2025-01-18,Canada Life Centre,Winnipeg,20,52,CGY,WPG,3,1,22,39,0.488889,0.511111,1,0,0.5,0,4,4,25,11,21,17,24,21,5,3
2024020731,2025-01-18,UBS Arena,Elmont,28,2,SJS,NYI,1,4,19,31,0.490196,0.509804,0,0,0,0,2,2,40,37,16,20,28,24,2,4
2024020732,2025-01-18,United Center,Chicago,54,16,VGK,CHI,3,5,35,23,0.416667,0.583333,1,2,0.333333,0.666667,13,23,29,29,12,23,12,11,9,2
2024020733,2025-01-18,Bridgestone Arena,Nashville,30,18,MIN,NSH,2,6,29,38,0.447761,0.552239,1,1,0.25,0.333333,21,23,16,15,15,8,24,22,3,3
2024020734,2025-01-18,Delta Center,Salt Lake City,19,59,STL,UTA,2,4,24,33,0.592593,0.407407,1,1,0.25,0.333333,11,13,33,13,10,18,8,10,2,5
2024020735,2025-01-18,Rogers Arena,Vancouver,22,23,EDM,VAN,2,3,15,27,0.423077,0.576923,1,2,0.5,0.5,33,29,9,18,18,13,17,15,6,4
2024020736,2025-01-18,Climate Pledge Arena,Seattle,26,55,LAK,SEA,2,4,30,22,0.54,0.46,1,0,0.5,0,6,4,26,32,14,24,14,15,5,7
2024020737,2025-01-19,Prudential Center,Newark,9,1,OTT,NJD,2,1,20,26,0.465116,0.534884,0,0,0,0,2,6,24,18,14,11,11,13,6,5
2024020738,2025-01-19,Centre Bell,Montreal,3,8,NYR,MTL,4,5,28,37,0.529412,0.470588,1,0,0.5,0,17,15,17,16,14,11,15,24,6,7
2024020739,2025-01-19,American Airlines Center,Dallas,17,25,DET,DAL,1,4,34,25,0.40625,0.59375,0,1,0,1,2,6,28,19,7,15,14,21,5,7
2024020740,2025-01-20,TD Garden,Boston,28,6,SJS,BOS,3,6,28,33,0.566667,0.433333,0,1,0,0.5,4,2,31,29,21,10,15,22,3,7
2024020741,2025-01-20,Ball Arena,Denver,30,21,MIN,COL,3,1,26,27,0.508197,0.491803,0,0,0,0,6,8,7,16,17,9,7,13,2,6
2024020742,2025-01-20,Climate Pledge Arena,Seattle,7,55,BUF,SEA,4,6,29,34,0.480769,0.519231,1,1,0.333333,0.5,4,6,18,16,7,11,15,12,4,6
2024020743,2025-01-20,T-Mobile Arena,Paradise,19,54,STL,VGK,5,4,28,32,0.514286,0.485714,1,1,0.5,0.5,4,4,16,22,26,13,8,15,4,7
2024020744,2025-01-20,Scotiabank Arena,Toronto,14,10,TBL,TOR,3,5,30,28,0.5,0.5,1,1,0.5,1,2,4,19,12,10,11,13,13,3,6
2024020745,2025-01-20,UBS Arena,Elmont,29,2,CBJ,NYI,1,3,26,25,0.32,0.68,1,1,0.25,0.5,6,10,27,40,25,14,15,9,1,6
2024020746,2025-01-20,United Center,Chicago,12,16,CAR,CHI,4,3,48,25,0.606061,0.393939,0,0,0,0,4,4,19,23,10,21,17,18,5,7
2024020747,2025-01-20,Delta Center,Salt Lake City,52,59,WPG,UTA,2,5,25,28,0.372881,0.627119,0,0,0,0,16,12,21,27,13,17,9,14,7,4
2024020748,2025-01-20,Crypto.com Arena,Los Angeles,5,26,PIT,LAK,5,1,32,26,0.534483,0.465517,1,1,1,0.333333,6,2,7,18,14,14,13,15,4,2
2024020749,2025-01-21,Centre Bell,Montreal,14,8,TBL,MTL,2,3,35,22,0.508772,0.491228,0,1,0,0.5,4,8,18,23,15,11,16,11,0,3
2024020750,2025-01-21,Madison Square Garden,New York,9,3,OTT,NYR,0,5,20,29,0.45283,0.54717,0,2,0,0.5,14,10,23,19,13,17,15,19,6,2
2024020751,2025-01-21,Wells Fargo Center,Philadelphia,17,4,DET,PHI,1,2,28,26,0.5,0.5,0,0,0,0,2,0,13,15,15,16,17,14,2,6
2024020752,2025-01-21,Bridgestone Arena,Nashville,28,18,SJS,NSH,5,7,24,41,0.515625,0.484375,1,2,0.25,0.666667,6,8,12,32,9,14,16,13,4,3
2024020753,2025-01-21,American Airlines Center,Dallas,12,25,CAR,DAL,2,1,19,23,0.48,0.52,0,0,0,0,6,6,31,23,13,17,16,20,4,3
2024020754,2025-01-21,Rogers Place,Edmonton,15,22,WSH,EDM,3,2,14,32,0.466667,0.533333,0,0,0,0,6,6,14,13,18,5,16,23,3,3
2024020755,2025-01-21,Rogers Arena,Vancouver,7,23,BUF,VAN,3,2,26,34,0.5,0.5,0,0,0,0,2,4,19,15,11,12,22,12,3,3
2024020756,2025-01-21,Honda Center,Anaheim,13,24,FLA,ANA,5,2,29,30,0.576271,0.423729,0,1,0,0.5,4,6,15,18,15,17,13,16,4,1
2024020757,2025-01-22,Scotiabank Arena,Toronto,29,10,CBJ,TOR,5,1,19,29,0.384615,0.615385,0,0,0,0,15,9,11,18,25,11,15,14,6,4
2024020758,2025-01-22,Prudential Center,Newark,6,1,BOS,NJD,1,5,23,34,0.5,0.5,0,3,0,0.428571,14,6,11,11,19,17,19,12,3,3
2024020759,2025-01-22,Ball Arena,Denver,52,21,WPG,COL,3,2,25,27,0.509804,0.490196,0,0,0,0,6,4,15,29,20,11,10,16,4,4
2024020760,2025-01-22,Crypto.com Arena,Los Angeles,13,26,FLA,LAK,1,2,28,28,0.5,0.5,1,0,0.5,0,4,4,28,16,14,19,12,15,4,3
2024020761,2025-01-23,TD Garden,Boston,9,6,OTT,BOS,0,2,29,26,0.55814,0.44186,0,0,0,0,14,18,20,27,24,20,14,17,10,10
2024020762,2025-01-23,Little Caesars Arena,Detroit,8,17,MTL,DET,2,4,29,45,0.508772,0.491228,0,1,0,0.25,8,6,24,19,14,16,14,9,3,5
2024020763,2025-01-23,Madison Square Garden,New York,4,3,PHI,NYR,1,6,34,37,0.473684,0.526316,0,1,0,0.5,4,6,12,12,16,18,8,14,0,6
2024020764,2025-01-23,Lenovo Center,Raleigh,29,12,CBJ,CAR,4,7,22,43,0.419355,0.580645,0,1,0,0.333333,6,4,22,16,21,6,19,14,6,4
2024020765,2025-01-23,Enterprise Center,St. Louis,54,19,VGK,STL,4,2,31,17,0.473684,0.526316,1,0,0.5,0,4,4,15,29,18,5,11,10,3,4
2024020766,2025-01-23,Xcel Energy Center,St. Paul,59,30,UTA,MIN,4,0,29,26,0.52381,0.47619,1,0,0.5,0,6,4,15,14,12,6,15,16,3,7
2024020767,2025-01-23,Scotiabank Saddledome,Calgary,7,20,BUF,CGY,2,5,34,26,0.61194,0.38806,0,0,0,0,11,29,20,19,14,19,14,17,2,5
2024020768,2025-01-23,Rogers Place,Edmonton,23,22,VAN,EDM,2,6,26,34,0.566667,0.433333,0,2,0,0.5,26,8,25,19,13,12,9,9,3,6
2024020769,2025-01-23,Honda Center,Anaheim,5,24,PIT,ANA,1,5,32,34,0.57377,0.42623,1,0,0.333333,0,8,10,12,20,10,17,14,15,8,11
2024020770,2025-01-23,Climate Pledge Arena,Seattle,15,55,WSH,SEA,3,0,32,22,0.615385,0.384615,0,0,0,0,2,0,8,16,22,8,21,21,7,7
2024020771,2025-01-23,SAP Center at San Jose,San Jose,18,28,NSH,SJS,6,5,38,35,0.519481,0.480519,3,1,0.6,0.25,36,27,13,23,16,14,11,8,4,4
2024020772,2025-01-24,UBS Arena,Elmont,4,2,PHI,NYI,1,3,30,27,0.384615,0.615385,0,0,0,0,6,2,25,34,11,19,12,7,6,4
2024020773,2025-01-24,United Center,Chicago,14,16,TBL,CHI,4,3,40,14,0.534884,0.465116,3,0,1,0,4,6,17,17,12,10,18,13,7,5
2024020774,2025-01-24,American Airlines Center,Dallas,54,25,VGK,DAL,3,4,21,27,0.517857,0.482143,2,1,0.666667,0.5,4,6,18,21,24,17,14,10,5,2
2024020775,2025-01-24,Canada Life Centre,Winnipeg,59,52,UTA,WPG,2,5,19,29,0.454545,0.545455,1,1,0.333333,1,2,6,12,24,15,12,25,20,4,6
2024020776,2025-01-25,TD Garden,Boston,21,6,COL,BOS,1,3,28,15,0.471698,0.528302,0,0,0,0,0,4,22,25,11,22,16,21,5,9
2024020777,2025-01-25,Rogers Place,Edmonton,7,22,BUF,EDM,2,3,41,34,0.492308,0.507692,0,0,0,0,2,6,29,15,7,16,16,15,7,5
2024020778,2025-01-25,Climate Pledge Arena,Seattle,5,55,PIT,SEA,1,4,29,25,0.447368,0.552632,0,1,0,0.333333,6,4,21,14,11,15,9,8,6,8
2024020779,2025-01-25,Centre Bell,Montreal,1,8,NJD,MTL,4,3,44,32,0.526316,0.473684,0,0,0,0,2,2,17,20,22,32,12,12,3,3
2024020780,2025-01-25,Canadian Tire Centre,Ottawa,10,9,TOR,OTT,1,2,29,23,0.529412,0.470588,0,1,0,0.5,6,4,19,24,13,16,21,17,3,5
2024020781,2025-01-25,Little Caesars Arena,Detroit,14,17,TBL,DET,0,2,28,32,0.584906,0.415094,0,0,0,0,10,8,17,12,9,18,13,16,4,3
2024020782,2025-01-25,Nationwide Arena,Columbus,26,29,LAK,CBJ,2,3,33,24,0.576923,0.423077,0,0,0,0,2,2,21,25,13,23,6,9,10,5
2024020783,2025-01-25,Enterprise Center,St. Louis,25,19,DAL,STL,2,0,19,33,0.448276,0.551724,1,0,0.333333,0,2,6,21,38,19,14,18,16,4,5
2024020784,2025-01-25,Xcel Energy Center,St. Paul,20,30,CGY,MIN,5,4,29,25,0.619048,0.380952,2,1,0.666667,0.5,15,17,20,23,13,20,8,7,9,11
2024020785,2025-01-25,UBS Arena,Elmont,12,2,CAR,NYI,2,3,27,27,0.347826,0.652174,0,0,0,0,11,7,19,38,17,14,5,7,5,7
2024020786,2025-01-25,Rogers Arena,Vancouver,15,23,WSH,VAN,1,2,33,25,0.545455,0.454545,0,0,0,0,6,6,15,26,15,19,19,15,3,4
2024020787,2025-01-25,Honda Center,Anaheim,18,24,NSH,ANA,2,5,43,35,0.466667,0.533333,0,1,0,0.5,4,6,16,17,12,25,9,19,5,2
2024020788,2025-01-25,SAP Center at San Jose,San Jose,13,28,FLA,SJS,7,2,32,23,0.527273,0.472727,1,0,0.5,0,2,4,19,22,9,20,11,10,2,3
2024020789,2025-01-26,Madison Square Garden,New York,21,3,COL,NYR,5,4,22,37,0.431373,0.568627,1,0,0.5,0,4,4,16,16,17,20,21,18,7,3
2024020790,2025-01-26,Canadian Tire Centre,Ottawa,59,9,UTA,OTT,1,3,35,27,0.527273,0.472727,0,0,0,0,6,6,18,18,8,19,23,14,2,6
2024020791,2025-01-26,Canada Life Centre,Winnipeg,20,52,CGY,WPG,2,5,22,27,0.457627,0.542373,1,2,0.333333,1,8,10,38,32,9,15,16,13,3,8
2024020792,2025-01-26,United Center,Chicago,30,16,MIN,CHI,4,2,28,20,0.421053,0.578947,1,1,0.333333,0.333333,10,10,10,26,16,12,7,20,6,5
2024020793,2025-01-26,T-Mobile Arena,Paradise,13,54,FLA,VGK,1,4,34,26,0.477612,0.522388,0,0,0,0,4,6,36,14,14,16,15,15,2,3
2024020794,2025-01-27,Little Caesars Arena,Detroit,26,17,LAK,DET,2,5,25,28,0.583333,0.416667,0,1,0,0.333333,6,2,29,24,15,19,12,13,4,4
2024020795,2025-01-27,Wells Fargo Center,Philadelphia,1,4,NJD,PHI,2,4,33,26,0.38,0.62,0,1,0,0.5,6,8,20,25,12,26,15,16,7,6
2024020796,2025-01-27,Enterprise Center,St. Louis,23,19,VAN,STL,5,2,30,26,0.444444,0.555556,2,1,1,0.2,15,11,14,21,14,16,14,14,2,2
2024020797,2025-01-27,Rogers Place,Edmonton,55,22,SEA,EDM,2,4,28,31,0.489362,0.510638,0,0,0,0,2,8,18,14,15,11,16,22,1,0
2024020798,2025-01-27,SAP Center at San Jose,San Jose,5,28,PIT,SJS,1,2,30,28,0.571429,0.428571,0,0,0,0,6,8,24,14,10,24,16,17,4,5
2024020799,2025-01-28,KeyBank Center,Buffalo,6,7,BOS,BUF,2,7,27,33,0.538462,0.461538,1,1,0.5,0.333333,16,4,17,20,14,17,15,10,10,3
2024020800,2025-01-28,Centre Bell,Montreal,52,8,WPG,MTL,4,1,24,25,0.42623,0.57377,0,0,0,0,0,6,13,40,20,14,17,17,5,8
2024020801,2025-01-28,Amalie Arena,Tampa,16,14,CHI,TBL,4,1,21,35,0.407407,0.592593,1,0,0.5,0,17,15,17,11,16,12,18,25,5,0
2024020802,2025-01-28,Madison Square Garden,New York,12,3,CAR,NYR,4,0,26,22,0.563636,0.436364,0,0,0,0,11,9,11,21,15,7,18,15,5,3
2024020803,2025-01-28,UBS Arena,Elmont,21,2,COL,NYI,2,5,32,28,0.538462,0.461538,0,0,0,0,0,4,24,33,14,27,17,14,7,6
2024020804,2025-01-28,Scotiabank Saddledome,Calgary,15,20,WSH,CGY,3,1,23,33,0.5,0.5,1,1,0.25,0.2,12,10,22,15,22,12,11,14,7,7
2024020805,2025-01-28,T-Mobile Arena,Paradise,25,54,DAL,VGK,4,3,28,28,0.476923,0.523077,0,1,0,0.5,4,6,15,27,23,15,23,14,2,4
2024020806,2025-01-28,Climate Pledge Arena,Seattle,24,55,ANA,SEA,6,4,23,30,0.4,0.6,0,1,0,0.333333,10,8,16,12,19,11,11,13,1,7
2024020807,2025-01-29,Scotiabank Arena,Toronto,30,10,MIN,TOR,3,1,25,33,0.372549,0.627451,1,0,1,0,2,2,12,23,22,8,15,13,5,5
2024020808,2025-01-29,Amerant Bank Arena,Sunrise,26,13,LAK,FLA,0,3,29,39,0.566667,0.433333,0,1,0,0.25,10,6,18,23,10,21,11,14,2,1
2024020809,2025-01-29,Prudential Center,Newark,4,1,PHI,NJD,0,5,24,26,0.526316,0.473684,0,2,0,0.666667,16,16,11,22,22,14,15,17,3,1
2024020810,2025-01-29,Bridgestone Arena,Nashville,23,18,VAN,NSH,3,1,22,32,0.34,0.66,1,0,0.333333,0,6,6,19,24,10,7,10,15,3,6
2024020811,2025-01-29,Delta Center,Salt Lake City,5,59,PIT,UTA,3,2,29,29,0.567164,0.432836,0,1,0,1,7,7,35,24,19,20,18,25,7,8
2024020812,2025-01-30,TD Garden,Boston,52,6,WPG,BOS,6,2,28,28,0.369231,0.630769,2,1,0.5,0.333333,6,18,13,25,21,10,14,17,6,4
2024020813,2025-01-30,Centre Bell,Montreal,30,8,MIN,MTL,4,0,27,19,0.378378,0.621622,0,0,0,0,2,2,21,18,19,11,5,9,10,5
2024020814,2025-01-30,Canadian Tire Centre,Ottawa,15,9,WSH,OTT,4,5,35,34,0.425926,0.574074,2,2,0.333333,0.4,10,12,20,19,5,14,10,15,10,4
2024020815,2025-01-30,Amalie Arena,Tampa,26,14,LAK,TBL,0,3,28,33,0.446429,0.553571,0,0,0,0,4,2,29,18,18,9,9,15,4,4
2024020816,2025-01-30,Wells Fargo Center,Philadelphia,2,4,NYI,PHI,3,0,28,23,0.507463,0.492537,0,0,0,0,13,11,18,20,25,9,14,24,6,4
2024020817,2025-01-30,Lenovo Center,Raleigh,16,12,CHI,CAR,2,3,20,27,0.509804,0.490196,0,0,0,0,4,6,18,15,17,13,22,17,7,3
2024020818,2025-01-30,Scotiabank Saddledome,Calgary,24,20,ANA,CGY,1,4,31,30,0.4,0.6,0,0,0,0,13,17,20,25,17,25,10,13,3,3
2024020819,2025-01-30,Rogers Place,Edmonton,17,22,DET,EDM,3,2,35,47,0.547945,0.452055,0,1,0,0.25,8,6,23,14,19,17,19,18,5,8
2024020820,2025-01-30,T-Mobile Arena,Paradise,29,54,CBJ,VGK,2,1,24,26,0.413043,0.586957,0,0,0,0,2,2,18,10,13,11,17,11,5,4
2024020821,2025-01-30,Climate Pledge Arena,Seattle,28,55,SJS,SEA,2,6,28,33,0.385965,0.614035,0,1,0,0.5,9,9,24,23,14,18,15,20,5,4
2024020822,2025-01-31,KeyBank Center,Buffalo,18,7,NSH,BUF,3,4,31,27,0.641509,0.358491,0,0,0,0,4,8,25,23,8,16,16,13,8,4
2024020823,2025-01-31,American Airlines Center,Dallas,23,25,VAN,DAL,3,5,29,16,0.433962,0.566038,1,1,0.2,0.5,4,10,30,24,13,17,12,15,1,5
2024020824,2025-01-31,Ball Arena,Denver,19,21,STL,COL,0,5,19,36,0.58,0.42,0,2,0,0.5,8,4,37,15,13,11,14,11,3,8
2024020825,2025-01-31,Delta Center,Salt Lake City,29,59,CBJ,UTA,3,2,23,34,0.383333,0.616667,0,1,0,0.333333,6,4,19,23,20,17,6,16,7,8
2024020826,2025-02-01,Amerant Bank Arena,Sunrise,16,13,CHI,FLA,1,5,25,44,0.492958,0.507042,0,1,0,0.166667,12,8,15,31,19,6,10,7,5,3
2024020827,2025-02-01,TD Garden,Boston,3,6,NYR,BOS,3,6,25,25,0.603774,0.396226,1,2,0.333333,0.666667,6,6,39,19,18,13,21,21,4,5
2024020828,2025-02-01,Canadian Tire Centre,Ottawa,30,9,MIN,OTT,0,6,16,52,0.293103,0.706897,0,3,0,0.375,31,12,26,19,15,15,19,6,2,3
2024020829,2025-02-01,Amalie Arena,Tampa,2,14,NYI,TBL,3,2,36,31,0.482143,0.517857,0,0,0,0,13,9,25,25,20,13,10,14,4,4
2024020830,2025-02-01,PPG Paints Arena,Pittsburgh,18,5,NSH,PIT,0,3,25,36,0.454545,0.545455,0,0,0,0,10,4,19,29,15,13,14,23,2,5
2024020831,2025-02-01,Capital One Arena,Washington,52,15,WPG,WSH,5,4,30,29,0.6,0.4,1,0,0.5,0,4,6,9,24,14,13,13,21,4,2
2024020832,2025-02-01,Lenovo Center,Raleigh,26,12,LAK,CAR,4,2,26,28,0.474576,0.525424,0,0,0,0,11,7,22,15,16,10,16,13,3,7
2024020833,2025-02-01,Rogers Place,Edmonton,10,22,TOR,EDM,4,3,28,48,0.529412,0.470588,2,0,1,0,6,6,17,17,24,7,11,12,7,2
2024020834,2025-02-01,Scotiabank Saddledome,Calgary,17,20,DET,CGY,3,1,25,34,0.516129,0.483871,0,1,0,0.5,4,0,17,24,23,13,15,10,6,3
2024020835,2025-02-02,KeyBank Center,Buffalo,1,7,NJD,BUF,3,4,24,34,0.386364,0.613636,0,0,0,0,21,10,35,25,12,20,9,16,4,3
2024020836,2025-02-02,Ball Arena,Denver,4,21,PHI,COL,0,2,24,32,0.37037,0.62963,0,1,0,0.5,4,2,22,15,18,12,14,11,3,2
2024020837,2025-02-02,Honda Center,Anaheim,8,24,MTL,ANA,2,3,23,22,0.617021,0.382979,1,0,0.25,0,13,13,11,23,20,14,9,3,5,5
2024020838,2025-02-02,Amerant Bank Arena,Sunrise,2,13,NYI,FLA,3,6,34,33,0.66129,0.33871,1,1,0.333333,0.5,6,8,12,28,16,12,14,18,6,9
2024020839,2025-02-02,Madison Square Garden,New York,54,3,VGK,NYR,2,4,36,28,0.433333,0.566667,1,2,1,1,11,9,22,38,11,15,13,25,8,2
2024020840,2025-02-02,American Airlines Center,Dallas,29,25,CBJ,DAL,3,5,30,39,0.421875,0.578125,0,1,0,0.333333,6,6,31,22,17,15,15,17,3,3
2024020841,2025-02-02,Delta Center,Salt Lake City,19,59,STL,UTA,2,1,29,25,0.625,0.375,0,0,0,0,13,11,23,12,8,9,19,12,8,2
2024020842,2025-02-02,Rogers Arena,Vancouver,17,23,DET,VAN,3,2,18,27,0.40678,0.59322,0,0,0,0,0,2,15,24,19,17,20,24,3,3
2024020843,2025-02-02,Climate Pledge Arena,Seattle,20,55,CGY,SEA,3,2,35,31,0.565217,0.434783,2,0,0.4,0,8,14,18,24,21,13,11,16,5,7
2024020844,2025-02-03,Bridgestone Arena,Nashville,9,18,OTT,NSH,5,2,39,27,0.527273,0.472727,1,1,0.2,0.5,6,12,20,31,11,8,18,12,4,4
2024020845,2025-02-04,TD Garden,Boston,30,6,MIN,BOS,0,3,36,35,0.5,0.5,0,0,0,0,6,8,15,14,15,14,16,12,2,9
2024020846,2025-02-04,KeyBank Center,Buffalo,29,7,CBJ,BUF,2,3,29,21,0.480769,0.519231,0,0,0,0,7,7,18,24,18,18,17,22,3,3
2024020847,2025-02-04,Amalie Arena,Tampa,9,14,OTT,TBL,3,4,28,38,0.62069,0.37931,1,1,0.5,0.25,8,4,13,17,16,10,10,5,3,5
2024020848,2025-02-04,PPG Paints Arena,Pittsburgh,1,5,NJD,PIT,3,2,21,27,0.37037,0.62963,0,0,0,0,10,10,21,19,10,21,16,19,5,7
2024020849,2025-02-04,Capital One Arena,Washington,13,15,FLA,WSH,3,6,33,26,0.528302,0.471698,0,0,0,0,8,4,46,17,14,19,11,9,2,1
2024020850,2025-02-04,UBS Arena,Elmont,54,2,VGK,NYI,1,2,34,14,0.509091,0.490909,0,0,0,0,2,2,21,26,13,11,15,19,2,8
2024020851,2025-02-04,Enterprise Center,St. Louis,22,19,EDM,STL,3,2,39,22,0.361702,0.638298,1,1,0.333333,1,2,6,13,28,13,14,18,16,6,6
2024020852,2025-02-04,Canada Life Centre,Winnipeg,12,52,CAR,WPG,0,3,29,30,0.645161,0.354839,0,2,0,0.5,8,4,13,24,10,22,16,14,15,5
2024020853,2025-02-04,Scotiabank Saddledome,Calgary,10,20,TOR,CGY,6,3,30,26,0.527778,0.472222,2,2,0.5,0.4,10,8,20,22,23,14,28,17,4,6
2024020854,2025-02-04,Delta Center,Salt Lake City,4,59,PHI,UTA,2,3,20,42,0.376812,0.623188,0,0,0,0,11,7,24,29,19,13,17,17,5,5
2024020855,2025-02-04,Rogers Arena,Vancouver,21,23,COL,VAN,0,3,25,31,0.534483,0.465517,0,1,0,0.166667,31,13,23,25,14,12,10,8,4,6
2024020856,2025-02-04,Honda Center,Anaheim,25,24,DAL,ANA,1,2,27,28,0.557377,0.442623,0,0,0,0,6,2,28,41,12,16,14,10,3,6
2024020857,2025-02-04,Climate Pledge Arena,Seattle,17,55,DET,SEA,5,4,40,27,0.586207,0.413793,2,0,0.5,0,2,8,15,27,15,14,12,11,3,3
2024020858,2025-02-04,SAP Center at San Jose,San Jose,8,28,MTL,SJS,4,3,20,30,0.586957,0.413043,2,2,0.5,0.5,8,8,29,17,21,23,13,15,5,2
2024020859,2025-02-05,Madison Square Garden,New York,6,3,BOS,NYR,2,3,17,22,0.446429,0.553571,0,0,0,0,6,6,17,32,9,22,23,14,4,2
2024020860,2025-02-05,United Center,Chicago,22,16,EDM,CHI,4,3,38,32,0.510204,0.489796,1,1,0.25,1,2,8,7,18,17,8,12,16,4,5
2024020861,2025-02-05,Crypto.com Arena,Los Angeles,8,26,MTL,LAK,3,6,21,37,0.571429,0.428571,0,0,0,0,4,6,22,11,17,12,11,12,5,1
2024020862,2025-02-06,Amalie Arena,Tampa,9,14,OTT,TBL,1,5,28,31,0.515625,0.484375,0,1,0,0.333333,6,6,24,16,18,18,16,11,5,4
2024020863,2025-02-06,Prudential Center,Newark,54,1,VGK,NJD,3,1,40,15,0.482143,0.517857,0,1,0,1,2,10,10,22,7,13,16,14,5,0
2024020864,2025-02-06,Wells Fargo Center,Philadelphia,15,4,WSH,PHI,4,3,18,22,0.425532,0.574468,0,1,0,0.5,4,4,9,25,13,10,14,17,2,4
2024020865,2025-02-06,Nationwide Arena,Columbus,59,29,UTA,CBJ,3,2,33,22,0.473684,0.526316,0,0,0,0,9,11,20,19,14,16,20,22,3,3
2024020866,2025-02-06,Enterprise Center,St. Louis,13,19,FLA,STL,3,2,34,22,0.523077,0.476923,1,1,1,0.5,9,7,29,26,8,9,14,25,7,8
2024020867,2025-02-06,Xcel Energy Center,St. Paul,12,30,CAR,MIN,1,2,38,24,0.592593,0.407407,0,0,0,0,6,4,8,19,11,23,15,7,5,2
2024020868,2025-02-06,Scotiabank Saddledome,Calgary,21,20,COL,CGY,4,2,34,29,0.5,0.5,1,1,0.333333,0.2,15,11,13,22,11,18,17,19,11,4
2024020869,2025-02-06,Climate Pledge Arena,Seattle,10,55,TOR,SEA,3,1,30,27,0.52459,0.47541,1,0,0.333333,0,15,11,14,15,19,11,14,15,1,4
2024020870,2025-02-06,SAP Center at San Jose,San Jose,23,28,VAN,SJS,2,1,24,34,0.428571,0.571429,1,0,0.25,0,4,8,18,26,11,24,14,14,4,2
2024020871,2025-02-07,Madison Square Garden,New York,5,3,PIT,NYR,3,2,26,24,0.454545,0.545455,1,0,0.333333,0,4,6,20,24,22,15,18,17,2,1
2024020872,2025-02-07,Canada Life Centre,Winnipeg,2,52,NYI,WPG,3,4,35,27,0.56,0.44,0,0,0,0,4,6,14,19,15,18,15,10,6,8
2024020873,2025-02-07,United Center,Chicago,18,16,NSH,CHI,2,6,33,30,0.541667,0.458333,0,2,0,0.666667,11,11,27,20,9,15,14,8,2,3
2024020874,2025-02-07,Rogers Place,Edmonton,21,22,COL,EDM,5,4,31,27,0.525424,0.474576,1,2,0.2,0.5,10,12,15,9,19,12,11,17,3,1
2024020875,2025-02-07,Crypto.com Arena,Los Angeles,25,26,DAL,LAK,4,5,30,37,0.559322,0.440678,0,0,0,0,9,9,19,13,22,20,19,11,4,7
2024020876,2025-02-08,Centre Bell,Montreal,1,8,NJD,MTL,4,0,22,34,0.389831,0.610169,0,0,0,0,4,4,20,26,14,12,18,12,6,4
2024020877,2025-02-08,Little Caesars Arena,Detroit,14,17,TBL,DET,6,3,18,37,0.559322,0.440678,0,1,0,0.5,4,10,28,32,19,10,16,14,3,9
2024020878,2025-02-08,Lenovo Center,Raleigh,59,12,UTA,CAR,3,7,39,38,0.42029,0.57971,2,1,0.4,0.5,4,10,21,16,10,14,18,20,2,3
2024020879,2025-02-08,TD Garden,Boston,54,6,VGK,BOS,4,3,38,24,0.442623,0.557377,2,0,0.5,0,9,15,6,21,13,17,20,15,3,8
2024020880,2025-02-08,Amerant Bank Arena,Sunrise,9,13,OTT,FLA,1,5,27,48,0.472727,0.527273,1,1,0.333333,0.2,10,6,21,30,14,8,11,12,3,4
2024020881,2025-02-08,Wells Fargo Center,Philadelphia,5,4,PIT,PHI,2,3,33,20,0.4,0.6,0,0,0,0,2,4,15,18,16,34,13,21,10,8
2024020882,2025-02-08,Nationwide Arena,Columbus,3,29,NYR,CBJ,4,3,40,25,0.6,0.4,0,0,0,0,2,2,24,18,17,16,18,18,5,1
2024020883,2025-02-08,Enterprise Center,St. Louis,16,19,CHI,STL,5,6,21,40,0.466667,0.533333,0,0,0,0,4,2,12,27,14,14,25,14,7,3
2024020884,2025-02-08,Rogers Arena,Vancouver,10,23,TOR,VAN,1,2,28,25,0.613636,0.386364,0,1,0,0.5,4,4,19,22,11,15,11,13,3,6
2024020885,2025-02-08,Bridgestone Arena,Nashville,7,18,BUF,NSH,4,6,29,23,0.440678,0.559322,1,1,0.5,0.5,6,6,22,33,14,26,19,16,6,2
2024020886,2025-02-08,Xcel Energy Center,St. Paul,2,30,NYI,MIN,3,6,35,33,0.592593,0.407407,0,1,0,0.5,4,4,17,13,21,12,14,13,3,3
2024020887,2025-02-08,Scotiabank Saddledome,Calgary,55,20,SEA,CGY,3,2,28,29,0.527273,0.472727,1,0,0.25,0,6,10,23,17,24,17,10,14,7,2
2024020888,2025-02-08,Crypto.com Arena,Los Angeles,24,26,ANA,LAK,2,1,26,45,0.403509,0.596491,0,0,0,0,6,4,18,14,15,21,16,14,5,4
2024020889,2025-02-08,SAP Center at San Jose,San Jose,25,28,DAL,SJS,8,3,34,27,0.55,0.45,1,0,0.5,0,4,4,10,27,19,14,12,20,2,2
2024020890,2025-02-09,Capital One Arena,Washington,59,15,UTA,WSH,5,4,27,42,0.413793,0.586207,1,2,1,1,4,2,13,13,13,13,17,12,2,2
2024020891,2025-02-09,Centre Bell,Montreal,14,8,TBL,MTL,5,3,21,35,0.442857,0.557143,1,1,1,0.5,6,4,26,29,25,16,15,19,7,11
2024020892,2025-02-22,Wells Fargo Center,Philadelphia,22,4,EDM,PHI,3,6,18,32,0.465116,0.534884,0,1,0,0.5,4,2,18,18,7,12,19,16,10,4
2024020893,2025-02-22,PPG Paints Arena,Pittsburgh,15,5,WSH,PIT,8,3,30,32,0.421053,0.578947,1,1,0.25,0.5,6,10,21,15,23,17,13,9,4,2
2024020894,2025-02-22,Little Caesars Arena,Detroit,30,17,MIN,DET,4,3,39,30,0.4,0.6,1,2,0.333333,0.4,14,10,21,22,13,18,16,17,3,4
2024020895,2025-02-22,KeyBank Center,Buffalo,3,7,NYR,BUF,2,8,28,33,0.491525,0.508475,1,1,0.25,0.333333,6,8,28,29,11,19,12,14,8,4
2024020896,2025-02-22,Amerant Bank Arena,Sunrise,55,13,SEA,FLA,2,1,22,27,0.583333,0.416667,1,0,1,0,2,2,16,27,14,7,16,11,5,7
2024020897,2025-02-22,Prudential Center,Newark,25,1,DAL,NJD,4,2,26,33,0.467742,0.532258,1,1,0.333333,0.25,8,6,13,30,21,13,16,11,2,3
2024020898,2025-02-22,Bridgestone Arena,Nashville,21,18,COL,NSH,1,2,32,17,0.469388,0.530612,0,0,0,0,4,2,24,15,10,21,20,12,7,9
2024020899,2025-02-22,TD Garden,Boston,24,6,ANA,BOS,3,2,29,30,0.314815,0.685185,0,1,0,0.25,10,4,16,25,19,12,16,19,5,4
2024020900,2025-02-22,Scotiabank Arena,Toronto,12,10,CAR,TOR,3,6,35,23,0.41791,0.58209,0,0,0,0,6,6,23,24,4,21,17,12,6,6
2024020901,2025-02-22,Canadian Tire Centre,Ottawa,8,9,MTL,OTT,5,2,25,27,0.333333,0.666667,1,1,0.5,0.333333,13,11,39,40,11,17,12,12,5,5
2024020902,2025-02-22,Nationwide Arena,Columbus,16,29,CHI,CBJ,1,5,28,21,0.363636,0.636364,1,1,0.25,1,7,13,14,39,8,13,18,13,6,6
2024020903,2025-02-22,Enterprise Center,St. Louis,52,19,WPG,STL,4,3,28,24,0.326531,0.673469,0,1,0,0.25,10,6,24,34,14,13,17,17,2,4
2024020904,2025-02-22,Crypto.com Arena,Los Angeles,59,26,UTA,LAK,3,5,28,26,0.578125,0.421875,2,1,1,0.5,4,4,20,24,20,23,23,13,3,1
2024020905,2025-02-22,T-Mobile Arena,Paradise,23,54,VAN,VGK,1,3,34,35,0.5,0.5,0,0,0,0,10,8,34,10,17,19,12,16,5,3
2024020906,2025-02-23,Capital One Arena,Washington,22,15,EDM,WSH,3,7,25,35,0.44898,0.55102,1,2,0.333333,1,4,6,16,15,14,9,10,15,9,4
2024020907,2025-02-23,PPG Paints Arena,Pittsburgh,3,5,NYR,PIT,5,3,16,40,0.428571,0.571429,1,0,1,0,6,2,29,11,18,13,16,18,3,9
2024020908,2025-02-23,Little Caesars Arena,Detroit,24,17,ANA,DET,4,5,28,36,0.461538,0.538462,0,3,0,0.75,12,6,37,28,12,12,16,18,4,3
2024020909,2025-02-23,Amalie Arena,Tampa,55,14,SEA,TBL,1,4,37,24,0.433962,0.566038,0,0,0,0,0,2,25,29,8,12,12,13,6,8
2024020910,2025-02-23,Enterprise Center,St. Louis,21,19,COL,STL,1,3,29,25,0.468085,0.531915,0,0,0,0,7,9,18,20,11,15,7,12,6,4
2024020911,2025-02-23,Bridgestone Arena,Nashville,1,18,NJD,NSH,5,0,36,29,0.405797,0.594203,1,0,1,0,8,2,39,21,25,6,18,11,6,3
2024020912,2025-02-23,United Center,Chicago,10,16,TOR,CHI,5,2,30,27,0.607843,0.392157,1,1,0.333333,1,2,6,19,16,18,15,14,11,6,3
2024020913,2025-02-23,UBS Arena,Elmont,25,2,DAL,NYI,4,3,29,37,0.507692,0.492308,2,0,0.5,0,21,22,10,28,12,16,19,10,7,9
2024020914,2025-02-23,Scotiabank Saddledome,Calgary,28,20,SJS,CGY,2,3,29,36,0.569231,0.430769,0,1,0,0.166667,24,8,22,23,23,20,12,18,5,4
2024020915,2025-02-23,Delta Center,Salt Lake City,23,59,VAN,UTA,1,2,16,32,0.535714,0.464286,1,1,0.25,0.25,10,10,25,19,12,20,15,19,0,3
2024020916,2025-02-24,Canada Life Centre,Winnipeg,28,52,SJS,WPG,1,2,18,35,0.482759,0.517241,1,0,0.333333,0,6,8,22,19,21,9,7,7,3,3
2024020917,2025-02-24,Crypto.com Arena,Los Angeles,54,26,VGK,LAK,2,5,23,19,0.490566,0.509434,0,1,0,0.333333,8,6,23,17,15,19,12,10,3,3
2024020918,2025-02-25,TD Garden,Boston,10,6,TOR,BOS,5,4,29,36,0.517241,0.482759,1,2,0.25,0.333333,12,8,30,20,11,13,19,22,9,5
2024020919,2025-02-25,KeyBank Center,Buffalo,24,7,ANA,BUF,2,3,18,37,0.432836,0.567164,2,0,0.5,0,15,17,26,33,18,11,15,12,2,3
2024020920,2025-02-25,Centre Bell,Montreal,12,8,CAR,MTL,0,4,20,18,0.590909,0.409091,0,2,0,0.4,10,6,21,27,11,21,15,21,5,3
2024020921,2025-02-25,Amalie Arena,Tampa,22,14,EDM,TBL,1,4,24,36,0.423077,0.576923,1,1,1,0.333333,6,2,30,25,16,9,18,11,10,3
2024020922,2025-02-25,Wells Fargo Center,Philadelphia,5,4,PIT,PHI,1,6,24,38,0.545455,0.454545,0,0,0,0,6,4,19,14,9,15,20,14,4,4
2024020923,2025-02-25,Capital One Arena,Washington,20,15,CGY,WSH,3,1,25,27,0.447761,0.552239,0,1,0,0.333333,8,6,27,20,29,15,14,18,3,2
2024020924,2025-02-25,Nationwide Arena,Columbus,25,29,DAL,CBJ,4,6,22,29,0.528302,0.471698,0,0,0,0,4,6,10,21,13,24,16,15,3,3
2024020925,2025-02-25,UBS Arena,Elmont,3,2,NYR,NYI,5,1,18,37,0.5,0.5,0,0,0,0,2,2,47,33,19,12,14,8,7,0
2024020926,2025-02-25,Enterprise Center,St. Louis,55,19,SEA,STL,2,7,27,27,0.339623,0.660377,0,1,0,0.5,4,4,18,18,11,11,12,20,5,6
2024020927,2025-02-25,Bridgestone Arena,Nashville,13,18,FLA,NSH,4,1,25,18,0.517241,0.482759,1,0,0.2,0,16,22,14,19,8,21,21,21,8,3
2024020928,2025-02-25,Xcel Energy Center,St. Paul,17,30,DET,MIN,3,2,16,24,0.560976,0.439024,0,1,0,0.5,6,4,25,21,16,13,18,16,2,2
2024020929,2025-02-25,Delta Center,Salt Lake City,16,59,CHI,UTA,1,2,22,37,0.384615,0.615385,1,0,0.5,0,12,6,28,24,19,9,19,17,1,5
2024020930,2025-02-26,Canadian Tire Centre,Ottawa,52,9,WPG,OTT,4,1,39,24,0.4,0.6,0,0,0,0,11,15,19,29,14,14,4,8,0,1
2024020931,2025-02-26,Ball Arena,Denver,1,21,NJD,COL,1,5,23,37,0.485714,0.514286,0,2,0,0.5,8,4,22,16,12,15,19,22,3,5
2024020932,2025-02-26,Crypto.com Arena,Los Angeles,23,26,VAN,LAK,3,2,17,26,0.490566,0.509434,1,0,0.5,0,8,4,28,27,17,10,23,17,8,2
2024020933,2025-02-27,TD Garden,Boston,2,6,NYI,BOS,2,1,20,39,0.517857,0.482143,0,0,0,0,6,4,20,33,25,18,23,14,6,2
2024020934,2025-02-27,Centre Bell,Montreal,28,8,SJS,MTL,3,4,26,33,0.435484,0.564516,0,0,0,0,9,5,33,39,21,20,23,21,6,5
2024020935,2025-02-27,Little Caesars Arena,Detroit,29,17,CBJ,DET,5,2,30,31,0.483333,0.516667,0,1,0,0.333333,6,4,16,14,10,9,15,13,2,4
2024020936,2025-02-27,Amalie Arena,Tampa,20,14,CGY,TBL,0,3,28,22,0.54386,0.45614,0,1,0,0.333333,8,18,27,14,17,13,17,22,3,2
2024020937,2025-02-27,Amerant Bank Arena,Sunrise,22,13,EDM,FLA,3,4,27,36,0.454545,0.545455,0,0,0,0,17,9,15,26,21,17,10,11,3,5
2024020938,2025-02-27,PPG Paints Arena,Pittsburgh,4,5,PHI,PIT,4,5,37,25,0.428571,0.571429,1,0,0.5,0,2,4,20,36,15,10,20,21,10,3
2024020939,2025-02-27,Capital One Arena,Washington,19,15,STL,WSH,5,2,19,18,0.660377,0.339623,0,0,0,0,4,2,20,18,17,10,8,12,3,4
2024020940,2025-02-27,Lenovo Center,Raleigh,7,12,BUF,CAR,2,5,15,37,0.469697,0.530303,1,1,0.333333,0.5,9,11,20,19,18,8,18,17,5,6
2024020941,2025-02-27,Bridgestone Arena,Nashville,52,18,WPG,NSH,1,2,23,31,0.522388,0.477612,0,1,0,0.333333,6,8,24,26,10,17,11,14,5,3
2024020942,2025-02-27,Delta Center,Salt Lake City,30,59,MIN,UTA,1,6,16,31,0.509434,0.490566,0,2,0,0.5,13,9,31,21,21,11,14,10,4,6
2024020943,2025-02-27,T-Mobile Arena,Paradise,16,54,CHI,VGK,5,7,22,33,0.419355,0.580645,0,2,0,0.666667,6,0,20,17,16,14,18,19,1,3
2024020944,2025-02-27,Honda Center,Anaheim,23,24,VAN,ANA,2,5,24,25,0.44898,0.55102,0,0,0,0,6,6,19,15,17,13,14,16,1,2
2024020945,2025-02-28,Madison Square Garden,New York,10,3,TOR,NYR,3,2,16,35,0.377049,0.622951,1,0,0.25,0,6,8,21,21,25,9,25,17,4,4
2024020946,2025-02-28,American Airlines Center,Dallas,26,25,LAK,DAL,2,6,31,31,0.586207,0.413793,0,2,0,0.666667,6,8,28,15,15,16,22,9,10,3
2024020947,2025-02-28,Ball Arena,Denver,30,21,MIN,COL,2,5,20,30,0.415094,0.584906,1,2,0.333333,0.666667,6,6,14,15,23,19,29,24,7,4
2024020948,2025-03-01,Ohio Stadium,Columbus,17,29,DET,CBJ,3,5,46,21,0.491228,0.508772,1,1,0.5,1,2,4,31,25,14,22,17,20,5,7
2024020949,2025-03-01,UBS Arena,Elmont,18,2,NSH,NYI,4,7,29,35,0.431034,0.568966,0,1,0,0.25,8,6,10,18,14,7,10,9,4,3
2024020950,2025-03-01,Capital One Arena,Washington,14,15,TBL,WSH,3,1,19,21,0.377778,0.622222,1,0,0.333333,0,8,8,11,14,19,7,11,16,4,5
2024020951,2025-03-01,Amerant Bank Arena,Sunrise,20,13,CGY,FLA,0,3,23,42,0.484375,0.515625,0,0,0,0,14,12,29,17,21,8,12,18,3,2
2024020952,2025-03-01,PPG Paints Arena,Pittsburgh,6,5,BOS,PIT,3,2,26,33,0.372881,0.627119,1,1,0.5,0.142857,16,6,18,27,21,7,16,28,3,2
2024020953,2025-03-01,KeyBank Center,Buffalo,8,7,MTL,BUF,4,2,29,25,0.58209,0.41791,1,0,0.25,0,10,24,27,28,28,17,20,27,6,5
2024020954,2025-03-01,Canadian Tire Centre,Ottawa,28,9,SJS,OTT,3,5,37,32,0.59322,0.40678,3,1,0.75,0.25,10,10,21,20,17,16,12,13,3,6
2024020955,2025-03-01,Lenovo Center,Raleigh,22,12,EDM,CAR,3,1,31,36,0.508772,0.491228,1,1,0.5,0.25,8,4,12,14,15,14,24,20,4,7
2024020956,2025-03-01,Canada Life Centre,Winnipeg,4,52,PHI,WPG,2,1,32,30,0.461538,0.538462,0,0,0,0,9,7,28,29,22,12,20,18,2,10
2024020957,2025-03-01,Enterprise Center,St. Louis,26,19,LAK,STL,1,4,26,34,0.508772,0.491228,1,0,1,0,6,4,25,34,10,20,13,16,1,6
2024020958,2025-03-01,Delta Center,Salt Lake City,1,59,NJD,UTA,3,1,29,25,0.545455,0.454545,0,0,0,0,9,9,18,18,12,20,10,16,3,1
2024020959,2025-03-01,Honda Center,Anaheim,16,24,CHI,ANA,6,3,24,31,0.396226,0.603774,2,0,0.5,0,10,14,12,27,16,10,15,16,8,1
2024020960,2025-03-01,Climate Pledge Arena,Seattle,23,55,VAN,SEA,3,6,31,24,0.440678,0.559322,0,0,0,0,4,4,29,24,20,12,12,13,2,2
2024020961,2025-03-02,PPG Paints Arena,Pittsburgh,10,5,TOR,PIT,6,5,33,34,0.559322,0.440678,0,1,0,0.5,4,2,23,13,19,13,17,21,1,7
2024020962,2025-03-02,Xcel Energy Center,St. Paul,6,30,BOS,MIN,0,1,28,22,0.5,0.5,0,0,0,0,9,9,27,22,13,7,17,21,5,2
2024020963,2025-03-02,Lenovo Center,Raleigh,20,12,CGY,CAR,1,2,16,33,0.491228,0.508772,1,0,0.25,0,17,13,25,12,23,13,17,13,4,4
2024020964,2025-03-02,American Airlines Center,Dallas,19,25,STL,DAL,3,6,42,21,0.434783,0.565217,1,4,0.333333,1,8,6,21,11,8,14,23,22,9,2
2024020965,2025-03-02,Madison Square Garden,New York,18,3,NSH,NYR,0,4,34,34,0.696429,0.303571,0,1,0,0.2,27,11,20,33,14,20,15,13,7,9
2024020966,2025-03-02,T-Mobile Arena,Paradise,1,54,NJD,VGK,0,2,25,24,0.509804,0.490196,0,2,0,0.5,8,2,23,20,12,10,18,12,2,5
2024020967,2025-03-03,Capital One Arena,Washington,9,15,OTT,WSH,4,5,37,41,0.571429,0.428571,2,1,0.285714,0.25,13,19,21,10,14,27,15,21,3,5
2024020968,2025-03-03,Centre Bell,Montreal,7,8,BUF,MTL,3,4,36,20,0.403226,0.596774,0,2,0,0.4,12,10,37,20,10,24,12,14,4,5
2024020969,2025-03-03,Amerant Bank Arena,Sunrise,14,13,TBL,FLA,1,2,29,29,0.483333,0.516667,0,1,0,0.333333,6,14,12,38,12,13,9,16,3,4
2024020970,2025-03-03,Madison Square Garden,New York,2,3,NYI,NYR,0,4,21,27,0.48,0.52,0,0,0,0,4,6,17,24,12,22,9,4,3,7
2024020971,2025-03-03,Scotiabank Arena,Toronto,28,10,SJS,TOR,3,2,22,27,0.306452,0.693548,0,2,0,0.4,15,9,31,22,31,10,11,22,3,7
2024020972,2025-03-03,United Center,Chicago,26,16,LAK,CHI,1,5,42,19,0.58,0.42,0,0,0,0,4,2,13,11,12,19,12,11,8,5
2024020973,2025-03-04,TD Garden,Boston,18,6,NSH,BOS,6,3,30,21,0.45283,0.54717,0,0,0,0,4,0,16,36,14,17,15,20,6,2
2024020974,2025-03-04,KeyBank Center,Buffalo,28,7,SJS,BUF,6,2,28,22,0.484375,0.515625,0,1,0,0.5,6,6,24,29,21,14,16,14,9,3
2024020975,2025-03-04,Little Caesars Arena,Detroit,12,17,CAR,DET,2,1,30,25,0.604167,0.395833,0,0,0,0,6,4,23,33,11,20,14,19,3,3
2024020976,2025-03-04,Amalie Arena,Tampa,29,14,CBJ,TBL,2,6,33,40,0.469697,0.530303,0,1,0,0.333333,18,6,19,10,18,22,20,17,2,6
2024020977,2025-03-04,Wells Fargo Center,Philadelphia,20,4,CGY,PHI,6,3,34,29,0.483871,0.516129,1,0,0.5,0,8,4,20,11,19,15,14,18,5,7
2024020978,2025-03-04,UBS Arena,Elmont,52,2,WPG,NYI,2,3,28,29,0.508772,0.491228,2,1,0.666667,0.5,9,11,16,34,8,26,13,9,8,4
2024020979,2025-03-04,American Airlines Center,Dallas,1,25,NJD,DAL,3,4,28,21,0.435484,0.564516,2,1,1,0.2,10,4,37,12,12,7,19,23,3,4
2024020980,2025-03-04,Ball Arena,Denver,5,21,PIT,COL,1,4,33,25,0.566038,0.433962,0,1,0,1,2,4,8,12,10,15,15,16,6,5
2024020981,2025-03-04,Rogers Place,Edmonton,24,22,ANA,EDM,6,2,27,35,0.438596,0.561404,0,2,0,1,6,6,21,28,15,11,14,9,4,7
2024020982,2025-03-04,Climate Pledge Arena,Seattle,30,55,MIN,SEA,4,3,20,36,0.380952,0.619048,1,1,1,0.5,4,2,15,17,21,9,16,9,5,7
2024020983,2025-03-05,Madison Square Garden,New York,15,3,WSH,NYR,3,2,26,17,0.423729,0.576271,1,0,0.25,0,18,18,22,36,19,14,14,4,3,3
2024020984,2025-03-05,United Center,Chicago,9,16,OTT,CHI,4,3,26,20,0.577778,0.422222,0,1,0,1,2,2,17,19,13,10,18,7,6,1
2024020985,2025-03-05,T-Mobile Arena,Paradise,10,54,TOR,VGK,2,5,31,25,0.630769,0.369231,1,1,0.333333,0.333333,15,15,39,26,14,14,11,18,1,2
2024020986,2025-03-05,Rogers Arena,Vancouver,24,23,ANA,VAN,2,3,16,36,0.293103,0.706897,0,1,0,0.2,21,15,20,26,12,15,11,18,1,4
2024020987,2025-03-05,Crypto.com Arena,Los Angeles,19,26,STL,LAK,3,2,30,23,0.519231,0.480769,1,0,0.25,0,4,8,20,22,19,17,10,25,1,1
2024020988,2025-03-06,Little Caesars Arena,Detroit,59,17,UTA,DET,4,2,19,40,0.612245,0.387755,1,0,0.333333,0,6,6,19,13,13,15,19,13,6,3
2024020989,2025-03-06,Amalie Arena,Tampa,7,14,BUF,TBL,5,6,33,26,0.454545,0.545455,1,1,0.25,0.333333,8,10,23,19,10,12,14,13,6,1
2024020990,2025-03-06,Amerant Bank Arena,Sunrise,29,13,CBJ,FLA,0,3,16,36,0.590164,0.409836,0,2,0,0.4,20,18,24,29,15,8,7,12,2,7
2024020991,2025-03-06,Wells Fargo Center,Philadelphia,52,4,WPG,PHI,4,1,27,22,0.510638,0.489362,2,0,1,0,2,4,6,29,22,11,15,22,5,10
2024020992,2025-03-06,Lenovo Center,Raleigh,6,12,BOS,CAR,2,3,34,23,0.607143,0.392857,0,0,0,0,6,4,25,13,12,13,10,17,2,6
2024020993,2025-03-06,Bridgestone Arena,Nashville,55,18,SEA,NSH,3,5,25,34,0.38,0.62,1,0,0.333333,0,2,6,24,26,16,22,21,12,6,4
2024020994,2025-03-06,American Airlines Center,Dallas,20,25,CGY,DAL,2,3,28,27,0.466667,0.533333,0,0,0,0,2,4,21,15,27,14,19,22,5,7
2024020995,2025-03-06,Rogers Place,Edmonton,8,22,MTL,EDM,2,3,27,32,0.54,0.46,0,1,0,0.333333,6,4,29,21,24,14,13,10,2,12
2024020996,2025-03-06,Ball Arena,Denver,28,21,SJS,COL,3,7,34,32,0.455882,0.544118,2,3,0.4,0.75,8,10,20,11,13,9,17,14,3,5
2024020997,2025-03-07,Prudential Center,Newark,52,1,WPG,NJD,6,1,35,23,0.45098,0.54902,1,0,0.5,0,4,4,23,32,19,8,9,14,3,1
2024020998,2025-03-07,Capital One Arena,Washington,17,15,DET,WSH,2,5,19,28,0.472727,0.527273,1,0,0.333333,0,7,11,12,16,14,13,17,14,1,2
2024020999,2025-03-07,United Center,Chicago,59,16,UTA,CHI,3,4,39,25,0.555556,0.444444,1,0,0.5,0,12,14,12,20,11,11,14,12,3,9
2024021000,2025-03-07,Rogers Arena,Vancouver,30,23,MIN,VAN,1,3,38,20,0.625,0.375,1,1,0.5,0.333333,11,9,31,29,16,21,16,11,8,4
2024021001,2025-03-07,T-Mobile Arena,Paradise,5,54,PIT,VGK,0,4,22,27,0.55814,0.44186,0,0,0,0,6,0,26,15,9,13,20,17,1,0
2024021002,2025-03-07,Honda Center,Anaheim,19,24,STL,ANA,4,3,22,24,0.553191,0.446809,0,1,0,0.25,8,2,17,29,23,13,17,14,1,7
2024021003,2025-03-08,Canadian Tire Centre,Ottawa,3,9,NYR,OTT,3,4,23,37,0.490566,0.509434,0,0,0,0,10,4,27,40,21,11,14,10,4,5
2024021004,2025-03-08,Wells Fargo Center,Philadelphia,55,4,SEA,PHI,4,1,32,24,0.531915,0.468085,0,0,0,0,10,6,13,21,15,18,13,16,3,3
2024021005,2025-03-08,Amalie Arena,Tampa,6,14,BOS,TBL,4,0,25,25,0.465517,0.534483,0,0,0,0,9,7,35,21,23,20,13,16,3,1
2024021006,2025-03-08,Amerant Bank Arena,Sunrise,7,13,BUF,FLA,0,4,21,36,0.444444,0.555556,0,0,0,0,7,9,19,29,17,5,10,10,3,3
2024021007,2025-03-08,Ball Arena,Denver,10,21,TOR,COL,4,7,21,34,0.642857,0.357143,1,1,1,0.333333,8,4,23,23,14,10,23,10,3,3
2024021008,2025-03-08,Scotiabank Saddledome,Calgary,8,20,MTL,CGY,0,1,26,24,0.684211,0.315789,0,0,0,0,2,4,25,18,16,9,17,24,7,9
2024021009,2025-03-08,Bridgestone Arena,Nashville,16,18,CHI,NSH,2,3,19,41,0.377049,0.622951,0,1,0,0.25,13,11,21,24,13,9,18,12,8,4
2024021010,2025-03-08,Crypto.com Arena,Los Angeles,19,26,STL,LAK,1,2,20,23,0.482759,0.517241,0,0,0,0,4,4,35,36,23,16,12,23,6,6
2024021011,2025-03-08,Rogers Place,Edmonton,25,22,DAL,EDM,4,5,25,27,0.528302,0.471698,2,0,0.666667,0,0,6,12,22,18,19,18,21,2,3
2024021012,2025-03-08,SAP Center at San Jose,San Jose,2,28,NYI,SJS,4,2,28,40,0.52459,0.47541,2,2,0.5,0.5,8,8,14,26,14,17,21,16,1,3
2024021013,2025-03-09,Wells Fargo Center,Philadelphia,1,4,NJD,PHI,3,1,23,24,0.568182,0.431818,1,0,1,0,2,2,21,28,14,15,25,13,6,4
2024021014,2025-03-09,Capital One Arena,Washington,55,15,SEA,WSH,2,4,32,24,0.440678,0.559322,0,0,0,0,22,28,18,19,9,21,19,15,7,4
2024021015,2025-03-09,Xcel Energy Center,St. Paul,5,30,PIT,MIN,3,1,22,30,0.522727,0.477273,1,1,0.5,0.166667,12,4,17,20,24,20,18,13,8,4
2024021016,2025-03-09,Lenovo Center,Raleigh,52,12,WPG,CAR,2,4,22,27,0.551724,0.448276,0,1,0,0.166667,24,8,17,11,18,15,18,10,0,3
2024021017,2025-03-09,Madison Square Garden,New York,29,3,CBJ,NYR,7,3,28,35,0.339623,0.660377,0,0,0,0,15,19,7,16,18,10,11,13,1,3
2024021018,2025-03-09,T-Mobile Arena,Paradise,26,54,LAK,VGK,6,5,35,32,0.387097,0.612903,1,1,1,1,7,7,29,17,17,18,23,21,3,2
2024021019,2025-03-09,Rogers Arena,Vancouver,25,23,DAL,VAN,4,1,19,23,0.423077,0.576923,0,0,0,0,6,10,12,36,15,12,22,6,7,6
2024021020,2025-03-09,Honda Center,Anaheim,2,24,NYI,ANA,1,4,32,28,0.419355,0.580645,0,1,0,0.5,4,6,22,24,17,18,13,21,2,3
2024021021,2025-03-10,KeyBank Center,Buffalo,22,7,EDM,BUF,2,3,34,23,0.559322,0.440678,1,0,0.25,0,4,8,23,13,10,12,20,19,6,4
2024021022,2025-03-10,Canadian Tire Centre,Ottawa,17,9,DET,OTT,1,2,49,23,0.372881,0.627119,0,2,0,0.5,10,8,31,43,21,12,19,11,3,6
2024021023,2025-03-10,Ball Arena,Denver,16,21,CHI,COL,0,3,20,21,0.45283,0.54717,0,0,0,0,6,8,18,26,15,9,16,10,6,8
2024021024,2025-03-10,Delta Center,Salt Lake City,10,59,TOR,UTA,4,3,26,33,0.523077,0.476923,2,1,0.4,0.2,15,15,21,22,23,11,23,20,9,4
2024021025,2025-03-11,TD Garden,Boston,13,6,FLA,BOS,2,3,28,24,0.430556,0.569444,1,1,0.333333,0.25,15,13,40,35,14,13,14,13,6,5
2024021026,2025-03-11,Prudential Center,Newark,29,1,CBJ,NJD,3,5,20,28,0.54,0.46,0,1,0,0.2,10,6,27,16,14,13,10,11,2,2
2024021027,2025-03-11,Wells Fargo Center,Philadelphia,9,4,OTT,PHI,5,2,24,22,0.517857,0.482143,0,0,0,0,4,4,29,24,22,11,16,19,4,1
2024021028,2025-03-11,PPG Paints Arena,Pittsburgh,54,5,VGK,PIT,2,3,37,17,0.525424,0.474576,1,1,1,0.25,8,2,10,16,9,22,12,16,10,4
2024021029,2025-03-11,Lenovo Center,Raleigh,14,12,TBL,CAR,1,4,24,31,0.584906,0.415094,0,0,0,0,12,4,25,16,17,16,13,17,4,1
2024021030,2025-03-11,Xcel Energy Center,St. Paul,21,30,COL,MIN,1,2,28,23,0.535714,0.464286,0,0,0,0,2,4,11,16,16,22,21,27,3,4
2024021031,2025-03-11,Canada Life Centre,Winnipeg,3,52,NYR,WPG,1,2,22,24,0.526316,0.473684,1,1,0.333333,0.25,10,8,29,24,10,21,13,11,2,4
2024021032,2025-03-11,Rogers Arena,Vancouver,8,23,MTL,VAN,4,2,27,31,0.444444,0.555556,0,1,0,0.333333,6,2,31,23,17,21,16,15,5,2
2024021033,2025-03-11,Honda Center,Anaheim,15,24,WSH,ANA,7,4,43,29,0.5,0.5,0,0,0,0,4,2,9,22,17,18,12,13,3,1
2024021034,2025-03-11,Crypto.com Arena,Los Angeles,2,26,NYI,LAK,1,4,34,32,0.703704,0.296296,0,0,0,0,2,16,25,19,11,20,17,19,3,1
2024021035,2025-03-11,SAP Center at San Jose,San Jose,18,28,NSH,SJS,3,2,19,27,0.577778,0.422222,2,0,0.4,0,14,20,23,15,12,13,13,10,9,7
2024021036,2025-03-12,Little Caesars Arena,Detroit,7,17,BUF,DET,3,7,26,29,0.580645,0.419355,1,3,0.333333,0.5,83,67,16,17,10,20,9,13,3,6
2024021037,2025-03-12,Scotiabank Saddledome,Calgary,23,20,VAN,CGY,4,3,31,23,0.442623,0.557377,1,1,0.25,0.333333,6,8,18,29,24,11,14,12,2,4
2024021038,2025-03-12,Delta Center,Salt Lake City,24,59,ANA,UTA,2,3,21,39,0.4375,0.5625,1,1,0.5,0.333333,6,4,24,20,18,20,22,12,2,4
2024021039,2025-03-12,Climate Pledge Arena,Seattle,8,55,MTL,SEA,4,5,25,35,0.528302,0.471698,1,2,0.5,0.666667,8,6,23,17,17,9,12,11,2,3
2024021040,2025-03-13,Scotiabank Arena,Toronto,13,10,FLA,TOR,3,2,25,25,0.508772,0.491228,2,0,0.666667,0,11,11,40,24,12,14,18,8,2,4
2024021041,2025-03-13,Canadian Tire Centre,Ottawa,6,9,BOS,OTT,3,6,25,32,0.467742,0.532258,0,1,0,0.5,6,4,34,23,11,15,17,8,7,5
2024021042,2025-03-13,Prudential Center,Newark,22,1,EDM,NJD,2,3,33,22,0.509091,0.490909,0,0,0,0,6,2,20,13,16,11,16,14,4,3
2024021043,2025-03-13,Wells Fargo Center,Philadelphia,14,4,TBL,PHI,3,4,20,29,0.5,0.5,1,0,0.333333,0,4,6,19,19,11,16,15,20,11,8
2024021044,2025-03-13,PPG Paints Arena,Pittsburgh,19,5,STL,PIT,3,5,35,22,0.410714,0.589286,2,0,1,0,0,4,21,26,9,24,17,21,9,6
2024021045,2025-03-13,Nationwide Arena,Columbus,54,29,VGK,CBJ,4,0,29,27,0.404762,0.595238,1,0,0.333333,0,6,6,11,31,21,7,7,22,5,3
2024021046,2025-03-13,Xcel Energy Center,St. Paul,3,30,NYR,MIN,3,2,31,28,0.57377,0.42623,0,2,0,0.5,8,6,34,20,12,14,21,13,3,3
2024021047,2025-03-13,Crypto.com Arena,Los Angeles,15,26,WSH,LAK,0,3,21,27,0.482143,0.517857,0,1,0,0.25,10,12,21,21,10,10,10,7,4,2
2024021048,2025-03-13,SAP Center at San Jose,San Jose,16,28,CHI,SJS,2,4,26,25,0.518519,0.481481,0,1,0,0.5,19,7,24,21,10,16,18,17,5,2
2024021049,2025-03-14,Lenovo Center,Raleigh,17,12,DET,CAR,2,4,26,32,0.338983,0.661017,0,0,0,0,4,4,22,5,27,15,17,17,5,5
2024021050,2025-03-14,UBS Arena,Elmont,22,2,EDM,NYI,2,1,35,25,0.347826,0.652174,0,0,0,0,8,6,10,21,10,22,19,17,5,5
2024021051,2025-03-14,Canada Life Centre,Winnipeg,25,52,DAL,WPG,1,4,25,22,0.517857,0.482143,0,0,0,0,2,2,17,35,10,17,17,21,3,7
2024021052,2025-03-14,Scotiabank Saddledome,Calgary,21,20,COL,CGY,4,2,28,24,0.553571,0.446429,0,1,0,0.5,4,2,19,32,17,16,23,26,5,3
2024021053,2025-03-14,Honda Center,Anaheim,18,24,NSH,ANA,1,2,29,15,0.541667,0.458333,1,0,0.333333,0,4,6,11,22,8,23,15,12,4,4
2024021054,2025-03-14,Climate Pledge Arena,Seattle,59,55,UTA,SEA,2,4,25,23,0.6,0.4,0,0,0,0,6,4,18,32,11,12,23,17,7,6
2024021055,2025-03-15,KeyBank Center,Buffalo,54,7,VGK,BUF,3,4,19,37,0.283582,0.716418,0,1,0,0.5,14,22,22,36,14,13,19,23,6,4
2024021056,2025-03-15,PPG Paints Arena,Pittsburgh,1,5,NJD,PIT,3,7,27,24,0.45,0.55,2,1,0.333333,0.333333,6,12,23,22,8,16,20,23,2,4
2024021057,2025-03-15,SAP Center at San Jose,San Jose,15,28,WSH,SJS,5,1,28,20,0.530612,0.469388,0,0,0,0,16,16,13,22,4,15,14,17,2,5
2024021058,2025-03-15,TD Garden,Boston,14,6,TBL,BOS,6,2,40,12,0.563636,0.436364,0,0,0,0,2,4,19,36,11,19,12,13,3,7
2024021059,2025-03-15,Scotiabank Arena,Toronto,9,10,OTT,TOR,4,2,25,23,0.465517,0.534483,1,0,1,0,7,7,24,40,18,13,16,15,7,5
2024021060,2025-03-15,Centre Bell,Montreal,13,8,FLA,MTL,1,3,22,15,0.553571,0.446429,0,1,0,0.333333,6,4,35,21,14,24,25,9,5,3
2024021061,2025-03-15,Wells Fargo Center,Philadelphia,12,4,CAR,PHI,5,0,30,26,0.521739,0.478261,1,0,0.25,0,4,8,9,26,15,31,15,21,3,5
2024021062,2025-03-15,Nationwide Arena,Columbus,3,29,NYR,CBJ,4,0,21,21,0.585366,0.414634,0,0,0,0,6,2,21,24,17,13,11,22,2,3
2024021063,2025-03-15,Xcel Energy Center,St. Paul,19,30,STL,MIN,5,1,28,18,0.607843,0.392157,0,0,0,0,2,4,17,19,19,19,20,14,1,5
2024021064,2025-03-15,Crypto.com Arena,Los Angeles,18,26,NSH,LAK,0,1,24,21,0.454545,0.545455,0,0,0,0,6,4,26,18,21,9,13,17,8,5
2024021065,2025-03-15,Rogers Arena,Vancouver,16,23,CHI,VAN,2,6,19,15,0.604651,0.395349,0,0,0,0,26,28,25,29,19,18,12,16,3,4
2024021066,2025-03-16,Little Caesars Arena,Detroit,54,17,VGK,DET,0,3,18,27,0.54,0.46,0,0,0,0,6,2,21,15,10,16,23,15,7,5
2024021067,2025-03-16,Ball Arena,Denver,25,21,DAL,COL,3,4,22,35,0.436364,0.563636,0,1,0,0.2,10,2,26,28,17,13,17,15,5,8
2024021068,2025-03-16,Enterprise Center,St. Louis,24,19,ANA,STL,2,7,25,26,0.5,0.5,0,3,0,0.6,15,13,18,25,17,15,15,14,4,7
2024021069,2025-03-16,Madison Square Garden,New York,22,3,EDM,NYR,3,1,23,22,0.510638,0.489362,1,0,0.25,0,6,8,17,18,19,16,17,15,5,5
2024021070,2025-03-16,UBS Arena,Elmont,13,2,FLA,NYI,2,4,24,34,0.543478,0.456522,1,0,0.5,0,6,4,27,22,16,14,16,18,3,4
2024021071,2025-03-16,Rogers Arena,Vancouver,59,23,UTA,VAN,3,1,23,19,0.636364,0.363636,0,1,0,0.25,14,8,17,38,18,20,10,12,5,0
2024021072,2025-03-16,Climate Pledge Arena,Seattle,52,55,WPG,SEA,3,2,26,21,0.5,0.5,0,1,0,0.5,6,6,37,21,9,17,16,16,3,5
2024021073,2025-03-17,TD Garden,Boston,7,6,BUF,BOS,3,2,30,20,0.377358,0.622642,2,0,0.5,0,9,13,27,31,10,23,7,17,8,4
2024021074,2025-03-17,Amalie Arena,Tampa,4,14,PHI,TBL,0,2,21,23,0.5,0.5,0,1,0,0.25,10,12,41,19,10,19,10,18,2,5
2024021075,2025-03-17,Nationwide Arena,Columbus,1,29,NJD,CBJ,2,1,20,46,0.460317,0.539683,0,0,0,0,2,2,15,25,22,14,19,16,3,6
2024021076,2025-03-17,Scotiabank Arena,Toronto,20,10,CGY,TOR,2,6,26,29,0.288462,0.711538,0,3,0,1,8,10,31,20,10,23,9,18,5,5
2024021077,2025-03-17,Xcel Energy Center,St. Paul,26,30,LAK,MIN,1,3,29,22,0.472727,0.527273,1,2,0.25,0.666667,6,8,18,19,20,11,19,19,4,4
2024021078,2025-03-18,Centre Bell,Montreal,9,8,OTT,MTL,3,6,25,33,0.616667,0.383333,0,1,0,0.25,8,6,17,29,12,10,9,11,7,7
2024021079,2025-03-18,Madison Square Garden,New York,20,3,CGY,NYR,2,1,35,13,0.413793,0.586207,1,0,0.333333,0,4,8,36,37,13,16,20,20,11,1
2024021080,2025-03-18,PPG Paints Arena,Pittsburgh,2,5,NYI,PIT,4,2,38,21,0.454545,0.545455,0,0,0,0,6,2,19,18,23,15,14,18,2,5
2024021081,2025-03-18,Capital One Arena,Washington,17,15,DET,WSH,1,4,24,26,0.575,0.425,0,0,0,0,0,0,21,20,18,11,13,18,5,4
2024021082,2025-03-18,Bridgestone Arena,Nashville,19,18,STL,NSH,4,1,21,23,0.564103,0.435897,1,0,0.25,0,18,33,25,31,17,17,5,14,4,4
2024021083,2025-03-18,American Airlines Center,Dallas,24,25,ANA,DAL,3,4,25,31,0.416667,0.583333,1,1,0.25,0.25,8,8,26,16,17,15,15,10,8,7
2024021084,2025-03-18,United Center,Chicago,55,16,SEA,CHI,6,2,30,29,0.388889,0.611111,0,1,0,1,7,7,16,17,10,10,13,16,4,3
2024021085,2025-03-18,Rogers Place,Edmonton,59,22,UTA,EDM,1,7,30,43,0.508772,0.491228,0,0,0,0,11,11,22,18,13,22,17,12,5,4
2024021086,2025-03-18,Rogers Arena,Vancouver,52,23,WPG,VAN,2,6,22,22,0.547619,0.452381,0,1,0,1,2,4,27,28,12,16,12,17,4,4
2024021087,2025-03-19,Scotiabank Arena,Toronto,21,10,COL,TOR,1,2,39,26,0.416667,0.583333,1,1,0.5,1,6,8,20,21,12,19,19,18,8,9
2024021088,2025-03-19,Xcel Energy Center,St. Paul,55,30,SEA,MIN,0,4,34,28,0.5,0.5,0,0,0,0,8,6,17,17,9,18,15,14,10,12
2024021089,2025-03-20,Canadian Tire Centre,Ottawa,21,9,COL,OTT,5,1,33,16,0.56,0.44,2,1,0.5,0.5,6,10,17,35,20,19,14,12,6,2
2024021090,2025-03-20,Prudential Center,Newark,20,1,CGY,NJD,5,3,28,29,0.481481,0.518519,1,0,0.2,0,4,10,17,20,14,22,12,17,4,3
2024021091,2025-03-20,Madison Square Garden,New York,10,3,TOR,NYR,4,3,28,30,0.545455,0.454545,0,0,0,0,2,2,27,33,20,10,12,21,2,4
2024021092,2025-03-20,Capital One Arena,Washington,4,15,PHI,WSH,2,3,28,16,0.5,0.5,0,0,0,0,2,4,18,13,13,13,16,20,4,6
2024021093,2025-03-20,Nationwide Arena,Columbus,13,29,FLA,CBJ,1,0,29,25,0.555556,0.444444,1,0,0.5,0,6,6,28,27,14,18,33,27,3,7
2024021094,2025-03-20,UBS Arena,Elmont,8,2,MTL,NYI,3,4,41,25,0.549296,0.450704,1,2,0.2,0.666667,6,10,21,19,28,19,11,16,4,7
2024021095,2025-03-20,Enterprise Center,St. Louis,23,19,VAN,STL,3,4,18,29,0.346939,0.653061,0,0,0,0,2,2,29,41,17,23,14,14,2,2
2024021096,2025-03-20,Bridgestone Arena,Nashville,24,18,ANA,NSH,4,1,35,34,0.490909,0.509091,0,1,0,0.5,6,6,17,17,33,15,11,8,2,8
2024021097,2025-03-20,American Airlines Center,Dallas,14,25,TBL,DAL,3,2,38,24,0.5,0.5,0,1,0,0.5,8,6,16,29,12,12,15,17,2,1
2024021098,2025-03-20,United Center,Chicago,26,16,LAK,CHI,3,1,33,17,0.477273,0.522727,0,1,0,0.25,8,4,19,22,10,8,11,15,3,7
2024021099,2025-03-20,Rogers Place,Edmonton,52,22,WPG,EDM,4,3,20,24,0.529412,0.470588,0,0,0,0,4,8,23,16,19,18,23,14,4,6
2024021100,2025-03-20,Delta Center,Salt Lake City,7,59,BUF,UTA,2,5,27,31,0.516667,0.483333,1,0,0.2,0,10,12,24,18,16,9,14,11,2,2
2024021101,2025-03-20,T-Mobile Arena,Paradise,6,54,BOS,VGK,1,5,19,32,0.592593,0.407407,0,1,0,0.333333,6,2,29,16,12,15,12,17,4,5
2024021102,2025-03-20,SAP Center at San Jose,San Jose,12,28,CAR,SJS,3,1,29,25,0.596154,0.403846,0,0,0,0,6,6,7,27,19,20,15,18,2,1
2024021103,2025-03-21,PPG Paints Arena,Pittsburgh,29,5,CBJ,PIT,3,6,47,34,0.482759,0.517241,0,0,0,0,7,9,16,27,7,24,12,9,7,7
2024021104,2025-03-22,Madison Square Garden,New York,23,3,VAN,NYR,3,5,39,12,0.563636,0.436364,0,0,0,0,6,12,37,57,12,11,19,21,1,7
2024021105,2025-03-22,American Airlines Center,Dallas,4,25,PHI,DAL,2,3,24,19,0.490566,0.509434,0,0,0,0,10,8,19,16,20,16,14,27,6,6
2024021106,2025-03-22,Xcel Energy Center,St. Paul,7,30,BUF,MIN,1,4,21,21,0.44898,0.55102,0,0,0,0,6,6,20,20,12,18,18,7,3,7
2024021107,2025-03-22,Enterprise Center,St. Louis,16,19,CHI,STL,1,4,27,25,0.431373,0.568627,0,0,0,0,24,10,19,24,12,10,13,11,2,9
2024021108,2025-03-22,UBS Arena,Elmont,20,2,CGY,NYI,4,3,35,29,0.344262,0.655738,0,0,0,0,2,4,19,19,13,16,17,18,7,9
2024021109,2025-03-22,Crypto.com Arena,Los Angeles,12,26,CAR,LAK,2,7,36,25,0.491525,0.508475,0,1,0,0.5,6,6,15,23,10,17,32,26,8,4
2024021110,2025-03-22,Capital One Arena,Washington,13,15,FLA,WSH,3,6,36,33,0.508475,0.491525,0,0,0,0,6,8,43,22,12,20,17,9,9,9
2024021111,2025-03-22,Delta Center,Salt Lake City,14,59,TBL,UTA,4,6,27,25,0.476923,0.523077,1,0,0.333333,0,7,11,13,23,13,23,16,9,1,5
2024021112,2025-03-22,Centre Bell,Montreal,21,8,COL,MTL,5,4,37,29,0.446154,0.553846,1,0,0.5,0,17,13,17,27,17,18,7,16,12,8
2024021113,2025-03-22,Prudential Center,Newark,9,1,OTT,NJD,3,2,19,27,0.431373,0.568627,1,1,0.333333,0.333333,6,6,18,29,17,13,10,16,4,2
2024021114,2025-03-22,Bridgestone Arena,Nashville,10,18,TOR,NSH,2,5,26,32,0.508197,0.491803,1,1,0.333333,0.333333,6,6,20,23,19,11,7,11,6,2
2024021115,2025-03-22,T-Mobile Arena,Paradise,17,54,DET,VGK,3,6,31,36,0.491525,0.508475,2,2,1,1,14,14,19,20,15,18,14,20,2,9
2024021116,2025-03-22,Rogers Place,Edmonton,55,22,SEA,EDM,4,5,32,29,0.442308,0.557692,2,2,0.666667,0.4,10,6,18,13,21,12,17,14,6,3
2024021117,2025-03-22,SAP Center at San Jose,San Jose,6,28,BOS,SJS,1,3,23,21,0.541667,0.458333,0,0,0,0,9,9,19,13,21,16,11,15,2,1
2024021118,2025-03-23,United Center,Chicago,4,16,PHI,CHI,4,7,29,29,0.58209,0.41791,0,2,0,0.5,8,4,24,17,18,13,22,21,5,4
2024021119,2025-03-23,Canada Life Centre,Winnipeg,7,52,BUF,WPG,5,3,17,36,0.461538,0.538462,1,1,0.333333,0.333333,6,6,20,24,13,7,16,11,2,6
2024021120,2025-03-23,Amerant Bank Arena,Sunrise,5,13,PIT,FLA,3,4,27,31,0.701754,0.298246,2,1,0.666667,0.5,4,6,21,31,18,9,14,10,2,6
2024021121,2025-03-23,Enterprise Center,St. Louis,18,19,NSH,STL,1,4,32,18,0.555556,0.444444,1,1,0.25,0.5,23,38,26,23,8,11,17,19,5,7
2024021122,2025-03-23,T-Mobile Arena,Paradise,14,54,TBL,VGK,2,4,37,30,0.568966,0.431034,1,1,0.25,0.25,13,13,27,14,5,12,14,10,3,2
2024021123,2025-03-23,Honda Center,Anaheim,12,24,CAR,ANA,5,2,37,37,0.584615,0.415385,1,0,0.333333,0,12,6,9,24,8,16,15,14,8,7
2024021124,2025-03-23,Crypto.com Arena,Los Angeles,6,26,BOS,LAK,2,7,13,23,0.467742,0.532258,0,0,0,0,6,8,24,13,8,12,15,15,3,4
2024021125,2025-03-24,Prudential Center,Newark,23,1,VAN,NJD,4,3,28,25,0.555556,0.444444,0,1,0,0.5,6,6,22,16,17,11,11,13,1,3
2024021126,2025-03-24,UBS Arena,Elmont,29,2,CBJ,NYI,4,3,30,33,0.55,0.45,0,0,0,0,6,2,34,19,17,18,10,10,1,2
2024021127,2025-03-24,American Airlines Center,Dallas,30,25,MIN,DAL,0,3,32,29,0.514706,0.485294,0,1,0,0.25,10,8,26,15,22,10,13,18,6,2
2024021128,2025-03-24,Delta Center,Salt Lake City,17,59,DET,UTA,5,1,14,19,0.375,0.625,0,1,0,0.2,10,2,32,26,25,15,22,22,5,9
2024021129,2025-03-25,KeyBank Center,Buffalo,9,7,OTT,BUF,2,3,32,24,0.709091,0.290909,2,0,0.5,0,2,8,25,16,13,18,15,19,5,3
2024021130,2025-03-25,Scotiabank Arena,Toronto,4,10,PHI,TOR,2,7,19,30,0.4,0.6,0,1,0,1,4,4,32,33,9,14,24,23,1,3
2024021131,2025-03-25,Amalie Arena,Tampa,5,14,PIT,TBL,1,6,15,27,0.575758,0.424242,0,1,0,0.25,18,4,37,10,16,16,9,14,4,5
2024021132,2025-03-25,Lenovo Center,Raleigh,18,12,NSH,CAR,3,1,16,35,0.433962,0.566038,1,1,0.333333,0.333333,6,6,17,10,22,3,16,22,4,9
2024021133,2025-03-25,Enterprise Center,St. Louis,8,19,MTL,STL,1,6,25,37,0.490909,0.509091,0,1,0,0.333333,30,8,26,25,15,13,5,5,3,8
2024021134,2025-03-25,Xcel Energy Center,St. Paul,54,30,VGK,MIN,5,1,38,24,0.588235,0.411765,1,0,1,0,2,2,21,24,9,14,16,9,2,5
2024021135,2025-03-25,Canada Life Centre,Winnipeg,15,52,WSH,WPG,2,3,29,25,0.538462,0.461538,0,0,0,0,6,6,17,15,12,20,13,11,7,3
2024021136,2025-03-25,Ball Arena,Denver,17,21,DET,COL,2,5,23,28,0.451613,0.548387,1,2,0.5,1,4,4,26,18,21,19,10,12,4,1
2024021137,2025-03-25,Scotiabank Saddledome,Calgary,55,20,SEA,CGY,3,4,29,37,0.465517,0.534483,1,1,0.25,0.333333,13,15,23,27,26,12,16,16,4,2
2024021138,2025-03-25,Crypto.com Arena,Los Angeles,3,26,NYR,LAK,1,3,23,33,0.581818,0.418182,0,2,0,0.5,13,11,24,26,8,18,16,7,2,1
2024021139,2025-03-26,UBS Arena,Elmont,23,2,VAN,NYI,5,2,25,28,0.454545,0.545455,0,0,0,0,6,4,21,28,12,18,18,14,4,4
2024021140,2025-03-26,United Center,Chicago,1,16,NJD,CHI,5,3,21,24,0.62,0.38,2,1,1,0.5,4,4,29,16,14,10,10,19,4,3
2024021141,2025-03-26,Rogers Place,Edmonton,25,22,DAL,EDM,4,3,24,44,0.483871,0.516129,1,2,0.333333,0.333333,14,8,9,22,20,12,19,9,8,8
2024021142,2025-03-26,Honda Center,Anaheim,6,24,BOS,ANA,2,6,25,37,0.532258,0.467742,1,0,0.2,0,11,25,11,19,15,15,12,12,2,5
2024021143,2025-03-27,KeyBank Center,Buffalo,5,7,PIT,BUF,3,7,25,30,0.578125,0.421875,0,0,0,0,15,13,28,15,8,14,14,15,8,7
2024021144,2025-03-27,Little Caesars Arena,Detroit,9,17,OTT,DET,4,3,32,34,0.534483,0.465517,0,1,0,0.166667,17,9,27,23,13,11,10,6,6,3
2024021145,2025-03-27,Amalie Arena,Tampa,59,14,UTA,TBL,0,8,25,22,0.483871,0.516129,0,1,0,0.5,9,9,23,11,9,23,14,17,4,1
2024021146,2025-03-27,Wells Fargo Center,Philadelphia,8,4,MTL,PHI,4,6,30,30,0.491525,0.508475,0,1,0,0.25,10,6,20,16,11,17,18,16,6,3
2024021147,2025-03-27,Bridgestone Arena,Nashville,19,18,STL,NSH,3,2,21,18,0.580645,0.419355,0,1,0,0.333333,11,11,29,14,19,17,17,8,2,7
2024021148,2025-03-27,Xcel Energy Center,St. Paul,15,30,WSH,MIN,2,4,30,21,0.589286,0.410714,0,1,0,0.5,4,4,13,25,9,22,18,15,1,2
2024021149,2025-03-27,Ball Arena,Denver,26,21,LAK,COL,0,4,22,26,0.5,0.5,0,2,0,0.666667,6,6,17,15,8,14,9,11,7,3
2024021150,2025-03-27,Scotiabank Saddledome,Calgary,25,20,DAL,CGY,5,2,19,48,0.576271,0.423729,0,1,0,0.25,18,14,20,26,32,18,13,11,3,2
2024021151,2025-03-27,Climate Pledge Arena,Seattle,22,55,EDM,SEA,1,6,37,37,0.432836,0.567164,0,1,0,0.25,8,8,26,15,5,17,16,22,2,5
2024021152,2025-03-27,SAP Center at San Jose,San Jose,10,28,TOR,SJS,5,6,35,35,0.578947,0.421053,2,1,0.5,0.25,20,10,26,5,17,21,13,10,2,4
2024021153,2025-03-28,Amerant Bank Arena,Sunrise,59,13,UTA,FLA,1,2,15,32,0.615385,0.384615,0,1,0,0.166667,12,8,28,28,12,16,15,18,2,3
2024021154,2025-03-28,Lenovo Center,Raleigh,8,12,MTL,CAR,1,4,15,24,0.551724,0.448276,0,1,0,0.333333,8,6,22,16,22,10,9,16,3,5
2024021155,2025-03-28,Nationwide Arena,Columbus,23,29,VAN,CBJ,6,7,37,38,0.323944,0.676056,2,1,1,0.25,10,6,23,22,14,12,13,15,4,6
2024021156,2025-03-28,Canada Life Centre,Winnipeg,1,52,NJD,WPG,0,4,24,19,0.5,0.5,0,1,0,1,2,6,31,22,10,10,18,12,7,5
2024021157,2025-03-28,United Center,Chicago,54,16,VGK,CHI,5,3,22,21,0.481481,0.518519,1,0,0.5,0,2,4,18,19,13,13,20,14,4,5
2024021158,2025-03-28,Honda Center,Anaheim,3,24,NYR,ANA,4,5,30,33,0.603175,0.396825,1,0,0.142857,0,8,14,22,18,10,13,17,21,2,3
2024021159,2025-03-29,Wells Fargo Center,Philadelphia,7,4,BUF,PHI,4,7,21,32,0.45098,0.54902,1,2,0.5,0.666667,6,4,12,15,11,15,15,20,6,5
2024021160,2025-03-29,Amalie Arena,Tampa,2,14,NYI,TBL,3,5,38,24,0.564516,0.435484,1,0,0.5,0,0,4,30,14,12,12,14,14,9,8
2024021161,2025-03-29,Ball Arena,Denver,19,21,STL,COL,2,1,27,29,0.37037,0.62963,1,0,0.25,0,2,8,30,25,22,9,17,17,6,7
2024021162,2025-03-29,Xcel Energy Center,St. Paul,1,30,NJD,MIN,5,2,33,24,0.5625,0.4375,1,0,1,0,11,9,24,29,9,19,11,7,5,7
2024021163,2025-03-29,Bridgestone Arena,Nashville,54,18,VGK,NSH,3,1,29,24,0.471698,0.528302,1,1,1,1,2,2,19,31,13,8,16,17,5,8
2024021164,2025-03-29,Canadian Tire Centre,Ottawa,29,9,CBJ,OTT,2,3,30,27,0.384615,0.615385,0,0,0,0,4,2,22,23,16,18,11,15,2,3
2024021165,2025-03-29,Crypto.com Arena,Los Angeles,10,26,TOR,LAK,3,1,26,36,0.618182,0.381818,1,0,0.25,0,13,15,26,17,14,9,11,8,2,2
2024021166,2025-03-29,Little Caesars Arena,Detroit,6,17,BOS,DET,1,2,21,22,0.490196,0.509804,1,1,1,0.333333,16,22,39,38,9,7,17,16,6,6
2024021167,2025-03-29,Rogers Place,Edmonton,20,22,CGY,EDM,2,3,28,29,0.428571,0.571429,0,0,0,0,4,8,19,18,21,19,12,19,4,8
2024021168,2025-03-29,SAP Center at San Jose,San Jose,3,28,NYR,SJS,6,1,33,22,0.679245,0.320755,0,1,0,0.333333,8,6,20,14,20,18,19,10,4,1
2024021169,2025-03-29,Climate Pledge Arena,Seattle,25,55,DAL,SEA,5,1,21,36,0.522388,0.477612,2,0,0.4,0,13,15,10,18,12,20,10,10,4,8
2024021170,2025-03-30,Amerant Bank Arena,Sunrise,8,13,MTL,FLA,4,2,23,26,0.584906,0.415094,2,0,0.666667,0,6,20,19,32,23,11,11,15,4,3
2024021171,2025-03-30,Capital One Arena,Washington,7,15,BUF,WSH,8,5,23,29,0.528302,0.471698,2,1,0.4,0.5,6,12,16,21,19,12,7,13,7,3
2024021172,2025-03-30,Canada Life Centre,Winnipeg,23,52,VAN,WPG,1,3,24,27,0.482759,0.517241,0,0,0,0,8,6,50,24,8,11,12,13,4,4
2024021173,2025-03-30,United Center,Chicago,59,16,UTA,CHI,5,2,31,29,0.511111,0.488889,0,0,0,0,13,7,15,15,17,12,20,23,4,0
2024021174,2025-03-30,PPG Paints Arena,Pittsburgh,9,5,OTT,PIT,0,1,31,35,0.412698,0.587302,0,1,0,0.5,6,4,32,32,21,12,15,24,1,6
2024021175,2025-03-30,Lenovo Center,Raleigh,2,12,NYI,CAR,4,6,31,30,0.57377,0.42623,1,1,0.2,0.25,8,10,23,8,9,11,15,20,9,12
2024021176,2025-03-30,Honda Center,Anaheim,10,24,TOR,ANA,3,2,23,31,0.603448,0.396552,0,1,0,0.25,8,4,20,5,22,9,16,16,4,6
2024021177,2025-03-30,Crypto.com Arena,Los Angeles,28,26,SJS,LAK,1,8,23,36,0.402985,0.597015,0,2,0,0.4,12,8,16,18,25,8,14,30,1,3
2024021178,2025-03-31,Prudential Center,Newark,30,1,MIN,NJD,2,3,30,28,0.528302,0.471698,0,0,0,0,4,4,25,23,18,13,13,23,5,3
2024021179,2025-03-31,Wells Fargo Center,Philadelphia,18,4,NSH,PHI,1,2,29,18,0.5,0.5,0,0,0,0,2,2,15,18,7,20,12,19,2,13
2024021180,2025-03-31,Ball Arena,Denver,20,21,CGY,COL,3,2,27,30,0.415094,0.584906,0,0,0,0,4,2,47,22,21,18,22,14,6,8
2024021181,2025-03-31,Climate Pledge Arena,Seattle,25,55,DAL,SEA,3,1,31,36,0.535714,0.464286,0,0,0,0,6,6,11,29,12,13,17,7,4,5
2024021182,2025-04-01,TD Garden,Boston,15,6,WSH,BOS,4,3,32,24,0.47541,0.52459,1,1,0.5,0.333333,11,9,17,20,15,13,13,12,1,8
2024021183,2025-04-01,Centre Bell,Montreal,13,8,FLA,MTL,2,3,27,21,0.491228,0.508772,1,0,0.333333,0,6,6,17,11,16,20,6,6,5,5
2024021184,2025-04-01,Canadian Tire Centre,Ottawa,7,9,BUF,OTT,5,2,22,35,0.392857,0.607143,0,0,0,0,12,6,13,25,27,8,14,15,3,5
2024021185,2025-04-01,Nationwide Arena,Columbus,18,29,NSH,CBJ,4,8,28,37,0.433333,0.566667,0,2,0,0.4,19,17,10,22,14,12,11,12,2,6
2024021186,2025-04-01,UBS Arena,Elmont,14,2,TBL,NYI,4,1,24,29,0.442308,0.557692,0,0,0,0,15,15,14,25,21,13,13,16,1,1
2024021187,2025-04-01,Enterprise Center,St. Louis,17,19,DET,STL,1,2,21,37,0.45283,0.54717,0,0,0,0,6,6,32,39,15,14,15,19,3,4
2024021188,2025-04-01,Delta Center,Salt Lake City,20,59,CGY,UTA,1,3,34,28,0.368421,0.631579,0,0,0,0,6,8,33,28,14,17,12,21,5,4
2024021189,2025-04-01,T-Mobile Arena,Paradise,22,54,EDM,VGK,3,2,20,22,0.54717,0.45283,1,0,0.25,0,2,8,30,13,14,6,13,14,5,2
2024021190,2025-04-01,Honda Center,Anaheim,28,24,SJS,ANA,3,4,31,37,0.489796,0.510204,0,1,0,0.25,10,6,16,24,15,13,13,9,4,4
2024021191,2025-04-01,Crypto.com Arena,Los Angeles,52,26,WPG,LAK,1,4,20,20,0.530612,0.469388,0,0,0,0,2,4,26,19,20,17,9,15,2,3
2024021192,2025-04-02,Madison Square Garden,New York,30,3,MIN,NYR,4,5,24,39,0.333333,0.666667,1,0,0.5,0,8,4,17,24,11,13,19,16,3,3
2024021193,2025-04-02,Lenovo Center,Raleigh,15,12,WSH,CAR,1,5,21,31,0.491228,0.508772,1,3,0.25,0.375,74,68,35,15,14,12,17,17,7,1
2024021194,2025-04-02,Scotiabank Arena,Toronto,13,10,FLA,TOR,2,3,31,26,0.520833,0.479167,1,0,0.5,0,2,4,39,25,7,21,23,13,3,2
2024021195,2025-04-02,United Center,Chicago,21,16,COL,CHI,3,2,31,23,0.649123,0.350877,0,0,0,0,6,8,25,19,14,16,16,23,4,7
2024021196,2025-04-02,Rogers Arena,Vancouver,55,23,SEA,VAN,5,0,19,24,0.52381,0.47619,0,0,0,0,10,18,15,30,24,10,12,9,0,4
2024021197,2025-04-03,Centre Bell,Montreal,6,8,BOS,MTL,1,4,19,32,0.474576,0.525424,0,0,0,0,9,11,29,34,15,21,18,18,3,7
2024021198,2025-04-03,Canadian Tire Centre,Ottawa,14,9,TBL,OTT,1,2,32,19,0.428571,0.571429,0,1,0,0.333333,6,6,14,27,14,21,9,8,6,2
2024021199,2025-04-03,Nationwide Arena,Columbus,21,29,COL,CBJ,7,3,32,30,0.493827,0.506173,1,0,0.5,0,6,4,15,22,20,9,18,11,3,4
2024021200,2025-04-03,Enterprise Center,St. Louis,5,19,PIT,STL,4,5,28,19,0.368421,0.631579,1,1,1,0.2,10,2,20,22,11,13,11,21,5,5
2024021201,2025-04-03,American Airlines Center,Dallas,18,25,NSH,DAL,1,5,29,27,0.392157,0.607843,0,0,0,0,10,6,34,19,17,8,8,12,9,2
2024021202,2025-04-03,Delta Center,Salt Lake City,26,59,LAK,UTA,4,2,20,30,0.557143,0.442857,0,1,0,0.333333,8,4,26,28,15,19,21,30,4,5
2024021203,2025-04-03,Scotiabank Saddledome,Calgary,24,20,ANA,CGY,1,4,27,34,0.396226,0.603774,0,1,0,0.333333,6,4,28,14,23,14,11,10,4,6
2024021204,2025-04-03,T-Mobile Arena,Paradise,52,54,WPG,VGK,4,0,22,26,0.446429,0.553571,1,0,0.5,0,2,4,29,24,18,15,11,18,1,2
2024021205,2025-04-03,SAP Center at San Jose,San Jose,22,28,EDM,SJS,3,2,38,29,0.571429,0.428571,1,0,0.5,0,2,4,17,15,9,15,9,18,7,3
2024021206,2025-04-04,Little Caesars Arena,Detroit,12,17,CAR,DET,3,5,33,21,0.606557,0.393443,0,0,0,0,4,4,7,17,6,25,20,22,5,5
2024021207,2025-04-04,Capital One Arena,Washington,16,15,CHI,WSH,3,5,22,29,0.382979,0.617021,0,2,0,0.666667,6,2,12,18,14,10,12,7,2,9
2024021208,2025-04-04,UBS Arena,Elmont,30,2,MIN,NYI,1,3,28,27,0.46,0.54,0,1,0,0.333333,6,4,21,14,26,18,10,17,4,2
2024021209,2025-04-05,Prudential Center,Newark,3,1,NYR,NJD,0,4,26,16,0.5,0.5,0,1,0,0.5,6,6,24,21,11,11,13,19,5,3
2024021210,2025-04-05,Canadian Tire Centre,Ottawa,13,9,FLA,OTT,0,3,39,22,0.411765,0.588235,0,1,0,0.2,32,18,55,31,9,20,14,11,6,8
2024021211,2025-04-05,American Airlines Center,Dallas,5,25,PIT,DAL,5,3,40,24,0.59375,0.40625,1,1,0.333333,0.5,4,6,17,8,11,20,20,23,5,6
2024021212,2025-04-05,Rogers Arena,Vancouver,24,23,ANA,VAN,2,6,32,26,0.561404,0.438596,0,2,0,1,4,4,31,31,5,9,12,10,5,5
2024021213,2025-04-05,Crypto.com Arena,Los Angeles,22,26,EDM,LAK,0,3,27,29,0.482143,0.517857,0,0,0,0,8,2,17,23,12,11,15,15,3,3
2024021214,2025-04-05,TD Garden,Boston,12,6,CAR,BOS,1,5,40,27,0.555556,0.444444,0,0,0,0,4,2,12,39,7,25,17,25,6,0
2024021215,2025-04-05,KeyBank Center,Buffalo,14,7,TBL,BUF,2,3,24,38,0.581818,0.418182,0,1,0,0.333333,6,6,19,16,14,18,18,13,4,7
2024021216,2025-04-05,Scotiabank Arena,Toronto,29,10,CBJ,TOR,0,5,27,27,0.422222,0.577778,0,0,0,0,14,14,18,24,15,14,17,15,5,2
2024021217,2025-04-05,Centre Bell,Montreal,4,8,PHI,MTL,2,3,24,26,0.521739,0.478261,1,0,0.25,0,4,8,24,40,10,14,19,29,0,1
2024021218,2025-04-05,Enterprise Center,St. Louis,21,19,COL,STL,4,5,39,22,0.462963,0.537037,0,2,0,0.666667,6,6,28,21,13,20,16,11,7,3
2024021219,2025-04-05,Delta Center,Salt Lake City,52,59,WPG,UTA,1,4,33,28,0.509804,0.490196,1,2,0.25,0.666667,6,8,36,12,12,17,15,15,7,6
2024021220,2025-04-05,Scotiabank Saddledome,Calgary,54,20,VGK,CGY,3,2,34,23,0.5,0.5,0,0,0,0,8,4,14,38,21,11,11,13,3,5
2024021221,2025-04-05,SAP Center at San Jose,San Jose,55,28,SEA,SJS,5,1,22,24,0.54717,0.45283,0,0,0,0,35,29,9,21,14,15,15,10,6,3
2024021222,2025-04-06,UBS Arena,Elmont,15,2,WSH,NYI,1,4,29,22,0.421875,0.578125,1,0,0.5,0,4,4,20,26,22,18,13,11,8,5
2024021223,2025-04-06,Xcel Energy Center,St. Paul,25,30,DAL,MIN,2,3,25,41,0.642857,0.357143,0,1,0,0.25,8,8,17,27,10,14,18,15,1,9
2024021224,2025-04-06,Canadian Tire Centre,Ottawa,29,9,CBJ,OTT,0,4,29,30,0.433962,0.566038,0,0,0,0,6,0,27,24,12,16,20,22,6,5
2024021225,2025-04-06,Little Caesars Arena,Detroit,13,17,FLA,DET,1,2,33,24,0.58,0.42,0,1,0,0.2,22,4,42,19,13,10,16,15,7,7
2024021226,2025-04-06,KeyBank Center,Buffalo,6,7,BOS,BUF,3,6,20,37,0.490566,0.509434,1,0,1,0,4,2,23,13,17,8,13,18,4,7
2024021227,2025-04-06,United Center,Chicago,5,16,PIT,CHI,1,3,29,31,0.604651,0.395349,1,0,0.333333,0,2,6,27,19,7,10,22,21,9,7
2024021228,2025-04-06,Bridgestone Arena,Nashville,8,18,MTL,NSH,2,1,17,37,0.489362,0.510638,0,0,0,0,15,9,16,19,24,10,17,13,6,2
2024021229,2025-04-06,Rogers Arena,Vancouver,54,23,VGK,VAN,3,2,35,21,0.507937,0.492063,0,0,0,0,4,4,7,27,14,21,17,17,2,8
2024021230,2025-04-07,Madison Square Garden,New York,14,3,TBL,NYR,5,1,23,39,0.431373,0.568627,3,1,0.75,0.333333,6,18,3,25,12,15,12,11,1,3
2024021231,2025-04-07,Canada Life Centre,Winnipeg,19,52,STL,WPG,1,3,15,26,0.52,0.48,0,0,0,0,2,4,31,26,20,18,19,12,1,4
2024021232,2025-04-07,Honda Center,Anaheim,22,24,EDM,ANA,2,3,47,21,0.5625,0.4375,0,0,0,0,12,28,16,10,12,16,14,12,4,6
2024021233,2025-04-07,Crypto.com Arena,Los Angeles,55,26,SEA,LAK,2,1,28,29,0.45614,0.54386,0,0,0,0,8,4,24,18,30,10,21,15,11,6
2024021234,2025-04-07,SAP Center at San Jose,San Jose,20,28,CGY,SJS,3,2,32,31,0.491803,0.508197,1,1,1,0.333333,6,2,33,21,12,14,12,18,6,5
2024021235,2025-04-08,KeyBank Center,Buffalo,12,7,CAR,BUF,0,3,33,18,0.555556,0.444444,0,0,0,0,4,6,12,22,13,16,9,19,4,4
2024021236,2025-04-08,Centre Bell,Montreal,17,8,DET,MTL,1,4,36,21,0.482759,0.517241,0,0,0,0,4,6,24,26,18,12,12,7,4,4
2024021237,2025-04-08,Amerant Bank Arena,Sunrise,10,13,TOR,FLA,1,3,18,37,0.309524,0.690476,0,0,0,0,2,4,29,43,18,11,18,7,6,2
2024021238,2025-04-08,Prudential Center,Newark,6,1,BOS,NJD,7,2,25,21,0.553191,0.446809,0,0,0,0,2,4,15,27,14,12,16,16,2,5
2024021239,2025-04-08,Nationwide Arena,Columbus,9,29,OTT,CBJ,2,5,35,35,0.407407,0.592593,1,1,0.25,0.5,6,10,27,23,23,20,13,16,0,7
2024021240,2025-04-08,PPG Paints Arena,Pittsburgh,16,5,CHI,PIT,0,5,26,27,0.4375,0.5625,0,1,0,0.333333,6,4,7,15,8,11,32,23,8,2
2024021241,2025-04-08,Bridgestone Arena,Nashville,2,18,NYI,NSH,6,7,22,32,0.614286,0.385714,0,2,0,0.666667,6,6,26,21,17,13,16,15,4,9
2024021242,2025-04-08,American Airlines Center,Dallas,23,25,VAN,DAL,6,5,32,28,0.415094,0.584906,2,3,0.5,0.75,10,10,29,14,9,20,22,6,4,5
2024021243,2025-04-08,Delta Center,Salt Lake City,55,59,SEA,UTA,1,7,19,41,0.431034,0.568966,1,3,0.25,0.5,19,15,22,17,12,16,21,12,5,4
2024021244,2025-04-08,Ball Arena,Denver,54,21,VGK,COL,2,3,21,36,0.478873,0.521127,0,1,0,0.25,13,13,16,27,15,11,17,15,5,6
2024021245,2025-04-09,Amalie Arena,Tampa,10,14,TOR,TBL,4,3,31,28,0.607843,0.392157,1,2,0.5,0.5,15,11,18,25,33,14,12,13,4,6
2024021246,2025-04-09,Madison Square Garden,New York,4,3,PHI,NYR,8,5,30,29,0.462687,0.537313,0,0,0,0,16,2,29,22,18,7,17,21,4,9
2024021247,2025-04-09,Xcel Energy Center,St. Paul,28,30,SJS,MIN,7,8,31,44,0.467532,0.532468,0,3,0,0.75,10,2,27,24,24,14,10,17,3,5
2024021248,2025-04-09,Rogers Place,Edmonton,19,22,STL,EDM,3,4,26,23,0.603448,0.396552,0,0,0,0,11,21,21,10,15,12,26,14,5,6
2024021249,2025-04-09,Honda Center,Anaheim,20,24,CGY,ANA,3,4,39,23,0.561404,0.438596,0,0,0,0,2,12,8,16,16,11,19,23,2,2
2024021250,2025-04-10,TD Garden,Boston,16,6,CHI,BOS,5,2,21,33,0.4,0.6,0,0,0,0,6,4,21,32,11,7,14,16,6,2
2024021251,2025-04-10,Amerant Bank Arena,Sunrise,17,13,DET,FLA,1,4,23,31,0.508772,0.491228,0,1,0,1,2,14,16,33,18,14,8,11,3,6
2024021252,2025-04-10,Capital One Arena,Washington,12,15,CAR,WSH,4,5,34,28,0.649123,0.350877,0,2,0,0.666667,11,7,12,31,12,21,18,25,2,6
2024021253,2025-04-10,Nationwide Arena,Columbus,7,29,BUF,CBJ,2,3,41,30,0.5,0.5,0,1,0,1,2,2,15,25,13,17,16,11,3,9
2024021254,2025-04-10,UBS Arena,Elmont,3,2,NYR,NYI,9,2,32,46,0.375,0.625,1,1,1,0.5,4,2,14,23,16,16,17,14,9,7
2024021255,2025-04-10,American Airlines Center,Dallas,52,25,WPG,DAL,4,0,35,25,0.574074,0.425926,0,0,0,0,7,7,44,27,15,10,9,26,5,4
2024021256,2025-04-10,Ball Arena,Denver,23,21,VAN,COL,4,1,30,32,0.553846,0.446154,0,0,0,0,9,9,14,16,11,19,12,21,4,6
2024021257,2025-04-10,Delta Center,Salt Lake City,18,59,NSH,UTA,4,3,31,42,0.58209,0.41791,2,0,0.666667,0,6,8,25,18,18,15,23,25,1,5
2024021258,2025-04-10,T-Mobile Arena,Paradise,55,54,SEA,VGK,1,2,25,25,0.444444,0.555556,0,0,0,0,0,4,14,12,22,20,11,15,6,5
2024021259,2025-04-10,Crypto.com Arena,Los Angeles,24,26,ANA,LAK,1,6,25,29,0.423729,0.576271,0,3,0,0.5,14,10,31,16,16,11,8,11,3,2
2024021260,2025-04-11,Canadian Tire Centre,Ottawa,8,9,MTL,OTT,2,5,22,34,0.492308,0.507692,0,0,0,0,13,11,21,18,7,14,15,17,6,6
2024021261,2025-04-11,Amalie Arena,Tampa,17,14,DET,TBL,4,3,26,21,0.576271,0.423729,0,0,0,0,0,2,21,18,18,15,19,28,3,3
2024021262,2025-04-11,Prudential Center,Newark,5,1,PIT,NJD,4,2,24,28,0.461538,0.538462,2,0,0.5,0,6,8,19,20,13,4,9,9,3,4
2024021263,2025-04-11,Rogers Place,Edmonton,28,22,SJS,EDM,2,4,24,34,0.46,0.54,0,2,0,0.4,10,4,13,22,20,14,18,7,6,7
2024021264,2025-04-11,Scotiabank Saddledome,Calgary,30,20,MIN,CGY,2,4,18,32,0.473684,0.526316,0,1,0,0.5,4,4,25,26,18,24,16,12,4,5
2024021265,2025-04-12,Wells Fargo Center,Philadelphia,2,4,NYI,PHI,3,4,40,22,0.571429,0.428571,1,1,0.25,0.25,8,8,19,16,13,18,12,15,9,9
2024021266,2025-04-12,Lenovo Center,Raleigh,3,12,NYR,CAR,3,7,31,28,0.5,0.5,1,0,0.5,0,4,6,23,16,10,13,19,19,10,11
2024021267,2025-04-12,Crypto.com Arena,Los Angeles,21,26,COL,LAK,4,5,26,33,0.438596,0.561404,1,1,0.333333,0.25,8,6,22,22,23,12,10,11,6,3
2024021268,2025-04-12,Amerant Bank Arena,Sunrise,7,13,BUF,FLA,2,3,28,34,0.384615,0.615385,2,0,0.666667,0,17,17,20,34,13,11,15,16,11,7
2024021269,2025-04-12,Scotiabank Arena,Toronto,8,10,MTL,TOR,0,1,15,35,0.541667,0.458333,0,0,0,0,15,11,21,24,13,18,13,14,0,2
2024021270,2025-04-12,Nationwide Arena,Columbus,15,29,WSH,CBJ,0,7,22,26,0.551724,0.448276,0,0,0,0,48,28,21,22,21,17,21,12,10,4
2024021271,2025-04-12,United Center,Chicago,52,16,WPG,CHI,5,4,42,32,0.5,0.5,1,1,0.5,0.5,4,4,28,16,7,14,17,14,7,3
2024021272,2025-04-12,American Airlines Center,Dallas,59,25,UTA,DAL,5,3,34,24,0.5,0.5,4,1,1,0.25,8,8,13,11,7,8,16,16,4,2
2024021273,2025-04-12,Rogers Arena,Vancouver,30,23,MIN,VAN,3,2,33,14,0.421053,0.578947,0,1,0,0.5,21,11,30,17,11,17,10,13,8,1
2024021274,2025-04-12,T-Mobile Arena,Paradise,18,54,NSH,VGK,3,5,17,29,0.428571,0.571429,0,1,0,0.333333,6,2,20,11,21,18,23,23,5,3
2024021275,2025-04-12,Climate Pledge Arena,Seattle,19,55,STL,SEA,3,4,23,18,0.509804,0.490196,0,0,0,0,4,2,25,18,15,19,8,20,4,5
2024021276,2025-04-13,Canadian Tire Centre,Ottawa,4,9,PHI,OTT,3,4,32,25,0.461538,0.538462,0,1,0,0.333333,8,6,28,29,23,14,18,7,4,3
2024021277,2025-04-13,Prudential Center,Newark,2,1,NYI,NJD,1,0,23,25,0.452381,0.547619,0,0,0,0,2,9,27,19,22,9,31,23,3,2
2024021278,2025-04-13,PPG Paints Arena,Pittsburgh,6,5,BOS,PIT,4,1,32,24,0.509804,0.490196,1,1,0.333333,0.333333,8,8,15,27,9,11,21,20,12,6
2024021279,2025-04-13,Lenovo Center,Raleigh,10,12,TOR,CAR,4,1,20,26,0.566038,0.433962,0,1,0,0.25,8,4,18,27,18,5,16,16,3,8
2024021280,2025-04-13,Amalie Arena,Tampa,7,14,BUF,TBL,4,7,25,31,0.478261,0.521739,1,1,0.5,0.5,4,4,16,13,9,12,17,14,3,8
2024021281,2025-04-13,Capital One Arena,Washington,29,15,CBJ,WSH,4,1,23,31,0.38961,0.61039,0,0,0,0,9,11,16,32,12,16,11,12,6,4
2024021282,2025-04-13,Canada Life Centre,Winnipeg,22,52,EDM,WPG,4,1,39,18,0.434783,0.565217,0,1,0,0.5,4,2,19,19,10,17,15,25,11,6
2024021283,2025-04-13,Scotiabank Saddledome,Calgary,28,20,SJS,CGY,2,5,30,30,0.53125,0.46875,0,0,0,0,4,4,21,34,18,12,17,12,7,5
2024021284,2025-04-13,Honda Center,Anaheim,21,24,COL,ANA,4,2,25,21,0.489362,0.510638,1,0,0.333333,0,4,6,12,12,18,15,15,18,1,9
2024021285,2025-04-14,Centre Bell,Montreal,16,8,CHI,MTL,4,3,25,21,0.4,0.6,2,1,0.666667,0.25,10,8,25,12,16,18,12,18,3,4
2024021286,2025-04-14,Little Caesars Arena,Detroit,25,17,DAL,DET,4,6,28,37,0.609375,0.390625,0,1,0,0.333333,6,6,17,20,11,12,13,17,4,8
2024021287,2025-04-14,Amerant Bank Arena,Sunrise,3,13,NYR,FLA,5,3,25,30,0.507463,0.492537,0,1,0,0.5,4,4,9,31,16,17,10,17,7,7
2024021288,2025-04-14,Bridgestone Arena,Nashville,59,18,UTA,NSH,7,3,36,31,0.5,0.5,1,1,0.25,0.333333,6,8,14,20,15,12,15,25,2,2
2024021289,2025-04-14,Rogers Place,Edmonton,26,22,LAK,EDM,5,0,36,21,0.490909,0.509091,2,0,0.25,0,16,53,25,35,10,15,15,12,2,0
2024021290,2025-04-14,Rogers Arena,Vancouver,28,23,SJS,VAN,1,2,16,37,0.531915,0.468085,1,0,0.333333,0,10,6,18,17,16,9,11,14,6,3
2024021291,2025-04-15,TD Garden,Boston,1,6,NJD,BOS,5,4,26,24,0.46875,0.53125,2,0,1,0,6,6,20,29,8,18,7,6,9,4
2024021292,2025-04-15,KeyBank Center,Buffalo,10,7,TOR,BUF,4,0,32,35,0.507937,0.492063,0,0,0,0,4,4,17,13,19,12,20,18,8,5
2024021293,2025-04-15,Canadian Tire Centre,Ottawa,16,9,CHI,OTT,4,3,16,37,0.38,0.62,1,2,0.333333,0.666667,8,8,16,26,14,16,14,16,5,8
2024021294,2025-04-15,Amalie Arena,Tampa,13,14,FLA,TBL,1,5,24,31,0.486486,0.513514,0,1,0,0.2,20,17,37,26,10,8,18,14,5,4
2024021295,2025-04-15,Wells Fargo Center,Philadelphia,29,4,CBJ,PHI,3,0,34,29,0.52381,0.47619,1,0,0.5,0,6,4,15,33,9,20,9,16,6,4
2024021296,2025-04-15,UBS Arena,Elmont,15,2,WSH,NYI,3,1,36,33,0.446154,0.553846,1,0,0.25,0,8,8,13,8,19,17,12,14,3,3
2024021297,2025-04-15,Enterprise Center,St. Louis,59,19,UTA,STL,1,6,23,29,0.483333,0.516667,1,3,0.25,0.5,22,18,19,11,11,21,27,21,2,2
2024021298,2025-04-15,Xcel Energy Center,St. Paul,24,30,ANA,MIN,2,3,29,40,0.5,0.5,0,0,0,0,4,2,17,22,14,16,13,17,5,1
2024021299,2025-04-15,Scotiabank Saddledome,Calgary,54,20,VGK,CGY,4,5,42,28,0.540541,0.459459,0,2,0,1,4,4,13,22,19,19,22,25,6,7
2024021300,2025-04-15,Climate Pledge Arena,Seattle,26,55,LAK,SEA,6,5,24,34,0.542373,0.457627,1,3,0.333333,0.75,8,6,28,12,19,18,9,7,1,6
2024021301,2025-04-16,Centre Bell,Montreal,12,8,CAR,MTL,2,4,29,22,0.62069,0.37931,0,0,0,0,6,2,34,27,14,20,23,27,1,2
2024021302,2025-04-16,Canada Life Centre,Winnipeg,24,52,ANA,WPG,1,2,31,44,0.530612,0.469388,0,0,0,0,8,2,33,13,16,14,14,12,0,3
2024021303,2025-04-16,Prudential Center,Newark,17,1,DET,NJD,5,2,27,30,0.469388,0.530612,0,1,0,0.5,8,10,17,18,16,12,10,13,6,5
2024021304,2025-04-16,Bridgestone Arena,Nashville,25,18,DAL,NSH,1,5,30,34,0.537037,0.462963,0,1,0,0.25,8,12,11,12,11,16,18,21,6,5
2024021305,2025-04-16,Rogers Arena,Vancouver,54,23,VGK,VAN,4,1,31,17,0.641509,0.358491,0,0,0,0,2,6,15,24,15,7,10,13,4,4
2024021306,2025-04-16,SAP Center at San Jose,San Jose,22,28,EDM,SJS,3,0,28,18,0.325,0.675,0,0,0,0,4,4,10,14,25,11,6,10,3,4
2024021307,2025-04-17,KeyBank Center,Buffalo,4,7,PHI,BUF,4,5,24,31,0.490909,0.509091,1,0,0.5,0,2,4,10,14,17,14,11,12,10,8
2024021308,2025-04-17,Scotiabank Arena,Toronto,17,10,DET,TOR,3,4,34,20,0.355556,0.644444,1,0,0.5,0,4,4,13,17,16,11,14,20,4,7
2024021309,2025-04-17,Canadian Tire Centre,Ottawa,12,9,CAR,OTT,5,7,33,32,0.507937,0.492063,1,3,0.333333,0.333333,28,6,17,22,14,14,15,10,0,4
2024021310,2025-04-17,Madison Square Garden,New York,14,3,TBL,NYR,0,4,27,22,0.444444,0.555556,0,0,0,0,2,6,2,10,10,14,3,15,10,6
2024021311,2025-04-17,PPG Paints Arena,Pittsburgh,15,5,WSH,PIT,2,5,20,38,0.5,0.5,1,1,0.5,0.5,4,4,16,24,20,8,15,14,2,6
2024021312,2025-04-17,Nationwide Arena,Columbus,2,29,NYI,CBJ,1,6,37,26,0.571429,0.428571,0,0,0,0,0,2,8,9,18,15,10,13,13,7
