player_id,first_name,last_name,birth_date,is_active,position,shoots_catches,height_inches,height_cm,weight_lbs,weight_kg,birth_city,birth_country,draft_year,draft_team,draft_round,draft_pick_in_round,draft_overall_pick,head_shot,hero_image
8474593,Jacob,Markstrom,1990-01-31,True,G,L,78,198,207,94,Gavle,SWE,2008,FLA,2,1,31,https://assets.nhle.com/mugs/nhl/20252026/NJD/8474593.png,https://assets.nhle.com/mugs/actionshots/1296x729/8474593.jpg
8474596,Jake,Allen,1990-08-07,True,G,L,74,188,197,89,Fredericton,CAN,2008,STL,2,4,34,https://assets.nhle.com/mugs/nhl/20252026/NJD/8474596.png,https://assets.nhle.com/mugs/actionshots/1296x729/8474596.jpg
8475193,Tomas,Tatar,1990-12-01,False,L,L,70,178,173,78,Ilava,SVK,2009,DET,2,30,60,https://assets.nhle.com/mugs/nhl/latest/8475193.png,https://assets.nhle.com/mugs/actionshots/1296x729/8475193.jpg
8475287,Erik,Haula,1991-03-23,True,L,L,71,180,191,87,Pori,FIN,2009,MIN,7,2,182,https://assets.nhle.com/mugs/nhl/20252026/NSH/8475287.png,https://assets.nhle.com/mugs/actionshots/1296x729/8475287.jpg
8475455,Brenden,Dillon,1990-11-13,True,D,L,76,193,225,102,New Westminster,CAN,NaN,NaN,NaN,NaN,NaN,https://assets.nhle.com/mugs/nhl/20252026/NJD/8475455.png,https://assets.nhle.com/mugs/actionshots/1296x729/8475455.jpg
8475722,Jason,Zucker,1992-01-16,True,L,L,71,180,195,88,Newport Beach,USA,2010,MIN,2,29,59,https://assets.nhle.com/mugs/nhl/20252026/BUF/8475722.png,https://assets.nhle.com/mugs/actionshots/1296x729/8475722.jpg
8476292,Ondrej,Palat,1991-03-28,True,L,L,72,183,194,88,Frydek-Mistek,CZE,2011,TBL,7,27,208,https://assets.nhle.com/mugs/nhl/20252026/NJD/8476292.png,https://assets.nhle.com/mugs/actionshots/1296x729/8476292.jpg
8476462,Dougie,Hamilton,1993-06-17,True,D,R,78,198,230,104,Toronto,CAN,2011,BOS,1,9,9,https://assets.nhle.com/mugs/nhl/20252026/NJD/8476462.png,https://assets.nhle.com/mugs/actionshots/1296x729/8476462.jpg
8476474,Stefan,Noesen,1993-02-12,True,R,R,73,185,205,93,Plano,USA,2011,OTT,1,21,21,https://assets.nhle.com/mugs/nhl/20252026/NJD/8476474.png,https://assets.nhle.com/mugs/actionshots/1296x729/8476474.jpg
8477365,Connor,Clifton,1995-04-28,True,D,R,71,180,195,88,Matawan,USA,2013,PHX,5,12,133,https://assets.nhle.com/mugs/nhl/20252026/PIT/8477365.png,https://assets.nhle.com/mugs/actionshots/1296x729/8477365.jpg
8477508,Curtis,Lazar,1995-02-02,True,C,R,72,183,203,92,Salmon Arm,CAN,2013,OTT,1,17,17,https://assets.nhle.com/mugs/nhl/20252026/EDM/8477508.png,https://assets.nhle.com/mugs/actionshots/1296x729/8477508.jpg
8477949,Alex,Tuch,1996-05-10,True,R,R,76,193,219,99,Syracuse,USA,2014,MIN,1,18,18,https://assets.nhle.com/mugs/nhl/20252026/BUF/8477949.png,https://assets.nhle.com/mugs/actionshots/1296x729/8477949.jpg
8477979,Nicolas,Aube-Kubel,1996-05-10,True,R,R,72,183,213,97,Slave Lake,CAN,2014,PHI,2,18,48,https://assets.nhle.com/mugs/nhl/20252026/MIN/8477979.png,https://assets.nhle.com/mugs/actionshots/1296x729/8477979.jpg
8478043,Sam,Lafferty,1995-03-06,True,C,R,74,188,205,93,Hollidaysburg,USA,2014,PIT,4,23,113,https://assets.nhle.com/mugs/nhl/20252026/CHI/8478043.png,https://assets.nhle.com/mugs/actionshots/1296x729/8478043.jpg
8478399,Jonas,Siegenthaler,1997-05-06,True,D,L,74,188,218,99,Zurich,SUI,2015,WSH,2,27,57,https://assets.nhle.com/mugs/nhl/20252026/NJD/8478399.png,https://assets.nhle.com/mugs/actionshots/1296x729/8478399.jpg
8478413,Jordan,Greenway,1997-02-16,True,L,L,78,198,231,105,Canton,USA,2015,MIN,2,20,50,https://assets.nhle.com/mugs/nhl/20252026/BUF/8478413.png,https://assets.nhle.com/mugs/actionshots/1296x729/8478413.jpg
8478414,Timo,Meier,1996-10-08,True,R,L,73,185,220,100,Herisau,SUI,2015,SJS,1,9,9,https://assets.nhle.com/mugs/nhl/20252026/NJD/8478414.png,https://assets.nhle.com/mugs/actionshots/1296x729/8478414.jpg
8479359,Beck,Malenstyn,1998-02-04,True,L,L,75,191,209,95,Delta,CAN,2016,WSH,5,24,145,https://assets.nhle.com/mugs/nhl/20252026/BUF/8479359.png,https://assets.nhle.com/mugs/actionshots/1296x729/8479359.jpg
8479407,Jesper,Bratt,1998-07-30,True,L,L,70,178,175,79,Stockholm,SWE,2016,NJD,6,11,162,https://assets.nhle.com/mugs/nhl/20252026/NJD/8479407.png,https://assets.nhle.com/mugs/actionshots/1296x729/8479407.jpg
8479414,Nathan,Bastian,1997-12-06,True,R,R,76,193,205,93,Kitchener,CAN,2016,NJD,2,11,41,https://assets.nhle.com/mugs/nhl/20252026/DAL/8479414.png,https://assets.nhle.com/mugs/actionshots/1296x729/8479414.jpg
8479420,Tage,Thompson,1997-10-30,True,C,R,78,198,220,100,Phoenix,USA,2016,STL,1,26,26,https://assets.nhle.com/mugs/nhl/20252026/BUF/8479420.png,https://assets.nhle.com/mugs/actionshots/1296x729/8479420.jpg
8480002,Nico,Hischier,1999-01-04,True,C,L,73,185,200,91,Maters,SUI,2017,NJD,1,1,1,https://assets.nhle.com/mugs/nhl/20252026/NJD/8480002.png,https://assets.nhle.com/mugs/actionshots/1296x729/8480002.jpg
8480035,Henri,Jokiharju,1999-06-17,True,D,R,72,183,200,91,Oulu,FIN,2017,CHI,1,29,29,https://assets.nhle.com/mugs/nhl/20252026/BOS/8480035.png,https://assets.nhle.com/mugs/actionshots/1296x729/8480035.jpg
8480045,Ukko-Pekka,Luukkonen,1999-03-09,True,G,L,77,196,223,101,Espoo,FIN,2017,BUF,2,23,54,https://assets.nhle.com/mugs/nhl/20252026/BUF/8480045.png,https://assets.nhle.com/mugs/actionshots/1296x729/8480045.jpg
8480192,Johnathan,Kovacevic,1997-07-12,True,D,R,77,196,223,101,Hamilton,CAN,2017,WPG,3,12,74,https://assets.nhle.com/mugs/nhl/20252026/NJD/8480192.png,https://assets.nhle.com/mugs/actionshots/1296x729/8480192.jpg
8480802,Ryan,McLeod,1999-09-21,True,C,L,75,191,188,85,Mississauga,CAN,2018,EDM,2,9,40,https://assets.nhle.com/mugs/nhl/20252026/BUF/8480802.png,https://assets.nhle.com/mugs/actionshots/1296x729/8480802.jpg
8480807,Mattias,Samuelsson,2000-03-14,True,D,L,76,193,227,103,Philadelphia,USA,2018,BUF,2,1,32,https://assets.nhle.com/mugs/nhl/20252026/BUF/8480807.png,https://assets.nhle.com/mugs/actionshots/1296x729/8480807.jpg
8480839,Rasmus,Dahlin,2000-04-13,True,D,L,75,191,204,93,Lidkoping,SWE,2018,BUF,1,1,1,https://assets.nhle.com/mugs/nhl/20252026/BUF/8480839.png,https://assets.nhle.com/mugs/actionshots/1296x729/8480839.jpg
8481032,Paul,Cotter,1999-11-16,True,C,L,74,188,213,97,Canton,USA,2018,VGK,4,22,115,https://assets.nhle.com/mugs/nhl/20252026/NJD/8481032.png,https://assets.nhle.com/mugs/actionshots/1296x729/8481032.jpg
8481524,Bowen,Byram,2001-06-13,True,D,L,73,185,205,93,Cranbrook,CAN,2019,COL,1,4,4,https://assets.nhle.com/mugs/nhl/20252026/BUF/8481524.png,https://assets.nhle.com/mugs/actionshots/1296x729/8481524.jpg
8481528,Dylan,Cozens,2001-02-09,True,C,R,75,191,207,94,Whitehorse,CAN,2019,BUF,1,7,7,https://assets.nhle.com/mugs/nhl/20252026/OTT/8481528.png,https://assets.nhle.com/mugs/actionshots/1296x729/8481528.jpg
8481559,Jack,Hughes,2001-05-14,True,C,L,71,180,175,79,Orlando,USA,2019,NJD,1,1,1,https://assets.nhle.com/mugs/nhl/20252026/NJD/8481559.png,https://assets.nhle.com/mugs/actionshots/1296x729/8481559.jpg
8482097,Jack,Quinn,2001-09-19,True,R,R,73,185,185,84,Ottawa,CAN,2020,BUF,1,8,8,https://assets.nhle.com/mugs/nhl/20252026/BUF/8482097.png,https://assets.nhle.com/mugs/actionshots/1296x729/8482097.jpg
8482110,Dawson,Mercer,2001-10-27,True,C,R,72,183,180,82,Carbonear,CAN,2020,NJD,1,18,18,https://assets.nhle.com/mugs/nhl/20252026/NJD/8482110.png,https://assets.nhle.com/mugs/actionshots/1296x729/8482110.jpg
8482175,JJ,Peterka,2002-01-14,True,R,L,72,183,189,86,Munich,GER,2020,BUF,2,3,34,https://assets.nhle.com/mugs/nhl/20252026/UTA/8482175.png,https://assets.nhle.com/mugs/actionshots/1296x729/8482175.jpg
8482221,Devon,Levi,2001-12-27,True,G,L,72,183,192,87,Dollard-des-Ormeaux,CAN,2020,FLA,7,26,212,https://assets.nhle.com/mugs/nhl/20252026/BUF/8482221.png,https://assets.nhle.com/mugs/actionshots/1296x729/8482221.jpg
8482671,Owen,Power,2002-11-22,True,D,L,78,198,226,103,Mississauga,CAN,2021,BUF,1,1,1,https://assets.nhle.com/mugs/nhl/20252026/BUF/8482671.png,https://assets.nhle.com/mugs/actionshots/1296x729/8482671.jpg
8483429,Seamus,Casey,2004-01-08,True,D,R,70,178,162,73,Miami,USA,2022,NJD,2,14,46,https://assets.nhle.com/mugs/nhl/20252026/NJD/8483429.png,https://assets.nhle.com/mugs/actionshots/1296x729/8483429.jpg
8483495,Simon,Nemec,2004-02-15,True,D,R,73,185,190,86,Liptovský Mikuláš,SVK,2022,NJD,1,2,2,https://assets.nhle.com/mugs/nhl/20252026/NJD/8483495.png,https://assets.nhle.com/mugs/actionshots/1296x729/8483495.jpg
8484145,Zach,Benson,2005-05-12,True,L,L,70,178,170,77,Chilliwack,CAN,2023,BUF,1,13,13,https://assets.nhle.com/mugs/nhl/20252026/BUF/8484145.png,https://assets.nhle.com/mugs/actionshots/1296x729/8484145.jpg
8477073,Kurtis,MacDermid,1994-03-25,True,L,L,77,196,233,106,Quebec City,CAN,NaN,NaN,NaN,NaN,NaN,https://assets.nhle.com/mugs/nhl/20252026/NJD/8477073.png,https://assets.nhle.com/mugs/actionshots/1296x729/8477073.jpg
8481522,Peyton,Krebs,2001-01-26,True,C,L,72,183,186,84,Calgary,CAN,2019,VGK,1,17,17,https://assets.nhle.com/mugs/nhl/20252026/BUF/8481522.png,https://assets.nhle.com/mugs/actionshots/1296x729/8481522.jpg
8483468,Jiri,Kulich,2004-04-14,True,C,L,73,185,190,86,Kadan,CZE,2022,BUF,1,28,28,https://assets.nhle.com/mugs/nhl/20252026/BUF/8483468.png,https://assets.nhle.com/mugs/actionshots/1296x729/8483468.jpg
8470600,Ryan,Suter,1985-01-21,False,D,L,73,185,201,91,Madison,USA,2003,NSH,1,7,7,https://assets.nhle.com/mugs/nhl/latest/8470600.png,https://assets.nhle.com/mugs/actionshots/1296x729/8470600.jpg
8474586,Jordan,Eberle,1990-05-15,True,R,R,71,180,180,82,Regina,CAN,2008,EDM,1,22,22,https://assets.nhle.com/mugs/nhl/20252026/SEA/8474586.png,https://assets.nhle.com/mugs/actionshots/1296x729/8474586.jpg
8475170,Brayden,Schenn,1991-08-22,True,C,L,73,185,199,90,Saskatoon,CAN,2009,LAK,1,5,5,https://assets.nhle.com/mugs/nhl/20252026/STL/8475170.png,https://assets.nhle.com/mugs/actionshots/1296x729/8475170.jpg
8475181,Nick,Leddy,1991-03-20,True,D,L,72,183,205,93,Eden Prairie,USA,2009,MIN,1,16,16,https://assets.nhle.com/mugs/nhl/20252026/SJS/8475181.png,https://assets.nhle.com/mugs/actionshots/1296x729/8475181.jpg
8475753,Justin,Faulk,1992-03-20,True,D,R,72,183,214,97,South St. Paul,USA,2010,CAR,2,7,37,https://assets.nhle.com/mugs/nhl/20252026/STL/8475753.png,https://assets.nhle.com/mugs/actionshots/1296x729/8475753.jpg
8475768,Jaden,Schwartz,1992-06-25,True,C,L,70,178,185,84,Wilcox,CAN,2010,STL,1,14,14,https://assets.nhle.com/mugs/nhl/20252026/SEA/8475768.png,https://assets.nhle.com/mugs/actionshots/1296x729/8475768.jpg
8475831,Philipp,Grubauer,1991-11-25,True,G,L,73,185,188,85,Rosenheim,GER,2010,WSH,4,22,112,https://assets.nhle.com/mugs/nhl/20252026/SEA/8475831.png,https://assets.nhle.com/mugs/actionshots/1296x729/8475831.jpg
8476412,Jordan,Binnington,1993-07-11,True,G,L,74,188,172,78,Richmond Hill,CAN,2011,STL,3,27,88,https://assets.nhle.com/mugs/nhl/20252026/STL/8476412.png,https://assets.nhle.com/mugs/actionshots/1296x729/8476412.jpg
8476457,Adam,Larsson,1992-11-12,True,D,R,75,191,207,94,Skelleftea,SWE,2011,NJD,1,4,4,https://assets.nhle.com/mugs/nhl/20252026/SEA/8476457.png,https://assets.nhle.com/mugs/actionshots/1296x729/8476457.jpg
8476467,Jamie,Oleksiak,1992-12-21,True,D,L,79,201,252,114,Toronto,CAN,2011,DAL,1,14,14,https://assets.nhle.com/mugs/nhl/20252026/SEA/8476467.png,https://assets.nhle.com/mugs/actionshots/1296x729/8476467.jpg
8476826,Yanni,Gourde,1991-12-15,True,C,L,69,175,174,79,Saint-Narcisse,CAN,NaN,NaN,NaN,NaN,NaN,https://assets.nhle.com/mugs/nhl/20252026/TBL/8476826.png,https://assets.nhle.com/mugs/actionshots/1296x729/8476826.jpg
8476889,Radek,Faksa,1994-01-09,True,C,L,75,191,215,98,Vitkov,CZE,2012,DAL,1,13,13,https://assets.nhle.com/mugs/nhl/20252026/DAL/8476889.png,https://assets.nhle.com/mugs/actionshots/1296x729/8476889.jpg
8476892,Colton,Parayko,1993-05-12,True,D,R,78,198,228,103,St. Albert,CAN,2012,STL,3,25,86,https://assets.nhle.com/mugs/nhl/20252026/STL/8476892.png,https://assets.nhle.com/mugs/actionshots/1296x729/8476892.jpg
8476905,Chandler,Stephenson,1994-04-22,True,C,L,72,183,201,91,Saskatoon,CAN,2012,WSH,3,16,77,https://assets.nhle.com/mugs/nhl/20252026/SEA/8476905.png,https://assets.nhle.com/mugs/actionshots/1296x729/8476905.jpg
8477402,Pavel,Buchnevich,1995-04-17,True,L,L,73,185,196,89,Cherepovets,RUS,2013,NYR,3,14,75,https://assets.nhle.com/mugs/nhl/20252026/STL/8477402.png,https://assets.nhle.com/mugs/actionshots/1296x729/8477402.jpg
8477416,Oliver,Bjorkstrand,1995-04-10,True,R,R,72,183,175,79,Herning,DEN,2013,CBJ,3,28,89,https://assets.nhle.com/mugs/nhl/20252026/TBL/8477416.png,https://assets.nhle.com/mugs/actionshots/1296x729/8477416.jpg
8477444,Andre,Burakovsky,1995-02-09,True,L,L,75,191,203,92,Klagenfurt,AUT,2013,WSH,1,23,23,https://assets.nhle.com/mugs/nhl/20252026/CHI/8477444.png,https://assets.nhle.com/mugs/actionshots/1296x729/8477444.jpg
8477573,Nathan,Walker,1994-02-07,True,L,L,69,175,187,85,Cardiff,GBR,2014,WSH,3,29,89,https://assets.nhle.com/mugs/nhl/20252026/STL/8477573.png,https://assets.nhle.com/mugs/actionshots/1296x729/8477573.jpg
8477953,Kasperi,Kapanen,1996-07-23,True,R,R,73,185,194,88,Kuopio,FIN,2014,PIT,1,22,22,https://assets.nhle.com/mugs/nhl/20252026/EDM/8477953.png,https://assets.nhle.com/mugs/actionshots/1296x729/8477953.jpg
8477955,Jared,McCann,1996-05-31,True,L,L,73,185,191,87,Stratford,CAN,2014,VAN,1,24,24,https://assets.nhle.com/mugs/nhl/20252026/SEA/8477955.png,https://assets.nhle.com/mugs/actionshots/1296x729/8477955.jpg
8477986,Brandon,Montour,1994-04-11,True,D,R,72,183,199,90,Brantford,CAN,2014,ANA,2,25,55,https://assets.nhle.com/mugs/nhl/20252026/SEA/8477986.png,https://assets.nhle.com/mugs/actionshots/1296x729/8477986.jpg
8478407,Vince,Dunn,1996-10-29,True,D,L,72,183,200,91,Mississauga,CAN,2015,STL,2,26,56,https://assets.nhle.com/mugs/nhl/20252026/SEA/8478407.png,https://assets.nhle.com/mugs/actionshots/1296x729/8478407.jpg
8478472,Mathieu,Joseph,1997-02-09,True,R,L,73,185,186,84,Laval,CAN,2015,TBL,4,29,120,https://assets.nhle.com/mugs/nhl/20252026/STL/8478472.png,https://assets.nhle.com/mugs/actionshots/1296x729/8478472.jpg
8478840,Will,Borgen,1996-12-19,True,D,R,75,191,204,93,Moorhead,USA,2015,BUF,4,1,92,https://assets.nhle.com/mugs/nhl/20252026/NYR/8478840.png,https://assets.nhle.com/mugs/actionshots/1296x729/8478840.jpg
8478916,Joey,Daccord,1996-08-19,True,G,L,74,188,201,91,Boston,USA,2015,OTT,7,18,199,https://assets.nhle.com/mugs/nhl/20252026/SEA/8478916.png,https://assets.nhle.com/mugs/actionshots/1296x729/8478916.jpg
8479293,Brandon,Tanev,1991-12-31,True,L,L,72,183,189,86,Toronto,CAN,NaN,NaN,NaN,NaN,NaN,https://assets.nhle.com/mugs/nhl/20252026/UTA/8479293.png,https://assets.nhle.com/mugs/actionshots/1296x729/8479293.jpg
8479385,Jordan,Kyrou,1998-05-05,True,R,R,73,185,196,89,Toronto,CAN,2016,STL,2,5,35,https://assets.nhle.com/mugs/nhl/20252026/STL/8479385.png,https://assets.nhle.com/mugs/actionshots/1296x729/8479385.jpg
8480009,Eeli,Tolvanen,1999-04-22,True,R,L,70,178,182,83,Vihti,FIN,2017,NSH,1,30,30,https://assets.nhle.com/mugs/nhl/20252026/SEA/8480009.png,https://assets.nhle.com/mugs/actionshots/1296x729/8480009.jpg
8480023,Robert,Thomas,1999-07-02,True,C,R,72,183,207,94,Aurora,CAN,2017,STL,1,20,20,https://assets.nhle.com/mugs/nhl/20252026/STL/8480023.png,https://assets.nhle.com/mugs/actionshots/1296x729/8480023.jpg
8480074,Alexandre,Texier,1999-09-13,True,L,L,73,185,201,91,Saint-Martin-d'Hères,FRA,2017,CBJ,2,14,45,https://assets.nhle.com/mugs/nhl/20252026/STL/8480074.png,https://assets.nhle.com/mugs/actionshots/1296x729/8480074.jpg
8480281,Alexey,Toropchenko,1999-06-25,True,R,L,78,198,222,101,Moscow,RUS,2017,STL,4,20,113,https://assets.nhle.com/mugs/nhl/20252026/STL/8480281.png,https://assets.nhle.com/mugs/actionshots/1296x729/8480281.jpg
8480981,Joel,Hofer,2000-07-30,True,G,L,77,196,179,81,Winnipeg,CAN,2018,STL,4,14,107,https://assets.nhle.com/mugs/nhl/20252026/STL/8480981.png,https://assets.nhle.com/mugs/actionshots/1296x729/8480981.jpg
8481598,Philip,Broberg,2001-06-25,True,D,L,76,193,212,96,Orebro,SWE,2019,EDM,1,8,8,https://assets.nhle.com/mugs/nhl/20252026/STL/8481598.png,https://assets.nhle.com/mugs/actionshots/1296x729/8481598.jpg
8481789,Tye,Kartye,2001-04-30,True,L,L,71,180,202,92,Kingston,CAN,NaN,NaN,NaN,NaN,NaN,https://assets.nhle.com/mugs/nhl/20252026/SEA/8481789.png,https://assets.nhle.com/mugs/actionshots/1296x729/8481789.jpg
8482077,Dylan,Holloway,2001-09-23,True,L,L,73,185,206,93,Calgary,CAN,2020,EDM,1,14,14,https://assets.nhle.com/mugs/nhl/20252026/STL/8482077.png,https://assets.nhle.com/mugs/actionshots/1296x729/8482077.jpg
8482089,Jake,Neighbours,2002-03-29,True,L,L,72,183,201,91,Calgary,CAN,2020,STL,1,26,26,https://assets.nhle.com/mugs/nhl/20252026/STL/8482089.png,https://assets.nhle.com/mugs/actionshots/1296x729/8482089.jpg
8482516,Matthew,Kessel,2000-06-23,True,D,R,74,188,205,93,Bloomfield Hills,USA,2020,STL,5,26,150,https://assets.nhle.com/mugs/nhl/20252026/STL/8482516.png,https://assets.nhle.com/mugs/actionshots/1296x729/8482516.jpg
8482665,Matty,Beniers,2002-11-05,True,C,L,74,188,181,82,Hingham,USA,2021,SEA,1,2,2,https://assets.nhle.com/mugs/nhl/20252026/SEA/8482665.png,https://assets.nhle.com/mugs/actionshots/1296x729/8482665.jpg
8482858,Ryker,Evans,2001-12-13,True,D,L,72,183,195,88,Calgary,CAN,2021,SEA,2,3,35,https://assets.nhle.com/mugs/nhl/20252026/SEA/8482858.png,https://assets.nhle.com/mugs/actionshots/1296x729/8482858.jpg
8483524,Shane,Wright,2004-01-05,True,C,R,72,183,192,87,Burlington,CAN,2022,SEA,1,4,4,https://assets.nhle.com/mugs/nhl/20252026/SEA/8483524.png,https://assets.nhle.com/mugs/actionshots/1296x729/8483524.jpg
8473419,Brad,Marchand,1988-05-11,True,C,L,69,175,180,82,Halifax,CAN,2006,BOS,3,8,71,https://assets.nhle.com/mugs/nhl/20252026/FLA/8473419.png,https://assets.nhle.com/mugs/actionshots/1296x729/8473419.jpg
8475179,Dmitry,Kulikov,1990-10-29,True,D,L,73,185,212,96,Lipetsk,RUS,2009,FLA,1,14,14,https://assets.nhle.com/mugs/nhl/20252026/FLA/8475179.png,https://assets.nhle.com/mugs/actionshots/1296x729/8475179.jpg
8475683,Sergei,Bobrovsky,1988-09-20,True,G,L,74,188,180,82,Novokuznetsk,RUS,NaN,NaN,NaN,NaN,NaN,https://assets.nhle.com/mugs/nhl/20252026/FLA/8475683.png,https://assets.nhle.com/mugs/actionshots/1296x729/8475683.jpg
8475745,Charlie,Coyle,1992-03-02,True,C,R,75,191,215,98,East Weymouth,USA,2010,SJS,1,28,28,https://assets.nhle.com/mugs/nhl/20252026/CBJ/8475745.png,https://assets.nhle.com/mugs/actionshots/1296x729/8475745.jpg
8476854,Hampus,Lindholm,1994-01-20,True,D,L,76,193,224,102,Helsingborg,SWE,2012,ANA,1,6,6,https://assets.nhle.com/mugs/nhl/20252026/BOS/8476854.png,https://assets.nhle.com/mugs/actionshots/1296x729/8476854.jpg
8476904,Chris,Driedger,1994-05-18,False,G,L,76,193,210,95,Winnipeg,CAN,2012,OTT,3,15,76,https://assets.nhle.com/mugs/nhl/latest/8476904.png,https://assets.nhle.com/mugs/actionshots/1296x729/8476904.jpg
8476914,Joonas,Korpisalo,1994-04-28,True,G,L,75,191,199,90,Pori,FIN,2012,CBJ,3,1,62,https://assets.nhle.com/mugs/nhl/20252026/BOS/8476914.png,https://assets.nhle.com/mugs/actionshots/1296x729/8476914.jpg
8477409,Carter,Verhaeghe,1995-08-14,True,C,L,74,188,183,83,Toronto,CAN,2013,TOR,3,21,82,https://assets.nhle.com/mugs/nhl/20252026/FLA/8477409.png,https://assets.nhle.com/mugs/actionshots/1296x729/8477409.jpg
8477493,Aleksander,Barkov,1995-09-02,True,C,L,75,191,214,97,Tampere,FIN,2013,FLA,1,2,2,https://assets.nhle.com/mugs/nhl/20252026/FLA/8477493.png,https://assets.nhle.com/mugs/actionshots/1296x729/8477493.jpg
8477496,Elias,Lindholm,1994-12-02,True,C,R,73,185,202,92,Boden,SWE,2013,CAR,1,5,5,https://assets.nhle.com/mugs/nhl/20252026/BOS/8477496.png,https://assets.nhle.com/mugs/actionshots/1296x729/8477496.jpg
8477507,Nikita,Zadorov,1995-04-16,True,D,L,78,198,248,112,Moscow,RUS,2013,BUF,1,16,16,https://assets.nhle.com/mugs/nhl/20252026/BOS/8477507.png,https://assets.nhle.com/mugs/actionshots/1296x729/8477507.jpg
8477932,Aaron,Ekblad,1996-02-07,True,D,R,76,193,220,100,Windsor,CAN,2014,FLA,1,1,1,https://assets.nhle.com/mugs/nhl/20252026/FLA/8477932.png,https://assets.nhle.com/mugs/actionshots/1296x729/8477932.jpg
8477933,Sam,Reinhart,1995-11-06,True,C,R,73,185,196,89,West Vancouver,CAN,2014,BUF,1,2,2,https://assets.nhle.com/mugs/nhl/20252026/FLA/8477933.png,https://assets.nhle.com/mugs/actionshots/1296x729/8477933.jpg
8477935,Sam,Bennett,1996-06-20,True,C,L,73,185,193,88,Holland Landing,CAN,2014,CGY,1,4,4,https://assets.nhle.com/mugs/nhl/20252026/FLA/8477935.png,https://assets.nhle.com/mugs/actionshots/1296x729/8477935.jpg
8477956,David,Pastrnak,1996-05-25,True,R,R,72,183,200,91,Havirov,CZE,2014,BOS,1,25,25,https://assets.nhle.com/mugs/nhl/20252026/BOS/8477956.png,https://assets.nhle.com/mugs/actionshots/1296x729/8477956.jpg
8478055,Gustav,Forsling,1996-06-12,True,D,L,73,185,199,90,Linkoping,SWE,2014,VAN,5,6,126,https://assets.nhle.com/mugs/nhl/20252026/FLA/8478055.png,https://assets.nhle.com/mugs/actionshots/1296x729/8478055.jpg
8478401,Pavel,Zacha,1997-04-06,True,C,L,75,191,206,93,Brno,CZE,2015,NJD,1,6,6,https://assets.nhle.com/mugs/nhl/20252026/BOS/8478401.png,https://assets.nhle.com/mugs/actionshots/1296x729/8478401.jpg
8478421,A.J.,Greer,1996-12-14,True,L,L,75,191,209,95,Joliette,CAN,2015,COL,2,9,39,https://assets.nhle.com/mugs/nhl/20252026/FLA/8478421.png,https://assets.nhle.com/mugs/actionshots/1296x729/8478421.jpg
8478443,Brandon,Carlo,1996-11-26,True,D,R,77,196,220,100,Colorado Springs,USA,2015,BOS,2,7,37,https://assets.nhle.com/mugs/nhl/20252026/TOR/8478443.png,https://assets.nhle.com/mugs/actionshots/1296x729/8478443.jpg
8478542,Evan,Rodrigues,1993-07-28,True,C,R,71,180,182,83,Toronto,CAN,NaN,NaN,NaN,NaN,NaN,https://assets.nhle.com/mugs/nhl/20252026/FLA/8478542.png,https://assets.nhle.com/mugs/actionshots/1296x729/8478542.jpg
8478859,Niko,Mikkola,1996-04-27,True,D,L,78,198,204,93,Kiiminki,FIN,2015,STL,5,6,127,https://assets.nhle.com/mugs/nhl/20252026/FLA/8478859.png,https://assets.nhle.com/mugs/actionshots/1296x729/8478859.jpg
8479314,Matthew,Tkachuk,1997-12-11,True,L,L,74,188,202,92,Scottsdale,USA,2016,CGY,1,6,6,https://assets.nhle.com/mugs/nhl/20252026/FLA/8479314.png,https://assets.nhle.com/mugs/actionshots/1296x729/8479314.jpg
8479325,Charlie,McAvoy,1997-12-21,True,D,R,73,185,213,97,Long Beach,USA,2016,BOS,1,14,14,https://assets.nhle.com/mugs/nhl/20252026/BOS/8479325.png,https://assets.nhle.com/mugs/actionshots/1296x729/8479325.jpg
8479365,Trent,Frederic,1998-02-11,True,C,L,75,191,221,100,St. Louis,USA,2016,BOS,1,29,29,https://assets.nhle.com/mugs/nhl/20252026/EDM/8479365.png,https://assets.nhle.com/mugs/actionshots/1296x729/8479365.jpg
8479368,Max,Jones,1998-02-17,True,L,L,75,191,216,98,Rochester,USA,2016,ANA,1,24,24,https://assets.nhle.com/mugs/nhl/20252026/EDM/8479368.png,https://assets.nhle.com/mugs/actionshots/1296x729/8479368.jpg
8479369,Andrew,Peeke,1998-03-17,True,D,R,75,191,214,97,Parkland,USA,2016,CBJ,2,4,34,https://assets.nhle.com/mugs/nhl/20252026/BOS/8479369.png,https://assets.nhle.com/mugs/actionshots/1296x729/8479369.jpg
8479638,Justin,Brazeau,1998-02-02,True,R,R,78,198,227,103,New Liskeard,CAN,NaN,NaN,NaN,NaN,NaN,https://assets.nhle.com/mugs/nhl/20252026/PIT/8479638.png,https://assets.nhle.com/mugs/actionshots/1296x729/8479638.jpg
8479981,Jonah,Gadjovich,1998-10-12,True,L,L,75,191,211,96,Whitby,CAN,2017,VAN,2,24,55,https://assets.nhle.com/mugs/nhl/20252026/FLA/8479981.png,https://assets.nhle.com/mugs/actionshots/1296x729/8479981.jpg
8479987,Morgan,Geekie,1998-07-20,True,C,R,75,191,208,94,Strathclair,CAN,2017,CAR,3,5,67,https://assets.nhle.com/mugs/nhl/20252026/BOS/8479987.png,https://assets.nhle.com/mugs/actionshots/1296x729/8479987.jpg
8480003,Jesper,Boqvist,1998-10-30,True,C,L,73,185,191,87,Falun,SWE,2017,NJD,2,5,36,https://assets.nhle.com/mugs/nhl/20252026/FLA/8480003.png,https://assets.nhle.com/mugs/actionshots/1296x729/8480003.jpg
8480185,Eetu,Luostarinen,1998-09-02,True,C,L,75,191,191,87,Siilinjarvi,FIN,2017,CAR,2,11,42,https://assets.nhle.com/mugs/nhl/20252026/FLA/8480185.png,https://assets.nhle.com/mugs/actionshots/1296x729/8480185.jpg
8480280,Jeremy,Swayman,1998-11-24,True,G,L,75,191,195,88,Anchorage,USA,2017,BOS,4,18,111,https://assets.nhle.com/mugs/nhl/20252026/BOS/8480280.png,https://assets.nhle.com/mugs/actionshots/1296x729/8480280.jpg
8480355,Mark,Kastelic,1999-03-11,True,C,R,76,193,227,103,Phoenix,USA,2019,OTT,5,1,125,https://assets.nhle.com/mugs/nhl/20252026/BOS/8480355.png,https://assets.nhle.com/mugs/actionshots/1296x729/8480355.jpg
8480871,Adam,Boqvist,2000-08-15,True,D,R,72,183,191,87,Falun,SWE,2018,CHI,1,8,8,https://assets.nhle.com/mugs/nhl/20252026/NYI/8480871.png,https://assets.nhle.com/mugs/actionshots/1296x729/8480871.jpg
8481043,Cole,Koepke,1998-05-17,True,L,L,73,185,207,94,Two Harbors,USA,2018,TBL,6,28,183,https://assets.nhle.com/mugs/nhl/20252026/WPG/8481043.png,https://assets.nhle.com/mugs/actionshots/1296x729/8481043.jpg
8481556,John,Beecher,2001-04-05,True,C,L,75,191,220,100,Elmira,USA,2019,BOS,1,30,30,https://assets.nhle.com/mugs/nhl/20252026/BOS/8481556.png,https://assets.nhle.com/mugs/actionshots/1296x729/8481556.jpg
8482113,Anton,Lundell,2001-10-03,True,C,L,73,185,196,89,Espoo,FIN,2020,FLA,1,12,12,https://assets.nhle.com/mugs/nhl/20252026/FLA/8482113.png,https://assets.nhle.com/mugs/actionshots/1296x729/8482113.jpg
8482511,Mason,Lohrei,2001-01-17,True,D,L,77,196,220,100,Baton Rouge,USA,2020,BOS,2,27,58,https://assets.nhle.com/mugs/nhl/20252026/BOS/8482511.png,https://assets.nhle.com/mugs/actionshots/1296x729/8482511.jpg
8482713,Mackie,Samoskevich,2002-11-15,True,R,R,71,180,180,82,Newtown,USA,2021,FLA,1,24,24,https://assets.nhle.com/mugs/nhl/20252026/FLA/8482713.png,https://assets.nhle.com/mugs/actionshots/1296x729/8482713.jpg
8484304,Uvis,Balinskis,1996-08-01,True,D,L,72,183,196,89,Ventspils,LAT,NaN,NaN,NaN,NaN,NaN,https://assets.nhle.com/mugs/nhl/20252026/FLA/8484304.png,https://assets.nhle.com/mugs/actionshots/1296x729/8484304.jpg
8473422,Nick,Foligno,1987-10-31,True,L,L,72,183,210,95,Buffalo,USA,2006,OTT,1,28,28,https://assets.nhle.com/mugs/nhl/20252026/CHI/8473422.png,https://assets.nhle.com/mugs/actionshots/1296x729/8473422.jpg
8474013,Ian,Cole,1989-02-21,True,D,L,73,185,237,108,Ann Arbor,USA,2007,STL,1,18,18,https://assets.nhle.com/mugs/nhl/20252026/UTA/8474013.png,https://assets.nhle.com/mugs/actionshots/1296x729/8474013.jpg
8474034,Patrick,Maroon,1988-04-23,False,L,L,75,191,234,106,St. Louis,USA,2007,PHI,6,10,161,https://assets.nhle.com/mugs/nhl/latest/8474034.png,https://assets.nhle.com/mugs/actionshots/1296x729/8474034.jpg
8474166,Alec,Martinez,1987-07-26,False,D,L,73,185,210,95,Rochester Hills,USA,2007,LAK,4,4,95,https://assets.nhle.com/mugs/nhl/latest/8474166.png,https://assets.nhle.com/mugs/actionshots/1296x729/8474166.jpg
8474673,TJ,Brodie,1990-06-07,False,D,L,74,188,187,85,Chatham,CAN,2008,CGY,4,23,114,https://assets.nhle.com/mugs/nhl/latest/8474673.png,https://assets.nhle.com/mugs/actionshots/1296x729/8474673.jpg
8475225,Craig,Smith,1989-09-05,False,C,R,73,185,203,92,Madison,USA,2009,NSH,4,7,98,https://assets.nhle.com/mugs/nhl/latest/8475225.png,https://assets.nhle.com/mugs/actionshots/1296x729/8475225.jpg
8475791,Taylor,Hall,1991-11-14,True,L,L,73,185,210,95,Calgary,CAN,2010,EDM,1,1,1,https://assets.nhle.com/mugs/nhl/20252026/CAR/8475791.png,https://assets.nhle.com/mugs/actionshots/1296x729/8475791.jpg
8475852,Petr,Mrazek,1992-02-14,True,G,L,74,188,188,85,Ostrava,CZE,2010,DET,5,21,141,https://assets.nhle.com/mugs/nhl/20252026/ANA/8475852.png,https://assets.nhle.com/mugs/actionshots/1296x729/8475852.jpg
8476473,Connor,Murphy,1993-03-26,True,D,R,76,193,212,96,Dublin,USA,2011,PHX,1,20,20,https://assets.nhle.com/mugs/nhl/20252026/CHI/8476473.png,https://assets.nhle.com/mugs/actionshots/1296x729/8476473.jpg
8476882,Teuvo,Teravainen,1994-09-11,True,C,L,71,180,191,87,Helsinki,FIN,2012,CHI,1,18,18,https://assets.nhle.com/mugs/nhl/20252026/CHI/8476882.png,https://assets.nhle.com/mugs/actionshots/1296x729/8476882.jpg
8477021,Alexander,Kerfoot,1994-08-11,True,C,L,71,180,185,84,Vancouver,CAN,2012,NJD,5,29,150,https://assets.nhle.com/mugs/nhl/20252026/UTA/8477021.png,https://assets.nhle.com/mugs/actionshots/1296x729/8477021.jpg
8477070,Liam,O'Brien,1994-07-29,True,C,L,73,185,215,98,Halifax,CAN,NaN,NaN,NaN,NaN,NaN,https://assets.nhle.com/mugs/nhl/20252026/UTA/8477070.png,https://assets.nhle.com/mugs/actionshots/1296x729/8477070.jpg
8477450,Jason,Dickinson,1995-07-04,True,C,L,74,188,200,91,Georgetown,CAN,2013,DAL,1,29,29,https://assets.nhle.com/mugs/nhl/20252026/CHI/8477450.png,https://assets.nhle.com/mugs/actionshots/1296x729/8477450.jpg
8477479,Tyler,Bertuzzi,1995-02-24,True,L,L,74,188,200,91,Sudbury,CAN,2013,DET,2,28,58,https://assets.nhle.com/mugs/nhl/20252026/CHI/8477479.png,https://assets.nhle.com/mugs/actionshots/1296x729/8477479.jpg
8477495,Seth,Jones,1994-10-03,True,D,R,76,193,213,97,Arlington,USA,2013,NSH,1,4,4,https://assets.nhle.com/mugs/nhl/20252026/FLA/8477495.png,https://assets.nhle.com/mugs/actionshots/1296x729/8477495.jpg
8477951,Nick,Schmaltz,1996-02-23,True,C,R,72,183,184,83,Madison,USA,2014,CHI,1,20,20,https://assets.nhle.com/mugs/nhl/20252026/UTA/8477951.png,https://assets.nhle.com/mugs/actionshots/1296x729/8477951.jpg
8477987,Ryan,Donato,1996-04-09,True,C,L,72,183,190,86,Boston,USA,2014,BOS,2,26,56,https://assets.nhle.com/mugs/nhl/20252026/CHI/8477987.png,https://assets.nhle.com/mugs/actionshots/1296x729/8477987.jpg
8478474,Lawson,Crouse,1997-06-23,True,L,L,76,193,214,97,Mt. Brydges,CAN,2015,FLA,1,11,11,https://assets.nhle.com/mugs/nhl/20252026/UTA/8478474.png,https://assets.nhle.com/mugs/actionshots/1296x729/8478474.jpg
8478831,Kevin,Stenlund,1996-09-20,True,C,R,75,191,213,97,Stockholm,SWE,2015,CBJ,2,28,58,https://assets.nhle.com/mugs/nhl/20252026/UTA/8478831.png,https://assets.nhle.com/mugs/actionshots/1296x729/8478831.jpg
8478872,Karel,Vejmelka,1996-05-25,True,G,R,76,193,221,100,Trebic,CZE,2015,NSH,5,24,145,https://assets.nhle.com/mugs/nhl/20252026/UTA/8478872.png,https://assets.nhle.com/mugs/actionshots/1296x729/8478872.jpg
8478971,Connor,Ingram,1997-03-31,True,G,L,73,185,218,99,Saskatoon,CAN,2016,TBL,3,27,88,https://assets.nhle.com/mugs/nhl/20252026/UTA/8478971.png,https://assets.nhle.com/mugs/actionshots/1296x729/8478971.jpg
8479315,Joey,Anderson,1998-06-19,True,R,R,72,183,207,94,Roseville,USA,2016,NJD,3,12,73,https://assets.nhle.com/mugs/nhl/20252026/CHI/8479315.png,https://assets.nhle.com/mugs/actionshots/1296x729/8479315.jpg
8479343,Clayton,Keller,1998-07-29,True,R,L,70,178,175,79,Chesterfield,USA,2016,ARI,1,7,7,https://assets.nhle.com/mugs/nhl/20252026/UTA/8479343.png,https://assets.nhle.com/mugs/actionshots/1296x729/8479343.jpg
8479410,Mikhail,Sergachev,1998-06-25,True,D,L,75,191,212,96,Nizhnekamsk,RUS,2016,MTL,1,9,9,https://assets.nhle.com/mugs/nhl/20252026/UTA/8479410.png,https://assets.nhle.com/mugs/actionshots/1296x729/8479410.jpg
8479976,Juuso,Välimäki,1998-10-06,True,D,L,74,188,201,91,Tampere,FIN,2017,CGY,1,16,16,https://assets.nhle.com/mugs/nhl/20252026/UTA/8479976.png,https://assets.nhle.com/mugs/actionshots/1296x729/8479976.jpg
8480434,Sean,Durzi,1998-10-21,True,D,R,73,185,196,89,Mississauga,CAN,2018,TOR,2,21,52,https://assets.nhle.com/mugs/nhl/20252026/UTA/8480434.png,https://assets.nhle.com/mugs/actionshots/1296x729/8480434.jpg
8480798,Philipp,Kurashev,1999-10-12,True,C,L,72,183,190,86,Munsingen,SUI,2018,CHI,4,27,120,https://assets.nhle.com/mugs/nhl/20252026/SJS/8480798.png,https://assets.nhle.com/mugs/actionshots/1296x729/8480798.jpg
8480849,Barrett,Hayton,2000-06-09,True,C,L,73,185,200,91,Peterborough,CAN,2018,ARI,1,5,5,https://assets.nhle.com/mugs/nhl/20252026/UTA/8480849.png,https://assets.nhle.com/mugs/actionshots/1296x729/8480849.jpg
8480855,Jack,McBain,2000-01-06,True,C,L,76,193,219,99,Toronto,CAN,2018,MIN,3,1,63,https://assets.nhle.com/mugs/nhl/20252026/UTA/8480855.png,https://assets.nhle.com/mugs/actionshots/1296x729/8480855.jpg
8480891,Michael,Kesselring,2000-01-13,True,D,R,77,196,215,98,Florence,USA,2018,EDM,6,9,164,https://assets.nhle.com/mugs/nhl/20252026/BUF/8480891.png,https://assets.nhle.com/mugs/actionshots/1296x729/8480891.jpg
8481568,Alex,Vlasic,2001-06-05,True,D,L,78,198,217,98,Wilmette,USA,2019,CHI,2,12,43,https://assets.nhle.com/mugs/nhl/20252026/CHI/8481568.png,https://assets.nhle.com/mugs/actionshots/1296x729/8481568.jpg
8481609,Vladislav,Kolyachonok,2001-05-26,True,D,L,74,188,195,88,Minsk,BLR,2019,FLA,2,21,52,https://assets.nhle.com/mugs/nhl/20252026/DAL/8481609.png,https://assets.nhle.com/mugs/actionshots/1296x729/8481609.jpg
8481624,Ilya,Mikheyev,1994-10-10,True,R,L,74,188,192,87,Omsk,RUS,NaN,NaN,NaN,NaN,NaN,https://assets.nhle.com/mugs/nhl/20252026/CHI/8481624.png,https://assets.nhle.com/mugs/actionshots/1296x729/8481624.jpg
8481711,Matias,Maccelli,2000-10-14,True,L,L,71,180,185,84,Turku,FIN,2019,ARI,4,5,98,https://assets.nhle.com/mugs/nhl/20252026/TOR/8481711.png,https://assets.nhle.com/mugs/actionshots/1296x729/8481711.jpg
8482659,Josh,Doan,2002-02-01,True,R,R,74,188,198,90,Scottsdale,USA,2021,ARI,2,5,37,https://assets.nhle.com/mugs/nhl/20252026/BUF/8482659.png,https://assets.nhle.com/mugs/actionshots/1296x729/8482659.jpg
8482699,Dylan,Guenther,2003-04-10,True,R,R,73,185,191,87,Edmonton,CAN,2021,ARI,1,9,9,https://assets.nhle.com/mugs/nhl/20252026/UTA/8482699.png,https://assets.nhle.com/mugs/actionshots/1296x729/8482699.jpg
8482700,Nolan,Allan,2003-04-28,True,D,L,74,188,195,88,Saskatoon,CAN,2021,CHI,1,32,32,https://assets.nhle.com/mugs/nhl/20252026/CHI/8482700.png,https://assets.nhle.com/mugs/actionshots/1296x729/8482700.jpg
8482821,Arvid,Soderblom,1999-08-19,True,G,L,75,191,180,82,Göteborg,SWE,NaN,NaN,NaN,NaN,NaN,https://assets.nhle.com/mugs/nhl/20252026/CHI/8482821.png,https://assets.nhle.com/mugs/actionshots/1296x729/8482821.jpg
8483431,Logan,Cooley,2004-05-04,True,C,L,72,183,191,87,Pittsburgh,USA,2022,ARI,1,3,3,https://assets.nhle.com/mugs/nhl/20252026/UTA/8483431.png,https://assets.nhle.com/mugs/actionshots/1296x729/8483431.jpg
8484144,Connor,Bedard,2005-07-17,True,C,R,70,178,185,84,North Vancouver,CAN,2023,CHI,1,1,1,https://assets.nhle.com/mugs/nhl/20252026/CHI/8484144.png,https://assets.nhle.com/mugs/actionshots/1296x729/8484144.jpg
8471817,Ryan,Reaves,1987-01-20,True,R,R,74,188,225,102,Winnipeg,CAN,2005,STL,5,31,156,https://assets.nhle.com/mugs/nhl/20252026/SJS/8471817.png,https://assets.nhle.com/mugs/actionshots/1296x729/8471817.jpg
8474157,Max,Pacioretty,1988-11-20,False,L,L,74,188,217,98,New Canaan,USA,2007,MTL,1,22,22,https://assets.nhle.com/mugs/nhl/latest/8474157.png,https://assets.nhle.com/mugs/actionshots/1296x729/8474157.jpg
8475166,John,Tavares,1990-09-20,True,C,L,73,185,211,96,Mississauga,CAN,2009,NYI,1,1,1,https://assets.nhle.com/mugs/nhl/20252026/TOR/8475166.png,https://assets.nhle.com/mugs/actionshots/1296x729/8475166.jpg
8475171,Oliver,Ekman-Larsson,1991-07-17,True,D,L,74,188,192,87,Karlskrona,SWE,2009,PHX,1,6,6,https://assets.nhle.com/mugs/nhl/20252026/TOR/8475171.png,https://assets.nhle.com/mugs/actionshots/1296x729/8475171.jpg
8475233,David,Savard,1990-10-22,False,D,R,73,185,235,107,St-Hyacinthe,CAN,2009,CBJ,4,3,94,https://assets.nhle.com/mugs/nhl/latest/8475233.png,https://assets.nhle.com/mugs/actionshots/1296x729/8475233.jpg
8475690,Chris,Tanev,1989-12-20,True,D,R,75,191,199,90,Toronto,CAN,NaN,NaN,NaN,NaN,NaN,https://assets.nhle.com/mugs/nhl/20252026/TOR/8475690.png,https://assets.nhle.com/mugs/actionshots/1296x729/8475690.jpg
8475848,Brendan,Gallagher,1992-05-06,True,R,R,69,175,185,84,Edmonton,CAN,2010,MTL,5,27,147,https://assets.nhle.com/mugs/nhl/20252026/MTL/8475848.png,https://assets.nhle.com/mugs/actionshots/1296x729/8475848.jpg
8476469,Joel,Armia,1993-05-31,True,R,R,75,191,216,98,Pori,FIN,2011,BUF,1,16,16,https://assets.nhle.com/mugs/nhl/20252026/LAK/8476469.png,https://assets.nhle.com/mugs/actionshots/1296x729/8476469.jpg
8476853,Morgan,Rielly,1994-03-09,True,D,L,73,185,225,102,Vancouver,CAN,2012,TOR,1,5,5,https://assets.nhle.com/mugs/nhl/20252026/TOR/8476853.png,https://assets.nhle.com/mugs/actionshots/1296x729/8476853.jpg
8476875,Mike,Matheson,1994-02-27,True,D,L,74,188,196,89,Pointe-Claire,CAN,2012,FLA,1,23,23,https://assets.nhle.com/mugs/nhl/20252026/MTL/8476875.png,https://assets.nhle.com/mugs/actionshots/1296x729/8476875.jpg
8476931,Jake,McCabe,1993-10-12,True,D,L,73,185,212,96,Eau Claire,USA,2012,BUF,2,14,44,https://assets.nhle.com/mugs/nhl/20252026/TOR/8476931.png,https://assets.nhle.com/mugs/actionshots/1296x729/8476931.jpg
8476932,Anthony,Stolarz,1994-01-20,True,G,L,78,198,243,110,Edison,USA,2012,PHI,2,15,45,https://assets.nhle.com/mugs/nhl/20252026/TOR/8476932.png,https://assets.nhle.com/mugs/actionshots/1296x729/8476932.jpg
8476981,Josh,Anderson,1994-05-07,True,R,R,75,191,226,103,Burlington,CAN,2012,CBJ,4,4,95,https://assets.nhle.com/mugs/nhl/20252026/MTL/8476981.png,https://assets.nhle.com/mugs/actionshots/1296x729/8476981.jpg
8477503,Max,Domi,1995-03-02,True,C,L,70,178,209,95,Winnipeg,CAN,2013,PHX,1,12,12,https://assets.nhle.com/mugs/nhl/20252026/TOR/8477503.png,https://assets.nhle.com/mugs/actionshots/1296x729/8477503.jpg
8477939,William,Nylander,1996-05-01,True,R,R,72,183,202,92,Calgary,CAN,2014,TOR,1,8,8,https://assets.nhle.com/mugs/nhl/20252026/TOR/8477939.png,https://assets.nhle.com/mugs/actionshots/1296x729/8477939.jpg
8477989,Christian,Dvorak,1996-02-02,True,C,L,73,185,190,86,Palos,USA,2014,ARI,2,28,58,https://assets.nhle.com/mugs/nhl/20252026/PHI/8477989.png,https://assets.nhle.com/mugs/actionshots/1296x729/8477989.jpg
8478133,Jake,Evans,1996-06-02,True,C,R,72,183,190,86,Toronto,CAN,2014,MTL,7,27,207,https://assets.nhle.com/mugs/nhl/20252026/MTL/8478133.png,https://assets.nhle.com/mugs/actionshots/1296x729/8478133.jpg
8478470,Sam,Montembeault,1996-10-30,True,G,L,75,191,218,99,Becancour,CAN,2015,FLA,3,16,77,https://assets.nhle.com/mugs/nhl/20252026/MTL/8478470.png,https://assets.nhle.com/mugs/actionshots/1296x729/8478470.jpg
8478483,Mitch,Marner,1997-05-05,True,R,R,72,183,180,82,Markham,CAN,2015,TOR,1,4,4,https://assets.nhle.com/mugs/nhl/20252026/VGK/8478483.png,https://assets.nhle.com/mugs/actionshots/1296x729/8478483.jpg
8478904,Steven,Lorentz,1996-04-13,True,C,L,76,193,216,98,Kitchener,CAN,2015,CAR,7,5,186,https://assets.nhle.com/mugs/nhl/20252026/TOR/8478904.png,https://assets.nhle.com/mugs/actionshots/1296x729/8478904.jpg
8479318,Auston,Matthews,1997-09-17,True,C,L,75,191,217,98,San Ramon,USA,2016,TOR,1,1,1,https://assets.nhle.com/mugs/nhl/20252026/TOR/8479318.png,https://assets.nhle.com/mugs/actionshots/1296x729/8479318.jpg
8479718,Alex,Barré-Boulet,1997-05-21,True,C,L,70,178,178,81,Montmagny,CAN,NaN,NaN,NaN,NaN,NaN,https://assets.nhle.com/mugs/nhl/20252026/COL/8479718.png,https://assets.nhle.com/mugs/actionshots/1296x729/8479718.jpg
8479982,Conor,Timmins,1998-09-18,True,D,R,75,191,213,97,St. Catharines,CAN,2017,COL,2,1,32,https://assets.nhle.com/mugs/nhl/20252026/BUF/8479982.png,https://assets.nhle.com/mugs/actionshots/1296x729/8479982.jpg
8480018,Nick,Suzuki,1999-08-10,True,C,R,71,180,207,94,London,CAN,2017,VGK,1,13,13,https://assets.nhle.com/mugs/nhl/20252026/MTL/8480018.png,https://assets.nhle.com/mugs/actionshots/1296x729/8480018.jpg
8480051,Cayden,Primeau,1999-08-11,True,G,L,75,191,205,93,Farmington Hills,USA,2017,MTL,7,13,199,https://assets.nhle.com/mugs/nhl/20252026/CAR/8480051.png,https://assets.nhle.com/mugs/actionshots/1296x729/8480051.jpg
8480144,David,Kampf,1995-01-12,True,C,L,74,188,193,88,Chomutov,CZE,NaN,NaN,NaN,NaN,NaN,https://assets.nhle.com/mugs/nhl/20252026/TOR/8480144.png,https://assets.nhle.com/mugs/actionshots/1296x729/8480144.jpg
8480995,Pontus,Holmberg,1999-03-09,True,R,L,72,183,201,91,Vasteras,SWE,2018,TOR,6,1,156,https://assets.nhle.com/mugs/nhl/20252026/TBL/8480995.png,https://assets.nhle.com/mugs/actionshots/1296x729/8480995.jpg
8481122,Simon,Benoit,1998-09-19,True,D,L,76,193,211,96,Laval,CAN,NaN,NaN,NaN,NaN,NaN,https://assets.nhle.com/mugs/nhl/20252026/TOR/8481122.png,https://assets.nhle.com/mugs/actionshots/1296x729/8481122.jpg
8481523,Kirby,Dach,2001-01-21,True,C,R,76,193,221,100,Fort Saskatchewan,CAN,2019,CHI,1,3,3,https://assets.nhle.com/mugs/nhl/20252026/MTL/8481523.png,https://assets.nhle.com/mugs/actionshots/1296x729/8481523.jpg
8481540,Cole,Caufield,2001-01-02,True,R,R,68,173,175,79,Mosinee,USA,2019,MTL,1,15,15,https://assets.nhle.com/mugs/nhl/20252026/MTL/8481540.png,https://assets.nhle.com/mugs/actionshots/1296x729/8481540.jpg
8481582,Nicholas,Robertson,2001-09-11,True,L,L,69,175,178,81,Pasadena,USA,2019,TOR,2,22,53,https://assets.nhle.com/mugs/nhl/20252026/TOR/8481582.png,https://assets.nhle.com/mugs/actionshots/1296x729/8481582.jpg
8481618,Alex,Newhook,2001-01-28,True,C,L,71,180,200,91,St. John's,CAN,2019,COL,1,16,16,https://assets.nhle.com/mugs/nhl/20252026/MTL/8481618.png,https://assets.nhle.com/mugs/actionshots/1296x729/8481618.jpg
8482087,Kaiden,Guhle,2002-01-18,True,D,L,75,191,202,92,Edmonton,CAN,2020,MTL,1,16,16,https://assets.nhle.com/mugs/nhl/20252026/MTL/8482087.png,https://assets.nhle.com/mugs/actionshots/1296x729/8482087.jpg
8482111,Justin,Barron,2001-11-15,True,D,R,74,188,198,90,Halifax,CAN,2020,COL,1,25,25,https://assets.nhle.com/mugs/nhl/20252026/NSH/8482111.png,https://assets.nhle.com/mugs/actionshots/1296x729/8482111.jpg
8482476,Emil,Heineman,2001-11-16,True,L,L,74,188,198,90,Leksand,SWE,2020,FLA,2,12,43,https://assets.nhle.com/mugs/nhl/20252026/NYI/8482476.png,https://assets.nhle.com/mugs/actionshots/1296x729/8482476.jpg
8482720,Matthew,Knies,2002-10-17,True,L,L,75,191,227,103,Phoenix,USA,2021,TOR,2,25,57,https://assets.nhle.com/mugs/nhl/20252026/TOR/8482720.png,https://assets.nhle.com/mugs/actionshots/1296x729/8482720.jpg
8482964,Arber,Xhekaj,2001-01-30,True,D,L,76,193,240,109,Hamilton,CAN,NaN,NaN,NaN,NaN,NaN,https://assets.nhle.com/mugs/nhl/20252026/MTL/8482964.png,https://assets.nhle.com/mugs/actionshots/1296x729/8482964.jpg
8483457,Lane,Hutson,2004-02-14,True,D,L,69,175,162,73,Holland,USA,2022,MTL,2,30,62,https://assets.nhle.com/mugs/nhl/20252026/MTL/8483457.png,https://assets.nhle.com/mugs/actionshots/1296x729/8483457.jpg
8483515,Juraj,Slafkovský,2004-03-30,True,L,L,75,191,225,102,Kosice,SVK,2022,MTL,1,1,1,https://assets.nhle.com/mugs/nhl/20252026/MTL/8483515.png,https://assets.nhle.com/mugs/actionshots/1296x729/8483515.jpg
8483710,Dennis,Hildeby,2001-08-19,True,G,L,79,201,224,102,Jarfalla,SWE,2022,TOR,4,25,122,https://assets.nhle.com/mugs/nhl/20252026/TOR/8483710.png,https://assets.nhle.com/mugs/actionshots/1296x729/8483710.jpg
8471215,Evgeni,Malkin,1986-07-31,True,C,L,77,196,210,95,Magnitogorsk,RUS,2004,PIT,1,2,2,https://assets.nhle.com/mugs/nhl/20252026/PIT/8471215.png,https://assets.nhle.com/mugs/actionshots/1296x729/8471215.jpg
8471675,Sidney,Crosby,1987-08-07,True,C,L,71,180,200,91,Cole Harbour,CAN,2005,PIT,1,1,1,https://assets.nhle.com/mugs/nhl/20252026/PIT/8471675.png,https://assets.nhle.com/mugs/actionshots/1296x729/8471675.jpg
8471724,Kris,Letang,1987-04-24,True,D,R,72,183,193,88,Montréal,CAN,2005,PIT,3,1,62,https://assets.nhle.com/mugs/nhl/20252026/PIT/8471724.png,https://assets.nhle.com/mugs/actionshots/1296x729/8471724.jpg
8471734,Jonathan,Quick,1986-01-21,True,G,L,73,185,220,100,Milford,USA,2005,LAK,3,11,72,https://assets.nhle.com/mugs/nhl/20252026/NYR/8471734.png,https://assets.nhle.com/mugs/actionshots/1296x729/8471734.jpg
8474189,Lars,Eller,1989-05-08,True,C,L,74,188,208,94,Rodovre,DEN,2007,STL,1,13,13,https://assets.nhle.com/mugs/nhl/20252026/OTT/8474189.png,https://assets.nhle.com/mugs/actionshots/1296x729/8474189.jpg
8474578,Erik,Karlsson,1990-05-31,True,D,R,72,183,186,84,Landsbro,SWE,2008,OTT,1,15,15,https://assets.nhle.com/mugs/nhl/20252026/PIT/8474578.png,https://assets.nhle.com/mugs/actionshots/1296x729/8474578.jpg
8475184,Chris,Kreider,1991-04-30,True,L,L,75,191,230,104,Boxford,USA,2009,NYR,1,19,19,https://assets.nhle.com/mugs/nhl/20252026/ANA/8475184.png,https://assets.nhle.com/mugs/actionshots/1296x729/8475184.jpg
8475191,Reilly,Smith,1991-04-01,True,R,L,73,185,185,84,Mimico,CAN,2009,DAL,3,8,69,https://assets.nhle.com/mugs/nhl/20252026/VGK/8475191.png,https://assets.nhle.com/mugs/actionshots/1296x729/8475191.jpg
8475763,Kevin,Hayes,1992-05-08,True,R,L,77,196,216,98,Dorchester,USA,2010,CHI,1,24,24,https://assets.nhle.com/mugs/nhl/20252026/PIT/8475763.png,https://assets.nhle.com/mugs/actionshots/1296x729/8475763.jpg
8475842,Sam,Carrick,1992-02-04,True,C,R,72,183,202,92,Stouffvile,CAN,2010,TOR,5,24,144,https://assets.nhle.com/mugs/nhl/20252026/NYR/8475842.png,https://assets.nhle.com/mugs/actionshots/1296x729/8475842.jpg
8476389,Vincent,Trocheck,1993-07-11,True,C,R,71,180,188,85,Pittsburgh,USA,2011,FLA,3,3,64,https://assets.nhle.com/mugs/nhl/20252026/NYR/8476389.png,https://assets.nhle.com/mugs/actionshots/1296x729/8476389.jpg
8476459,Mika,Zibanejad,1993-04-18,True,C,R,74,188,203,92,Stockholm,SWE,2011,OTT,1,6,6,https://assets.nhle.com/mugs/nhl/20252026/NYR/8476459.png,https://assets.nhle.com/mugs/actionshots/1296x729/8476459.jpg
8476483,Rickard,Rakell,1993-05-05,True,R,R,73,185,191,87,Sundbyberg,SWE,2011,ANA,1,30,30,https://assets.nhle.com/mugs/nhl/20252026/PIT/8476483.png,https://assets.nhle.com/mugs/actionshots/1296x729/8476483.jpg
8476885,Jacob,Trouba,1994-02-26,True,D,R,75,191,212,96,Rochester,USA,2012,WPG,1,9,9,https://assets.nhle.com/mugs/nhl/20252026/ANA/8476885.png,https://assets.nhle.com/mugs/actionshots/1296x729/8476885.jpg
8476891,Matt,Grzelcyk,1994-01-05,False,D,L,70,178,180,82,Charlestown,USA,2012,BOS,3,24,85,https://assets.nhle.com/mugs/nhl/latest/8476891.png,https://assets.nhle.com/mugs/actionshots/1296x729/8476891.jpg
8477380,Jonny,Brodzinski,1993-06-19,True,C,R,72,183,211,96,Ham Lake,USA,2013,LAK,5,27,148,https://assets.nhle.com/mugs/nhl/20252026/NYR/8477380.png,https://assets.nhle.com/mugs/actionshots/1296x729/8477380.jpg
8477435,Ryan,Graves,1995-05-21,True,D,L,77,196,222,101,Yarmouth,CAN,2013,NYR,4,19,110,https://assets.nhle.com/mugs/nhl/20252026/PIT/8477435.png,https://assets.nhle.com/mugs/actionshots/1296x729/8477435.jpg
8477465,Tristan,Jarry,1995-04-29,True,G,L,74,188,195,88,Surrey,CAN,2013,PIT,2,14,44,https://assets.nhle.com/mugs/nhl/20252026/PIT/8477465.png,https://assets.nhle.com/mugs/actionshots/1296x729/8477465.jpg
8477969,Marcus,Pettersson,1996-05-08,True,D,L,77,196,174,79,Skelleftea,SWE,2014,ANA,2,8,38,https://assets.nhle.com/mugs/nhl/20252026/VAN/8477969.png,https://assets.nhle.com/mugs/actionshots/1296x729/8477969.jpg
8478047,Michael,Bunting,1995-09-17,True,L,L,72,183,186,84,Scarborough,CAN,2014,ARI,4,27,117,https://assets.nhle.com/mugs/nhl/20252026/NSH/8478047.png,https://assets.nhle.com/mugs/actionshots/1296x729/8478047.jpg
8478048,Igor,Shesterkin,1995-12-30,True,G,L,73,185,195,88,Moscow,RUS,2014,NYR,4,28,118,https://assets.nhle.com/mugs/nhl/20252026/NYR/8478048.png,https://assets.nhle.com/mugs/actionshots/1296x729/8478048.jpg
8478463,Anthony,Beauvillier,1997-06-08,True,L,L,71,180,180,82,Sorel-Tracy,CAN,2015,NYI,1,28,28,https://assets.nhle.com/mugs/nhl/20252026/WSH/8478463.png,https://assets.nhle.com/mugs/actionshots/1296x729/8478463.jpg
8478550,Artemi,Panarin,1991-10-30,True,L,R,72,183,177,80,Korkino,RUS,NaN,NaN,NaN,NaN,NaN,https://assets.nhle.com/mugs/nhl/20252026/NYR/8478550.png,https://assets.nhle.com/mugs/actionshots/1296x729/8478550.jpg
8478569,Noel,Acciari,1991-12-01,True,C,R,71,180,209,95,Johnston,USA,NaN,NaN,NaN,NaN,NaN,https://assets.nhle.com/mugs/nhl/20252026/PIT/8478569.png,https://assets.nhle.com/mugs/actionshots/1296x729/8478569.jpg
8479323,Adam,Fox,1998-02-17,True,D,R,71,180,180,82,Jericho,USA,2016,CGY,3,5,66,https://assets.nhle.com/mugs/nhl/20252026/NYR/8479323.png,https://assets.nhle.com/mugs/actionshots/1296x729/8479323.jpg
8479344,Jesse,Puljujarvi,1998-05-07,False,R,R,76,193,216,98,Alvkarleby,SWE,2016,EDM,1,4,4,https://assets.nhle.com/mugs/nhl/latest/8479344.png,https://assets.nhle.com/mugs/actionshots/1296x729/8479344.jpg
8479996,Cody,Glass,1999-04-01,True,C,R,75,191,201,91,Winnipeg,CAN,2017,VGK,1,6,6,https://assets.nhle.com/mugs/nhl/20252026/NJD/8479996.png,https://assets.nhle.com/mugs/actionshots/1296x729/8479996.jpg
8480078,Filip,Chytil,1999-09-05,True,C,L,74,188,210,95,Kromeriz,CZE,2017,NYR,1,21,21,https://assets.nhle.com/mugs/nhl/20252026/VAN/8480078.png,https://assets.nhle.com/mugs/actionshots/1296x729/8480078.jpg
8480817,K'Andre,Miller,2000-01-21,True,D,L,77,196,210,95,St. Paul,USA,2018,NYR,1,22,22,https://assets.nhle.com/mugs/nhl/20252026/CAR/8480817.png,https://assets.nhle.com/mugs/actionshots/1296x729/8480817.jpg
8481030,Jack,St. Ivany,1999-07-22,True,D,R,76,193,205,93,Manhattan Beach,USA,2018,PHI,4,19,112,https://assets.nhle.com/mugs/nhl/20252026/PIT/8481030.png,https://assets.nhle.com/mugs/actionshots/1296x729/8481030.jpg
8481554,Kaapo,Kakko,2001-02-13,True,R,L,73,185,215,98,Turku,FIN,2019,NYR,1,2,2,https://assets.nhle.com/mugs/nhl/20252026/SEA/8481554.png,https://assets.nhle.com/mugs/actionshots/1296x729/8481554.jpg
8481708,Zac,Jones,2000-10-18,True,D,L,71,180,190,86,Richmond,USA,2019,NYR,3,6,68,https://assets.nhle.com/mugs/nhl/20252026/BUF/8481708.png,https://assets.nhle.com/mugs/actionshots/1296x729/8481708.jpg
8481726,Adam,Edstrom,2000-10-12,True,C,L,79,201,241,109,Karlstad,SWE,2019,NYR,6,6,161,https://assets.nhle.com/mugs/nhl/20252026/NYR/8481726.png,https://assets.nhle.com/mugs/actionshots/1296x729/8481726.jpg
8482055,Drew,O'Connor,1998-06-09,True,L,L,76,193,209,95,Chatham,USA,NaN,NaN,NaN,NaN,NaN,https://assets.nhle.com/mugs/nhl/20252026/VAN/8482055.png,https://assets.nhle.com/mugs/actionshots/1296x729/8482055.jpg
8482073,Braden,Schneider,2001-09-20,True,D,R,76,193,213,97,Prince Albert,CAN,2020,NYR,1,19,19,https://assets.nhle.com/mugs/nhl/20252026/NYR/8482073.png,https://assets.nhle.com/mugs/actionshots/1296x729/8482073.jpg
8482109,Alexis,Lafrenière,2001-10-11,True,L,L,74,188,196,89,St-Eustache,CAN,2020,NYR,1,1,1,https://assets.nhle.com/mugs/nhl/20252026/NYR/8482109.png,https://assets.nhle.com/mugs/actionshots/1296x729/8482109.jpg
8482157,Will,Cuylle,2002-02-05,True,L,L,75,191,212,96,Toronto,CAN,2020,NYR,2,29,60,https://assets.nhle.com/mugs/nhl/20252026/NYR/8482157.png,https://assets.nhle.com/mugs/actionshots/1296x729/8482157.jpg
8482446,Joel,Blomqvist,2002-01-10,True,G,L,75,191,200,91,Uusikaarlepyy,FIN,2020,PIT,2,21,52,https://assets.nhle.com/mugs/nhl/20252026/PIT/8482446.png,https://assets.nhle.com/mugs/actionshots/1296x729/8482446.jpg
8483487,Rutger,McGroarty,2004-03-30,True,R,L,73,185,203,92,Lincoln,USA,2022,WPG,1,14,14,https://assets.nhle.com/mugs/nhl/20252026/PIT/8483487.png,https://assets.nhle.com/mugs/actionshots/1296x729/8483487.jpg
8483768,Victor,Mancini,2002-05-26,True,D,R,75,191,229,104,Hancock,USA,2022,NYR,5,30,159,https://assets.nhle.com/mugs/nhl/20252026/VAN/8483768.png,https://assets.nhle.com/mugs/actionshots/1296x729/8483768.jpg
8470621,Corey,Perry,1985-05-16,True,R,R,75,191,208,94,Peterborough,CAN,2003,ANA,1,28,28,https://assets.nhle.com/mugs/nhl/20252026/LAK/8470621.png,https://assets.nhle.com/mugs/actionshots/1296x729/8470621.jpg
8474641,Adam,Henrique,1990-02-06,True,C,L,72,183,195,88,Brantford,CAN,2008,NJD,3,21,82,https://assets.nhle.com/mugs/nhl/20252026/EDM/8474641.png,https://assets.nhle.com/mugs/actionshots/1296x729/8474641.jpg
8475218,Mattias,Ekholm,1990-05-24,True,D,L,77,196,225,102,Borlange,SWE,2009,NSH,4,11,102,https://assets.nhle.com/mugs/nhl/20252026/EDM/8475218.png,https://assets.nhle.com/mugs/actionshots/1296x729/8475218.jpg
8475717,Calvin,Pickard,1992-04-15,True,G,L,73,185,206,93,Moncton,CAN,2010,COL,2,19,49,https://assets.nhle.com/mugs/nhl/20252026/EDM/8475717.png,https://assets.nhle.com/mugs/actionshots/1296x729/8475717.jpg
8475784,Jeff,Skinner,1992-05-16,True,L,L,71,180,200,91,Toronto,CAN,2010,CAR,1,7,7,https://assets.nhle.com/mugs/nhl/20252026/SJS/8475784.png,https://assets.nhle.com/mugs/actionshots/1296x729/8475784.jpg
8475786,Zach,Hyman,1992-06-09,True,L,R,73,185,206,93,Toronto,CAN,2010,FLA,5,3,123,https://assets.nhle.com/mugs/nhl/20252026/EDM/8475786.png,https://assets.nhle.com/mugs/actionshots/1296x729/8475786.jpg
8475799,Nino,Niederreiter,1992-09-08,True,R,L,74,188,218,99,Chur,SUI,2010,NYI,1,5,5,https://assets.nhle.com/mugs/nhl/20252026/WPG/8475799.png,https://assets.nhle.com/mugs/actionshots/1296x729/8475799.jpg
8476331,Dylan,DeMelo,1993-05-01,True,D,R,73,185,194,88,London,CAN,2011,SJS,6,28,179,https://assets.nhle.com/mugs/nhl/20252026/WPG/8476331.png,https://assets.nhle.com/mugs/actionshots/1296x729/8476331.jpg
8476392,Adam,Lowry,1993-03-29,True,C,L,77,196,210,95,St. Louis,USA,2011,WPG,3,6,67,https://assets.nhle.com/mugs/nhl/20252026/WPG/8476392.png,https://assets.nhle.com/mugs/actionshots/1296x729/8476392.jpg
8476454,Ryan,Nugent-Hopkins,1993-04-12,True,C,L,73,185,192,87,Burnaby,CAN,2011,EDM,1,1,1,https://assets.nhle.com/mugs/nhl/20252026/EDM/8476454.png,https://assets.nhle.com/mugs/actionshots/1296x729/8476454.jpg
8476460,Mark,Scheifele,1993-03-15,True,C,R,75,191,207,94,Kitchener,CAN,2011,WPG,1,7,7,https://assets.nhle.com/mugs/nhl/20252026/WPG/8476460.png,https://assets.nhle.com/mugs/actionshots/1296x729/8476460.jpg
8476480,Vladislav,Namestnikov,1992-11-22,True,C,L,72,183,181,82,Zhukovskiy,RUS,2011,TBL,1,27,27,https://assets.nhle.com/mugs/nhl/20252026/WPG/8476480.png,https://assets.nhle.com/mugs/actionshots/1296x729/8476480.jpg
8476525,Colin,Miller,1992-10-29,True,D,R,73,185,200,91,Sault Ste. Marie,CAN,2012,LAK,5,30,151,https://assets.nhle.com/mugs/nhl/20252026/WPG/8476525.png,https://assets.nhle.com/mugs/actionshots/1296x729/8476525.jpg
8476945,Connor,Hellebuyck,1993-05-19,True,G,L,76,193,207,94,Commerce,USA,2012,WPG,5,9,130,https://assets.nhle.com/mugs/nhl/20252026/WPG/8476945.png,https://assets.nhle.com/mugs/actionshots/1296x729/8476945.jpg
8476967,Brett,Kulak,1994-01-06,True,D,L,74,188,192,87,Edmonton,CAN,2012,CGY,4,14,105,https://assets.nhle.com/mugs/nhl/20252026/EDM/8476967.png,https://assets.nhle.com/mugs/actionshots/1296x729/8476967.jpg
8477015,Connor,Brown,1994-01-14,True,R,R,72,183,184,83,Toronto,CAN,2012,TOR,6,5,156,https://assets.nhle.com/mugs/nhl/20252026/NJD/8477015.png,https://assets.nhle.com/mugs/actionshots/1296x729/8477015.jpg
8477406,Mattias,Janmark,1992-12-08,True,C,L,74,188,205,93,Danderyd,SWE,2013,DET,3,18,79,https://assets.nhle.com/mugs/nhl/20252026/EDM/8477406.png,https://assets.nhle.com/mugs/actionshots/1296x729/8477406.jpg
8477480,Eric,Comrie,1995-07-06,True,G,L,73,185,190,86,Edmonton,CAN,2013,WPG,2,29,59,https://assets.nhle.com/mugs/nhl/20252026/WPG/8477480.png,https://assets.nhle.com/mugs/actionshots/1296x729/8477480.jpg
8477498,Darnell,Nurse,1995-02-04,True,D,L,76,193,215,98,Hamilton,CAN,2013,EDM,1,7,7,https://assets.nhle.com/mugs/nhl/20252026/EDM/8477498.png,https://assets.nhle.com/mugs/actionshots/1296x729/8477498.jpg
8477504,Josh,Morrissey,1995-03-28,True,D,L,72,183,195,88,Calgary,CAN,2013,WPG,1,13,13,https://assets.nhle.com/mugs/nhl/20252026/WPG/8477504.png,https://assets.nhle.com/mugs/actionshots/1296x729/8477504.jpg
8477934,Leon,Draisaitl,1995-10-27,True,C,L,74,188,209,95,Cologne,GER,2014,EDM,1,3,3,https://assets.nhle.com/mugs/nhl/20252026/EDM/8477934.png,https://assets.nhle.com/mugs/actionshots/1296x729/8477934.jpg
8477938,Haydn,Fleury,1996-07-08,True,D,L,76,193,207,94,Carlyle,CAN,2014,CAR,1,7,7,https://assets.nhle.com/mugs/nhl/20252026/WPG/8477938.png,https://assets.nhle.com/mugs/actionshots/1296x729/8477938.jpg
8477940,Nikolaj,Ehlers,1996-02-14,True,L,L,72,183,172,78,Aalborg,DEN,2014,WPG,1,9,9,https://assets.nhle.com/mugs/nhl/20252026/CAR/8477940.png,https://assets.nhle.com/mugs/actionshots/1296x729/8477940.jpg
8478042,Viktor,Arvidsson,1993-04-08,True,L,R,70,178,185,84,Skelleftea,SWE,2014,NSH,4,22,112,https://assets.nhle.com/mugs/nhl/20252026/BOS/8478042.png,https://assets.nhle.com/mugs/actionshots/1296x729/8478042.jpg
8478398,Kyle,Connor,1996-12-09,True,L,L,73,185,183,83,Shelby Township,USA,2015,WPG,1,17,17,https://assets.nhle.com/mugs/nhl/20252026/WPG/8478398.png,https://assets.nhle.com/mugs/actionshots/1296x729/8478398.jpg
8478402,Connor,McDavid,1997-01-13,True,C,L,73,185,194,88,Richmond Hill,CAN,2015,EDM,1,1,1,https://assets.nhle.com/mugs/nhl/20252026/EDM/8478402.png,https://assets.nhle.com/mugs/actionshots/1296x729/8478402.jpg
8478408,Travis,Dermott,1996-12-22,False,D,L,72,183,200,91,Newmarket,CAN,2015,TOR,2,4,34,https://assets.nhle.com/mugs/nhl/latest/8478408.png,https://assets.nhle.com/mugs/actionshots/1296x729/8478408.jpg
8478585,Derek,Ryan,1986-12-29,False,C,R,70,178,185,84,Spokane,USA,NaN,NaN,NaN,NaN,NaN,https://assets.nhle.com/mugs/nhl/latest/8478585.png,https://assets.nhle.com/mugs/actionshots/1296x729/8478585.jpg
8478891,Mason,Appleton,1996-01-15,True,C,R,74,188,194,88,Green Bay,USA,2015,WPG,6,17,168,https://assets.nhle.com/mugs/nhl/20252026/DET/8478891.png,https://assets.nhle.com/mugs/actionshots/1296x729/8478891.jpg
8479973,Stuart,Skinner,1998-11-01,True,G,L,76,193,230,104,Edmonton,CAN,2017,EDM,3,16,78,https://assets.nhle.com/mugs/nhl/20252026/EDM/8479973.png,https://assets.nhle.com/mugs/actionshots/1296x729/8479973.jpg
8480014,Gabriel,Vilardi,1999-08-16,True,C,R,75,191,216,98,Kingston,CAN,2017,LAK,1,11,11,https://assets.nhle.com/mugs/nhl/20252026/WPG/8480014.png,https://assets.nhle.com/mugs/actionshots/1296x729/8480014.jpg
8480049,Dylan,Samberg,1999-01-24,True,D,L,76,193,216,98,Saginaw,USA,2017,WPG,2,12,43,https://assets.nhle.com/mugs/nhl/20252026/WPG/8480049.png,https://assets.nhle.com/mugs/actionshots/1296x729/8480049.jpg
8480113,Alex,Iafallo,1993-12-21,True,L,L,72,183,201,91,Eden,USA,NaN,NaN,NaN,NaN,NaN,https://assets.nhle.com/mugs/nhl/20252026/WPG/8480113.png,https://assets.nhle.com/mugs/actionshots/1296x729/8480113.jpg
8480145,Neal,Pionk,1995-07-29,True,D,R,72,183,190,86,Omaha,USA,NaN,NaN,NaN,NaN,NaN,https://assets.nhle.com/mugs/nhl/20252026/WPG/8480145.png,https://assets.nhle.com/mugs/actionshots/1296x729/8480145.jpg
8480289,Morgan,Barron,1998-12-02,True,C,L,76,193,220,100,Halifax,CAN,2017,NYR,6,19,174,https://assets.nhle.com/mugs/nhl/20252026/WPG/8480289.png,https://assets.nhle.com/mugs/actionshots/1296x729/8480289.jpg
8480803,Evan,Bouchard,1999-10-20,True,D,R,75,191,192,87,Oakville,CAN,2018,EDM,1,10,10,https://assets.nhle.com/mugs/nhl/20252026/EDM/8480803.png,https://assets.nhle.com/mugs/actionshots/1296x729/8480803.jpg
8480834,Ty,Emberson,2000-05-23,True,D,R,74,188,193,88,Eau Claire,USA,2018,ARI,3,11,73,https://assets.nhle.com/mugs/nhl/20252026/EDM/8480834.png,https://assets.nhle.com/mugs/actionshots/1296x729/8480834.jpg
8480845,Rasmus,Kupari,2000-03-15,True,C,R,74,188,201,91,Kotka,FIN,2018,LAK,1,20,20,https://assets.nhle.com/mugs/nhl/20252026/WPG/8480845.png,https://assets.nhle.com/mugs/actionshots/1296x729/8480845.jpg
8481617,Vasily,Podkolzin,2001-06-24,True,R,L,73,185,190,86,Moscow,RUS,2019,VAN,1,10,10,https://assets.nhle.com/mugs/nhl/20252026/EDM/8481617.png,https://assets.nhle.com/mugs/actionshots/1296x729/8481617.jpg
8482149,Cole,Perfetti,2002-01-01,True,C,L,71,180,185,84,Whitby,CAN,2020,WPG,1,10,10,https://assets.nhle.com/mugs/nhl/20252026/WPG/8482149.png,https://assets.nhle.com/mugs/actionshots/1296x729/8482149.jpg
8474150,Mikael,Backlund,1989-03-17,True,C,L,72,183,206,93,Vasteras,SWE,2007,CGY,1,24,24,https://assets.nhle.com/mugs/nhl/20252026/CGY/8474150.png,https://assets.nhle.com/mugs/actionshots/1296x729/8474150.jpg
8474574,Tyler,Myers,1990-02-01,True,D,R,80,203,229,104,Houston,USA,2008,BUF,1,12,12,https://assets.nhle.com/mugs/nhl/20252026/VAN/8474574.png,https://assets.nhle.com/mugs/actionshots/1296x729/8474574.jpg
8475172,Nazem,Kadri,1990-10-06,True,C,L,72,183,185,84,London,CAN,2009,TOR,1,7,7,https://assets.nhle.com/mugs/nhl/20252026/CGY/8475172.png,https://assets.nhle.com/mugs/actionshots/1296x729/8475172.jpg
8475762,Derek,Forbort,1992-03-04,True,D,L,76,193,216,98,Duluth,USA,2010,LAK,1,15,15,https://assets.nhle.com/mugs/nhl/20252026/VAN/8475762.png,https://assets.nhle.com/mugs/actionshots/1296x729/8475762.jpg
8476399,Blake,Coleman,1991-11-28,True,L,L,71,180,199,90,Plano,USA,2011,NJD,3,14,75,https://assets.nhle.com/mugs/nhl/20252026/CGY/8476399.png,https://assets.nhle.com/mugs/actionshots/1296x729/8476399.jpg
8476456,Jonathan,Huberdeau,1993-06-04,True,L,L,73,185,200,91,Saint-Jerome,CAN,2011,FLA,1,3,3,https://assets.nhle.com/mugs/nhl/20252026/CGY/8476456.png,https://assets.nhle.com/mugs/actionshots/1296x729/8476456.jpg
8476468,J.T.,Miller,1993-03-14,True,L,L,73,185,218,99,East Palestine,USA,2011,NYR,1,15,15,https://assets.nhle.com/mugs/nhl/20252026/NYR/8476468.png,https://assets.nhle.com/mugs/actionshots/1296x729/8476468.jpg
8476927,Teddy,Blueger,1994-08-15,True,C,L,72,183,185,84,Riga,LAT,2012,PIT,2,22,52,https://assets.nhle.com/mugs/nhl/20252026/VAN/8476927.png,https://assets.nhle.com/mugs/actionshots/1296x729/8476927.jpg
8477346,MacKenzie,Weegar,1994-01-07,True,D,R,72,183,206,93,Ottawa,CAN,2013,FLA,7,25,206,https://assets.nhle.com/mugs/nhl/20252026/CGY/8477346.png,https://assets.nhle.com/mugs/actionshots/1296x729/8477346.jpg
8477369,Carson,Soucy,1994-07-27,True,D,L,77,196,208,94,Viking,CAN,2013,MIN,5,16,137,https://assets.nhle.com/mugs/nhl/20252026/NYR/8477369.png,https://assets.nhle.com/mugs/actionshots/1296x729/8477369.jpg
8477511,Anthony,Mantha,1994-09-16,True,R,L,77,196,234,106,Longueuil,CAN,2013,DET,1,20,20,https://assets.nhle.com/mugs/nhl/20252026/PIT/8477511.png,https://assets.nhle.com/mugs/actionshots/1296x729/8477511.jpg
8478046,Danton,Heinen,1995-07-05,True,L,L,74,188,195,88,Langley,CAN,2014,BOS,4,26,116,https://assets.nhle.com/mugs/nhl/20252026/PIT/8478046.png,https://assets.nhle.com/mugs/actionshots/1296x729/8478046.jpg
8478397,Rasmus,Andersson,1996-10-27,True,D,R,73,185,202,92,Malmo,SWE,2015,CGY,2,23,53,https://assets.nhle.com/mugs/nhl/20252026/CGY/8478397.png,https://assets.nhle.com/mugs/actionshots/1296x729/8478397.jpg
8478435,Dan,Vladar,1997-08-20,True,G,L,77,196,209,95,Prague,CZE,2015,BOS,3,14,75,https://assets.nhle.com/mugs/nhl/20252026/PHI/8478435.png,https://assets.nhle.com/mugs/actionshots/1296x729/8478435.jpg
8478444,Brock,Boeser,1997-02-25,True,R,R,73,185,208,94,Burnsville,USA,2015,VAN,1,23,23,https://assets.nhle.com/mugs/nhl/20252026/VAN/8478444.png,https://assets.nhle.com/mugs/actionshots/1296x729/8478444.jpg
8478466,Daniel,Sprong,1997-03-17,False,R,R,72,183,195,88,Amsterdam,NED,2015,PIT,2,16,46,https://assets.nhle.com/mugs/nhl/latest/8478466.png,https://assets.nhle.com/mugs/actionshots/1296x729/8478466.jpg
8478498,Jake,DeBrusk,1996-10-17,True,L,L,73,185,198,90,Edmonton,CAN,2015,BOS,1,14,14,https://assets.nhle.com/mugs/nhl/20252026/VAN/8478498.png,https://assets.nhle.com/mugs/actionshots/1296x729/8478498.jpg
8478856,Conor,Garland,1996-03-11,True,R,R,70,178,165,75,Scituate,USA,2015,ARI,5,2,123,https://assets.nhle.com/mugs/nhl/20252026/VAN/8478856.png,https://assets.nhle.com/mugs/actionshots/1296x729/8478856.jpg
8479066,Ryan,Lomberg,1994-12-09,True,L,L,69,175,184,83,Richmond Hill,CAN,NaN,NaN,NaN,NaN,NaN,https://assets.nhle.com/mugs/nhl/20252026/CGY/8479066.png,https://assets.nhle.com/mugs/actionshots/1296x729/8479066.jpg
8479291,Kevin,Rooney,1993-05-21,False,C,L,74,188,190,86,Canton,USA,NaN,NaN,NaN,NaN,NaN,https://assets.nhle.com/mugs/nhl/latest/8479291.png,https://assets.nhle.com/mugs/actionshots/1296x729/8479291.jpg
8479402,Jake,Bean,1998-06-09,True,D,L,73,185,191,87,Calgary,CAN,2016,CAR,1,13,13,https://assets.nhle.com/mugs/nhl/20252026/CGY/8479402.png,https://assets.nhle.com/mugs/actionshots/1296x729/8479402.jpg
8479425,Filip,Hronek,1997-11-02,True,D,R,72,183,190,86,Hradec Kralove,CZE,2016,DET,2,23,53,https://assets.nhle.com/mugs/nhl/20252026/VAN/8479425.png,https://assets.nhle.com/mugs/actionshots/1296x729/8479425.jpg
8479576,Vincent,Desharnais,1996-05-29,True,D,R,79,201,226,103,Laval,CAN,2016,EDM,7,2,183,https://assets.nhle.com/mugs/nhl/20252026/SJS/8479576.png,https://assets.nhle.com/mugs/actionshots/1296x729/8479576.jpg
8480012,Elias,Pettersson,1998-11-12,True,C,L,74,188,176,80,Sundsvall,SWE,2017,VAN,1,5,5,https://assets.nhle.com/mugs/nhl/20252026/VAN/8480012.png,https://assets.nhle.com/mugs/actionshots/1296x729/8480012.jpg
8480748,Kiefer,Sherwood,1995-03-31,True,L,R,72,183,194,88,Columbus,USA,NaN,NaN,NaN,NaN,NaN,https://assets.nhle.com/mugs/nhl/20252026/VAN/8480748.png,https://assets.nhle.com/mugs/actionshots/1296x729/8480748.jpg
8480800,Quinn,Hughes,1999-10-14,True,D,L,70,178,180,82,Orlando,USA,2018,VAN,1,7,7,https://assets.nhle.com/mugs/nhl/20252026/VAN/8480800.png,https://assets.nhle.com/mugs/actionshots/1296x729/8480800.jpg
8480860,Kevin,Bahl,2000-06-27,True,D,L,78,198,230,104,New Westminster,CAN,2018,ARI,2,24,55,https://assets.nhle.com/mugs/nhl/20252026/CGY/8480860.png,https://assets.nhle.com/mugs/actionshots/1296x729/8480860.jpg
8480947,Kevin,Lankinen,1995-04-28,True,G,L,74,188,190,86,Helsinki,FIN,NaN,NaN,NaN,NaN,NaN,https://assets.nhle.com/mugs/nhl/20252026/VAN/8480947.png,https://assets.nhle.com/mugs/actionshots/1296x729/8480947.jpg
8481028,Martin,Pospisil,1999-11-19,True,C,L,74,188,173,78,Zvolen,SVK,2018,CGY,4,12,105,https://assets.nhle.com/mugs/nhl/20252026/CGY/8481028.png,https://assets.nhle.com/mugs/actionshots/1296x729/8481028.jpg
8481167,Brayden,Pachal,1999-08-23,True,D,R,74,188,202,92,Estevan,CAN,NaN,NaN,NaN,NaN,NaN,https://assets.nhle.com/mugs/nhl/20252026/CGY/8481167.png,https://assets.nhle.com/mugs/actionshots/1296x729/8481167.jpg
8481535,Nils,Hoglander,2000-12-20,True,L,L,69,175,185,84,Bockträsk,SWE,2019,VAN,2,9,40,https://assets.nhle.com/mugs/nhl/20252026/VAN/8481535.png,https://assets.nhle.com/mugs/actionshots/1296x729/8481535.jpg
8481668,Arturs,Silovs,2001-03-22,True,G,L,76,193,203,92,Riga,LAT,2019,VAN,6,1,156,https://assets.nhle.com/mugs/nhl/20252026/PIT/8481668.png,https://assets.nhle.com/mugs/actionshots/1296x729/8481668.jpg
8481692,Dustin,Wolf,2001-04-16,True,G,L,72,183,166,75,Gilroy,USA,2019,CGY,7,28,214,https://assets.nhle.com/mugs/nhl/20252026/CGY/8481692.png,https://assets.nhle.com/mugs/actionshots/1296x729/8481692.jpg
8482074,Connor,Zary,2001-09-25,True,C,L,72,183,178,81,Saskatoon,CAN,2020,CGY,1,24,24,https://assets.nhle.com/mugs/nhl/20252026/CGY/8482074.png,https://assets.nhle.com/mugs/actionshots/1296x729/8482074.jpg
8482496,Nils,Aman,2000-02-07,True,C,L,74,188,179,81,Avesta,SWE,2020,COL,6,12,167,https://assets.nhle.com/mugs/nhl/20252026/VAN/8482496.png,https://assets.nhle.com/mugs/actionshots/1296x729/8482496.jpg
8482624,Daniil,Miromanov,1997-07-11,True,D,R,76,193,207,94,Moscow,RUS,NaN,NaN,NaN,NaN,NaN,https://assets.nhle.com/mugs/nhl/20252026/CGY/8482624.png,https://assets.nhle.com/mugs/actionshots/1296x729/8482624.jpg
8482691,Aatu,Raty,2002-11-14,True,C,L,74,188,190,86,Oulu,FIN,2021,NYI,2,20,52,https://assets.nhle.com/mugs/nhl/20252026/VAN/8482691.png,https://assets.nhle.com/mugs/actionshots/1296x729/8482691.jpg
8483609,Adam,Klapka,2000-09-14,True,R,R,80,203,235,107,Praha,CZE,NaN,NaN,NaN,NaN,NaN,https://assets.nhle.com/mugs/nhl/20252026/CGY/8483609.png,https://assets.nhle.com/mugs/actionshots/1296x729/8483609.jpg
8483808,Andrei,Kuzmenko,1996-02-04,True,L,R,71,180,194,88,Yakutsk,RUS,NaN,NaN,NaN,NaN,NaN,https://assets.nhle.com/mugs/nhl/20252026/LAK/8483808.png,https://assets.nhle.com/mugs/actionshots/1296x729/8483808.jpg
8484180,Samuel,Honzek,2004-11-12,True,L,L,76,193,186,84,Trencin,SVK,2023,CGY,1,16,16,https://assets.nhle.com/mugs/nhl/20252026/CGY/8484180.png,https://assets.nhle.com/mugs/actionshots/1296x729/8484180.jpg
8474565,Alex,Pietrangelo,1990-01-18,True,D,R,75,191,215,98,King City,CAN,2008,STL,1,4,4,https://assets.nhle.com/mugs/nhl/20252026/VGK/8474565.png,https://assets.nhle.com/mugs/actionshots/1296x729/8474565.jpg
8475177,Calvin,de Haan,1991-05-09,False,D,L,73,185,192,87,Carp,CAN,2009,NYI,1,12,12,https://assets.nhle.com/mugs/nhl/latest/8475177.png,https://assets.nhle.com/mugs/actionshots/1296x729/8475177.jpg
8475188,Brayden,McNabb,1991-01-21,True,D,L,76,193,215,98,Davidson,CAN,2009,BUF,3,5,66,https://assets.nhle.com/mugs/nhl/20252026/VGK/8475188.png,https://assets.nhle.com/mugs/actionshots/1296x729/8475188.jpg
8475913,Mark,Stone,1992-05-13,True,R,R,75,191,210,95,Winnipeg,CAN,2010,OTT,6,28,178,https://assets.nhle.com/mugs/nhl/20252026/VGK/8475913.png,https://assets.nhle.com/mugs/actionshots/1296x729/8475913.jpg
8476312,Josh,Manson,1991-10-07,True,D,R,75,191,218,99,Hinsdale,USA,2011,ANA,6,9,160,https://assets.nhle.com/mugs/nhl/20252026/COL/8476312.png,https://assets.nhle.com/mugs/actionshots/1296x729/8476312.jpg
8476871,Tanner,Pearson,1992-08-10,True,L,L,73,185,207,94,Kitchener,CAN,2012,LAK,1,30,30,https://assets.nhle.com/mugs/nhl/20252026/WPG/8476871.png,https://assets.nhle.com/mugs/actionshots/1296x729/8476871.jpg
8476881,Tomas,Hertl,1993-11-12,True,C,L,75,191,220,100,Praha,CZE,2012,SJS,1,17,17,https://assets.nhle.com/mugs/nhl/20252026/VGK/8476881.png,https://assets.nhle.com/mugs/actionshots/1296x729/8476881.jpg
8477425,Miles,Wood,1995-09-13,True,L,L,74,188,195,88,Buffalo,USA,2013,NJD,4,9,100,https://assets.nhle.com/mugs/nhl/20252026/CBJ/8477425.png,https://assets.nhle.com/mugs/actionshots/1296x729/8477425.jpg
8477447,Shea,Theodore,1995-08-03,True,D,L,74,188,197,89,Aldergrove,CAN,2013,ANA,1,26,26,https://assets.nhle.com/mugs/nhl/20252026/VGK/8477447.png,https://assets.nhle.com/mugs/actionshots/1296x729/8477447.jpg
8477492,Nathan,MacKinnon,1995-09-01,True,C,R,72,183,200,91,Halifax,CAN,2013,COL,1,1,1,https://assets.nhle.com/mugs/nhl/20252026/COL/8477492.png,https://assets.nhle.com/mugs/actionshots/1296x729/8477492.jpg
8477494,Jonathan,Drouin,1995-03-28,True,L,L,71,180,198,90,Ste-Agathe,CAN,2013,TBL,1,3,3,https://assets.nhle.com/mugs/nhl/20252026/NYI/8477494.png,https://assets.nhle.com/mugs/actionshots/1296x729/8477494.jpg
8477964,Ivan,Barbashev,1995-12-14,True,C,L,72,183,203,92,Moscow,RUS,2014,STL,2,3,33,https://assets.nhle.com/mugs/nhl/20252026/VGK/8477964.png,https://assets.nhle.com/mugs/actionshots/1296x729/8477964.jpg
8478038,Devon,Toews,1994-02-21,True,D,L,73,185,191,87,Abbotsford,CAN,2014,NYI,4,18,108,https://assets.nhle.com/mugs/nhl/20252026/COL/8478038.png,https://assets.nhle.com/mugs/actionshots/1296x729/8478038.jpg
8478109,Victor,Olofsson,1995-07-18,True,R,L,71,180,180,82,Ornskoldsvik,SWE,2014,BUF,7,1,181,https://assets.nhle.com/mugs/nhl/20252026/COL/8478109.png,https://assets.nhle.com/mugs/actionshots/1296x729/8478109.jpg
8478396,Noah,Hanifin,1997-01-25,True,D,L,75,191,206,93,Boston,USA,2015,CAR,1,5,5,https://assets.nhle.com/mugs/nhl/20252026/VGK/8478396.png,https://assets.nhle.com/mugs/actionshots/1296x729/8478396.jpg
8478403,Jack,Eichel,1996-10-28,True,C,R,74,188,206,93,North Chelmsford,USA,2015,BUF,1,2,2,https://assets.nhle.com/mugs/nhl/20252026/VGK/8478403.png,https://assets.nhle.com/mugs/actionshots/1296x729/8478403.jpg
8478420,Mikko,Rantanen,1996-10-29,True,R,L,76,193,215,98,Nousiainen,FIN,2015,COL,1,10,10,https://assets.nhle.com/mugs/nhl/20252026/DAL/8478420.png,https://assets.nhle.com/mugs/actionshots/1296x729/8478420.jpg
8478434,Keegan,Kolesar,1997-04-08,True,R,R,74,188,216,98,Brandon,CAN,2015,CBJ,3,8,69,https://assets.nhle.com/mugs/nhl/20252026/VGK/8478434.png,https://assets.nhle.com/mugs/actionshots/1296x729/8478434.jpg
8478462,Nicolas,Roy,1997-02-05,True,C,R,76,193,201,91,Amos,CAN,2015,CAR,4,5,96,https://assets.nhle.com/mugs/nhl/20252026/TOR/8478462.png,https://assets.nhle.com/mugs/actionshots/1296x729/8478462.jpg
8478492,Ilya,Samsonov,1997-02-22,False,G,L,75,191,208,94,Magnitogorsk,RUS,2015,WSH,1,22,22,https://assets.nhle.com/mugs/nhl/latest/8478492.png,https://assets.nhle.com/mugs/actionshots/1296x729/8478492.jpg
8478499,Adin,Hill,1996-05-11,True,G,L,76,193,215,98,Comox,CAN,2015,ARI,3,15,76,https://assets.nhle.com/mugs/nhl/20252026/VGK/8478499.png,https://assets.nhle.com/mugs/actionshots/1296x729/8478499.jpg
8479353,Brett,Howden,1998-03-29,True,C,L,74,188,201,91,Calgary,CAN,2016,TBL,1,27,27,https://assets.nhle.com/mugs/nhl/20252026/VGK/8479353.png,https://assets.nhle.com/mugs/actionshots/1296x729/8479353.jpg
8479398,Samuel,Girard,1998-05-12,True,D,L,70,178,170,77,Roberval,CAN,2016,NSH,2,17,47,https://assets.nhle.com/mugs/nhl/20252026/COL/8479398.png,https://assets.nhle.com/mugs/actionshots/1296x729/8479398.jpg
8479525,Ross,Colton,1996-09-11,True,C,L,72,183,194,88,Robbinsville,USA,2016,TBL,4,27,118,https://assets.nhle.com/mugs/nhl/20252026/COL/8479525.png,https://assets.nhle.com/mugs/actionshots/1296x729/8479525.jpg
8479980,Nicolas,Hague,1998-12-05,True,D,L,78,198,245,111,Kitchener,CAN,2017,VGK,2,3,34,https://assets.nhle.com/mugs/nhl/20252026/NSH/8479980.png,https://assets.nhle.com/mugs/actionshots/1296x729/8479980.jpg
8479999,Casey,Mittelstadt,1998-11-22,True,C,L,73,185,195,88,Eden Prairie,USA,2017,BUF,1,8,8,https://assets.nhle.com/mugs/nhl/20252026/BOS/8479999.png,https://assets.nhle.com/mugs/actionshots/1296x729/8479999.jpg
8480069,Cale,Makar,1998-10-30,True,D,R,72,183,187,85,Calgary,CAN,2017,COL,1,4,4,https://assets.nhle.com/mugs/nhl/20252026/COL/8480069.png,https://assets.nhle.com/mugs/actionshots/1296x729/8480069.jpg
8480382,Alexandar,Georgiev,1996-02-10,False,G,L,73,185,178,81,Ruse,BUL,NaN,NaN,NaN,NaN,NaN,https://assets.nhle.com/mugs/nhl/latest/8480382.png,https://assets.nhle.com/mugs/actionshots/1296x729/8480382.jpg
8480448,Parker,Kelly,1999-05-14,True,C,L,73,185,185,84,Camrose,CAN,NaN,NaN,NaN,NaN,NaN,https://assets.nhle.com/mugs/nhl/20252026/COL/8480448.png,https://assets.nhle.com/mugs/actionshots/1296x729/8480448.jpg
8480727,Zach,Whitecloud,1996-11-28,True,D,R,74,188,210,95,Brandon,CAN,NaN,NaN,NaN,NaN,NaN,https://assets.nhle.com/mugs/nhl/20252026/VGK/8480727.png,https://assets.nhle.com/mugs/actionshots/1296x729/8480727.jpg
8481020,Justus,Annunen,2000-03-11,True,G,L,76,193,210,95,Kempele,FIN,2018,COL,3,2,64,https://assets.nhle.com/mugs/nhl/20252026/NSH/8481020.png,https://assets.nhle.com/mugs/actionshots/1296x729/8481020.jpg
8481042,Nikolai,Kovalenko,1999-10-17,False,R,L,70,178,180,82,Raleigh,USA,2018,COL,6,16,171,https://assets.nhle.com/mugs/nhl/latest/8481042.png,https://assets.nhle.com/mugs/actionshots/1296x729/8481042.jpg
8481186,Logan,O'Connor,1996-08-14,True,R,R,72,183,175,79,Missouri City,USA,NaN,NaN,NaN,NaN,NaN,https://assets.nhle.com/mugs/nhl/20252026/COL/8481186.png,https://assets.nhle.com/mugs/actionshots/1296x729/8481186.jpg
8481604,Pavel,Dorofeyev,2000-10-26,True,L,L,73,185,194,88,Nizhny Tagil,RUS,2019,VGK,3,17,79,https://assets.nhle.com/mugs/nhl/20252026/VGK/8481604.png,https://assets.nhle.com/mugs/actionshots/1296x729/8481604.jpg
8481641,Joel,Kiviranta,1996-03-23,True,L,L,71,180,185,84,Vantaa,FIN,NaN,NaN,NaN,NaN,NaN,https://assets.nhle.com/mugs/nhl/20252026/COL/8481641.png,https://assets.nhle.com/mugs/actionshots/1296x729/8481641.jpg
8482125,Alexander,Holtz,2002-01-23,True,R,R,72,183,198,90,Stockholm,SWE,2020,NJD,1,7,7,https://assets.nhle.com/mugs/nhl/20252026/VGK/8482125.png,https://assets.nhle.com/mugs/actionshots/1296x729/8482125.jpg
8482153,Brendan,Brisson,2001-10-22,True,C,L,72,183,198,90,Los Angeles,USA,2020,VGK,1,29,29,https://assets.nhle.com/mugs/nhl/20252026/NYR/8482153.png,https://assets.nhle.com/mugs/actionshots/1296x729/8482153.jpg
8483930,Ivan,Ivan,2002-08-20,True,C,L,72,183,190,86,Ostrava,CZE,NaN,NaN,NaN,NaN,NaN,https://assets.nhle.com/mugs/nhl/20252026/COL/8483930.png,https://assets.nhle.com/mugs/actionshots/1296x729/8483930.jpg
8484221,Calum,Ritchie,2005-01-21,True,C,R,74,188,185,84,Oakville,CAN,2023,COL,1,27,27,https://assets.nhle.com/mugs/nhl/20252026/NYI/8484221.png,https://assets.nhle.com/mugs/actionshots/1296x729/8484221.jpg
8484258,Sam,Malinski,1998-07-27,True,D,R,71,180,190,86,Lakeville,USA,NaN,NaN,NaN,NaN,NaN,https://assets.nhle.com/mugs/nhl/20252026/COL/8484258.png,https://assets.nhle.com/mugs/actionshots/1296x729/8484258.jpg
8478450,Parker,Wotherspoon,1997-08-24,True,D,L,73,185,192,87,Surrey,CAN,2015,NYI,4,21,112,https://assets.nhle.com/mugs/nhl/20252026/PIT/8478450.png,https://assets.nhle.com/mugs/actionshots/1296x729/8478450.jpg
8479362,Riley,Tufte,1998-04-10,True,L,L,78,198,230,104,Coon Rapids,USA,2016,DAL,1,25,25,https://assets.nhle.com/mugs/nhl/20252026/BOS/8479362.png,https://assets.nhle.com/mugs/actionshots/1296x729/8479362.jpg
8482775,Oliver,Kapanen,2003-07-29,True,C,R,74,188,194,88,Timra,SWE,2021,MTL,2,32,64,https://assets.nhle.com/mugs/nhl/20252026/MTL/8482775.png,https://assets.nhle.com/mugs/actionshots/1296x729/8482775.jpg
8471685,Anze,Kopitar,1987-08-24,True,C,L,75,191,225,102,Jesenice,SLO,2005,LAK,1,11,11,https://assets.nhle.com/mugs/nhl/20252026/LAK/8471685.png,https://assets.nhle.com/mugs/actionshots/1296x729/8471685.jpg
8473453,Trevor,Lewis,1987-01-08,False,C,R,73,185,205,93,Salt Lake City,USA,2006,LAK,1,17,17,https://assets.nhle.com/mugs/nhl/latest/8473453.png,https://assets.nhle.com/mugs/actionshots/1296x729/8473453.jpg
8475311,Darcy,Kuemper,1990-05-05,True,G,L,77,196,215,98,Saskatoon,CAN,2009,MIN,6,11,161,https://assets.nhle.com/mugs/nhl/20252026/LAK/8475311.png,https://assets.nhle.com/mugs/actionshots/1296x729/8475311.jpg
8476441,Joel,Edmundson,1993-06-28,True,D,L,77,196,221,100,Brandon,CAN,2011,STL,2,16,46,https://assets.nhle.com/mugs/nhl/20252026/LAK/8476441.png,https://assets.nhle.com/mugs/actionshots/1296x729/8476441.jpg
8476479,Phillip,Danault,1993-02-24,True,C,L,73,185,200,91,Victoriaville,CAN,2011,CHI,1,26,26,https://assets.nhle.com/mugs/nhl/20252026/LAK/8476479.png,https://assets.nhle.com/mugs/actionshots/1296x729/8476479.jpg
8477335,Kyle,Burroughs,1995-07-12,True,D,R,72,183,193,88,Vancouver,CAN,2013,NYI,7,15,196,https://assets.nhle.com/mugs/nhl/20252026/LAK/8477335.png,https://assets.nhle.com/mugs/actionshots/1296x729/8477335.jpg
8477942,Kevin,Fiala,1996-07-22,True,L,L,72,183,205,93,St. Gallen,SUI,2014,NSH,1,11,11,https://assets.nhle.com/mugs/nhl/20252026/LAK/8477942.png,https://assets.nhle.com/mugs/actionshots/1296x729/8477942.jpg
8477960,Adrian,Kempe,1996-09-13,True,R,L,74,188,200,91,Kramfors,SWE,2014,LAK,1,29,29,https://assets.nhle.com/mugs/nhl/20252026/LAK/8477960.png,https://assets.nhle.com/mugs/actionshots/1296x729/8477960.jpg
8477998,Warren,Foegele,1996-04-01,True,L,L,74,188,204,93,Markham,CAN,2014,CAR,3,7,67,https://assets.nhle.com/mugs/nhl/20252026/LAK/8477998.png,https://assets.nhle.com/mugs/actionshots/1296x729/8477998.jpg
8478882,Vladislav,Gavrikov,1995-11-21,True,D,L,75,191,220,100,Yaroslavl,RUS,2015,CBJ,6,8,159,https://assets.nhle.com/mugs/nhl/20252026/NYR/8478882.png,https://assets.nhle.com/mugs/actionshots/1296x729/8478882.jpg
8479496,David,Rittich,1992-08-19,True,G,L,76,193,205,93,Jihlava,CZE,NaN,NaN,NaN,NaN,NaN,https://assets.nhle.com/mugs/nhl/20252026/NYI/8479496.png,https://assets.nhle.com/mugs/actionshots/1296x729/8479496.jpg
8479661,Tanner,Jeannot,1997-05-29,True,L,L,74,188,220,100,Estevan,CAN,NaN,NaN,NaN,NaN,NaN,https://assets.nhle.com/mugs/nhl/20252026/BOS/8479661.png,https://assets.nhle.com/mugs/actionshots/1296x729/8479661.jpg
8479675,Trevor,Moore,1995-03-31,True,L,L,71,180,195,88,Thousand Oaks,USA,NaN,NaN,NaN,NaN,NaN,https://assets.nhle.com/mugs/nhl/20252026/LAK/8479675.png,https://assets.nhle.com/mugs/actionshots/1296x729/8479675.jpg
8479998,Mikey,Anderson,1999-05-25,True,D,L,72,183,195,88,Roseville,USA,2017,LAK,4,10,103,https://assets.nhle.com/mugs/nhl/20252026/LAK/8479998.png,https://assets.nhle.com/mugs/actionshots/1296x729/8479998.jpg
8481532,Alex,Turcotte,2001-02-26,True,C,L,71,180,185,84,Elk Grove,USA,2019,LAK,1,5,5,https://assets.nhle.com/mugs/nhl/20252026/LAK/8481532.png,https://assets.nhle.com/mugs/actionshots/1296x729/8481532.jpg
8481606,Jordan,Spence,2001-02-24,True,D,R,71,180,180,82,Manly,AUS,2019,LAK,4,2,95,https://assets.nhle.com/mugs/nhl/20252026/OTT/8481606.png,https://assets.nhle.com/mugs/actionshots/1296x729/8481606.jpg
8481732,Andre,Lee,2000-07-26,True,L,L,77,196,206,93,Karlstad,SWE,2019,LAK,7,2,188,https://assets.nhle.com/mugs/nhl/20252026/LAK/8481732.png,https://assets.nhle.com/mugs/actionshots/1296x729/8481732.jpg
8482124,Quinton,Byfield,2002-08-19,True,R,L,77,196,225,102,Newmarket,CAN,2020,LAK,1,2,2,https://assets.nhle.com/mugs/nhl/20252026/LAK/8482124.png,https://assets.nhle.com/mugs/actionshots/1296x729/8482124.jpg
8482155,Alex,Laferriere,2001-10-28,True,R,R,73,185,205,93,Chatham,USA,2020,LAK,3,21,83,https://assets.nhle.com/mugs/nhl/20252026/LAK/8482155.png,https://assets.nhle.com/mugs/actionshots/1296x729/8482155.jpg
8482730,Brandt,Clarke,2003-02-09,True,D,R,74,188,200,91,Nepean,CAN,2021,LAK,1,8,8,https://assets.nhle.com/mugs/nhl/20252026/LAK/8482730.png,https://assets.nhle.com/mugs/actionshots/1296x729/8482730.jpg
8473512,Claude,Giroux,1988-01-12,True,R,R,71,180,188,85,Hearst,CAN,2006,PHI,1,22,22,https://assets.nhle.com/mugs/nhl/20252026/OTT/8473512.png,https://assets.nhle.com/mugs/actionshots/1296x729/8473512.jpg
8474102,David,Perron,1988-05-28,True,L,R,72,183,198,90,Sherbrooke,CAN,2007,STL,1,26,26,https://assets.nhle.com/mugs/nhl/20252026/OTT/8474102.png,https://assets.nhle.com/mugs/actionshots/1296x729/8474102.jpg
8474612,Travis,Hamonic,1990-08-16,True,D,R,72,183,195,88,St. Malo,CAN,2008,NYI,2,23,53,https://assets.nhle.com/mugs/nhl/20252026/DET/8474612.png,https://assets.nhle.com/mugs/actionshots/1296x729/8474612.jpg
8475324,Nick,Jensen,1990-09-21,True,D,R,72,183,196,89,Rogers,USA,2009,DET,5,30,150,https://assets.nhle.com/mugs/nhl/20252026/OTT/8475324.png,https://assets.nhle.com/mugs/actionshots/1296x729/8475324.jpg
8476341,Anton,Forsberg,1992-11-27,True,G,L,75,191,198,90,Härnösand,SWE,2011,CBJ,7,7,188,https://assets.nhle.com/mugs/nhl/20252026/LAK/8476341.png,https://assets.nhle.com/mugs/actionshots/1296x729/8476341.jpg
8476393,Nick,Cousins,1993-07-20,True,C,L,71,180,186,84,Belleville,CAN,2011,PHI,3,7,68,https://assets.nhle.com/mugs/nhl/20252026/OTT/8476393.png,https://assets.nhle.com/mugs/actionshots/1296x729/8476393.jpg
8476999,Linus,Ullmark,1993-07-31,True,G,L,76,193,215,98,Lugnvik,SWE,2012,BUF,6,12,163,https://assets.nhle.com/mugs/nhl/20252026/OTT/8476999.png,https://assets.nhle.com/mugs/actionshots/1296x729/8476999.jpg
8477220,Nate,Schmidt,1991-07-16,True,D,L,72,183,197,89,St. Cloud,USA,NaN,NaN,NaN,NaN,NaN,https://assets.nhle.com/mugs/nhl/20252026/UTA/8477220.png,https://assets.nhle.com/mugs/actionshots/1296x729/8477220.jpg
8478020,Michael,Amadio,1996-05-13,True,R,R,73,185,199,90,Sault Ste. Marie,CAN,2014,LAK,3,30,90,https://assets.nhle.com/mugs/nhl/20252026/OTT/8478020.png,https://assets.nhle.com/mugs/actionshots/1296x729/8478020.jpg
8478469,Thomas,Chabot,1997-01-30,True,D,L,73,185,203,92,Sainte-Marie,CAN,2015,OTT,1,18,18,https://assets.nhle.com/mugs/nhl/20252026/OTT/8478469.png,https://assets.nhle.com/mugs/actionshots/1296x729/8478469.jpg
8478874,Adam,Gaudette,1996-10-03,True,R,R,73,185,187,85,Braintree,USA,2015,VAN,5,28,149,https://assets.nhle.com/mugs/nhl/20252026/SJS/8478874.png,https://assets.nhle.com/mugs/actionshots/1296x729/8478874.jpg
8479393,Noah,Gregor,1998-07-28,False,L,L,72,183,201,91,Beaumont,CAN,2016,SJS,4,20,111,https://assets.nhle.com/mugs/nhl/latest/8479393.png,https://assets.nhle.com/mugs/actionshots/1296x729/8479393.jpg
8480064,Josh,Norris,1999-05-05,True,C,L,74,188,196,89,Oxford,USA,2017,SJS,1,19,19,https://assets.nhle.com/mugs/nhl/20252026/BUF/8480064.png,https://assets.nhle.com/mugs/actionshots/1296x729/8480064.jpg
8480208,Drake,Batherson,1998-04-27,True,R,R,75,191,200,91,Fort Wayne,USA,2017,OTT,4,28,121,https://assets.nhle.com/mugs/nhl/20252026/OTT/8480208.png,https://assets.nhle.com/mugs/actionshots/1296x729/8480208.jpg
8480801,Brady,Tkachuk,1999-09-16,True,L,L,76,193,225,102,Scottsdale,USA,2018,OTT,1,4,4,https://assets.nhle.com/mugs/nhl/20252026/OTT/8480801.png,https://assets.nhle.com/mugs/actionshots/1296x729/8480801.jpg
8481519,Spencer,Knight,2001-04-19,True,G,L,75,191,191,87,Darien,USA,2019,FLA,1,13,13,https://assets.nhle.com/mugs/nhl/20252026/CHI/8481519.png,https://assets.nhle.com/mugs/actionshots/1296x729/8481519.jpg
8481596,Shane,Pinto,2000-11-12,True,C,R,75,191,204,93,Franklin Square,USA,2019,OTT,2,1,32,https://assets.nhle.com/mugs/nhl/20252026/OTT/8481596.png,https://assets.nhle.com/mugs/actionshots/1296x729/8481596.jpg
8482092,Ridly,Greig,2002-08-08,True,C,L,72,183,188,85,Lethbridge,CAN,2020,OTT,1,28,28,https://assets.nhle.com/mugs/nhl/20252026/OTT/8482092.png,https://assets.nhle.com/mugs/actionshots/1296x729/8482092.jpg
8482095,Tyler,Kleven,2002-01-10,True,D,L,77,196,221,100,Fargo,USA,2020,OTT,2,13,44,https://assets.nhle.com/mugs/nhl/20252026/OTT/8482095.png,https://assets.nhle.com/mugs/actionshots/1296x729/8482095.jpg
8482105,Jake,Sanderson,2002-07-08,True,D,L,74,188,204,93,Whitefish,USA,2020,OTT,1,5,5,https://assets.nhle.com/mugs/nhl/20252026/OTT/8482105.png,https://assets.nhle.com/mugs/actionshots/1296x729/8482105.jpg
8482116,Tim,Stützle,2002-01-15,True,C,L,72,183,192,87,Viersen,GER,2020,OTT,1,3,3,https://assets.nhle.com/mugs/nhl/20252026/OTT/8482116.png,https://assets.nhle.com/mugs/actionshots/1296x729/8482116.jpg
8482245,Artem,Zub,1995-10-03,True,D,R,75,191,200,91,Khabarovsk,RUS,NaN,NaN,NaN,NaN,NaN,https://assets.nhle.com/mugs/nhl/20252026/OTT/8482245.png,https://assets.nhle.com/mugs/actionshots/1296x729/8482245.jpg
8473507,Jeff,Petry,1987-12-09,True,D,R,75,191,208,94,Ann Arbor,USA,2006,EDM,2,15,45,https://assets.nhle.com/mugs/nhl/20252026/FLA/8473507.png,https://assets.nhle.com/mugs/actionshots/1296x729/8473507.jpg
8474141,Patrick,Kane,1988-11-19,True,R,L,70,178,177,80,Buffalo,USA,2007,CHI,1,1,1,https://assets.nhle.com/mugs/nhl/20252026/DET/8474141.png,https://assets.nhle.com/mugs/actionshots/1296x729/8474141.jpg
8475279,Ben,Chiarot,1991-05-09,True,D,L,75,191,224,102,Hamilton,CAN,2009,ATL,4,29,120,https://assets.nhle.com/mugs/nhl/20252026/DET/8475279.png,https://assets.nhle.com/mugs/actionshots/1296x729/8475279.jpg
8475660,Cam,Talbot,1987-07-05,True,G,L,76,193,200,91,Caledonia,CAN,NaN,NaN,NaN,NaN,NaN,https://assets.nhle.com/mugs/nhl/20252026/DET/8475660.png,https://assets.nhle.com/mugs/actionshots/1296x729/8475660.jpg
8475765,Vladimir,Tarasenko,1991-12-13,True,R,L,73,185,219,99,Yaroslavl,RUS,2010,STL,1,16,16,https://assets.nhle.com/mugs/nhl/20252026/MIN/8475765.png,https://assets.nhle.com/mugs/actionshots/1296x729/8475765.jpg
8476874,Olli,Määttä,1994-08-22,True,D,L,74,188,207,94,Jyväskylä,FIN,2012,PIT,1,22,22,https://assets.nhle.com/mugs/nhl/20252026/UTA/8476874.png,https://assets.nhle.com/mugs/actionshots/1296x729/8476874.jpg
8476979,Erik,Gustafsson,1992-03-14,True,D,L,73,185,189,86,Nynashamn,SWE,2012,EDM,4,2,93,https://assets.nhle.com/mugs/nhl/20252026/DET/8476979.png,https://assets.nhle.com/mugs/actionshots/1296x729/8476979.jpg
8477353,Tyler,Motte,1995-03-10,False,C,L,70,178,194,88,St. Clair,USA,2013,CHI,4,30,121,https://assets.nhle.com/mugs/nhl/latest/8477353.png,https://assets.nhle.com/mugs/actionshots/1296x729/8477353.jpg
8477429,Andrew,Copp,1994-07-08,True,C,L,73,185,203,92,Ann Arbor,USA,2013,WPG,4,13,104,https://assets.nhle.com/mugs/nhl/20252026/DET/8477429.png,https://assets.nhle.com/mugs/actionshots/1296x729/8477429.jpg
8477456,J.T.,Compher,1995-04-08,True,L,R,72,183,190,86,Northbrook,USA,2013,BUF,2,5,35,https://assets.nhle.com/mugs/nhl/20252026/DET/8477456.png,https://assets.nhle.com/mugs/actionshots/1296x729/8477456.jpg
8477946,Dylan,Larkin,1996-07-30,True,C,L,73,185,199,90,Waterford,USA,2014,DET,1,15,15,https://assets.nhle.com/mugs/nhl/20252026/DET/8477946.png,https://assets.nhle.com/mugs/actionshots/1296x729/8477946.jpg
8478024,Ville,Husso,1995-02-06,True,G,L,75,191,205,93,Helsinki,FIN,2014,STL,4,4,94,https://assets.nhle.com/mugs/nhl/20252026/ANA/8478024.png,https://assets.nhle.com/mugs/actionshots/1296x729/8478024.jpg
8478432,Christian,Fischer,1997-04-15,False,R,R,74,188,212,96,Chicago,USA,2015,ARI,2,2,32,https://assets.nhle.com/mugs/nhl/latest/8478432.png,https://assets.nhle.com/mugs/actionshots/1296x729/8478432.jpg
8479337,Alex,DeBrincat,1997-12-18,True,R,R,68,173,180,82,Farmington Hills,USA,2016,CHI,2,9,39,https://assets.nhle.com/mugs/nhl/20252026/DET/8479337.png,https://assets.nhle.com/mugs/actionshots/1296x729/8479337.jpg
8479992,Michael,Rasmussen,1999-04-17,True,C,L,78,198,220,100,Surrey,CAN,2017,DET,1,9,9,https://assets.nhle.com/mugs/nhl/20252026/DET/8479992.png,https://assets.nhle.com/mugs/actionshots/1296x729/8479992.jpg
8480813,Joe,Veleno,2000-01-13,True,C,L,73,185,201,91,Montréal,CAN,2018,DET,1,30,30,https://assets.nhle.com/mugs/nhl/20252026/MTL/8480813.png,https://assets.nhle.com/mugs/actionshots/1296x729/8480813.jpg
8481013,Jonatan,Berggren,2000-07-16,True,R,L,71,180,197,89,Uppsala,SWE,2018,DET,2,2,33,https://assets.nhle.com/mugs/nhl/20252026/DET/8481013.png,https://assets.nhle.com/mugs/actionshots/1296x729/8481013.jpg
8481542,Moritz,Seider,2001-04-06,True,D,R,75,191,205,93,Zell,GER,2019,DET,1,6,6,https://assets.nhle.com/mugs/nhl/20252026/DET/8481542.png,https://assets.nhle.com/mugs/actionshots/1296x729/8481542.jpg
8482078,Lucas,Raymond,2002-03-28,True,L,R,71,180,188,85,Gothenburg,SWE,2020,DET,1,4,4,https://assets.nhle.com/mugs/nhl/20252026/DET/8482078.png,https://assets.nhle.com/mugs/actionshots/1296x729/8482078.jpg
8482762,Simon,Edvinsson,2003-02-05,True,D,L,78,198,209,95,Kungsbacka,SWE,2021,DET,1,6,6,https://assets.nhle.com/mugs/nhl/20252026/DET/8482762.png,https://assets.nhle.com/mugs/actionshots/1296x729/8482762.jpg
8482259,Bobby,McMann,1996-06-15,True,C,L,74,188,215,98,Wainwright,CAN,NaN,NaN,NaN,NaN,NaN,https://assets.nhle.com/mugs/nhl/20252026/TOR/8482259.png,https://assets.nhle.com/mugs/actionshots/1296x729/8482259.jpg
8473575,Semyon,Varlamov,1988-04-27,True,G,L,74,188,201,91,Samara,RUS,2006,WSH,1,23,23,https://assets.nhle.com/mugs/nhl/20252026/NYI/8473575.png,https://assets.nhle.com/mugs/actionshots/1296x729/8473575.jpg
8475151,Kyle,Palmieri,1991-02-01,True,C,R,71,180,195,88,Smithtown,USA,2009,ANA,1,26,26,https://assets.nhle.com/mugs/nhl/20252026/NYI/8475151.png,https://assets.nhle.com/mugs/actionshots/1296x729/8475151.jpg
8475231,Casey,Cizikas,1991-02-27,True,C,L,71,180,194,88,Toronto,CAN,2009,NYI,4,1,92,https://assets.nhle.com/mugs/nhl/20252026/NYI/8475231.png,https://assets.nhle.com/mugs/actionshots/1296x729/8475231.jpg
8475314,Anders,Lee,1990-07-03,True,L,L,75,191,231,105,Edina,USA,2009,NYI,6,2,152,https://assets.nhle.com/mugs/nhl/20252026/NYI/8475314.png,https://assets.nhle.com/mugs/actionshots/1296x729/8475314.jpg
8475754,Brock,Nelson,1991-10-15,True,C,L,76,193,205,93,Warroad,USA,2010,NYI,1,30,30,https://assets.nhle.com/mugs/nhl/20252026/COL/8475754.png,https://assets.nhle.com/mugs/actionshots/1296x729/8475754.jpg
8476419,Jean-Gabriel,Pageau,1992-11-11,True,C,R,71,180,195,88,Ottawa,CAN,2011,OTT,4,5,96,https://assets.nhle.com/mugs/nhl/20252026/NYI/8476419.png,https://assets.nhle.com/mugs/actionshots/1296x729/8476419.jpg
8476422,Mike,Reilly,1993-07-13,True,D,L,74,188,191,87,Chicago,USA,2011,CBJ,4,7,98,https://assets.nhle.com/mugs/nhl/20252026/CAR/8476422.png,https://assets.nhle.com/mugs/actionshots/1296x729/8476422.jpg
8476429,Scott,Mayfield,1992-10-14,True,D,R,77,196,213,97,St. Louis,USA,2011,NYI,2,4,34,https://assets.nhle.com/mugs/nhl/20252026/NYI/8476429.png,https://assets.nhle.com/mugs/actionshots/1296x729/8476429.jpg
8476917,Adam,Pelech,1994-08-16,True,D,L,75,191,210,95,Toronto,CAN,2012,NYI,3,4,65,https://assets.nhle.com/mugs/nhl/20252026/NYI/8476917.png,https://assets.nhle.com/mugs/actionshots/1296x729/8476917.jpg
8477407,Anthony,Duclair,1995-08-26,True,L,L,72,183,200,91,Pointe-Claire,CAN,2013,NYR,3,19,80,https://assets.nhle.com/mugs/nhl/20252026/NYI/8477407.png,https://assets.nhle.com/mugs/actionshots/1296x729/8477407.jpg
8477500,Bo,Horvat,1995-04-05,True,C,L,73,185,215,98,London,CAN,2013,VAN,1,9,9,https://assets.nhle.com/mugs/nhl/20252026/NYI/8477500.png,https://assets.nhle.com/mugs/actionshots/1296x729/8477500.jpg
8477506,Ryan,Pulock,1994-10-06,True,D,R,74,188,220,100,Dauphin,CAN,2013,NYI,1,15,15,https://assets.nhle.com/mugs/nhl/20252026/NYI/8477506.png,https://assets.nhle.com/mugs/actionshots/1296x729/8477506.jpg
8478009,Ilya,Sorokin,1995-08-04,True,G,L,76,193,211,96,Mezhdurechensk,RUS,2014,NYI,3,18,78,https://assets.nhle.com/mugs/nhl/20252026/NYI/8478009.png,https://assets.nhle.com/mugs/actionshots/1296x729/8478009.jpg
8478445,Mathew,Barzal,1997-05-26,True,C,R,73,185,190,86,Coquitlam,CAN,2015,NYI,1,16,16,https://assets.nhle.com/mugs/nhl/20252026/NYI/8478445.png,https://assets.nhle.com/mugs/actionshots/1296x729/8478445.jpg
8479619,Michael,Carcone,1996-05-19,True,L,L,69,175,182,83,Ajax,CAN,NaN,NaN,NaN,NaN,NaN,https://assets.nhle.com/mugs/nhl/20252026/UTA/8479619.png,https://assets.nhle.com/mugs/actionshots/1296x729/8479619.jpg
8480789,Oliver,Wahlstrom,2000-06-13,False,R,R,74,188,205,93,Portland,USA,2018,NYI,1,11,11,https://assets.nhle.com/mugs/nhl/latest/8480789.png,https://assets.nhle.com/mugs/actionshots/1296x729/8480789.jpg
8480865,Noah,Dobson,2000-01-07,True,D,R,76,193,200,91,Summerside,CAN,2018,NYI,1,12,12,https://assets.nhle.com/mugs/nhl/20252026/MTL/8480865.png,https://assets.nhle.com/mugs/actionshots/1296x729/8480865.jpg
8481014,Alexander,Romanov,2000-01-06,True,D,L,73,185,220,100,Moscow,RUS,2018,MTL,2,7,38,https://assets.nhle.com/mugs/nhl/20252026/NYI/8481014.png,https://assets.nhle.com/mugs/actionshots/1296x729/8481014.jpg
8481237,Kyle,MacLean,1999-04-29,True,C,L,73,185,194,88,Livingston,USA,NaN,NaN,NaN,NaN,NaN,https://assets.nhle.com/mugs/nhl/20252026/NYI/8481237.png,https://assets.nhle.com/mugs/actionshots/1296x729/8481237.jpg
8481601,Simon,Holmstrom,2001-05-24,True,R,L,74,188,215,98,Tranas,SWE,2019,NYI,1,23,23,https://assets.nhle.com/mugs/nhl/20252026/NYI/8481601.png,https://assets.nhle.com/mugs/actionshots/1296x729/8481601.jpg
8484958,Maxim,Tsyplakov,1998-09-19,True,R,L,75,191,210,95,Moscow,RUS,NaN,NaN,NaN,NaN,NaN,https://assets.nhle.com/mugs/nhl/20252026/NYI/8484958.png,https://assets.nhle.com/mugs/actionshots/1296x729/8484958.jpg
8473994,Jamie,Benn,1989-07-18,True,L,L,75,191,206,93,Victoria,CAN,2007,DAL,5,8,129,https://assets.nhle.com/mugs/nhl/20252026/DAL/8473994.png,https://assets.nhle.com/mugs/actionshots/1296x729/8473994.jpg
8474149,Evgenii,Dadonov,1989-03-12,True,R,L,71,180,188,85,Chelyabinsk,RUS,2007,FLA,3,10,71,https://assets.nhle.com/mugs/nhl/20252026/NJD/8474149.png,https://assets.nhle.com/mugs/actionshots/1296x729/8474149.jpg
8474564,Steven,Stamkos,1990-02-07,True,C,R,73,185,193,88,Markham,CAN,2008,TBL,1,1,1,https://assets.nhle.com/mugs/nhl/20252026/NSH/8474564.png,https://assets.nhle.com/mugs/actionshots/1296x729/8474564.jpg
8474568,Luke,Schenn,1989-11-02,True,D,R,74,188,225,102,Saskatoon,CAN,2008,TOR,1,5,5,https://assets.nhle.com/mugs/nhl/20252026/WPG/8474568.png,https://assets.nhle.com/mugs/actionshots/1296x729/8474568.jpg
8474600,Roman,Josi,1990-06-01,True,D,L,73,185,201,91,Bern,SUI,2008,NSH,2,8,38,https://assets.nhle.com/mugs/nhl/20252026/NSH/8474600.png,https://assets.nhle.com/mugs/actionshots/1296x729/8474600.jpg
8474679,Gustav,Nyquist,1989-09-01,True,R,L,71,180,180,82,Halmstad,SWE,2008,DET,4,30,121,https://assets.nhle.com/mugs/nhl/20252026/WPG/8474679.png,https://assets.nhle.com/mugs/actionshots/1296x729/8474679.jpg
8475158,Ryan,O'Reilly,1991-02-07,True,C,L,73,185,207,94,Clinton,CAN,2009,COL,2,3,33,https://assets.nhle.com/mugs/nhl/20252026/NSH/8475158.png,https://assets.nhle.com/mugs/actionshots/1296x729/8475158.jpg
8475168,Matt,Duchene,1991-01-16,True,C,L,71,180,212,96,Haliburton,CAN,2009,COL,1,3,3,https://assets.nhle.com/mugs/nhl/20252026/DAL/8475168.png,https://assets.nhle.com/mugs/actionshots/1296x729/8475168.jpg
8475794,Tyler,Seguin,1992-01-31,True,C,R,74,188,201,91,Brampton,CAN,2010,BOS,1,2,2,https://assets.nhle.com/mugs/nhl/20252026/DAL/8475794.png,https://assets.nhle.com/mugs/actionshots/1296x729/8475794.jpg
8475809,Scott,Wedgewood,1992-08-14,True,G,L,74,188,201,91,Brampton,CAN,2010,NJD,3,24,84,https://assets.nhle.com/mugs/nhl/20252026/COL/8475809.png,https://assets.nhle.com/mugs/actionshots/1296x729/8475809.jpg
8476278,Colin,Blackwell,1993-03-28,True,C,R,68,173,190,86,North Andover,USA,2011,SJS,7,13,194,https://assets.nhle.com/mugs/nhl/20252026/DAL/8476278.png,https://assets.nhle.com/mugs/actionshots/1296x729/8476278.jpg
8476539,Jonathan,Marchessault,1990-12-27,True,C,R,69,175,185,84,Cap-Rouge,CAN,NaN,NaN,NaN,NaN,NaN,https://assets.nhle.com/mugs/nhl/20252026/NSH/8476539.png,https://assets.nhle.com/mugs/actionshots/1296x729/8476539.jpg
8476856,Mathew,Dumba,1994-07-25,True,D,R,73,185,185,84,Regina,CAN,2012,MIN,1,7,7,https://assets.nhle.com/mugs/nhl/20252026/PIT/8476856.png,https://assets.nhle.com/mugs/actionshots/1296x729/8476856.jpg
8476869,Brady,Skjei,1994-03-26,True,D,L,75,191,210,95,Lakeville,USA,2012,NYR,1,28,28,https://assets.nhle.com/mugs/nhl/20252026/NSH/8476869.png,https://assets.nhle.com/mugs/actionshots/1296x729/8476869.jpg
8476873,Mark,Jankowski,1994-09-13,True,C,L,76,193,212,96,Hamilton,CAN,2012,CGY,1,21,21,https://assets.nhle.com/mugs/nhl/20252026/CAR/8476873.png,https://assets.nhle.com/mugs/actionshots/1296x729/8476873.jpg
8476887,Filip,Forsberg,1994-08-13,True,L,R,73,185,205,93,Ostervala,SWE,2012,WSH,1,11,11,https://assets.nhle.com/mugs/nhl/20252026/NSH/8476887.png,https://assets.nhle.com/mugs/actionshots/1296x729/8476887.jpg
8476902,Esa,Lindell,1994-05-23,True,D,L,75,191,217,98,Vantaa,FIN,2012,DAL,3,13,74,https://assets.nhle.com/mugs/nhl/20252026/DAL/8476902.png,https://assets.nhle.com/mugs/actionshots/1296x729/8476902.jpg
8476925,Colton,Sissons,1993-11-05,True,C,R,73,185,200,91,North Vancouver,CAN,2012,NSH,2,20,50,https://assets.nhle.com/mugs/nhl/20252026/VGK/8476925.png,https://assets.nhle.com/mugs/actionshots/1296x729/8476925.jpg
8477446,Michael,McCarron,1995-03-07,True,R,R,78,198,232,105,Grosse Pointe,USA,2013,MTL,1,25,25,https://assets.nhle.com/mugs/nhl/20252026/NSH/8477446.png,https://assets.nhle.com/mugs/actionshots/1296x729/8477446.jpg
8478438,Tommy,Novak,1997-04-28,True,C,L,73,185,179,81,St. Paul,USA,2015,NSH,3,24,85,https://assets.nhle.com/mugs/nhl/20252026/PIT/8478438.png,https://assets.nhle.com/mugs/actionshots/1296x729/8478438.jpg
8478449,Roope,Hintz,1996-11-17,True,C,L,75,191,213,97,Nokia,FIN,2015,DAL,2,19,49,https://assets.nhle.com/mugs/nhl/20252026/DAL/8478449.png,https://assets.nhle.com/mugs/actionshots/1296x729/8478449.jpg
8478468,Jeremy,Lauzon,1997-04-28,True,D,L,75,191,225,102,Val-d'Or,CAN,2015,BOS,2,22,52,https://assets.nhle.com/mugs/nhl/20252026/VGK/8478468.png,https://assets.nhle.com/mugs/actionshots/1296x729/8478468.jpg
8478851,Alexandre,Carrier,1996-10-08,True,D,R,71,180,174,79,Quebec City,CAN,2015,NSH,4,24,115,https://assets.nhle.com/mugs/nhl/20252026/MTL/8478851.png,https://assets.nhle.com/mugs/actionshots/1296x729/8478851.jpg
8478975,Mason,Marchment,1995-06-18,True,L,L,77,196,212,96,Uxbridge,CAN,NaN,NaN,NaN,NaN,NaN,https://assets.nhle.com/mugs/nhl/20252026/SEA/8478975.png,https://assets.nhle.com/mugs/actionshots/1296x729/8478975.jpg
8479193,Casey,DeSmith,1991-08-13,True,G,L,72,183,180,82,Rochester,USA,NaN,NaN,NaN,NaN,NaN,https://assets.nhle.com/mugs/nhl/20252026/DAL/8479193.png,https://assets.nhle.com/mugs/actionshots/1296x729/8479193.jpg
8479351,Sam,Steel,1998-02-03,True,C,L,72,183,189,86,Ardrossan,CAN,2016,ANA,1,30,30,https://assets.nhle.com/mugs/nhl/20252026/DAL/8479351.png,https://assets.nhle.com/mugs/actionshots/1296x729/8479351.jpg
8479371,Dante,Fabbro,1998-06-20,True,D,R,72,183,189,86,Coquitlam,CAN,2016,NSH,1,17,17,https://assets.nhle.com/mugs/nhl/20252026/CBJ/8479371.png,https://assets.nhle.com/mugs/actionshots/1296x729/8479371.jpg
8479979,Jake,Oettinger,1998-12-18,True,G,L,78,198,224,102,Lakeville,USA,2017,DAL,1,26,26,https://assets.nhle.com/mugs/nhl/20252026/DAL/8479979.png,https://assets.nhle.com/mugs/actionshots/1296x729/8479979.jpg
8480027,Jason,Robertson,1999-07-22,True,L,L,75,191,207,94,Arcadia,USA,2017,DAL,2,8,39,https://assets.nhle.com/mugs/nhl/20252026/DAL/8480027.png,https://assets.nhle.com/mugs/actionshots/1296x729/8480027.jpg
8480036,Miro,Heiskanen,1999-07-18,True,D,L,74,188,197,89,Espoo,FIN,2017,DAL,1,3,3,https://assets.nhle.com/mugs/nhl/20252026/DAL/8480036.png,https://assets.nhle.com/mugs/actionshots/1296x729/8480036.jpg
8480840,Oskar,Bäck,2000-03-12,True,C,L,76,193,202,92,Karlstad,SWE,2018,DAL,3,13,75,https://assets.nhle.com/mugs/nhl/20252026/DAL/8480840.png,https://assets.nhle.com/mugs/actionshots/1296x729/8480840.jpg
8480878,Nils,Lundkvist,2000-07-27,True,D,R,73,185,191,87,Pitea,SWE,2018,NYR,1,28,28,https://assets.nhle.com/mugs/nhl/20252026/DAL/8480878.png,https://assets.nhle.com/mugs/actionshots/1296x729/8480878.jpg
8480950,Ilya,Lyubushkin,1994-04-06,True,D,R,74,188,200,91,Moscow,RUS,NaN,NaN,NaN,NaN,NaN,https://assets.nhle.com/mugs/nhl/20252026/DAL/8480950.png,https://assets.nhle.com/mugs/actionshots/1296x729/8480950.jpg
8481577,Philip,Tomasino,2001-07-28,True,C,R,72,183,190,86,Mississauga,CAN,2019,NSH,1,24,24,https://assets.nhle.com/mugs/nhl/20252026/PIT/8481577.png,https://assets.nhle.com/mugs/actionshots/1296x729/8481577.jpg
8481581,Thomas,Harley,2001-08-19,True,D,L,75,191,211,96,Syracuse,USA,2019,DAL,1,18,18,https://assets.nhle.com/mugs/nhl/20252026/DAL/8481581.png,https://assets.nhle.com/mugs/actionshots/1296x729/8481581.jpg
8482062,Cole,Smith,1995-10-28,True,L,L,75,191,195,88,Brainerd,USA,NaN,NaN,NaN,NaN,NaN,https://assets.nhle.com/mugs/nhl/20252026/NSH/8482062.png,https://assets.nhle.com/mugs/actionshots/1296x729/8482062.jpg
8482146,Luke,Evangelista,2002-02-21,True,R,R,72,183,183,83,Toronto,CAN,2020,NSH,2,11,42,https://assets.nhle.com/mugs/nhl/20252026/NSH/8482146.png,https://assets.nhle.com/mugs/actionshots/1296x729/8482146.jpg
8482702,Logan,Stankoven,2003-02-26,True,C,R,68,173,165,75,Kamloops,CAN,2021,DAL,2,15,47,https://assets.nhle.com/mugs/nhl/20252026/CAR/8482702.png,https://assets.nhle.com/mugs/actionshots/1296x729/8482702.jpg
8482740,Wyatt,Johnston,2003-05-14,True,C,R,73,185,185,84,Toronto,CAN,2021,DAL,1,23,23,https://assets.nhle.com/mugs/nhl/20252026/DAL/8482740.png,https://assets.nhle.com/mugs/actionshots/1296x729/8482740.jpg
8483575,Matt,Murray,1998-02-02,True,G,L,73,185,196,89,St. Albert,CAN,NaN,NaN,NaN,NaN,NaN,https://assets.nhle.com/mugs/nhl/20252026/NSH/8483575.png,https://assets.nhle.com/mugs/actionshots/1296x729/8483575.jpg
8470594,Marc-Andre,Fleury,1984-11-28,False,G,L,74,188,185,84,Sorel,CAN,2003,PIT,1,1,1,https://assets.nhle.com/mugs/nhl/latest/8470594.png,https://assets.nhle.com/mugs/actionshots/1296x729/8470594.jpg
8471677,Jack,Johnson,1987-01-13,False,D,L,74,188,225,102,Indianapolis,USA,2005,CAR,1,3,3,https://assets.nhle.com/mugs/nhl/latest/8471677.png,https://assets.nhle.com/mugs/actionshots/1296x729/8471677.jpg
8474037,James,van Riemsdyk,1989-05-04,True,L,L,75,191,209,95,Middletown,USA,2007,PHI,1,2,2,https://assets.nhle.com/mugs/nhl/20252026/DET/8474037.png,https://assets.nhle.com/mugs/actionshots/1296x729/8474037.jpg
8474567,Zach,Bogosian,1990-07-15,True,D,R,75,191,231,105,Massena,USA,2008,ATL,1,3,3,https://assets.nhle.com/mugs/nhl/20252026/MIN/8474567.png,https://assets.nhle.com/mugs/actionshots/1296x729/8474567.jpg
8474716,Jared,Spurgeon,1989-11-29,True,D,R,69,175,166,75,Edmonton,CAN,2008,NYI,6,5,156,https://assets.nhle.com/mugs/nhl/20252026/MIN/8474716.png,https://assets.nhle.com/mugs/actionshots/1296x729/8474716.jpg
8475149,Marcus,Johansson,1990-10-06,True,L,L,73,185,203,92,Landskrona,SWE,2009,WSH,1,24,24,https://assets.nhle.com/mugs/nhl/20252026/MIN/8475149.png,https://assets.nhle.com/mugs/actionshots/1296x729/8475149.jpg
8475220,Marcus,Foligno,1991-08-10,True,L,L,75,191,226,103,Buffalo,USA,2009,BUF,4,13,104,https://assets.nhle.com/mugs/nhl/20252026/MIN/8475220.png,https://assets.nhle.com/mugs/actionshots/1296x729/8475220.jpg
8475692,Mats,Zuccarello,1987-09-01,True,R,L,68,173,181,82,Oslo,NOR,NaN,NaN,NaN,NaN,NaN,https://assets.nhle.com/mugs/nhl/20252026/MIN/8475692.png,https://assets.nhle.com/mugs/actionshots/1296x729/8475692.jpg
8475750,Jon,Merrill,1992-02-03,False,D,L,75,191,204,93,Oklahoma City,USA,2010,NJD,2,8,38,https://assets.nhle.com/mugs/nhl/latest/8475750.png,https://assets.nhle.com/mugs/actionshots/1296x729/8475750.jpg
8475790,Erik,Gudbranson,1992-01-07,True,D,R,77,196,222,101,Ottawa,CAN,2010,FLA,1,3,3,https://assets.nhle.com/mugs/nhl/20252026/CBJ/8475790.png,https://assets.nhle.com/mugs/actionshots/1296x729/8475790.jpg
8476374,Sean,Kuraly,1993-01-20,True,C,L,74,188,215,98,Niagara Falls,USA,2011,SJS,5,12,133,https://assets.nhle.com/mugs/nhl/20252026/BOS/8476374.png,https://assets.nhle.com/mugs/actionshots/1296x729/8476374.jpg
8476463,Jonas,Brodin,1993-07-12,True,D,L,74,188,196,89,Karlstad,SWE,2011,MIN,1,10,10,https://assets.nhle.com/mugs/nhl/20252026/MIN/8476463.png,https://assets.nhle.com/mugs/actionshots/1296x729/8476463.jpg
8476923,Damon,Severson,1994-08-07,True,D,R,74,188,204,93,Melville,CAN,2012,NJD,2,30,60,https://assets.nhle.com/mugs/nhl/20252026/CBJ/8476923.png,https://assets.nhle.com/mugs/actionshots/1296x729/8476923.jpg
8477451,Ryan,Hartman,1994-09-20,True,R,R,72,183,197,89,Hilton Head Island,USA,2013,CHI,1,30,30,https://assets.nhle.com/mugs/nhl/20252026/MIN/8477451.png,https://assets.nhle.com/mugs/actionshots/1296x729/8477451.jpg
8477497,Sean,Monahan,1994-10-12,True,C,L,74,188,197,89,Brampton,CAN,2013,CGY,1,6,6,https://assets.nhle.com/mugs/nhl/20252026/CBJ/8477497.png,https://assets.nhle.com/mugs/actionshots/1296x729/8477497.jpg
8477919,Frederick,Gaudreau,1993-05-01,True,C,R,72,183,184,83,Bromont,CAN,NaN,NaN,NaN,NaN,NaN,https://assets.nhle.com/mugs/nhl/20252026/SEA/8477919.png,https://assets.nhle.com/mugs/actionshots/1296x729/8477919.jpg
8478007,Elvis,Merzlikins,1994-04-13,True,G,L,75,191,190,86,Riga,LAT,2014,CBJ,3,16,76,https://assets.nhle.com/mugs/nhl/20252026/CBJ/8478007.png,https://assets.nhle.com/mugs/actionshots/1296x729/8478007.jpg
8478099,Kevin,Labanc,1995-12-12,False,R,R,71,180,185,84,Brooklyn,USA,2014,SJS,6,21,171,https://assets.nhle.com/mugs/nhl/latest/8478099.png,https://assets.nhle.com/mugs/actionshots/1296x729/8478099.jpg
8478136,Jake,Middleton,1996-01-02,True,D,L,75,191,219,99,Wainwright,CAN,2014,LAK,7,30,210,https://assets.nhle.com/mugs/nhl/20252026/MIN/8478136.png,https://assets.nhle.com/mugs/actionshots/1296x729/8478136.jpg
8478460,Zach,Werenski,1997-07-19,True,D,L,74,188,211,96,Grosse Pointe,USA,2015,CBJ,1,8,8,https://assets.nhle.com/mugs/nhl/20252026/CBJ/8478460.png,https://assets.nhle.com/mugs/actionshots/1296x729/8478460.jpg
8478493,Joel,Eriksson Ek,1997-01-29,True,C,L,75,191,207,94,Karlstad,SWE,2015,MIN,1,20,20,https://assets.nhle.com/mugs/nhl/20252026/MIN/8478493.png,https://assets.nhle.com/mugs/actionshots/1296x729/8478493.jpg
8478500,Ivan,Provorov,1997-01-13,True,D,L,73,185,213,97,Yaroslavl,RUS,2015,PHI,1,7,7,https://assets.nhle.com/mugs/nhl/20252026/CBJ/8478500.png,https://assets.nhle.com/mugs/actionshots/1296x729/8478500.jpg
8478508,Yakov,Trenin,1997-01-13,True,C,L,74,188,201,91,Chelyabinsk,RUS,2015,NSH,2,25,55,https://assets.nhle.com/mugs/nhl/20252026/MIN/8478508.png,https://assets.nhle.com/mugs/actionshots/1296x729/8478508.jpg
8478864,Kirill,Kaprizov,1997-04-26,True,L,L,70,178,202,92,Novokuznetsk,RUS,2015,MIN,5,14,135,https://assets.nhle.com/mugs/nhl/20252026/MIN/8478864.png,https://assets.nhle.com/mugs/actionshots/1296x729/8478864.jpg
8479406,Filip,Gustavsson,1998-06-07,True,G,L,74,188,184,83,Skelleftea,SWE,2016,PIT,2,25,55,https://assets.nhle.com/mugs/nhl/20252026/MIN/8479406.png,https://assets.nhle.com/mugs/actionshots/1296x729/8479406.jpg
8479671,Mathieu,Olivier,1997-02-11,True,R,R,73,185,226,103,Biloxi,USA,NaN,NaN,NaN,NaN,NaN,https://assets.nhle.com/mugs/nhl/20252026/CBJ/8479671.png,https://assets.nhle.com/mugs/actionshots/1296x729/8479671.jpg
8479944,Zachary,Aston-Reese,1994-08-10,True,C,L,73,185,200,91,Staten Island,USA,NaN,NaN,NaN,NaN,NaN,https://assets.nhle.com/mugs/nhl/20252026/CBJ/8479944.png,https://assets.nhle.com/mugs/actionshots/1296x729/8479944.jpg
8480193,Daniil,Tarasov,1999-03-27,True,G,L,77,196,203,92,Novokuznetsk,RUS,2017,CBJ,3,24,86,https://assets.nhle.com/mugs/nhl/20252026/FLA/8480193.png,https://assets.nhle.com/mugs/actionshots/1296x729/8480193.jpg
8480880,Jakub,Lauko,2000-03-28,False,C,L,73,185,193,88,Prague,CZE,2018,BOS,3,15,77,https://assets.nhle.com/mugs/nhl/latest/8480880.png,https://assets.nhle.com/mugs/actionshots/1296x729/8480880.jpg
8480893,Kirill,Marchenko,2000-07-21,True,R,R,75,191,197,89,Barnaul,RUS,2018,CBJ,2,18,49,https://assets.nhle.com/mugs/nhl/20252026/CBJ/8480893.png,https://assets.nhle.com/mugs/actionshots/1296x729/8480893.jpg
8481161,Jake,Christiansen,1999-09-12,True,D,L,72,183,197,89,West Vancouver,CAN,NaN,NaN,NaN,NaN,NaN,https://assets.nhle.com/mugs/nhl/20252026/CBJ/8481161.png,https://assets.nhle.com/mugs/actionshots/1296x729/8481161.jpg
8481557,Matt,Boldy,2001-04-05,True,L,L,74,188,201,91,Milford,USA,2019,MIN,1,12,12,https://assets.nhle.com/mugs/nhl/20252026/MIN/8481557.png,https://assets.nhle.com/mugs/actionshots/1296x729/8481557.jpg
8482079,Marco,Rossi,2001-09-23,True,C,L,69,175,182,83,Feldkirch,AUT,2020,MIN,1,9,9,https://assets.nhle.com/mugs/nhl/20252026/MIN/8482079.png,https://assets.nhle.com/mugs/actionshots/1296x729/8482079.jpg
8482122,Brock,Faber,2002-08-22,True,D,R,73,185,200,91,Maple Grove,USA,2020,LAK,2,14,45,https://assets.nhle.com/mugs/nhl/20252026/MIN/8482122.png,https://assets.nhle.com/mugs/actionshots/1296x729/8482122.jpg
8482177,Marat,Khusnutdinov,2002-07-17,True,C,L,71,180,176,80,Moscow,RUS,2020,MIN,2,6,37,https://assets.nhle.com/mugs/nhl/20252026/BOS/8482177.png,https://assets.nhle.com/mugs/actionshots/1296x729/8482177.jpg
8482451,Mikael,Pyyhtia,2001-12-17,True,L,L,72,183,176,80,Turku,FIN,2020,CBJ,4,21,114,https://assets.nhle.com/mugs/nhl/20252026/CBJ/8482451.png,https://assets.nhle.com/mugs/actionshots/1296x729/8482451.jpg
8482475,Yegor,Chinakhov,2001-02-01,True,R,L,73,185,201,91,Omsk,RUS,2020,CBJ,1,21,21,https://assets.nhle.com/mugs/nhl/20252026/CBJ/8482475.png,https://assets.nhle.com/mugs/actionshots/1296x729/8482475.jpg
8482660,Kent,Johnson,2002-10-18,True,C,L,72,183,180,82,Port Moody,CAN,2021,CBJ,1,5,5,https://assets.nhle.com/mugs/nhl/20252026/CBJ/8482660.png,https://assets.nhle.com/mugs/actionshots/1296x729/8482660.jpg
8482705,Cole,Sillinger,2003-05-16,True,C,L,73,185,202,92,Columbus,USA,2021,CBJ,1,12,12,https://assets.nhle.com/mugs/nhl/20252026/CBJ/8482705.png,https://assets.nhle.com/mugs/actionshots/1296x729/8482705.jpg
8484166,Adam,Fantilli,2004-10-12,True,C,L,74,188,199,90,Nobleton,CAN,2023,CBJ,1,3,3,https://assets.nhle.com/mugs/nhl/20252026/CBJ/8484166.png,https://assets.nhle.com/mugs/actionshots/1296x729/8484166.jpg
8475726,Tyler,Toffoli,1992-04-24,True,C,R,72,183,203,92,Scarborough,CAN,2010,LAK,2,17,47,https://assets.nhle.com/mugs/nhl/20252026/SJS/8475726.png,https://assets.nhle.com/mugs/actionshots/1296x729/8475726.jpg
8475798,Mikael,Granlund,1992-02-26,True,C,L,70,178,185,84,Oulu,FIN,2010,MIN,1,9,9,https://assets.nhle.com/mugs/nhl/20252026/ANA/8475798.png,https://assets.nhle.com/mugs/actionshots/1296x729/8475798.jpg
8476624,Barclay,Goodrow,1993-02-26,True,R,L,74,188,209,95,Toronto,CAN,NaN,NaN,NaN,NaN,NaN,https://assets.nhle.com/mugs/nhl/20252026/SJS/8476624.png,https://assets.nhle.com/mugs/actionshots/1296x729/8476624.jpg
8476879,Cody,Ceci,1993-12-21,True,D,R,75,191,210,95,Ottawa,CAN,2012,OTT,1,15,15,https://assets.nhle.com/mugs/nhl/20252026/LAK/8476879.png,https://assets.nhle.com/mugs/actionshots/1296x729/8476879.jpg
8476988,Matt,Benning,1994-05-25,True,D,R,73,185,203,92,Edmonton,CAN,2012,BOS,6,24,175,https://assets.nhle.com/mugs/nhl/20252026/TOR/8476988.png,https://assets.nhle.com/mugs/actionshots/1296x729/8476988.jpg
8477505,Alexander,Wennberg,1994-09-22,True,C,L,74,188,190,86,Stockholm,SWE,2013,CBJ,1,14,14,https://assets.nhle.com/mugs/nhl/20252026/SJS/8477505.png,https://assets.nhle.com/mugs/actionshots/1296x729/8477505.jpg
8477970,Vitek,Vanecek,1996-01-09,True,G,L,74,188,184,83,Havlickuv Brod,CZE,2014,WSH,2,9,39,https://assets.nhle.com/mugs/nhl/20252026/UTA/8477970.png,https://assets.nhle.com/mugs/actionshots/1296x729/8477970.jpg
8478013,Jake,Walman,1996-02-20,True,D,L,73,185,218,99,Toronto,CAN,2014,STL,3,22,82,https://assets.nhle.com/mugs/nhl/20252026/EDM/8478013.png,https://assets.nhle.com/mugs/actionshots/1296x729/8478013.jpg
8478406,Mackenzie,Blackwood,1996-12-09,True,G,L,76,193,225,102,Thunder Bay,CAN,2015,NJD,2,12,42,https://assets.nhle.com/mugs/nhl/20252026/COL/8478406.png,https://assets.nhle.com/mugs/actionshots/1296x729/8478406.jpg
8479316,Luke,Kunin,1997-12-04,True,C,R,72,183,197,89,Chesterfield,USA,2016,MIN,1,15,15,https://assets.nhle.com/mugs/nhl/20252026/FLA/8479316.png,https://assets.nhle.com/mugs/actionshots/1296x729/8479316.jpg
8479983,Mario,Ferraro,1998-09-17,True,D,L,72,183,209,95,Toronto,CAN,2017,SJS,2,18,49,https://assets.nhle.com/mugs/nhl/20252026/SJS/8479983.png,https://assets.nhle.com/mugs/actionshots/1296x729/8479983.jpg
8480172,Jan,Rutta,1990-07-29,False,D,R,75,191,204,93,Pisek,CZE,NaN,NaN,NaN,NaN,NaN,https://assets.nhle.com/mugs/nhl/latest/8480172.png,https://assets.nhle.com/mugs/actionshots/1296x729/8480172.jpg
8480188,Fabian,Zetterlund,1999-08-25,True,L,R,71,180,220,100,Karlstad,SWE,2017,NJD,3,1,63,https://assets.nhle.com/mugs/nhl/20252026/OTT/8480188.png,https://assets.nhle.com/mugs/actionshots/1296x729/8480188.jpg
8480848,Ty,Dellandrea,2000-07-21,True,C,R,74,188,190,86,Port Perry,CAN,2018,DAL,1,13,13,https://assets.nhle.com/mugs/nhl/20252026/SJS/8480848.png,https://assets.nhle.com/mugs/actionshots/1296x729/8480848.jpg
8481477,Nico,Sturm,1995-05-03,True,C,L,75,191,209,95,Augsburg,GER,NaN,NaN,NaN,NaN,NaN,https://assets.nhle.com/mugs/nhl/20252026/MIN/8481477.png,https://assets.nhle.com/mugs/actionshots/1296x729/8481477.jpg
8481567,Henry,Thrun,2001-03-12,True,D,L,74,188,210,95,Southborough,USA,2019,ANA,4,8,101,https://assets.nhle.com/mugs/nhl/20252026/TOR/8481567.png,https://assets.nhle.com/mugs/actionshots/1296x729/8481567.jpg
8482101,Danil,Gushchin,2002-02-06,True,R,L,68,173,165,75,Yekaterinburg,RUS,2020,SJS,3,14,76,https://assets.nhle.com/mugs/nhl/20252026/COL/8482101.png,https://assets.nhle.com/mugs/actionshots/1296x729/8482101.jpg
8482667,William,Eklund,2002-10-12,True,L,L,71,180,181,82,Stockholm,SWE,2021,SJS,1,7,7,https://assets.nhle.com/mugs/nhl/20252026/SJS/8482667.png,https://assets.nhle.com/mugs/actionshots/1296x729/8482667.jpg
8482737,Zack,Bolduc,2003-02-24,True,R,L,72,183,187,85,Trois-Rivières,CAN,2021,STL,1,17,17,https://assets.nhle.com/mugs/nhl/20252026/MTL/8482737.png,https://assets.nhle.com/mugs/actionshots/1296x729/8482737.jpg
8484227,Will,Smith,2005-03-17,True,C,R,72,183,181,82,Boston,USA,2023,SJS,1,4,4,https://assets.nhle.com/mugs/nhl/20252026/SJS/8484227.png,https://assets.nhle.com/mugs/actionshots/1296x729/8484227.jpg
8484801,Macklin,Celebrini,2006-06-13,True,C,L,72,183,190,86,North Vancouver,CAN,2024,SJS,1,1,1,https://assets.nhle.com/mugs/nhl/20252026/SJS/8484801.png,https://assets.nhle.com/mugs/actionshots/1296x729/8484801.jpg
8470613,Brent,Burns,1985-03-09,True,D,R,77,196,228,103,barrie,CAN,2003,MIN,1,20,20,https://assets.nhle.com/mugs/nhl/20252026/COL/8470613.png,https://assets.nhle.com/mugs/actionshots/1296x729/8470613.jpg
8473533,Jordan,Staal,1988-09-10,True,C,L,76,193,220,100,Thunder Bay,CAN,2006,PIT,1,2,2,https://assets.nhle.com/mugs/nhl/20252026/CAR/8473533.png,https://assets.nhle.com/mugs/actionshots/1296x729/8473533.jpg
8474151,Ryan,McDonagh,1989-06-13,True,D,L,74,188,219,99,St. Paul,USA,2007,MTL,1,12,12,https://assets.nhle.com/mugs/nhl/20252026/TBL/8474151.png,https://assets.nhle.com/mugs/actionshots/1296x729/8474151.jpg
8474715,Cam,Atkinson,1989-06-05,False,R,R,68,173,178,81,Riverside,USA,2008,CBJ,6,6,157,https://assets.nhle.com/mugs/nhl/latest/8474715.png,https://assets.nhle.com/mugs/actionshots/1296x729/8474715.jpg
8475167,Victor,Hedman,1990-12-18,True,D,L,79,201,245,111,Ornskoldsvik,SWE,2009,TBL,1,2,2,https://assets.nhle.com/mugs/nhl/20252026/TBL/8475167.png,https://assets.nhle.com/mugs/actionshots/1296x729/8475167.jpg
8475200,Dmitry,Orlov,1991-07-23,True,D,L,71,180,214,97,Novokuznetsk,RUS,2009,WSH,2,25,55,https://assets.nhle.com/mugs/nhl/20252026/SJS/8475200.png,https://assets.nhle.com/mugs/actionshots/1296x729/8475200.jpg
8475883,Frederik,Andersen,1989-10-02,True,G,L,76,193,229,104,Herning,DEN,2012,ANA,3,26,87,https://assets.nhle.com/mugs/nhl/20252026/CAR/8475883.png,https://assets.nhle.com/mugs/actionshots/1296x729/8475883.jpg
8476453,Nikita,Kucherov,1993-06-17,True,R,L,72,183,180,82,Maykop,RUS,2011,TBL,2,28,58,https://assets.nhle.com/mugs/nhl/20252026/TBL/8476453.png,https://assets.nhle.com/mugs/actionshots/1296x729/8476453.jpg
8476822,Luke,Glendening,1989-04-28,False,C,R,71,180,190,86,Grand Rapids,USA,NaN,NaN,NaN,NaN,NaN,https://assets.nhle.com/mugs/nhl/latest/8476822.png,https://assets.nhle.com/mugs/actionshots/1296x729/8476822.jpg
8476878,Zemgus,Girgensons,1994-01-05,True,C,L,75,191,192,87,Riga,LAT,2012,BUF,1,14,14,https://assets.nhle.com/mugs/nhl/20252026/TBL/8476878.png,https://assets.nhle.com/mugs/actionshots/1296x729/8476878.jpg
8476883,Andrei,Vasilevskiy,1994-07-25,True,G,L,76,193,228,103,Tyumen,RUS,2012,TBL,1,19,19,https://assets.nhle.com/mugs/nhl/20252026/TBL/8476883.png,https://assets.nhle.com/mugs/actionshots/1296x729/8476883.jpg
8476906,Shayne,Gostisbehere,1993-04-20,True,D,L,71,180,183,83,Pembroke Pines,USA,2012,PHI,3,17,78,https://assets.nhle.com/mugs/nhl/20252026/CAR/8476906.png,https://assets.nhle.com/mugs/actionshots/1296x729/8476906.jpg
8476921,Jordan,Martinook,1992-07-25,True,L,L,73,185,208,94,Brandon,CAN,2012,PHX,2,28,58,https://assets.nhle.com/mugs/nhl/20252026/CAR/8476921.png,https://assets.nhle.com/mugs/actionshots/1296x729/8476921.jpg
8476958,Jaccob,Slavin,1994-05-01,True,D,L,75,191,207,94,Denver,USA,2012,CAR,4,29,120,https://assets.nhle.com/mugs/nhl/20252026/CAR/8476958.png,https://assets.nhle.com/mugs/actionshots/1296x729/8476958.jpg
8477404,Jake,Guentzel,1994-10-06,True,C,L,71,180,178,81,Omaha,USA,2013,PIT,3,16,77,https://assets.nhle.com/mugs/nhl/20252026/TBL/8477404.png,https://assets.nhle.com/mugs/actionshots/1296x729/8477404.jpg
8477426,Nick,Paul,1995-03-20,True,L,L,76,193,230,104,Mississauga,CAN,2013,DAL,4,10,101,https://assets.nhle.com/mugs/nhl/20252026/TBL/8477426.png,https://assets.nhle.com/mugs/actionshots/1296x729/8477426.jpg
8477478,William,Carrier,1994-12-20,True,L,L,74,188,220,100,LaSalle,CAN,2013,STL,2,27,57,https://assets.nhle.com/mugs/nhl/20252026/CAR/8477478.png,https://assets.nhle.com/mugs/actionshots/1296x729/8477478.jpg
8477992,Jonas,Johansson,1995-09-19,True,G,L,77,196,218,99,Gavle,SWE,2014,BUF,3,1,61,https://assets.nhle.com/mugs/nhl/20252026/TBL/8477992.png,https://assets.nhle.com/mugs/actionshots/1296x729/8477992.jpg
8478010,Brayden,Point,1996-03-13,True,C,R,71,180,175,79,Calgary,CAN,2014,TBL,3,19,79,https://assets.nhle.com/mugs/nhl/20252026/TBL/8478010.png,https://assets.nhle.com/mugs/actionshots/1296x729/8478010.jpg
8478178,Darren,Raddysh,1996-02-28,True,D,R,73,185,202,92,Toronto,CAN,NaN,NaN,NaN,NaN,NaN,https://assets.nhle.com/mugs/nhl/20252026/TBL/8478178.png,https://assets.nhle.com/mugs/actionshots/1296x729/8478178.jpg
8478416,Erik,Cernak,1997-05-28,True,D,R,76,193,230,104,Kosice,SVK,2015,LAK,2,13,43,https://assets.nhle.com/mugs/nhl/20252026/TBL/8478416.png,https://assets.nhle.com/mugs/actionshots/1296x729/8478416.jpg
8478427,Sebastian,Aho,1997-07-26,True,C,L,72,183,180,82,Rauma,FIN,2015,CAR,2,5,35,https://assets.nhle.com/mugs/nhl/20252026/CAR/8478427.png,https://assets.nhle.com/mugs/actionshots/1296x729/8478427.jpg
8478458,Jack,Roslovic,1997-01-29,False,C,R,73,185,198,90,Columbus,USA,2015,WPG,1,25,25,https://assets.nhle.com/mugs/nhl/latest/8478458.png,https://assets.nhle.com/mugs/actionshots/1296x729/8478458.jpg
8478519,Anthony,Cirelli,1997-07-15,True,C,L,73,185,191,87,Etobicoke,CAN,2015,TBL,3,11,72,https://assets.nhle.com/mugs/nhl/20252026/TBL/8478519.png,https://assets.nhle.com/mugs/actionshots/1296x729/8478519.jpg
8478970,Jalen,Chatfield,1996-05-15,True,D,R,73,185,199,90,Ypsilanti,USA,NaN,NaN,NaN,NaN,NaN,https://assets.nhle.com/mugs/nhl/20252026/CAR/8478970.png,https://assets.nhle.com/mugs/actionshots/1296x729/8478970.jpg
8479542,Brandon,Hagel,1998-08-27,True,L,L,74,188,180,82,Saskatoon,CAN,2016,BUF,6,8,159,https://assets.nhle.com/mugs/nhl/20252026/TBL/8479542.png,https://assets.nhle.com/mugs/actionshots/1296x729/8479542.jpg
8480039,Martin,Necas,1999-01-15,True,C,R,75,191,195,88,Nove Mesto na Morave,CZE,2017,CAR,1,12,12,https://assets.nhle.com/mugs/nhl/20252026/COL/8480039.png,https://assets.nhle.com/mugs/actionshots/1296x729/8480039.jpg
8480246,Nick,Perbix,1998-06-15,True,D,R,76,193,206,93,Elk River,USA,2017,TBL,6,14,169,https://assets.nhle.com/mugs/nhl/20252026/NSH/8480246.png,https://assets.nhle.com/mugs/actionshots/1296x729/8480246.jpg
8480336,Sean,Walker,1994-11-13,True,D,R,71,180,191,87,Keswick,CAN,NaN,NaN,NaN,NaN,NaN,https://assets.nhle.com/mugs/nhl/20252026/CAR/8480336.png,https://assets.nhle.com/mugs/actionshots/1296x729/8480336.jpg
8480762,Eric,Robinson,1995-06-14,True,L,L,74,188,211,96,Bellmawr,USA,NaN,NaN,NaN,NaN,NaN,https://assets.nhle.com/mugs/nhl/20252026/CAR/8480762.png,https://assets.nhle.com/mugs/actionshots/1296x729/8480762.jpg
8480829,Jesperi,Kotkaniemi,2000-07-06,True,C,L,75,191,203,92,Pori,FIN,2018,MTL,1,3,3,https://assets.nhle.com/mugs/nhl/20252026/CAR/8480829.png,https://assets.nhle.com/mugs/actionshots/1296x729/8480829.jpg
8480830,Andrei,Svechnikov,2000-03-26,True,R,L,75,191,199,90,Barnaul,RUS,2018,CAR,1,2,2,https://assets.nhle.com/mugs/nhl/20252026/CAR/8480830.png,https://assets.nhle.com/mugs/actionshots/1296x729/8480830.jpg
8480835,Jack,Drury,2000-02-03,True,C,L,71,180,186,84,New York,USA,2018,CAR,2,11,42,https://assets.nhle.com/mugs/nhl/20252026/COL/8480835.png,https://assets.nhle.com/mugs/actionshots/1296x729/8480835.jpg
8481611,Pyotr,Kochetkov,1999-06-25,True,G,L,75,191,193,88,Penza,RUS,2019,CAR,2,5,36,https://assets.nhle.com/mugs/nhl/20252026/CAR/8481611.png,https://assets.nhle.com/mugs/actionshots/1296x729/8481611.jpg
8482070,Mitchell,Chaffee,1998-01-26,True,R,R,73,185,204,93,Grand Rapids,USA,NaN,NaN,NaN,NaN,NaN,https://assets.nhle.com/mugs/nhl/20252026/TBL/8482070.png,https://assets.nhle.com/mugs/actionshots/1296x729/8482070.jpg
8482093,Seth,Jarvis,2002-02-01,True,C,R,70,178,184,83,Winnipeg,CAN,2020,CAR,1,13,13,https://assets.nhle.com/mugs/nhl/20252026/CAR/8482093.png,https://assets.nhle.com/mugs/actionshots/1296x729/8482093.jpg
8482655,J.J.,Moser,2000-06-06,True,D,L,74,188,181,82,Biel,SUI,2021,ARI,2,28,60,https://assets.nhle.com/mugs/nhl/20252026/TBL/8482655.png,https://assets.nhle.com/mugs/actionshots/1296x729/8482655.jpg
8482809,Jackson,Blake,2003-08-03,True,R,R,71,180,178,81,Fargo,USA,2021,CAR,4,13,109,https://assets.nhle.com/mugs/nhl/20252026/CAR/8482809.png,https://assets.nhle.com/mugs/actionshots/1296x729/8482809.jpg
8482929,Emil,Lilleberg,2001-02-02,True,D,L,75,191,208,94,Sarpsborg,NOR,2021,ARI,4,11,107,https://assets.nhle.com/mugs/nhl/20252026/TBL/8482929.png,https://assets.nhle.com/mugs/actionshots/1296x729/8482929.jpg
8483447,Conor,Geekie,2004-05-05,True,C,L,76,193,207,94,Strathclair,CAN,2022,ARI,1,11,11,https://assets.nhle.com/mugs/nhl/20252026/TBL/8483447.png,https://assets.nhle.com/mugs/actionshots/1296x729/8483447.jpg
8476960,Andreas,Athanasiou,1994-08-06,False,C,L,74,188,190,86,Woodbridge,CAN,2012,DET,4,19,110,https://assets.nhle.com/mugs/nhl/latest/8476960.png,https://assets.nhle.com/mugs/actionshots/1296x729/8476960.jpg
8482176,Wyatt,Kaiser,2002-07-31,True,D,L,72,183,173,78,Andover,USA,2020,CHI,3,19,81,https://assets.nhle.com/mugs/nhl/20252026/CHI/8482176.png,https://assets.nhle.com/mugs/actionshots/1296x729/8482176.jpg
8473446,Erik,Johnson,1988-03-21,False,D,R,76,193,225,102,Bloomington,USA,2006,STL,1,1,1,https://assets.nhle.com/mugs/nhl/latest/8473446.png,https://assets.nhle.com/mugs/actionshots/1296x729/8473446.jpg
8476461,Sean,Couturier,1992-12-07,True,C,L,76,193,210,95,Phoenix,USA,2011,PHI,1,8,8,https://assets.nhle.com/mugs/nhl/20252026/PHI/8476461.png,https://assets.nhle.com/mugs/actionshots/1296x729/8476461.jpg
8476872,Scott,Laughton,1994-05-30,True,L,L,73,185,191,87,Oakville,CAN,2012,PHI,1,20,20,https://assets.nhle.com/mugs/nhl/20252026/TOR/8476872.png,https://assets.nhle.com/mugs/actionshots/1296x729/8476872.jpg
8477499,Rasmus,Ristolainen,1994-10-27,True,D,R,76,193,208,94,Turku,FIN,2013,BUF,1,8,8,https://assets.nhle.com/mugs/nhl/20252026/PHI/8477499.png,https://assets.nhle.com/mugs/actionshots/1296x729/8477499.jpg
8477903,Garnet,Hathaway,1991-11-23,True,R,R,74,188,212,96,Naples,USA,NaN,NaN,NaN,NaN,NaN,https://assets.nhle.com/mugs/nhl/20252026/PHI/8477903.png,https://assets.nhle.com/mugs/actionshots/1296x729/8477903.jpg
8477948,Travis,Sanheim,1996-03-29,True,D,L,76,193,222,101,Elkhorn,CAN,2014,PHI,1,17,17,https://assets.nhle.com/mugs/nhl/20252026/PHI/8477948.png,https://assets.nhle.com/mugs/actionshots/1296x729/8477948.jpg
8478439,Travis,Konecny,1997-03-11,True,R,R,70,178,192,87,London,CAN,2015,PHI,1,24,24,https://assets.nhle.com/mugs/nhl/20252026/PHI/8478439.png,https://assets.nhle.com/mugs/actionshots/1296x729/8478439.jpg
8478454,Noah,Juulsen,1997-04-02,True,D,R,74,188,201,91,Surrey,CAN,2015,MTL,1,26,26,https://assets.nhle.com/mugs/nhl/20252026/PHI/8478454.png,https://assets.nhle.com/mugs/actionshots/1296x729/8478454.jpg
8478905,Ivan,Fedotov,1996-11-28,True,G,L,79,201,214,97,Lappeenranta,FIN,2015,PHI,7,7,188,https://assets.nhle.com/mugs/nhl/20252026/PHI/8478905.png,https://assets.nhle.com/mugs/actionshots/1296x729/8478905.jpg
8480015,Owen,Tippett,1999-02-16,True,R,R,73,185,210,95,Peterborough,CAN,2017,FLA,1,10,10,https://assets.nhle.com/mugs/nhl/20252026/PHI/8480015.png,https://assets.nhle.com/mugs/actionshots/1296x729/8480015.jpg
8480028,Morgan,Frost,1999-05-14,True,C,L,72,183,193,88,Aurora,CAN,2017,PHI,1,27,27,https://assets.nhle.com/mugs/nhl/20252026/CGY/8480028.png,https://assets.nhle.com/mugs/actionshots/1296x729/8480028.jpg
8480068,Ryan,Poehling,1999-01-03,True,C,L,74,188,204,93,Lakeville,USA,2017,MTL,1,25,25,https://assets.nhle.com/mugs/nhl/20252026/ANA/8480068.png,https://assets.nhle.com/mugs/actionshots/1296x729/8480068.jpg
8480459,Pius,Suter,1996-05-24,True,C,L,71,180,179,81,Zurich,SUI,NaN,NaN,NaN,NaN,NaN,https://assets.nhle.com/mugs/nhl/20252026/STL/8480459.png,https://assets.nhle.com/mugs/actionshots/1296x729/8480459.jpg
8480797,Joel,Farabee,2000-02-25,True,L,L,72,183,186,84,Syracuse,USA,2018,PHI,1,14,14,https://assets.nhle.com/mugs/nhl/20252026/CGY/8480797.png,https://assets.nhle.com/mugs/actionshots/1296x729/8480797.jpg
8481035,Samuel,Ersson,1999-10-20,True,G,L,75,191,194,88,Falun,SWE,2018,PHI,5,19,143,https://assets.nhle.com/mugs/nhl/20252026/PHI/8481035.png,https://assets.nhle.com/mugs/actionshots/1296x729/8481035.jpg
8481178,Egor,Zamula,2000-03-30,True,D,L,75,191,200,91,Chelyabinsk,RUS,NaN,NaN,NaN,NaN,NaN,https://assets.nhle.com/mugs/nhl/20252026/PHI/8481178.png,https://assets.nhle.com/mugs/actionshots/1296x729/8481178.jpg
8481546,Cam,York,2001-01-05,True,D,L,72,183,194,88,Anaheim,USA,2019,PHI,1,14,14,https://assets.nhle.com/mugs/nhl/20252026/PHI/8481546.png,https://assets.nhle.com/mugs/actionshots/1296x729/8481546.jpg
8481553,Bobby,Brink,2001-07-08,True,R,R,68,173,169,77,Minnetonka,USA,2019,PHI,2,3,34,https://assets.nhle.com/mugs/nhl/20252026/PHI/8481553.png,https://assets.nhle.com/mugs/actionshots/1296x729/8481553.jpg
8482142,Jamie,Drysdale,2002-04-08,True,D,R,71,180,185,84,Toronto,CAN,2020,ANA,1,6,6,https://assets.nhle.com/mugs/nhl/20252026/PHI/8482142.png,https://assets.nhle.com/mugs/actionshots/1296x729/8482142.jpg
8482159,Tyson,Foerster,2002-01-18,True,R,R,74,188,215,98,Alliston,CAN,2020,PHI,1,23,23,https://assets.nhle.com/mugs/nhl/20252026/PHI/8482159.png,https://assets.nhle.com/mugs/actionshots/1296x729/8482159.jpg
8484387,Matvei,Michkov,2004-12-09,True,R,L,70,178,172,78,Perm,RUS,2023,PHI,1,7,7,https://assets.nhle.com/mugs/nhl/20252026/PHI/8484387.png,https://assets.nhle.com/mugs/actionshots/1296x729/8484387.jpg
8484779,Jett,Luchanko,2006-08-21,True,C,R,71,180,180,82,London,CAN,2024,PHI,1,13,13,https://assets.nhle.com/mugs/nhl/20252026/PHI/8484779.png,https://assets.nhle.com/mugs/actionshots/1296x729/8484779.jpg
8480058,P.O,Joseph,1999-07-01,True,D,L,74,188,185,84,Laval,CAN,2017,ARI,1,23,23,https://assets.nhle.com/mugs/nhl/20252026/VAN/8480058.png,https://assets.nhle.com/mugs/actionshots/1296x729/8480058.jpg
8481655,Cole,Schwindt,2001-04-25,True,R,R,74,188,203,92,Kitchener,CAN,2019,FLA,3,19,81,https://assets.nhle.com/mugs/nhl/20252026/VGK/8481655.png,https://assets.nhle.com/mugs/actionshots/1296x729/8481655.jpg
8483505,Matthew,Poitras,2004-03-10,True,C,R,71,180,180,82,Whitby,CAN,2022,BOS,2,22,54,https://assets.nhle.com/mugs/nhl/20252026/BOS/8483505.png,https://assets.nhle.com/mugs/actionshots/1296x729/8483505.jpg
8478502,Dennis,Gilbert,1996-10-30,True,D,L,74,188,216,98,Buffalo,USA,2015,CHI,3,30,91,https://assets.nhle.com/mugs/nhl/20252026/PHI/8478502.png,https://assets.nhle.com/mugs/actionshots/1296x729/8478502.jpg
8480825,Patrick,Giles,2000-01-03,True,R,R,77,196,218,99,Chevy Chase,USA,NaN,NaN,NaN,NaN,NaN,https://assets.nhle.com/mugs/nhl/20252026/SJS/8480825.png,https://assets.nhle.com/mugs/actionshots/1296x729/8480825.jpg
8475810,Bryan,Rust,1992-05-11,True,R,R,71,180,198,90,Pontiac,USA,2010,PIT,3,20,80,https://assets.nhle.com/mugs/nhl/20252026/PIT/8475810.png,https://assets.nhle.com/mugs/actionshots/1296x729/8475810.jpg
8479772,Zack,MacEwen,1996-07-08,True,R,R,76,193,227,103,Charlottetown,CAN,NaN,NaN,NaN,NaN,NaN,https://assets.nhle.com/mugs/nhl/20252026/OTT/8479772.png,https://assets.nhle.com/mugs/actionshots/1296x729/8479772.jpg
8475718,Justin,Holl,1992-01-30,True,D,R,76,193,194,88,Tonka Bay,USA,2010,CHI,2,24,54,https://assets.nhle.com/mugs/nhl/20252026/DET/8475718.png,https://assets.nhle.com/mugs/actionshots/1296x729/8475718.jpg
8477424,Juuse,Saros,1995-04-19,True,G,L,71,180,180,82,Forssa,FIN,2013,NSH,4,8,99,https://assets.nhle.com/mugs/nhl/20252026/NSH/8477424.png,https://assets.nhle.com/mugs/actionshots/1296x729/8477424.jpg
8479312,Alex,Lyon,1992-12-09,True,G,L,73,185,196,89,Baudette,USA,NaN,NaN,NaN,NaN,NaN,https://assets.nhle.com/mugs/nhl/20252026/BUF/8479312.png,https://assets.nhle.com/mugs/actionshots/1296x729/8479312.jpg
8481607,Albert,Johansson,2001-01-04,True,D,L,72,183,168,76,Karlstad,SWE,2019,DET,2,29,60,https://assets.nhle.com/mugs/nhl/20252026/DET/8481607.png,https://assets.nhle.com/mugs/actionshots/1296x729/8481607.jpg
8474682,Dustin,Tokarski,1989-09-16,False,G,L,72,183,198,90,Watson,CAN,2008,TBL,5,1,122,https://assets.nhle.com/mugs/nhl/latest/8474682.png,https://assets.nhle.com/mugs/actionshots/1296x729/8474682.jpg
8479591,Michael,Eyssimont,1996-09-09,True,C,L,72,183,191,87,Littleton,USA,2016,LAK,5,21,142,https://assets.nhle.com/mugs/nhl/20252026/BOS/8479591.png,https://assets.nhle.com/mugs/actionshots/1296x729/8479591.jpg
8480883,Ty,Smith,2000-03-24,False,D,L,71,180,180,82,Lloydminster,CAN,2018,NJD,1,17,17,https://assets.nhle.com/mugs/nhl/latest/8480883.png,https://assets.nhle.com/mugs/actionshots/1296x729/8480883.jpg
8482201,Gage,Goncalves,2001-01-16,True,C,L,73,185,184,83,Mission,CAN,2020,TBL,2,31,62,https://assets.nhle.com/mugs/nhl/20252026/TBL/8482201.png,https://assets.nhle.com/mugs/actionshots/1296x729/8482201.jpg
8484929,Juha,Jaaska,1998-02-09,True,L,L,72,183,210,95,Helsinki,FIN,NaN,NaN,NaN,NaN,NaN,https://assets.nhle.com/mugs/nhl/20252026/CAR/8484929.png,https://assets.nhle.com/mugs/actionshots/1296x729/8484929.jpg
8482460,Matt,Rempe,2002-06-29,True,C,R,81,206,255,116,Calgary,CAN,2020,NYR,6,10,165,https://assets.nhle.com/mugs/nhl/20252026/NYR/8482460.png,https://assets.nhle.com/mugs/actionshots/1296x729/8482460.jpg
8471214,Alex,Ovechkin,1985-09-17,True,L,R,75,191,238,108,Moscow,RUS,2004,WSH,1,1,1,https://assets.nhle.com/mugs/nhl/20252026/WSH/8471214.png,https://assets.nhle.com/mugs/actionshots/1296x729/8471214.jpg
8474590,John,Carlson,1990-01-10,True,D,R,75,191,220,100,Natick,USA,2008,WSH,1,27,27,https://assets.nhle.com/mugs/nhl/20252026/WSH/8474590.png,https://assets.nhle.com/mugs/actionshots/1296x729/8474590.jpg
8475343,Nic,Dowd,1990-05-27,True,C,R,74,188,190,86,Huntsville,USA,2009,LAK,7,18,198,https://assets.nhle.com/mugs/nhl/20252026/WSH/8475343.png,https://assets.nhle.com/mugs/actionshots/1296x729/8475343.jpg
8476880,Tom,Wilson,1994-03-29,True,R,R,76,193,225,102,Toronto,CAN,2012,WSH,1,16,16,https://assets.nhle.com/mugs/nhl/20252026/WSH/8476880.png,https://assets.nhle.com/mugs/actionshots/1296x729/8476880.jpg
8477845,Trevor,van Riemsdyk,1991-07-24,True,D,R,75,191,197,89,Middletown,USA,NaN,NaN,NaN,NaN,NaN,https://assets.nhle.com/mugs/nhl/20252026/WSH/8477845.png,https://assets.nhle.com/mugs/actionshots/1296x729/8477845.jpg
8477947,Sonny,Milano,1996-05-12,True,L,L,72,183,194,88,Massapequa,USA,2014,CBJ,1,16,16,https://assets.nhle.com/mugs/nhl/20252026/WSH/8477947.png,https://assets.nhle.com/mugs/actionshots/1296x729/8477947.jpg
8478233,Andrew,Mangiapane,1996-04-04,True,L,L,70,178,183,83,Toronto,CAN,2015,CGY,6,15,166,https://assets.nhle.com/mugs/nhl/20252026/EDM/8478233.png,https://assets.nhle.com/mugs/actionshots/1296x729/8478233.jpg
8478440,Dylan,Strome,1997-03-07,True,C,L,75,191,196,89,Mississauga,CAN,2015,ARI,1,3,3,https://assets.nhle.com/mugs/nhl/20252026/WSH/8478440.png,https://assets.nhle.com/mugs/actionshots/1296x729/8478440.jpg
8478911,Matt,Roy,1995-03-01,True,D,R,74,188,212,96,Detroit,USA,2015,LAK,7,13,194,https://assets.nhle.com/mugs/nhl/20252026/WSH/8478911.png,https://assets.nhle.com/mugs/actionshots/1296x729/8478911.jpg
8479292,Charlie,Lindgren,1993-12-18,True,G,R,74,188,190,86,Lakeville,USA,NaN,NaN,NaN,NaN,NaN,https://assets.nhle.com/mugs/nhl/20252026/WSH/8479292.png,https://assets.nhle.com/mugs/actionshots/1296x729/8479292.jpg
8479345,Jakob,Chychrun,1998-03-31,True,D,L,74,188,216,98,Boca Raton,USA,2016,ARI,1,16,16,https://assets.nhle.com/mugs/nhl/20252026/WSH/8479345.png,https://assets.nhle.com/mugs/actionshots/1296x729/8479345.jpg
8479390,Taylor,Raddysh,1998-02-18,True,R,R,75,191,200,91,Caledon,CAN,2016,TBL,2,28,58,https://assets.nhle.com/mugs/nhl/20252026/NYR/8479390.png,https://assets.nhle.com/mugs/actionshots/1296x729/8479390.jpg
8479400,Pierre-Luc,Dubois,1998-06-24,True,L,L,76,193,220,100,Ste-Agathe-des-Monts,CAN,2016,CBJ,1,3,3,https://assets.nhle.com/mugs/nhl/20252026/WSH/8479400.png,https://assets.nhle.com/mugs/actionshots/1296x729/8479400.jpg
8479520,Brandon,Duhaime,1997-05-22,True,R,L,74,188,210,95,Coral Springs,USA,2016,MIN,4,15,106,https://assets.nhle.com/mugs/nhl/20252026/WSH/8479520.png,https://assets.nhle.com/mugs/actionshots/1296x729/8479520.jpg
8480313,Logan,Thompson,1997-02-25,True,G,R,76,193,207,94,Calgary,CAN,NaN,NaN,NaN,NaN,NaN,https://assets.nhle.com/mugs/nhl/20252026/WSH/8480313.png,https://assets.nhle.com/mugs/actionshots/1296x729/8480313.jpg
8480796,Martin,Fehérváry,1999-10-06,True,D,L,74,188,203,92,Bratislava,SVK,2018,WSH,2,15,46,https://assets.nhle.com/mugs/nhl/20252026/WSH/8480796.png,https://assets.nhle.com/mugs/actionshots/1296x729/8480796.jpg
8480873,Rasmus,Sandin,2000-03-07,True,D,L,71,180,189,86,Uppsala,SWE,2018,TOR,1,29,29,https://assets.nhle.com/mugs/nhl/20252026/WSH/8480873.png,https://assets.nhle.com/mugs/actionshots/1296x729/8480873.jpg
8481580,Connor,McMichael,2001-01-15,True,C,L,72,183,180,82,Ajax,CAN,2019,WSH,1,25,25,https://assets.nhle.com/mugs/nhl/20252026/WSH/8481580.png,https://assets.nhle.com/mugs/actionshots/1296x729/8481580.jpg
8481656,Aliaksei,Protas,2001-01-06,True,C,L,78,198,247,112,Vitebsk,BLR,2019,WSH,3,29,91,https://assets.nhle.com/mugs/nhl/20252026/WSH/8481656.png,https://assets.nhle.com/mugs/actionshots/1296x729/8481656.jpg
8482148,Hendrix,Lapierre,2002-02-09,True,C,L,72,183,180,82,Gatineau,CAN,2020,WSH,1,22,22,https://assets.nhle.com/mugs/nhl/20252026/WSH/8482148.png,https://assets.nhle.com/mugs/actionshots/1296x729/8482148.jpg
8482661,Jesper,Wallstedt,2002-11-14,True,G,L,75,191,214,97,Vasteras,SWE,2021,MIN,1,20,20,https://assets.nhle.com/mugs/nhl/20252026/MIN/8482661.png,https://assets.nhle.com/mugs/actionshots/1296x729/8482661.jpg
8475780,Chris,Wagner,1991-05-27,False,R,R,72,183,192,87,Walpole,USA,2010,ANA,5,2,122,https://assets.nhle.com/mugs/nhl/latest/8475780.png,https://assets.nhle.com/mugs/actionshots/1296x729/8475780.jpg
8477993,Justin,Kirkland,1996-08-02,True,C,L,75,191,183,83,Winnipeg,CAN,2014,NSH,3,2,62,https://assets.nhle.com/mugs/nhl/20252026/CGY/8477993.png,https://assets.nhle.com/mugs/actionshots/1296x729/8477993.jpg
8480220,Noah,Cates,1999-02-05,True,L,L,74,188,194,88,Stillwater,USA,2017,PHI,5,13,137,https://assets.nhle.com/mugs/nhl/20252026/PHI/8480220.png,https://assets.nhle.com/mugs/actionshots/1296x729/8480220.jpg
8473503,James,Reimer,1988-03-15,False,G,L,74,188,200,91,Morweena,CAN,2006,TOR,4,6,99,https://assets.nhle.com/mugs/nhl/latest/8473503.png,https://assets.nhle.com/mugs/actionshots/1296x729/8473503.jpg
8473986,Alex,Killorn,1989-09-14,True,L,L,73,185,192,87,Halifax,CAN,2007,TBL,3,16,77,https://assets.nhle.com/mugs/nhl/20252026/ANA/8473986.png,https://assets.nhle.com/mugs/actionshots/1296x729/8473986.jpg
8475208,Brian,Dumoulin,1991-09-06,True,D,L,76,193,214,97,Biddeford,USA,2009,CAR,2,21,51,https://assets.nhle.com/mugs/nhl/20252026/LAK/8475208.png,https://assets.nhle.com/mugs/actionshots/1296x729/8475208.jpg
8475462,Radko,Gudas,1990-06-05,True,D,R,72,183,208,94,Prague,CZE,2010,TBL,3,6,66,https://assets.nhle.com/mugs/nhl/20252026/ANA/8475462.png,https://assets.nhle.com/mugs/actionshots/1296x729/8475462.jpg
8475764,Cam,Fowler,1991-12-05,True,D,L,74,188,210,95,Windsor,CAN,2010,ANA,1,12,12,https://assets.nhle.com/mugs/nhl/20252026/STL/8475764.png,https://assets.nhle.com/mugs/actionshots/1296x729/8475764.jpg
8476458,Ryan,Strome,1993-07-11,True,C,R,73,185,192,87,Mississauga,CAN,2011,NYI,1,5,5,https://assets.nhle.com/mugs/nhl/20252026/ANA/8476458.png,https://assets.nhle.com/mugs/actionshots/1296x729/8476458.jpg
8476934,Brock,McGinn,1994-02-02,False,L,L,72,183,191,87,Fergus,CAN,2012,CAR,2,17,47,https://assets.nhle.com/mugs/nhl/latest/8476934.png,https://assets.nhle.com/mugs/actionshots/1296x729/8476934.jpg
8477952,Robby,Fabbri,1996-01-22,False,C,L,71,180,185,84,Mississauga,CAN,2014,STL,1,21,21,https://assets.nhle.com/mugs/nhl/latest/8477952.png,https://assets.nhle.com/mugs/actionshots/1296x729/8477952.jpg
8478366,Frank,Vatrano,1994-03-14,True,R,L,71,180,206,93,East Longmeadow,USA,NaN,NaN,NaN,NaN,NaN,https://assets.nhle.com/mugs/nhl/20252026/ANA/8478366.png,https://assets.nhle.com/mugs/actionshots/1296x729/8478366.jpg
8478873,Troy,Terry,1997-09-10,True,R,R,72,183,191,87,Denver,USA,2015,ANA,5,27,148,https://assets.nhle.com/mugs/nhl/20252026/ANA/8478873.png,https://assets.nhle.com/mugs/actionshots/1296x729/8478873.jpg
8479336,Carl,Grundstrom,1997-12-01,True,R,L,72,183,200,91,Umea,SWE,2016,TOR,2,27,57,https://assets.nhle.com/mugs/nhl/20252026/SJS/8479336.png,https://assets.nhle.com/mugs/actionshots/1296x729/8479336.jpg
8480011,Klim,Kostin,1999-05-05,False,C,L,76,193,232,105,Penza,RUS,2017,STL,1,31,31,https://assets.nhle.com/mugs/nhl/latest/8480011.png,https://assets.nhle.com/mugs/actionshots/1296x729/8480011.jpg
8480806,Isac,Lundestrom,1999-11-06,True,C,L,72,183,191,87,Gallivare,SWE,2018,ANA,1,23,23,https://assets.nhle.com/mugs/nhl/20252026/CBJ/8480806.png,https://assets.nhle.com/mugs/actionshots/1296x729/8480806.jpg
8480843,Lukas,Dostal,2000-06-22,True,G,L,74,188,190,86,Brno,CZE,2018,ANA,3,23,85,https://assets.nhle.com/mugs/nhl/20252026/ANA/8480843.png,https://assets.nhle.com/mugs/actionshots/1296x729/8480843.jpg
8481517,Brett,Leason,1999-04-30,False,R,R,77,196,220,100,Calgary,CAN,2019,WSH,2,25,56,https://assets.nhle.com/mugs/nhl/latest/8481517.png,https://assets.nhle.com/mugs/actionshots/1296x729/8481517.jpg
8481533,Trevor,Zegras,2001-03-20,True,C,L,72,183,185,84,Bedford,USA,2019,ANA,1,9,9,https://assets.nhle.com/mugs/nhl/20252026/PHI/8481533.png,https://assets.nhle.com/mugs/actionshots/1296x729/8481533.jpg
8482745,Mason,McTavish,2003-01-30,True,C,L,73,185,219,99,Zurich,SUI,2021,ANA,1,3,3,https://assets.nhle.com/mugs/nhl/20252026/ANA/8482745.png,https://assets.nhle.com/mugs/actionshots/1296x729/8482745.jpg
8482803,Olen,Zellweger,2003-09-10,True,D,L,70,178,187,85,Calgary,CAN,2021,ANA,2,2,34,https://assets.nhle.com/mugs/nhl/20252026/ANA/8482803.png,https://assets.nhle.com/mugs/actionshots/1296x729/8482803.jpg
8483445,Cutter,Gauthier,2004-01-19,True,L,L,74,188,201,91,Skelleftea,SWE,2022,PHI,1,5,5,https://assets.nhle.com/mugs/nhl/20252026/ANA/8483445.png,https://assets.nhle.com/mugs/actionshots/1296x729/8483445.jpg
8483482,Tristan,Luneau,2004-01-12,True,D,R,73,185,202,92,Victoriaville,CAN,2022,ANA,2,21,53,https://assets.nhle.com/mugs/nhl/20252026/ANA/8483482.png,https://assets.nhle.com/mugs/actionshots/1296x729/8483482.jpg
8483490,Pavel,Mintyukov,2003-11-25,True,D,L,73,185,200,91,Moscow,RUS,2022,ANA,1,10,10,https://assets.nhle.com/mugs/nhl/20252026/ANA/8483490.png,https://assets.nhle.com/mugs/actionshots/1296x729/8483490.jpg
8484153,Leo,Carlsson,2004-12-26,True,C,L,75,191,203,92,Karlstad,SWE,2023,ANA,1,2,2,https://assets.nhle.com/mugs/nhl/20252026/ANA/8484153.png,https://assets.nhle.com/mugs/actionshots/1296x729/8484153.jpg
8480990,Declan,Chisholm,2000-01-12,True,D,L,73,185,190,86,Bowmanville,CAN,2018,WPG,5,26,150,https://assets.nhle.com/mugs/nhl/20252026/WSH/8480990.png,https://assets.nhle.com/mugs/actionshots/1296x729/8480990.jpg
8483499,Liam,Ohgren,2004-01-28,True,L,L,72,183,187,85,Stockholm,SWE,2022,MIN,1,19,19,https://assets.nhle.com/mugs/nhl/20252026/MIN/8483499.png,https://assets.nhle.com/mugs/actionshots/1296x729/8483499.jpg
8474090,Brendan,Smith,1989-02-08,False,D,L,74,188,200,91,Mimico,CAN,2007,DET,1,27,27,https://assets.nhle.com/mugs/nhl/latest/8474090.png,https://assets.nhle.com/mugs/actionshots/1296x729/8474090.jpg
8479372,Joshua,Mahura,1998-05-05,True,D,L,72,183,193,88,St. Albert,CAN,2016,ANA,3,24,85,https://assets.nhle.com/mugs/nhl/20252026/SEA/8479372.png,https://assets.nhle.com/mugs/actionshots/1296x729/8479372.jpg
8475197,Tyson,Barrie,1991-07-26,False,D,R,71,180,197,89,Victoria,CAN,2009,COL,3,3,64,https://assets.nhle.com/mugs/nhl/latest/8475197.png,https://assets.nhle.com/mugs/actionshots/1296x729/8475197.jpg
8479442,Troy,Stecher,1994-04-07,True,D,R,70,178,184,83,Richmond,CAN,NaN,NaN,NaN,NaN,NaN,https://assets.nhle.com/mugs/nhl/20252026/EDM/8479442.png,https://assets.nhle.com/mugs/actionshots/1296x729/8479442.jpg
8482679,Matt,Coronato,2002-11-14,True,R,R,70,178,183,83,Greenlawn,USA,2021,CGY,1,13,13,https://assets.nhle.com/mugs/nhl/20252026/CGY/8482679.png,https://assets.nhle.com/mugs/actionshots/1296x729/8482679.jpg
8480001,Urho,Vaakanainen,1999-01-01,True,D,L,74,188,205,93,Joensuu,FIN,2017,BOS,1,18,18,https://assets.nhle.com/mugs/nhl/20252026/NYR/8480001.png,https://assets.nhle.com/mugs/actionshots/1296x729/8480001.jpg
8481544,Mads,Sogaard,2000-12-13,True,G,L,79,201,217,98,Aalborg,DEN,2019,OTT,2,6,37,https://assets.nhle.com/mugs/nhl/20252026/OTT/8481544.png,https://assets.nhle.com/mugs/actionshots/1296x729/8481544.jpg
8475766,Austin,Watson,1992-01-13,True,L,R,76,193,238,108,Ann Arbor,USA,2010,NSH,1,18,18,https://assets.nhle.com/mugs/nhl/20252026/DET/8475766.png,https://assets.nhle.com/mugs/actionshots/1296x729/8475766.jpg
8478854,Ryan,Shea,1997-02-11,True,D,L,73,185,220,100,Milton,USA,2015,CHI,4,30,121,https://assets.nhle.com/mugs/nhl/20252026/PIT/8478854.png,https://assets.nhle.com/mugs/actionshots/1296x729/8478854.jpg
8478430,Oliver,Kylington,1997-05-19,False,D,L,72,183,183,83,Stockholm,SWE,2015,CGY,2,30,60,https://assets.nhle.com/mugs/nhl/latest/8478430.png,https://assets.nhle.com/mugs/actionshots/1296x729/8478430.jpg
8481206,John,Ludvig,2000-08-02,False,D,L,73,185,210,95,Liberec,CZE,2019,FLA,3,7,69,https://assets.nhle.com/mugs/nhl/latest/8481206.png,https://assets.nhle.com/mugs/actionshots/1296x729/8481206.jpg
8477839,Conor,Sheary,1992-06-08,False,L,L,68,173,182,83,Winchester,USA,NaN,NaN,NaN,NaN,NaN,https://assets.nhle.com/mugs/nhl/latest/8477839.png,https://assets.nhle.com/mugs/actionshots/1296x729/8477839.jpg
8483395,Arshdeep,Bains,2001-01-09,True,L,L,72,183,184,83,Surrey,CAN,NaN,NaN,NaN,NaN,NaN,https://assets.nhle.com/mugs/nhl/20252026/VAN/8483395.png,https://assets.nhle.com/mugs/actionshots/1296x729/8483395.jpg
8475795,Dylan,McIlrath,1992-04-20,True,D,R,77,196,240,109,Winnipeg,CAN,2010,NYR,1,10,10,https://assets.nhle.com/mugs/nhl/20252026/WSH/8475795.png,https://assets.nhle.com/mugs/actionshots/1296x729/8475795.jpg
8477944,Jakub,Vrana,1996-02-28,False,L,L,72,183,197,89,Prague,CZE,2014,WSH,1,13,13,https://assets.nhle.com/mugs/nhl/latest/8477944.png,https://assets.nhle.com/mugs/actionshots/1296x729/8477944.jpg
8480887,Jordan,Harris,2000-07-07,True,D,L,71,180,187,85,Haverhill,USA,2018,MTL,3,9,71,https://assets.nhle.com/mugs/nhl/20252026/BOS/8480887.png,https://assets.nhle.com/mugs/actionshots/1296x729/8480887.jpg
8476438,Brandon,Saad,1992-10-27,True,L,L,73,185,215,98,Pittsburgh,USA,2011,CHI,2,13,43,https://assets.nhle.com/mugs/nhl/20252026/VGK/8476438.png,https://assets.nhle.com/mugs/actionshots/1296x729/8476438.jpg
8482094,Daemon,Hunt,2002-05-15,True,D,L,73,185,201,91,Brandon,CAN,2020,MIN,3,3,65,https://assets.nhle.com/mugs/nhl/20252026/CBJ/8482094.png,https://assets.nhle.com/mugs/actionshots/1296x729/8482094.jpg
8481704,Juuso,Parssinen,2001-02-01,True,C,L,75,191,212,96,Hameenlinna,FIN,2019,NSH,7,24,210,https://assets.nhle.com/mugs/nhl/20252026/NYR/8481704.png,https://assets.nhle.com/mugs/actionshots/1296x729/8481704.jpg
8482145,Mavrik,Bourque,2002-01-08,True,C,R,71,180,181,82,Plessisville,CAN,2020,DAL,1,30,30,https://assets.nhle.com/mugs/nhl/20252026/DAL/8482145.png,https://assets.nhle.com/mugs/actionshots/1296x729/8482145.jpg
8477831,Pheonix,Copley,1992-01-18,True,G,L,76,193,205,93,North Pole,USA,NaN,NaN,NaN,NaN,NaN,https://assets.nhle.com/mugs/nhl/20252026/LAK/8477831.png,https://assets.nhle.com/mugs/actionshots/1296x729/8477831.jpg
8477971,Andreas,Englund,1996-01-21,True,D,L,76,193,200,91,Stockholm,SWE,2014,OTT,2,10,40,https://assets.nhle.com/mugs/nhl/20252026/NSH/8477971.png,https://assets.nhle.com/mugs/actionshots/1296x729/8477971.jpg
8478452,Caleb,Jones,1997-06-06,True,D,L,73,185,194,88,Arlington,USA,2015,EDM,4,26,117,https://assets.nhle.com/mugs/nhl/20252026/PIT/8478452.png,https://assets.nhle.com/mugs/actionshots/1296x729/8478452.jpg
8480043,Timothy,Liljegren,1999-04-30,True,D,R,73,185,201,91,Kristianstad,SWE,2017,TOR,1,17,17,https://assets.nhle.com/mugs/nhl/20252026/SJS/8480043.png,https://assets.nhle.com/mugs/actionshots/1296x729/8480043.jpg
8481737,Matt,Stienburg,2000-10-07,True,C,R,73,185,182,83,Halifax,CAN,2019,COL,3,1,63,https://assets.nhle.com/mugs/nhl/20252026/COL/8481737.png,https://assets.nhle.com/mugs/actionshots/1296x729/8481737.jpg
8474145,Robert,Bortuzzo,1989-03-18,False,D,R,76,193,206,93,Thunder Bay,CAN,2007,PIT,3,17,78,https://assets.nhle.com/mugs/nhl/latest/8474145.png,https://assets.nhle.com/mugs/actionshots/1296x729/8474145.jpg
8480879,Jacob,Bernard-Docker,2000-06-30,True,D,R,73,185,198,90,Canmore,CAN,2018,OTT,1,26,26,https://assets.nhle.com/mugs/nhl/20252026/DET/8480879.png,https://assets.nhle.com/mugs/actionshots/1296x729/8480879.jpg
8480073,Erik,Brannstrom,1999-09-02,False,D,L,70,178,185,84,Eksjo,SWE,2017,VGK,1,15,15,https://assets.nhle.com/mugs/nhl/latest/8480073.png,https://assets.nhle.com/mugs/actionshots/1296x729/8480073.jpg
8479941,Justin,Danforth,1993-03-15,True,R,R,68,173,188,85,Oshawa,CAN,NaN,NaN,NaN,NaN,NaN,https://assets.nhle.com/mugs/nhl/20252026/BUF/8479941.png,https://assets.nhle.com/mugs/actionshots/1296x729/8479941.jpg
8482982,Jet,Greaves,2001-03-30,True,G,L,72,183,190,86,Cambridge,CAN,NaN,NaN,NaN,NaN,NaN,https://assets.nhle.com/mugs/nhl/20252026/CBJ/8482982.png,https://assets.nhle.com/mugs/actionshots/1296x729/8482982.jpg
8482117,Lukas,Reichel,2002-05-17,True,L,L,72,183,170,77,Nürnberg,GER,2020,CHI,1,17,17,https://assets.nhle.com/mugs/nhl/20252026/CHI/8482117.png,https://assets.nhle.com/mugs/actionshots/1296x729/8482117.jpg
8479379,Givani,Smith,1998-02-27,False,R,L,74,188,214,97,Toronto,CAN,2016,DET,2,16,46,https://assets.nhle.com/mugs/nhl/latest/8479379.png,https://assets.nhle.com/mugs/actionshots/1296x729/8479379.jpg
8477527,Ross,Johnston,1994-02-18,True,L,L,77,196,232,105,Charlottetown,CAN,NaN,NaN,NaN,NaN,NaN,https://assets.nhle.com/mugs/nhl/20252026/ANA/8477527.png,https://assets.nhle.com/mugs/actionshots/1296x729/8477527.jpg
8478424,Jansen,Harkins,1997-05-23,True,C,L,73,185,199,90,Cleveland,USA,2015,WPG,2,17,47,https://assets.nhle.com/mugs/nhl/20252026/ANA/8478424.png,https://assets.nhle.com/mugs/actionshots/1296x729/8478424.jpg
8481743,Marc,Del Gaizo,1999-10-11,True,D,L,71,180,188,85,Basking Ridge,USA,2019,NSH,4,16,109,https://assets.nhle.com/mugs/nhl/20252026/MTL/8481743.png,https://assets.nhle.com/mugs/actionshots/1296x729/8481743.jpg
8483464,Marco,Kasper,2004-04-08,True,C,L,73,185,183,83,Innsbruck,AUT,2022,DET,1,8,8,https://assets.nhle.com/mugs/nhl/20252026/DET/8483464.png,https://assets.nhle.com/mugs/actionshots/1296x729/8483464.jpg
8481712,Matěj ,Blümel,2000-05-31,True,R,L,72,183,205,93,Tabor,CZE,2019,EDM,4,7,100,https://assets.nhle.com/mugs/nhl/20252026/BOS/8481712.png,https://assets.nhle.com/mugs/actionshots/1296x729/8481712.jpg
8477244,Chad,Ruhwedel,1990-05-07,False,D,R,71,180,189,86,San Diego,USA,NaN,NaN,NaN,NaN,NaN,https://assets.nhle.com/mugs/nhl/latest/8477244.png,https://assets.nhle.com/mugs/actionshots/1296x729/8477244.jpg
8479328,Julien,Gauthier,1997-10-15,True,R,R,76,193,225,102,Pointe-aux-Trembles,CAN,2016,CAR,1,21,21,https://assets.nhle.com/mugs/nhl/20252026/NYI/8479328.png,https://assets.nhle.com/mugs/actionshots/1296x729/8479328.jpg
8481593,Jayden,Struble,2001-09-08,True,D,L,72,183,207,94,Cumberland,USA,2019,MTL,2,15,46,https://assets.nhle.com/mugs/nhl/20252026/MTL/8481593.png,https://assets.nhle.com/mugs/actionshots/1296x729/8481593.jpg
8482733,Logan,Mailloux,2003-04-15,True,D,R,75,191,213,97,Belle River,CAN,2021,MTL,1,31,31,https://assets.nhle.com/mugs/nhl/20252026/STL/8482733.png,https://assets.nhle.com/mugs/actionshots/1296x729/8482733.jpg
8483460,David,Jiricek,2003-11-28,True,D,R,76,193,204,93,Klatovy,CZE,2022,CBJ,1,6,6,https://assets.nhle.com/mugs/nhl/20252026/MIN/8483460.png,https://assets.nhle.com/mugs/actionshots/1296x729/8483460.jpg
8479977,Kailer,Yamamoto,1998-09-29,True,R,R,69,175,178,81,Spokane,USA,2017,EDM,1,22,22,https://assets.nhle.com/mugs/nhl/20252026/UTA/8479977.png,https://assets.nhle.com/mugs/actionshots/1296x729/8479977.jpg
8477968,Alex,Nedeljkovic,1996-01-07,True,G,L,72,183,203,92,Parma,USA,2014,CAR,2,7,37,https://assets.nhle.com/mugs/nhl/20252026/SJS/8477968.png,https://assets.nhle.com/mugs/actionshots/1296x729/8477968.jpg
8479378,Logan,Stanley,1998-05-26,True,D,L,79,201,231,105,Waterloo,CAN,2016,WPG,1,18,18,https://assets.nhle.com/mugs/nhl/20252026/WPG/8479378.png,https://assets.nhle.com/mugs/actionshots/1296x729/8479378.jpg
8481019,David,Gustafsson,2000-04-11,True,C,L,74,188,196,89,Tingsryd,SWE,2018,WPG,2,29,60,https://assets.nhle.com/mugs/nhl/20252026/WPG/8481019.png,https://assets.nhle.com/mugs/actionshots/1296x729/8481019.jpg
8481703,Valtteri,Puustinen,1999-06-04,True,R,R,70,178,182,83,Kuopio,FIN,2019,PIT,7,17,203,https://assets.nhle.com/mugs/nhl/20252026/PIT/8481703.png,https://assets.nhle.com/mugs/actionshots/1296x729/8481703.jpg
8482144,Jack,Thompson,2002-03-19,True,D,R,73,185,189,86,Courtice,CAN,2020,TBL,3,31,93,https://assets.nhle.com/mugs/nhl/20252026/SJS/8482144.png,https://assets.nhle.com/mugs/actionshots/1296x729/8482144.jpg
8481605,Jackson,LaCombe,2001-01-09,True,D,L,74,188,205,93,Eden Prairie,USA,2019,ANA,2,8,39,https://assets.nhle.com/mugs/nhl/20252026/ANA/8481605.png,https://assets.nhle.com/mugs/actionshots/1296x729/8481605.jpg
8475235,Nicolas,Deslauriers,1991-02-22,True,L,L,73,185,218,99,LaSalle,CAN,2009,LAK,3,23,84,https://assets.nhle.com/mugs/nhl/20252026/PHI/8475235.png,https://assets.nhle.com/mugs/actionshots/1296x729/8475235.jpg
8476372,Nick,Seeler,1993-06-03,True,D,L,75,191,197,89,Eden Prairie,USA,2011,MIN,5,10,131,https://assets.nhle.com/mugs/nhl/20252026/PHI/8476372.png,https://assets.nhle.com/mugs/actionshots/1296x729/8476372.jpg
8481536,Daniil,Misyul,2000-10-20,False,D,L,75,191,176,80,Minsk,BLR,2019,NJD,3,8,70,https://assets.nhle.com/mugs/nhl/latest/8481536.png,https://assets.nhle.com/mugs/actionshots/1296x729/8481536.jpg
8479324,Ryan,Lindgren,1998-02-11,True,D,L,72,183,194,88,Burnsville,USA,2016,BOS,2,19,49,https://assets.nhle.com/mugs/nhl/20252026/SEA/8479324.png,https://assets.nhle.com/mugs/actionshots/1296x729/8479324.jpg
8479543,Michael,Pezzetta,1998-03-13,True,L,L,73,185,219,99,Toronto,CAN,2016,MTL,6,9,160,https://assets.nhle.com/mugs/nhl/20252026/TOR/8479543.png,https://assets.nhle.com/mugs/actionshots/1296x729/8479543.jpg
8480853,Liam,Foudy,2000-02-04,True,C,L,73,185,186,84,Scarborough,CAN,2018,CBJ,1,18,18,https://assets.nhle.com/mugs/nhl/20252026/NYI/8480853.png,https://assets.nhle.com/mugs/actionshots/1296x729/8480853.jpg
8482742,Zachary,L'Heureux,2003-05-15,True,L,L,71,180,197,89,Montréal,CAN,2021,NSH,1,27,27,https://assets.nhle.com/mugs/nhl/20252026/NSH/8482742.png,https://assets.nhle.com/mugs/actionshots/1296x729/8482742.jpg
8482447,Leevi,Meriläinen,2002-08-13,True,G,L,75,191,186,84,Oulu,FIN,2020,OTT,3,9,71,https://assets.nhle.com/mugs/nhl/20252026/OTT/8482447.png,https://assets.nhle.com/mugs/actionshots/1296x729/8482447.jpg
8481527,Kaedan,Korczak,2001-01-29,True,D,R,75,191,203,92,Yorkton,CAN,2019,VGK,2,10,41,https://assets.nhle.com/mugs/nhl/20252026/VGK/8481527.png,https://assets.nhle.com/mugs/actionshots/1296x729/8481527.jpg
8476897,Oskar,Sundqvist,1994-03-23,True,C,R,75,191,220,100,Boden,SWE,2012,PIT,3,20,81,https://assets.nhle.com/mugs/nhl/20252026/STL/8476897.png,https://assets.nhle.com/mugs/actionshots/1296x729/8476897.jpg
8479361,Joseph,Woll,1998-07-12,True,G,L,75,191,206,93,Dardenne Prairie,USA,2016,TOR,3,1,62,https://assets.nhle.com/mugs/nhl/20252026/TOR/8479361.png,https://assets.nhle.com/mugs/actionshots/1296x729/8479361.jpg
8481059,Scott,Perunovich,1998-08-18,True,D,L,70,178,175,79,Hibbing,USA,2018,STL,2,14,45,https://assets.nhle.com/mugs/nhl/20252026/UTA/8481059.png,https://assets.nhle.com/mugs/actionshots/1296x729/8481059.jpg
8477488,Brett,Pesce,1994-11-15,True,D,R,75,191,206,93,Tarrytown,USA,2013,CAR,3,5,66,https://assets.nhle.com/mugs/nhl/20252026/NJD/8477488.png,https://assets.nhle.com/mugs/actionshots/1296x729/8477488.jpg
8482684,Luke,Hughes,2003-09-09,True,D,L,74,188,198,90,Manchester,USA,2021,NJD,1,4,4,https://assets.nhle.com/mugs/nhl/20252026/NJD/8482684.png,https://assets.nhle.com/mugs/actionshots/1296x729/8482684.jpg
8483472,Maveric,Lamoureux,2004-01-13,True,D,R,78,198,196,89,Laval,CAN,2022,ARI,1,29,29,https://assets.nhle.com/mugs/nhl/20252026/UTA/8483472.png,https://assets.nhle.com/mugs/actionshots/1296x729/8483472.jpg
8481133,Cole,Reinhardt,2000-02-01,True,L,L,73,185,207,94,Calgary,CAN,2020,OTT,6,26,181,https://assets.nhle.com/mugs/nhl/20252026/VGK/8481133.png,https://assets.nhle.com/mugs/actionshots/1296x729/8481133.jpg
8482123,Drew,Commesso,2002-07-19,True,G,L,74,188,180,82,Norwell,USA,2020,CHI,2,15,46,https://assets.nhle.com/mugs/nhl/20252026/CHI/8482123.png,https://assets.nhle.com/mugs/actionshots/1296x729/8482123.jpg
8475760,Nick,Bjugstad,1992-07-17,True,C,R,77,196,205,93,Minneapolis,USA,2010,FLA,1,19,19,https://assets.nhle.com/mugs/nhl/20252026/STL/8475760.png,https://assets.nhle.com/mugs/actionshots/1296x729/8475760.jpg
8479026,Philippe,Myers,1997-01-25,True,D,R,77,196,219,99,Moncton,CAN,NaN,NaN,NaN,NaN,NaN,https://assets.nhle.com/mugs/nhl/20252026/TOR/8479026.png,https://assets.nhle.com/mugs/actionshots/1296x729/8479026.jpg
8477810,Joel,Hanley,1991-06-08,True,D,L,71,180,186,84,Keswick,CAN,NaN,NaN,NaN,NaN,NaN,https://assets.nhle.com/mugs/nhl/20252026/CGY/8477810.png,https://assets.nhle.com/mugs/actionshots/1296x729/8477810.jpg
8481068,Yegor,Sharangovich,1998-06-06,True,C,L,74,188,196,89,Minsk,BLR,2018,NJD,5,17,141,https://assets.nhle.com/mugs/nhl/20252026/CGY/8481068.png,https://assets.nhle.com/mugs/actionshots/1296x729/8481068.jpg
8474709,Matt,Martin,1989-05-08,False,L,L,75,191,215,98,Windsor,CAN,2008,NYI,5,27,148,https://assets.nhle.com/mugs/nhl/latest/8474709.png,https://assets.nhle.com/mugs/actionshots/1296x729/8474709.jpg
8478115,Pierre,Engvall,1996-05-31,True,L,L,77,196,215,98,Ljungby,SWE,2014,TOR,7,8,188,https://assets.nhle.com/mugs/nhl/20252026/NYI/8478115.png,https://assets.nhle.com/mugs/actionshots/1296x729/8478115.jpg
8479395,Dennis,Cholowski,1998-02-15,True,D,L,74,188,210,95,Langley,CAN,2016,DET,1,20,20,https://assets.nhle.com/mugs/nhl/20252026/NJD/8479395.png,https://assets.nhle.com/mugs/actionshots/1296x729/8479395.jpg
8476448,William,Karlsson,1993-01-08,True,C,L,72,183,190,86,Marsta,SWE,2011,ANA,2,23,53,https://assets.nhle.com/mugs/nhl/20252026/VGK/8476448.png,https://assets.nhle.com/mugs/actionshots/1296x729/8476448.jpg
8482126,Emil,Andrae,2002-02-23,True,D,L,69,175,189,86,Vastervik,SWE,2020,PHI,2,23,54,https://assets.nhle.com/mugs/nhl/20252026/PHI/8482126.png,https://assets.nhle.com/mugs/actionshots/1296x729/8482126.jpg
8482783,Aleksei,Kolosov,2002-01-04,True,G,L,73,185,185,84,Minsk,BLR,2021,PHI,3,14,78,https://assets.nhle.com/mugs/nhl/20252026/PHI/8482783.png,https://assets.nhle.com/mugs/actionshots/1296x729/8482783.jpg
8477484,Spencer,Martin,1995-06-08,False,G,L,75,191,191,87,Oakville,CAN,2013,COL,3,2,63,https://assets.nhle.com/mugs/nhl/latest/8477484.png,https://assets.nhle.com/mugs/actionshots/1296x729/8477484.jpg
8482859,Zack,Ostapchuk,2003-05-29,True,C,L,76,193,212,96,St. Albert,CAN,2021,OTT,2,7,39,https://assets.nhle.com/mugs/nhl/20252026/SJS/8482859.png,https://assets.nhle.com/mugs/actionshots/1296x729/8482859.jpg
8475958,Michael,Sgarbossa,1992-07-25,False,C,L,72,183,179,81,Campbellville,CAN,NaN,NaN,NaN,NaN,NaN,https://assets.nhle.com/mugs/nhl/latest/8475958.png,https://assets.nhle.com/mugs/actionshots/1296x729/8475958.jpg
8477392,Hudson,Fasching,1995-07-28,True,R,R,75,191,209,95,Apple Valley,USA,2013,LAK,4,27,118,https://assets.nhle.com/mugs/nhl/20252026/CBJ/8477392.png,https://assets.nhle.com/mugs/actionshots/1296x729/8477392.jpg
8480851,Akil,Thomas,2000-01-02,True,C,R,72,183,195,88,Toronto,CAN,2018,LAK,2,20,51,https://assets.nhle.com/mugs/nhl/20252026/LAK/8480851.png,https://assets.nhle.com/mugs/actionshots/1296x729/8480851.jpg
8482206,Ethan,Cardwell,2002-08-30,True,R,R,71,180,180,82,Oshawa,CAN,2021,SJS,4,25,121,https://assets.nhle.com/mugs/nhl/20252026/SJS/8482206.png,https://assets.nhle.com/mugs/actionshots/1296x729/8482206.jpg
8476391,T.J.,Tynan,1992-02-25,True,C,R,68,173,160,73,Orland Park,USA,2011,CBJ,3,5,66,https://assets.nhle.com/mugs/nhl/20252026/COL/8476391.png,https://assets.nhle.com/mugs/actionshots/1296x729/8476391.jpg
8478039,Kaapo,Kahkonen,1996-08-16,True,G,L,74,188,217,98,Helsinki,FIN,2014,MIN,4,19,109,https://assets.nhle.com/mugs/nhl/20252026/MTL/8478039.png,https://assets.nhle.com/mugs/actionshots/1296x729/8478039.jpg
8475413,Justin,Dowling,1990-10-01,True,C,L,70,178,180,82,Calgary,CAN,NaN,NaN,NaN,NaN,NaN,https://assets.nhle.com/mugs/nhl/20252026/NYR/8475413.png,https://assets.nhle.com/mugs/actionshots/1296x729/8475413.jpg
8479985,Cale,Fleury,1998-11-19,True,D,R,73,185,204,93,Carlyle,CAN,2017,MTL,3,25,87,https://assets.nhle.com/mugs/nhl/20252026/SEA/8479985.png,https://assets.nhle.com/mugs/actionshots/1296x729/8479985.jpg
8481481,Blake,Lizotte,1997-12-13,True,C,L,69,175,173,78,Lindstrom,USA,NaN,NaN,NaN,NaN,NaN,https://assets.nhle.com/mugs/nhl/20252026/PIT/8481481.png,https://assets.nhle.com/mugs/actionshots/1296x729/8481481.jpg
8480823,Alexander,Alexeyev,1999-11-15,True,D,L,76,193,229,104,St. Petersburg,RUS,2018,WSH,1,31,31,https://assets.nhle.com/mugs/nhl/20252026/PIT/8480823.png,https://assets.nhle.com/mugs/actionshots/1296x729/8480823.jpg
8479465,Drake,Caggiula,1994-06-20,False,L,L,70,178,179,81,Pickering,CAN,NaN,NaN,NaN,NaN,NaN,https://assets.nhle.com/mugs/nhl/latest/8479465.png,https://assets.nhle.com/mugs/actionshots/1296x729/8479465.jpg
8481491,Noah,Philp,1998-08-31,True,C,R,75,191,198,90,Canmore,CAN,NaN,NaN,NaN,NaN,NaN,https://assets.nhle.com/mugs/nhl/20252026/EDM/8481491.png,https://assets.nhle.com/mugs/actionshots/1296x729/8481491.jpg
8477931,Tomas,Nosek,1992-09-01,True,L,L,75,191,199,90,Pardubice,CZE,NaN,NaN,NaN,NaN,NaN,https://assets.nhle.com/mugs/nhl/20252026/FLA/8477931.png,https://assets.nhle.com/mugs/actionshots/1296x729/8477931.jpg
8481716,Dmitri,Voronkov,2000-09-10,True,L,L,77,196,227,103,Angarsk,RUS,2019,CBJ,4,21,114,https://assets.nhle.com/mugs/nhl/20252026/CBJ/8481716.png,https://assets.nhle.com/mugs/actionshots/1296x729/8481716.jpg
8482192,Isaak,Phillips,2001-09-28,True,D,L,75,191,205,93,barrie,CAN,2020,CHI,5,17,141,https://assets.nhle.com/mugs/nhl/20252026/WPG/8482192.png,https://assets.nhle.com/mugs/actionshots/1296x729/8482192.jpg
8480196,Jacob,Bryson,1997-11-18,True,D,L,69,175,177,80,London,CAN,2017,BUF,4,6,99,https://assets.nhle.com/mugs/nhl/20252026/BUF/8480196.png,https://assets.nhle.com/mugs/actionshots/1296x729/8480196.jpg
8485105,Nikita,Prishchepov,2004-02-20,True,C,L,73,185,194,88,Orenburg,RUS,2024,COL,7,24,217,https://assets.nhle.com/mugs/nhl/20252026/COL/8485105.png,https://assets.nhle.com/mugs/actionshots/1296x729/8485105.jpg
8481033,Akira,Schmid,2000-05-12,True,G,L,77,196,190,86,Bern,SUI,2018,NJD,5,12,136,https://assets.nhle.com/mugs/nhl/20252026/VGK/8481033.png,https://assets.nhle.com/mugs/actionshots/1296x729/8481033.jpg
8476918,Jimmy,Vesey,1993-05-26,False,L,L,74,188,203,92,Boston,USA,2012,NSH,3,5,66,https://assets.nhle.com/mugs/nhl/latest/8476918.png,https://assets.nhle.com/mugs/actionshots/1296x729/8476918.jpg
8480306,Grant,Hutton,1995-07-25,False,D,R,75,191,210,95,Carmel,USA,NaN,NaN,NaN,NaN,NaN,https://assets.nhle.com/mugs/nhl/latest/8480306.png,https://assets.nhle.com/mugs/actionshots/1296x729/8480306.jpg
8481541,Samuel,Bolduc,2000-12-09,True,D,L,76,193,224,102,Laval,CAN,2019,NYI,2,26,57,https://assets.nhle.com/mugs/nhl/20252026/LAK/8481541.png,https://assets.nhle.com/mugs/actionshots/1296x729/8481541.jpg
8474870,Tyler,Johnson,1990-07-29,False,C,R,68,173,191,87,Spokane,USA,NaN,NaN,NaN,NaN,NaN,https://assets.nhle.com/mugs/nhl/latest/8474870.png,https://assets.nhle.com/mugs/actionshots/1296x729/8474870.jpg
8483448,Isaiah,George,2004-02-15,True,D,L,73,185,196,89,Oakville,CAN,2022,NYI,4,1,98,https://assets.nhle.com/mugs/nhl/20252026/NYI/8483448.png,https://assets.nhle.com/mugs/actionshots/1296x729/8483448.jpg
8477401,John,Hayden,1995-02-14,True,C,R,75,191,223,101,Chicago,USA,2013,CHI,3,13,74,https://assets.nhle.com/mugs/nhl/20252026/SEA/8477401.png,https://assets.nhle.com/mugs/actionshots/1296x729/8477401.jpg
8477476,Artturi,Lehkonen,1995-07-04,True,L,L,71,180,179,81,Piikkio,FIN,2013,MTL,2,25,55,https://assets.nhle.com/mugs/nhl/20252026/COL/8477476.png,https://assets.nhle.com/mugs/actionshots/1296x729/8477476.jpg
8482751,Ryan,Winterton,2003-09-04,True,C,R,74,188,175,79,Markham,CAN,2021,SEA,3,3,67,https://assets.nhle.com/mugs/nhl/20252026/SEA/8482751.png,https://assets.nhle.com/mugs/actionshots/1296x729/8482751.jpg
8477018,Ben,Hutton,1993-04-20,True,D,L,75,191,209,95,Brockville,CAN,2012,VAN,5,26,147,https://assets.nhle.com/mugs/nhl/20252026/VGK/8477018.png,https://assets.nhle.com/mugs/actionshots/1296x729/8477018.jpg
8478409,Anthony,Richard,1996-12-20,True,C,L,70,178,185,84,Trois-Rivières,CAN,2015,NSH,4,9,100,https://assets.nhle.com/mugs/nhl/20252026/PHI/8478409.png,https://assets.nhle.com/mugs/actionshots/1296x729/8478409.jpg
8483182,Kyle,Konin,1998-01-09,False,G,L,72,183,185,84,West Kingston,USA,NaN,NaN,NaN,NaN,NaN,https://assets.nhle.com/mugs/nhl/latest/8483182.png,https://assets.nhle.com/mugs/actionshots/1296x729/8483182.jpg
8483549,Lucas,Condotta,1997-11-06,True,L,L,73,185,218,99,Georgetown,CAN,NaN,NaN,NaN,NaN,NaN,https://assets.nhle.com/mugs/nhl/20252026/MTL/8483549.png,https://assets.nhle.com/mugs/actionshots/1296x729/8483549.jpg
8476434,John,Gibson,1993-07-14,True,G,L,74,188,214,97,Pittsburgh,USA,2011,ANA,2,9,39,https://assets.nhle.com/mugs/nhl/20252026/DET/8476434.png,https://assets.nhle.com/mugs/actionshots/1296x729/8476434.jpg
8478848,Ales,Stezka,1997-01-06,False,G,L,76,193,190,86,Liberec,CZE,2015,MIN,4,20,111,https://assets.nhle.com/mugs/nhl/latest/8478848.png,https://assets.nhle.com/mugs/actionshots/1296x729/8478848.jpg
8480007,Jonas,Rondbjerg,1999-03-31,True,R,L,74,188,204,93,Horsholm,DEN,2017,VGK,3,3,65,https://assets.nhle.com/mugs/nhl/20252026/VGK/8480007.png,https://assets.nhle.com/mugs/actionshots/1296x729/8480007.jpg
8482726,Samuel,Helenius,2002-11-26,True,C,L,78,198,201,91,Dallas,USA,2021,LAK,2,27,59,https://assets.nhle.com/mugs/nhl/20252026/LAK/8482726.png,https://assets.nhle.com/mugs/actionshots/1296x729/8482726.jpg
8479370,Tyson,Jost,1998-03-14,True,C,L,71,180,187,85,St. Albert,CAN,2016,COL,1,10,10,https://assets.nhle.com/mugs/nhl/20252026/CAR/8479370.png,https://assets.nhle.com/mugs/actionshots/1296x729/8479370.jpg
8480980,Connor,Dewar,1999-06-26,True,C,L,70,178,192,87,The Pas,CAN,2018,MIN,3,30,92,https://assets.nhle.com/mugs/nhl/20252026/PIT/8480980.png,https://assets.nhle.com/mugs/actionshots/1296x729/8480980.jpg
8483476,Jonathan,Lekkerimäki,2004-07-24,True,R,R,71,180,172,78,Tullinge,SWE,2022,VAN,1,15,15,https://assets.nhle.com/mugs/nhl/20252026/VAN/8483476.png,https://assets.nhle.com/mugs/actionshots/1296x729/8483476.jpg
8481591,Sam,Poulin,2001-02-25,True,R,L,74,188,227,103,Blainville,CAN,2019,PIT,1,21,21,https://assets.nhle.com/mugs/nhl/20252026/PIT/8481591.png,https://assets.nhle.com/mugs/actionshots/1296x729/8481591.jpg
8475825,Jani,Hakanpää,1992-03-31,False,D,R,79,201,225,102,Kirkkonummi,FIN,2010,STL,4,14,104,https://assets.nhle.com/mugs/nhl/latest/8475825.png,https://assets.nhle.com/mugs/actionshots/1296x729/8475825.jpg
8482634,Alex,Steeves,1999-12-10,True,C,L,72,183,202,92,Saint Paul,USA,NaN,NaN,NaN,NaN,NaN,https://assets.nhle.com/mugs/nhl/20252026/BOS/8482634.png,https://assets.nhle.com/mugs/actionshots/1296x729/8482634.jpg
8480844,Grigori,Denisenko,2000-06-24,False,L,R,71,180,198,90,Novosibirsk,RUS,2018,FLA,1,15,15,https://assets.nhle.com/mugs/nhl/latest/8480844.png,https://assets.nhle.com/mugs/actionshots/1296x729/8480844.jpg
8477851,Jordan,Oesterle,1992-06-25,True,D,L,72,183,181,82,Dearborn Heights,USA,NaN,NaN,NaN,NaN,NaN,https://assets.nhle.com/mugs/nhl/20252026/NSH/8477851.png,https://assets.nhle.com/mugs/actionshots/1296x729/8477851.jpg
8477887,Patrick,Brown,1992-05-29,True,C,R,73,185,218,99,Bloomfield Hills,USA,NaN,NaN,NaN,NaN,NaN,https://assets.nhle.com/mugs/nhl/20252026/BOS/8477887.png,https://assets.nhle.com/mugs/actionshots/1296x729/8477887.jpg
8478057,Dakota,Joshua,1996-05-15,True,C,L,75,191,206,93,Dearborn,USA,2014,TOR,5,8,128,https://assets.nhle.com/mugs/nhl/20252026/TOR/8478057.png,https://assets.nhle.com/mugs/actionshots/1296x729/8478057.jpg
8476442,Matt,Nieto,1992-11-05,False,L,L,71,180,189,86,Long Beach,USA,2011,SJS,2,17,47,https://assets.nhle.com/mugs/nhl/latest/8476442.png,https://assets.nhle.com/mugs/actionshots/1296x729/8476442.jpg
8477501,Valeri,Nichushkin,1995-03-04,True,R,L,76,193,210,95,Chelyabinsk,RUS,2013,DAL,1,10,10,https://assets.nhle.com/mugs/nhl/20252026/COL/8477501.png,https://assets.nhle.com/mugs/actionshots/1296x729/8477501.jpg
8481529,Trent,Miner,2001-02-05,True,G,L,73,185,185,84,Brandon,CAN,2019,COL,7,16,202,https://assets.nhle.com/mugs/nhl/20252026/COL/8481529.png,https://assets.nhle.com/mugs/actionshots/1296x729/8481529.jpg
8481563,Drew,Helleson,2001-03-26,True,D,R,75,191,213,97,Farmington,USA,2019,COL,2,16,47,https://assets.nhle.com/mugs/nhl/20252026/ANA/8481563.png,https://assets.nhle.com/mugs/actionshots/1296x729/8481563.jpg
8481461,Corey,Schueneman,1995-09-02,True,D,L,71,180,197,89,Milford,USA,NaN,NaN,NaN,NaN,NaN,https://assets.nhle.com/mugs/nhl/20252026/STL/8481461.png,https://assets.nhle.com/mugs/actionshots/1296x729/8481461.jpg
8483567,Georgii,Merkulov,2000-10-10,True,C,L,71,180,176,80,Ryazan,RUS,NaN,NaN,NaN,NaN,NaN,https://assets.nhle.com/mugs/nhl/20252026/BOS/8483567.png,https://assets.nhle.com/mugs/actionshots/1296x729/8483567.jpg
8482102,Vasily,Ponomarev,2002-03-13,True,C,L,70,178,180,82,Moscow,RUS,2020,CAR,2,22,53,https://assets.nhle.com/mugs/nhl/20252026/PIT/8482102.png,https://assets.nhle.com/mugs/actionshots/1296x729/8482102.jpg
8483503,Owen,Pickering,2004-01-27,True,D,L,77,196,200,91,St. Adolphe,CAN,2022,PIT,1,21,21,https://assets.nhle.com/mugs/nhl/20252026/PIT/8483503.png,https://assets.nhle.com/mugs/actionshots/1296x729/8483503.jpg
8484293,Yaniv,Perets,2000-03-04,False,G,L,73,185,181,82,Dollard-des-Ormeaux,CAN,NaN,NaN,NaN,NaN,NaN,https://assets.nhle.com/mugs/nhl/latest/8484293.png,https://assets.nhle.com/mugs/actionshots/1296x729/8484293.jpg
8482829,Michael,Milne,2002-09-21,True,L,L,71,180,185,84,Abbotsford,CAN,2022,MIN,3,24,89,https://assets.nhle.com/mugs/nhl/20252026/MIN/8482829.png,https://assets.nhle.com/mugs/actionshots/1296x729/8482829.jpg
8479421,Jacob,Moverare,1998-08-31,True,D,L,75,191,210,95,Ostersund,SWE,2016,LAK,4,21,112,https://assets.nhle.com/mugs/nhl/20252026/LAK/8479421.png,https://assets.nhle.com/mugs/actionshots/1296x729/8479421.jpg
8481707,Erik,Portillo,2000-09-03,True,G,L,78,198,218,99,Gothenburg,SWE,2019,BUF,3,5,67,https://assets.nhle.com/mugs/nhl/20252026/LAK/8481707.png,https://assets.nhle.com/mugs/actionshots/1296x729/8481707.jpg
8483570,Ben,Meyers,1998-11-15,True,C,L,71,180,194,88,Delano,USA,NaN,NaN,NaN,NaN,NaN,https://assets.nhle.com/mugs/nhl/20252026/SEA/8483570.png,https://assets.nhle.com/mugs/actionshots/1296x729/8483570.jpg
8479705,Jeffrey,Viel,1997-01-28,True,L,L,74,188,205,93,Rimouski,CAN,NaN,NaN,NaN,NaN,NaN,https://assets.nhle.com/mugs/nhl/20252026/BOS/8479705.png,https://assets.nhle.com/mugs/actionshots/1296x729/8479705.jpg
8480867,Kevin,Mandolese,2000-08-22,False,G,L,76,193,180,82,Blainville,CAN,2018,OTT,6,2,157,https://assets.nhle.com/mugs/nhl/latest/8480867.png,https://assets.nhle.com/mugs/actionshots/1296x729/8480867.jpg
8482169,Helge,Grans,2002-05-10,True,D,R,76,193,205,93,Ljungby,SWE,2020,LAK,2,4,35,https://assets.nhle.com/mugs/nhl/20252026/PHI/8482169.png,https://assets.nhle.com/mugs/actionshots/1296x729/8482169.jpg
8477384,Joshua,Brown,1994-01-21,True,D,R,77,196,220,100,London,CAN,2013,FLA,6,1,152,https://assets.nhle.com/mugs/nhl/20252026/EDM/8477384.png,https://assets.nhle.com/mugs/actionshots/1296x729/8477384.jpg
8482137,Yaroslav,Askarov,2002-06-16,True,G,R,75,191,178,81,Omsk,RUS,2020,NSH,1,11,11,https://assets.nhle.com/mugs/nhl/20252026/SJS/8482137.png,https://assets.nhle.com/mugs/actionshots/1296x729/8482137.jpg
8480259,Ben,Jones,1999-02-26,True,C,L,72,183,187,85,Waterloo,CAN,2017,VGK,7,3,189,https://assets.nhle.com/mugs/nhl/20252026/MIN/8480259.png,https://assets.nhle.com/mugs/actionshots/1296x729/8480259.jpg
8482118,Sam,Colangelo,2001-12-26,True,R,R,74,188,211,96,Stoneham,USA,2020,ANA,2,5,36,https://assets.nhle.com/mugs/nhl/20252026/ANA/8482118.png,https://assets.nhle.com/mugs/actionshots/1296x729/8482118.jpg
8482250,Callahan,Burke,1997-03-19,False,C,R,70,178,183,83,Boxborough,USA,NaN,NaN,NaN,NaN,NaN,https://assets.nhle.com/mugs/nhl/latest/8482250.png,https://assets.nhle.com/mugs/actionshots/1296x729/8482250.jpg
8483489,Fraser,Minten,2004-07-05,True,C,L,74,188,195,88,Vancouver,CAN,2022,TOR,2,6,38,https://assets.nhle.com/mugs/nhl/20252026/BOS/8483489.png,https://assets.nhle.com/mugs/actionshots/1296x729/8483489.jpg
8483733,Nikita,Grebenkin,2003-05-02,True,R,L,74,188,210,95,Serov,RUS,2022,TOR,5,6,135,https://assets.nhle.com/mugs/nhl/20252026/PHI/8483733.png,https://assets.nhle.com/mugs/actionshots/1296x729/8483733.jpg
8483530,Jaxson,Stauber,1999-04-27,True,G,L,75,191,174,79,Wayzata,USA,NaN,NaN,NaN,NaN,NaN,https://assets.nhle.com/mugs/nhl/20252026/UTA/8483530.png,https://assets.nhle.com/mugs/actionshots/1296x729/8483530.jpg
8477462,Robert,Hagg,1995-02-08,False,D,L,74,188,210,95,Uppsala,SWE,2013,PHI,2,11,41,https://assets.nhle.com/mugs/nhl/latest/8477462.png,https://assets.nhle.com/mugs/actionshots/1296x729/8477462.jpg
8480032,Shane,Bowers,1999-07-30,True,C,L,74,188,186,84,Halifax,CAN,2017,OTT,1,28,28,https://assets.nhle.com/mugs/nhl/20252026/SJS/8480032.png,https://assets.nhle.com/mugs/actionshots/1296x729/8480032.jpg
8476913,Devin,Shore,1994-07-19,False,C,L,73,185,206,93,Ajax,CAN,2012,DAL,2,31,61,https://assets.nhle.com/mugs/nhl/latest/8476913.png,https://assets.nhle.com/mugs/actionshots/1296x729/8476913.jpg
8481806,Louis,Crevier,2001-05-04,True,D,R,80,203,228,103,Quebec City,CAN,2020,CHI,7,2,188,https://assets.nhle.com/mugs/nhl/20252026/CHI/8481806.png,https://assets.nhle.com/mugs/actionshots/1296x729/8481806.jpg
8476329,Travis,Boyd,1993-09-14,True,C,R,72,183,190,86,Hopkins,USA,2011,WSH,6,26,177,https://assets.nhle.com/mugs/nhl/20252026/TOR/8476329.png,https://assets.nhle.com/mugs/actionshots/1296x729/8476329.jpg
8484136,Max,Sasson,2000-09-05,True,C,L,73,185,181,82,Birmingham,USA,NaN,NaN,NaN,NaN,NaN,https://assets.nhle.com/mugs/nhl/20252026/VAN/8484136.png,https://assets.nhle.com/mugs/actionshots/1296x729/8484136.jpg
8481518,Nolan,Foote,2000-11-29,True,L,L,75,191,196,89,Denver,USA,2019,TBL,1,27,27,https://assets.nhle.com/mugs/nhl/20252026/FLA/8481518.png,https://assets.nhle.com/mugs/actionshots/1296x729/8481518.jpg
8483491,Ivan,Miroshnichenko,2004-02-04,True,L,R,73,185,185,84,Ussuriysk,RUS,2022,WSH,1,20,20,https://assets.nhle.com/mugs/nhl/20252026/WSH/8483491.png,https://assets.nhle.com/mugs/actionshots/1296x729/8483491.jpg
8482768,Fedor,Svechkov,2003-04-05,True,C,L,72,183,187,85,Togliatti,RUS,2021,NSH,1,19,19,https://assets.nhle.com/mugs/nhl/20252026/NSH/8482768.png,https://assets.nhle.com/mugs/actionshots/1296x729/8482768.jpg
8482765,Isak,Rosen,2003-03-15,True,R,L,72,183,180,82,Solna,SWE,2021,BUF,1,14,14,https://assets.nhle.com/mugs/nhl/20252026/BUF/8482765.png,https://assets.nhle.com/mugs/actionshots/1296x729/8482765.jpg
8479423,Alex,Nylander,1998-03-02,False,L,R,73,185,205,93,Calgary,CAN,2016,BUF,1,8,8,https://assets.nhle.com/mugs/nhl/latest/8479423.png,https://assets.nhle.com/mugs/actionshots/1296x729/8479423.jpg
8482132,Brett,Berard,2002-09-09,True,L,L,69,175,175,79,Providence,USA,2020,NYR,5,10,134,https://assets.nhle.com/mugs/nhl/20252026/NYR/8482132.png,https://assets.nhle.com/mugs/actionshots/1296x729/8482132.jpg
8481462,Mason,Morelli,1996-02-01,False,L,L,72,183,208,94,Minot,USA,NaN,NaN,NaN,NaN,NaN,https://assets.nhle.com/mugs/nhl/latest/8481462.png,https://assets.nhle.com/mugs/actionshots/1296x729/8481462.jpg
8481572,Ville,Heinola,2001-03-02,True,D,L,72,183,181,82,Honkajoki,FIN,2019,WPG,1,20,20,https://assets.nhle.com/mugs/nhl/20252026/WPG/8481572.png,https://assets.nhle.com/mugs/actionshots/1296x729/8481572.jpg
8483397,Marc,McLaughlin,1999-07-26,True,C,R,72,183,202,92,North Billerica,USA,NaN,NaN,NaN,NaN,NaN,https://assets.nhle.com/mugs/nhl/20252026/NJD/8483397.png,https://assets.nhle.com/mugs/actionshots/1296x729/8483397.jpg
8482749,Joshua,Roy,2003-08-06,True,R,L,72,183,192,87,Saint-Georges-De-Beauce,CAN,2021,MTL,5,22,150,https://assets.nhle.com/mugs/nhl/20252026/MTL/8482749.png,https://assets.nhle.com/mugs/actionshots/1296x729/8482749.jpg
8482482,Adam,Wilsby,2000-08-07,True,D,L,73,185,188,85,Stockholm,SWE,2020,NSH,4,8,101,https://assets.nhle.com/mugs/nhl/20252026/NSH/8482482.png,https://assets.nhle.com/mugs/actionshots/1296x729/8482482.jpg
8483565,Nick,Blankenburg,1998-05-12,True,D,R,69,175,177,80,Washington,USA,NaN,NaN,NaN,NaN,NaN,https://assets.nhle.com/mugs/nhl/20252026/NSH/8483565.png,https://assets.nhle.com/mugs/actionshots/1296x729/8483565.jpg
8482507,Chase,Bradley,2002-01-09,True,L,L,71,180,180,82,St. Louis,USA,2020,DET,7,17,203,https://assets.nhle.com/mugs/nhl/20252026/COL/8482507.png,https://assets.nhle.com/mugs/actionshots/1296x729/8482507.jpg
8477035,Matt,Tomkins,1994-06-19,True,G,L,76,193,191,87,Edmonton,CAN,2012,CHI,7,18,199,https://assets.nhle.com/mugs/nhl/20252026/EDM/8477035.png,https://assets.nhle.com/mugs/actionshots/1296x729/8477035.jpg
8475755,Alexander,Petrovic,1992-03-03,True,D,R,77,196,211,96,Edmonton,CAN,2010,FLA,2,6,36,https://assets.nhle.com/mugs/nhl/20252026/DAL/8475755.png,https://assets.nhle.com/mugs/actionshots/1296x729/8475755.jpg
8479639,Dylan,Coghlan,1998-02-19,True,D,R,74,188,208,94,Duncan,CAN,NaN,NaN,NaN,NaN,NaN,https://assets.nhle.com/mugs/nhl/20252026/VGK/8479639.png,https://assets.nhle.com/mugs/actionshots/1296x729/8479639.jpg
8478477,Mitchell,Stephens,1997-02-05,True,C,R,72,183,203,92,Peterborough,CAN,2015,TBL,2,3,33,https://assets.nhle.com/mugs/nhl/20252026/SEA/8478477.png,https://assets.nhle.com/mugs/actionshots/1296x729/8478477.jpg
8481594,Nathan,Légaré,2001-01-11,True,R,R,72,183,200,91,Montréal,CAN,2019,PIT,3,12,74,https://assets.nhle.com/mugs/nhl/20252026/NJD/8481594.png,https://assets.nhle.com/mugs/actionshots/1296x729/8481594.jpg
8482635,Mike,Hardman,1999-02-05,True,L,L,74,188,205,93,Hanover,USA,NaN,NaN,NaN,NaN,NaN,https://assets.nhle.com/mugs/nhl/20252026/NJD/8482635.png,https://assets.nhle.com/mugs/actionshots/1296x729/8482635.jpg
8482657,Sebastian,Cossa,2002-11-21,True,G,L,78,198,229,104,Hamilton,CAN,2021,DET,1,15,15,https://assets.nhle.com/mugs/nhl/20252026/DET/8482657.png,https://assets.nhle.com/mugs/actionshots/1296x729/8482657.jpg
8479339,Patrik,Laine,1998-04-19,True,R,R,76,193,208,94,Tampere,FIN,2016,WPG,1,2,2,https://assets.nhle.com/mugs/nhl/20252026/MTL/8479339.png,https://assets.nhle.com/mugs/actionshots/1296x729/8479339.jpg
8483471,Brad,Lambert,2003-12-19,True,C,R,73,185,173,78,Lahti,FIN,2022,WPG,1,30,30,https://assets.nhle.com/mugs/nhl/20252026/WPG/8483471.png,https://assets.nhle.com/mugs/actionshots/1296x729/8483471.jpg
8481592,Jakob,Pelletier,2001-03-07,True,L,L,69,175,170,77,Quebec City,CAN,2019,CGY,1,26,26,https://assets.nhle.com/mugs/nhl/20252026/TBL/8481592.png,https://assets.nhle.com/mugs/actionshots/1296x729/8481592.jpg
8482652,Walker,Duehr,1997-11-23,True,R,R,74,188,210,95,Sioux Falls,USA,NaN,NaN,NaN,NaN,NaN,https://assets.nhle.com/mugs/nhl/20252026/WPG/8482652.png,https://assets.nhle.com/mugs/actionshots/1296x729/8482652.jpg
8482896,Tyson,Kozak,2002-12-29,True,C,L,71,180,185,84,Souris,CAN,2021,BUF,7,1,193,https://assets.nhle.com/mugs/nhl/20252026/BUF/8482896.png,https://assets.nhle.com/mugs/actionshots/1296x729/8482896.jpg
8477405,Marcus,Hogberg,1994-11-25,True,G,L,77,196,234,106,Orebro,SWE,2013,OTT,3,17,78,https://assets.nhle.com/mugs/nhl/20252026/NYI/8477405.png,https://assets.nhle.com/mugs/actionshots/1296x729/8477405.jpg
8477967,Thatcher,Demko,1995-12-08,True,G,L,76,193,192,87,San Diego,USA,2014,VAN,2,6,36,https://assets.nhle.com/mugs/nhl/20252026/VAN/8477967.png,https://assets.nhle.com/mugs/actionshots/1296x729/8477967.jpg
8481147,Reese,Johnson,1998-07-10,False,C,R,73,185,193,88,Regina,CAN,NaN,NaN,NaN,NaN,NaN,https://assets.nhle.com/mugs/nhl/latest/8481147.png,https://assets.nhle.com/mugs/actionshots/1296x729/8481147.jpg
8479387,Keaton,Middleton,1998-02-10,True,D,L,78,198,240,109,Edmonton,CAN,2016,TOR,4,10,101,https://assets.nhle.com/mugs/nhl/20252026/COL/8479387.png,https://assets.nhle.com/mugs/actionshots/1296x729/8479387.jpg
8481320,Michael,Matyas,1992-06-11,False,G,L,75,191,192,87,Calgary,CAN,NaN,NaN,NaN,NaN,NaN,https://assets.nhle.com/mugs/nhl/latest/8481320.png,https://assets.nhle.com/mugs/actionshots/1296x729/8481320.jpg
8482193,Dylan,Garand,2002-06-07,True,G,L,73,185,177,80,Victoria,CAN,2020,NYR,4,10,103,https://assets.nhle.com/mugs/nhl/20252026/NYR/8482193.png,https://assets.nhle.com/mugs/actionshots/1296x729/8482193.jpg
8481564,Ryan,Johnson,2001-07-24,True,D,L,73,185,195,88,Newport Beach,USA,2019,BUF,1,31,31,https://assets.nhle.com/mugs/nhl/20252026/BUF/8481564.png,https://assets.nhle.com/mugs/actionshots/1296x729/8481564.jpg
8483466,Kevin,Korchinski,2004-06-21,True,D,L,73,185,185,84,Saskatoon,CAN,2022,CHI,1,7,7,https://assets.nhle.com/mugs/nhl/20252026/CHI/8483466.png,https://assets.nhle.com/mugs/actionshots/1296x729/8483466.jpg
8483659,Isaac,Poulter,2001-09-12,True,G,L,74,188,174,79,Winnipeg,CAN,NaN,NaN,NaN,NaN,NaN,https://assets.nhle.com/mugs/nhl/20252026/WPG/8483659.png,https://assets.nhle.com/mugs/actionshots/1296x729/8483659.jpg
8482787,Nikita,Chibrikov,2003-02-16,True,R,L,70,178,170,77,Moscow,RUS,2021,WPG,2,18,50,https://assets.nhle.com/mugs/nhl/20252026/WPG/8482787.png,https://assets.nhle.com/mugs/actionshots/1296x729/8482787.jpg
8478017,Mark,Friedman,1995-12-25,False,D,R,71,180,185,84,Toronto,CAN,2014,PHI,3,26,86,https://assets.nhle.com/mugs/nhl/latest/8478017.png,https://assets.nhle.com/mugs/actionshots/1296x729/8478017.jpg
8482166,Shakir,Mukhamadullin,2002-01-10,True,D,L,76,193,200,91,Ufa,RUS,2020,NJD,1,20,20,https://assets.nhle.com/mugs/nhl/20252026/SJS/8482166.png,https://assets.nhle.com/mugs/actionshots/1296x729/8482166.jpg
8475857,Kevin,Gravel,1992-03-06,True,D,L,76,193,205,93,Kingsford,USA,2010,LAK,5,28,148,https://assets.nhle.com/mugs/nhl/20252026/NSH/8475857.png,https://assets.nhle.com/mugs/actionshots/1296x729/8475857.jpg
8483425,Lian,Bichsel,2004-05-18,True,D,L,79,201,231,105,Olten,SUI,2022,DAL,1,18,18,https://assets.nhle.com/mugs/nhl/20252026/DAL/8483425.png,https://assets.nhle.com/mugs/actionshots/1296x729/8483425.jpg
8477463,Steven,Santini,1995-03-07,True,D,R,75,191,214,97,Bronxville,USA,2013,NJD,2,12,42,https://assets.nhle.com/mugs/nhl/20252026/TBL/8477463.png,https://assets.nhle.com/mugs/actionshots/1296x729/8477463.jpg
8483493,Frank,Nazar,2004-01-14,True,C,R,70,178,190,86,Detroit,USA,2022,CHI,1,13,13,https://assets.nhle.com/mugs/nhl/20252026/CHI/8483493.png,https://assets.nhle.com/mugs/actionshots/1296x729/8483493.jpg
8482067,Connor,Mackey,1996-09-12,True,D,L,75,191,205,93,Tower Lakes,USA,NaN,NaN,NaN,NaN,NaN,https://assets.nhle.com/mugs/nhl/20252026/NYR/8482067.png,https://assets.nhle.com/mugs/actionshots/1296x729/8482067.jpg
8475789,Jack,Campbell,1992-01-09,False,G,L,75,191,200,91,Port Huron,USA,2010,DAL,1,11,11,https://assets.nhle.com/mugs/nhl/latest/8475789.png,https://assets.nhle.com/mugs/actionshots/1296x729/8475789.jpg
8476433,Magnus,Hellberg,1991-04-04,False,G,L,78,198,206,93,Uppsala,SWE,2011,NSH,2,8,38,https://assets.nhle.com/mugs/nhl/latest/8476433.png,https://assets.nhle.com/mugs/actionshots/1296x729/8476433.jpg
8482445,Devin,Cooley,1997-05-25,True,G,L,77,196,192,87,Los Gatos,USA,NaN,NaN,NaN,NaN,NaN,https://assets.nhle.com/mugs/nhl/20252026/CGY/8482445.png,https://assets.nhle.com/mugs/actionshots/1296x729/8482445.jpg
8483398,Declan,Carlile,2000-05-18,True,D,L,75,191,192,87,Hartland,USA,NaN,NaN,NaN,NaN,NaN,https://assets.nhle.com/mugs/nhl/20252026/TBL/8483398.png,https://assets.nhle.com/mugs/actionshots/1296x729/8483398.jpg
8479746,Tye,Felhaber,1998-08-05,True,L,L,71,180,185,84,Pembroke,CAN,NaN,NaN,NaN,NaN,NaN,https://assets.nhle.com/mugs/nhl/20252026/COL/8479746.png,https://assets.nhle.com/mugs/actionshots/1296x729/8479746.jpg
8476867,Brendan,Gaunce,1994-03-25,True,C,L,75,191,219,99,Sudbury,CAN,2012,VAN,1,26,26,https://assets.nhle.com/mugs/nhl/20252026/CBJ/8476867.png,https://assets.nhle.com/mugs/actionshots/1296x729/8476867.jpg
8481006,Tyler,Tucker,2000-03-01,True,D,L,73,185,204,93,Thunder Bay,CAN,2018,STL,7,14,200,https://assets.nhle.com/mugs/nhl/20252026/STL/8481006.png,https://assets.nhle.com/mugs/actionshots/1296x729/8481006.jpg
8482744,James,Malatesta,2003-05-31,True,L,L,69,175,193,88,Montréal,CAN,2021,CBJ,5,5,133,https://assets.nhle.com/mugs/nhl/20252026/CBJ/8482744.png,https://assets.nhle.com/mugs/actionshots/1296x729/8482744.jpg
8476858,Phillip,Di Giuseppe,1993-10-09,True,L,L,72,183,193,88,Toronto,CAN,2012,CAR,2,8,38,https://assets.nhle.com/mugs/nhl/20252026/WPG/8476858.png,https://assets.nhle.com/mugs/actionshots/1296x729/8476858.jpg
8479550,Tanner,Laczynski,1997-06-01,True,C,R,73,185,205,93,Minooka,USA,2016,PHI,6,18,169,https://assets.nhle.com/mugs/nhl/20252026/VGK/8479550.png,https://assets.nhle.com/mugs/actionshots/1296x729/8479550.jpg
8481024,Linus,Karlsson,1999-11-16,True,C,R,73,185,178,81,Eksjö,SWE,2018,SJS,3,25,87,https://assets.nhle.com/mugs/nhl/20252026/VAN/8481024.png,https://assets.nhle.com/mugs/actionshots/1296x729/8481024.jpg
8476899,Matt,Murray,1994-05-25,True,G,L,77,196,220,100,Thunder Bay,CAN,2012,PIT,3,22,83,https://assets.nhle.com/mugs/nhl/20252026/SEA/8476899.png,https://assets.nhle.com/mugs/actionshots/1296x729/8476899.jpg
8484976,Jere,Innala,1998-03-17,False,L,L,69,175,183,83,Hauho,FIN,NaN,NaN,NaN,NaN,NaN,https://assets.nhle.com/mugs/nhl/latest/8484976.png,https://assets.nhle.com/mugs/actionshots/1296x729/8484976.jpg
8478021,William,Lagesson,1996-02-22,True,D,L,74,188,211,96,Gothenburg,SWE,2014,EDM,4,1,91,https://assets.nhle.com/mugs/nhl/20252026/DET/8478021.png,https://assets.nhle.com/mugs/actionshots/1296x729/8478021.jpg
8480245,Olle,Lycksell,1999-08-24,True,R,L,70,178,163,74,Oskarshamn,SWE,2017,PHI,6,13,168,https://assets.nhle.com/mugs/nhl/20252026/OTT/8480245.png,https://assets.nhle.com/mugs/actionshots/1296x729/8480245.jpg
8479335,Rasmus,Asplund,1997-12-03,False,C,L,71,180,190,86,Filipstad,SWE,2016,BUF,2,3,33,https://assets.nhle.com/mugs/nhl/latest/8479335.png,https://assets.nhle.com/mugs/actionshots/1296x729/8479335.jpg
8477541,Dakota,Mermis,1994-01-05,True,D,L,72,183,197,89,Alton,USA,NaN,NaN,NaN,NaN,NaN,https://assets.nhle.com/mugs/nhl/20252026/TOR/8477541.png,https://assets.nhle.com/mugs/actionshots/1296x729/8477541.jpg
8483485,Denton,Mateychuk,2004-07-12,True,D,L,71,180,185,84,Winnipeg,CAN,2022,CBJ,1,12,12,https://assets.nhle.com/mugs/nhl/20252026/CBJ/8483485.png,https://assets.nhle.com/mugs/actionshots/1296x729/8483485.jpg
8482487,Jakub,Dobes,2001-05-27,True,G,L,76,193,215,98,Ostrava,CZE,2020,MTL,5,12,136,https://assets.nhle.com/mugs/nhl/20252026/MTL/8482487.png,https://assets.nhle.com/mugs/actionshots/1296x729/8482487.jpg
8482477,Calle,Clang,2002-05-20,True,G,L,74,188,195,88,Olofstrom,SWE,2020,PIT,3,15,77,https://assets.nhle.com/mugs/nhl/20252026/ANA/8482477.png,https://assets.nhle.com/mugs/actionshots/1296x729/8482477.jpg
8482763,Fabian,Lysell,2003-01-19,True,R,R,71,180,181,82,Gothenburg,SWE,2021,BOS,1,21,21,https://assets.nhle.com/mugs/nhl/20252026/BOS/8482763.png,https://assets.nhle.com/mugs/actionshots/1296x729/8482763.jpg
8484829,Justin,Hryckowian,2001-02-23,True,C,L,71,180,195,88,L'Ile-Bizard,CAN,NaN,NaN,NaN,NaN,NaN,https://assets.nhle.com/mugs/nhl/20252026/DAL/8484829.png,https://assets.nhle.com/mugs/actionshots/1296x729/8484829.jpg
8479594,Nathan,Clurman,1998-05-08,True,D,R,74,188,193,88,Boulder,USA,2016,COL,6,10,161,https://assets.nhle.com/mugs/nhl/20252026/MTL/8479594.png,https://assets.nhle.com/mugs/actionshots/1296x729/8479594.jpg
8484321,Nikolas,Matinpalo,1998-10-05,True,D,R,75,191,211,96,Espoo,FIN,NaN,NaN,NaN,NaN,NaN,https://assets.nhle.com/mugs/nhl/20252026/OTT/8484321.png,https://assets.nhle.com/mugs/actionshots/1296x729/8484321.jpg
8476994,Vinnie,Hinostroza,1994-04-03,True,C,R,70,178,183,83,Chicago,USA,2012,CHI,6,18,169,https://assets.nhle.com/mugs/nhl/20252026/MIN/8476994.png,https://assets.nhle.com/mugs/actionshots/1296x729/8476994.jpg
8475839,Louis,Domingue,1992-03-06,False,G,R,75,191,207,94,St-Hyacinthe,CAN,2010,PHX,5,18,138,https://assets.nhle.com/mugs/nhl/latest/8475839.png,https://assets.nhle.com/mugs/actionshots/1296x729/8475839.jpg
8484938,Arttu,Hyry,2001-04-06,True,R,R,75,191,214,97,Oulu,FIN,NaN,NaN,NaN,NaN,NaN,https://assets.nhle.com/mugs/nhl/20252026/DAL/8484938.png,https://assets.nhle.com/mugs/actionshots/1296x729/8484938.jpg
8482712,Oskar,Olausson,2002-11-10,True,R,L,73,185,180,82,Stockholm,SWE,2021,COL,1,28,28,https://assets.nhle.com/mugs/nhl/20252026/SJS/8482712.png,https://assets.nhle.com/mugs/actionshots/1296x729/8482712.jpg
8478465,Guillaume,Brisebois,1997-07-21,True,D,L,74,188,175,79,Longueuil,CAN,2015,VAN,3,5,66,https://assets.nhle.com/mugs/nhl/20252026/VAN/8478465.png,https://assets.nhle.com/mugs/actionshots/1296x729/8478465.jpg
8471709,Marc-Edouard,Vlasic,1987-03-30,False,D,L,73,185,205,93,Montréal,CAN,2005,SJS,2,5,35,https://assets.nhle.com/mugs/nhl/latest/8471709.png,https://assets.nhle.com/mugs/actionshots/1296x729/8471709.jpg
8484911,Collin,Graf,2002-09-21,True,R,R,73,185,194,88,Lincoln,USA,NaN,NaN,NaN,NaN,NaN,https://assets.nhle.com/mugs/nhl/20252026/SJS/8484911.png,https://assets.nhle.com/mugs/actionshots/1296x729/8484911.jpg
8482703,Colton,Dach,2003-01-04,True,C,L,76,193,196,89,St. Albert,CAN,2021,CHI,2,30,62,https://assets.nhle.com/mugs/nhl/20252026/CHI/8482703.png,https://assets.nhle.com/mugs/actionshots/1296x729/8482703.jpg
8481056,Spencer,Stastney,2000-01-04,True,D,L,72,183,184,83,Woodridge,USA,2018,NSH,5,7,131,https://assets.nhle.com/mugs/nhl/20252026/NSH/8481056.png,https://assets.nhle.com/mugs/actionshots/1296x729/8481056.jpg
8482103,Ozzy,Wiesblatt,2002-03-09,True,R,R,70,178,183,83,Calgary,CAN,2020,SJS,1,31,31,https://assets.nhle.com/mugs/nhl/20252026/NSH/8482103.png,https://assets.nhle.com/mugs/actionshots/1296x729/8482103.jpg
8481754,Nikita,Nesterenko,2001-09-10,True,C,L,74,188,195,88,Brooklyn,USA,2019,MIN,6,17,172,https://assets.nhle.com/mugs/nhl/20252026/ANA/8481754.png,https://assets.nhle.com/mugs/actionshots/1296x729/8481754.jpg
8481600,Tobias,Bjornfot,2001-04-06,True,D,L,72,183,200,91,Upplands Vasby,SWE,2019,LAK,1,22,22,https://assets.nhle.com/mugs/nhl/20252026/FLA/8481600.png,https://assets.nhle.com/mugs/actionshots/1296x729/8481600.jpg
8480890,Jan,Jenik,2000-09-15,True,C,L,74,188,199,90,Nymburk,CZE,2018,ARI,3,3,65,https://assets.nhle.com/mugs/nhl/20252026/OTT/8480890.png,https://assets.nhle.com/mugs/actionshots/1296x729/8480890.jpg
8474563,Drew,Doughty,1989-12-08,True,D,R,73,185,210,95,London,CAN,2008,LAK,1,2,2,https://assets.nhle.com/mugs/nhl/20252026/LAK/8474563.png,https://assets.nhle.com/mugs/actionshots/1296x729/8474563.jpg
8478211,Dryden,Hunt,1995-11-24,True,L,L,72,183,193,88,Cranbrook,CAN,NaN,NaN,NaN,NaN,NaN,https://assets.nhle.com/mugs/nhl/20252026/CGY/8478211.png,https://assets.nhle.com/mugs/actionshots/1296x729/8478211.jpg
8482408,Jeff,Malott,1996-08-07,True,L,L,77,196,208,94,Burlington,CAN,NaN,NaN,NaN,NaN,NaN,https://assets.nhle.com/mugs/nhl/20252026/LAK/8482408.png,https://assets.nhle.com/mugs/actionshots/1296x729/8482408.jpg
8483406,Taylor,Ward,1998-03-31,True,R,R,74,188,207,94,Kelowna,CAN,NaN,NaN,NaN,NaN,NaN,https://assets.nhle.com/mugs/nhl/20252026/LAK/8483406.png,https://assets.nhle.com/mugs/actionshots/1296x729/8483406.jpg
8484150,Hunter,Brzustewicz,2004-11-29,True,D,R,72,183,190,86,Washington,USA,2023,VAN,3,11,75,https://assets.nhle.com/mugs/nhl/20252026/CGY/8484150.png,https://assets.nhle.com/mugs/actionshots/1296x729/8484150.jpg
8484234,Aydar,Suniev,2004-11-16,True,L,L,74,188,198,90,Kazan,RUS,2023,CGY,3,16,80,https://assets.nhle.com/mugs/nhl/20252026/CGY/8484234.png,https://assets.nhle.com/mugs/actionshots/1296x729/8484234.jpg
8484768,Zayne,Parekh,2006-02-15,True,D,R,72,183,179,81,Markham,CAN,2024,CGY,1,9,9,https://assets.nhle.com/mugs/nhl/20252026/CGY/8484768.png,https://assets.nhle.com/mugs/actionshots/1296x729/8484768.jpg
8484821,Sam,Morton,1999-07-28,True,C,L,72,183,185,84,Lafayette,USA,NaN,NaN,NaN,NaN,NaN,https://assets.nhle.com/mugs/nhl/20252026/CGY/8484821.png,https://assets.nhle.com/mugs/actionshots/1296x729/8484821.jpg
8481560,Arthur,Kaliyev,2001-06-26,True,R,L,74,188,210,95,Tashkent,UZB,2019,LAK,2,2,33,https://assets.nhle.com/mugs/nhl/20252026/OTT/8481560.png,https://assets.nhle.com/mugs/actionshots/1296x729/8481560.jpg
8483432,Luca,Del Bel Belluz,2003-11-10,True,C,L,73,185,185,84,Woodbridge,CAN,2022,CBJ,2,12,44,https://assets.nhle.com/mugs/nhl/20252026/CBJ/8483432.png,https://assets.nhle.com/mugs/actionshots/1296x729/8483432.jpg
8483538,Owen,Sillinger,1997-09-23,True,C,L,70,178,182,83,Regina,CAN,NaN,NaN,NaN,NaN,NaN,https://assets.nhle.com/mugs/nhl/20252026/CBJ/8483538.png,https://assets.nhle.com/mugs/actionshots/1296x729/8483538.jpg
8483573,Ethen,Frank,1998-02-05,True,C,R,71,180,188,85,Aurora,USA,NaN,NaN,NaN,NaN,NaN,https://assets.nhle.com/mugs/nhl/20252026/WSH/8483573.png,https://assets.nhle.com/mugs/actionshots/1296x729/8483573.jpg
8480084,Nick,DeSimone,1994-11-21,True,D,R,74,188,194,88,East Amherst,USA,NaN,NaN,NaN,NaN,NaN,https://assets.nhle.com/mugs/nhl/20252026/UTA/8480084.png,https://assets.nhle.com/mugs/actionshots/1296x729/8480084.jpg
8478146,Matthew,Highmore,1996-02-27,True,C,L,71,180,186,84,Halifax,CAN,NaN,NaN,NaN,NaN,NaN,https://assets.nhle.com/mugs/nhl/20252026/NYI/8478146.png,https://assets.nhle.com/mugs/actionshots/1296x729/8478146.jpg
8476952,Dominic,Toninato,1994-03-09,True,C,L,74,188,201,91,Duluth,USA,2012,TOR,5,5,126,https://assets.nhle.com/mugs/nhl/20252026/CHI/8476952.png,https://assets.nhle.com/mugs/actionshots/1296x729/8476952.jpg
8482411,Hunter,Shepard,1995-11-07,True,G,L,72,183,215,98,Cohasset,USA,NaN,NaN,NaN,NaN,NaN,https://assets.nhle.com/mugs/nhl/20252026/OTT/8482411.png,https://assets.nhle.com/mugs/actionshots/1296x729/8482411.jpg
8480819,Jakub,Skarek,1999-11-10,True,G,L,76,193,211,96,Jihlava,CZE,2018,NYI,3,10,72,https://assets.nhle.com/mugs/nhl/20252026/SJS/8480819.png,https://assets.nhle.com/mugs/actionshots/1296x729/8480819.jpg
8482209,Rory,Kerins,2002-04-12,True,C,L,70,178,175,79,Caledon,CAN,2020,CGY,6,19,174,https://assets.nhle.com/mugs/nhl/20252026/CGY/8482209.png,https://assets.nhle.com/mugs/actionshots/1296x729/8482209.jpg
8479968,Vinni,Lettieri,1995-02-06,True,C,R,70,178,184,83,Excelsior,USA,NaN,NaN,NaN,NaN,NaN,https://assets.nhle.com/mugs/nhl/20252026/TOR/8479968.png,https://assets.nhle.com/mugs/actionshots/1296x729/8479968.jpg
8480828,Michael,Callahan,1999-09-23,True,D,L,74,188,199,90,Franklin,USA,2018,ARI,5,18,142,https://assets.nhle.com/mugs/nhl/20252026/BOS/8480828.png,https://assets.nhle.com/mugs/actionshots/1296x729/8480828.jpg
8482090,Jack,Finley,2002-09-02,True,C,R,78,198,220,100,St. Louis,USA,2020,TBL,2,26,57,https://assets.nhle.com/mugs/nhl/20252026/TBL/8482090.png,https://assets.nhle.com/mugs/actionshots/1296x729/8482090.jpg
8483553,Marc,Gatcomb,1999-07-22,True,C,R,74,188,195,88,Woburn,USA,NaN,NaN,NaN,NaN,NaN,https://assets.nhle.com/mugs/nhl/20252026/NYI/8483553.png,https://assets.nhle.com/mugs/actionshots/1296x729/8483553.jpg
8484255,Jason,Polin,1999-06-17,True,R,R,72,183,198,90,Holt,USA,NaN,NaN,NaN,NaN,NaN,https://assets.nhle.com/mugs/nhl/20252026/COL/8484255.png,https://assets.nhle.com/mugs/actionshots/1296x729/8484255.jpg
8478507,John,Marino,1997-05-21,True,D,R,73,185,200,91,North Easton,USA,2015,EDM,6,3,154,https://assets.nhle.com/mugs/nhl/20252026/UTA/8478507.png,https://assets.nhle.com/mugs/actionshots/1296x729/8478507.jpg
8482131,Donovan,Sebrango,2002-01-12,True,D,L,74,188,221,100,Ottawa,CAN,2020,DET,3,1,63,https://assets.nhle.com/mugs/nhl/20252026/OTT/8482131.png,https://assets.nhle.com/mugs/actionshots/1296x729/8482131.jpg
8483531,Brian,Halonen,1999-01-11,True,L,R,72,183,207,94,Delano,USA,NaN,NaN,NaN,NaN,NaN,https://assets.nhle.com/mugs/nhl/20252026/NJD/8483531.png,https://assets.nhle.com/mugs/actionshots/1296x729/8483531.jpg
8481719,Max,Crozier,2000-04-19,True,D,R,75,191,198,90,Calgary,CAN,2019,TBL,4,27,120,https://assets.nhle.com/mugs/nhl/20252026/TBL/8481719.png,https://assets.nhle.com/mugs/actionshots/1296x729/8481719.jpg
8480263,Dylan,Ferguson,1998-09-20,False,G,L,74,188,194,88,Lantzville,CAN,2017,DAL,7,8,194,https://assets.nhle.com/mugs/nhl/latest/8480263.png,https://assets.nhle.com/mugs/actionshots/1296x729/8480263.jpg
8483424,Owen,Beck,2004-02-03,True,C,R,72,183,199,90,Port Hope,CAN,2022,MTL,2,1,33,https://assets.nhle.com/mugs/nhl/20252026/MTL/8483424.png,https://assets.nhle.com/mugs/actionshots/1296x729/8483424.jpg
8479022,Rodrigo,Abols,1996-01-05,True,C,L,76,193,206,93,Riga,LAT,2016,VAN,7,3,184,https://assets.nhle.com/mugs/nhl/20252026/PHI/8479022.png,https://assets.nhle.com/mugs/actionshots/1296x729/8479022.jpg
8481725,Elmer,Soderblom,2001-07-05,True,L,L,80,203,246,112,Gothenburg,SWE,2019,DET,6,4,159,https://assets.nhle.com/mugs/nhl/20252026/DET/8481725.png,https://assets.nhle.com/mugs/actionshots/1296x729/8481725.jpg
8480022,Michael,DiPietro,1999-06-09,True,G,L,73,185,207,94,Windsor,CAN,2017,VAN,3,2,64,https://assets.nhle.com/mugs/nhl/20252026/BOS/8480022.png,https://assets.nhle.com/mugs/actionshots/1296x729/8480022.jpg
8478056,Clark,Bishop,1996-03-29,True,C,L,73,185,197,89,St. John's,CAN,2014,CAR,5,7,127,https://assets.nhle.com/mugs/nhl/20252026/CGY/8478056.png,https://assets.nhle.com/mugs/actionshots/1296x729/8478056.jpg
8482807,Ethan,Del Mastro,2003-01-15,True,D,L,76,193,210,95,Burlington,CAN,2021,CHI,4,9,105,https://assets.nhle.com/mugs/nhl/20252026/CHI/8482807.png,https://assets.nhle.com/mugs/actionshots/1296x729/8482807.jpg
8478147,Bokondji,Imama,1996-08-03,True,L,L,73,185,221,100,Montréal,CAN,2015,TBL,6,29,180,https://assets.nhle.com/mugs/nhl/20252026/PIT/8478147.png,https://assets.nhle.com/mugs/actionshots/1296x729/8478147.jpg
8484901,Jacob,Quillan,2002-02-02,True,C,L,73,185,204,93,Dartmouth,CAN,NaN,NaN,NaN,NaN,NaN,https://assets.nhle.com/mugs/nhl/20252026/TOR/8484901.png,https://assets.nhle.com/mugs/actionshots/1296x729/8484901.jpg
8477950,Tony,DeAngelo,1995-10-24,True,D,R,71,180,180,82,Sewell,USA,2014,TBL,1,19,19,https://assets.nhle.com/mugs/nhl/20252026/NYI/8477950.png,https://assets.nhle.com/mugs/actionshots/1296x729/8477950.jpg
8483678,Elias,Pettersson,2004-02-16,True,D,L,74,188,185,84,Vasteras,SWE,2022,VAN,3,15,80,https://assets.nhle.com/mugs/nhl/20252026/VAN/8483678.png,https://assets.nhle.com/mugs/actionshots/1296x729/8483678.jpg
8477149,Scott,Sabourin,1992-07-30,True,R,R,76,193,207,94,Orleans,CAN,NaN,NaN,NaN,NaN,NaN,https://assets.nhle.com/mugs/nhl/20252026/TBL/8477149.png,https://assets.nhle.com/mugs/actionshots/1296x729/8477149.jpg
8479942,Dominik,Shine,1993-04-18,True,R,R,71,180,180,82,Pinckney,USA,NaN,NaN,NaN,NaN,NaN,https://assets.nhle.com/mugs/nhl/20252026/DET/8479942.png,https://assets.nhle.com/mugs/actionshots/1296x729/8479942.jpg
8484620,Tyler,Palmer,2003-06-27,False,G,L,71,180,189,86,Fernie,CAN,NaN,NaN,NaN,NaN,NaN,https://assets.nhle.com/mugs/nhl/latest/8484620.png,https://assets.nhle.com/mugs/actionshots/1296x729/8484620.jpg
8478400,Colin,White,1997-01-30,True,C,R,73,185,195,88,Boston,USA,2015,OTT,1,21,21,https://assets.nhle.com/mugs/nhl/20252026/SJS/8478400.png,https://assets.nhle.com/mugs/actionshots/1296x729/8478400.jpg
8482172,Landon,Slaggert,2002-06-25,True,L,L,72,183,180,82,South Bend,USA,2020,CHI,3,17,79,https://assets.nhle.com/mugs/nhl/20252026/CHI/8482172.png,https://assets.nhle.com/mugs/actionshots/1296x729/8482172.jpg
8479388,Riley,Stillman,1998-03-09,True,D,L,74,188,207,94,Peterborough,CAN,2016,FLA,4,23,114,https://assets.nhle.com/mugs/nhl/20252026/EDM/8479388.png,https://assets.nhle.com/mugs/actionshots/1296x729/8479388.jpg
8481534,Raphael,Lavoie,2000-09-25,True,C,R,76,193,215,98,Chambly,CAN,2019,EDM,2,7,38,https://assets.nhle.com/mugs/nhl/20252026/VGK/8481534.png,https://assets.nhle.com/mugs/actionshots/1296x729/8481534.jpg
8484135,Parker,Ford,2000-07-20,True,C,R,69,175,181,82,Wakefield,USA,NaN,NaN,NaN,NaN,NaN,https://assets.nhle.com/mugs/nhl/20252026/WPG/8484135.png,https://assets.nhle.com/mugs/actionshots/1296x729/8484135.jpg
8481093,Rafael,Harvey-Pinard,1999-01-06,True,L,L,69,175,181,82,Saguenay,CAN,2019,MTL,7,15,201,https://assets.nhle.com/mugs/nhl/20252026/PIT/8481093.png,https://assets.nhle.com/mugs/actionshots/1296x729/8481093.jpg
8480874,Adam,Ginning,2000-01-13,True,D,L,75,191,196,89,Linkoping,SWE,2018,PHI,2,19,50,https://assets.nhle.com/mugs/nhl/20252026/PHI/8480874.png,https://assets.nhle.com/mugs/actionshots/1296x729/8480874.jpg
8481576,Ryan,Suzuki,2001-05-28,True,C,L,73,185,196,89,London,CAN,2019,CAR,1,28,28,https://assets.nhle.com/mugs/nhl/20252026/CAR/8481576.png,https://assets.nhle.com/mugs/actionshots/1296x729/8481576.jpg
8475906,John,Klingberg,1992-08-14,True,D,R,74,188,185,84,Gothenburg,SWE,2010,DAL,5,11,131,https://assets.nhle.com/mugs/nhl/20252026/SJS/8475906.png,https://assets.nhle.com/mugs/actionshots/1296x729/8475906.jpg
8478476,Kyle,Capobianco,1997-08-13,True,D,L,75,191,198,90,Mississauga,CAN,2015,ARI,3,2,63,https://assets.nhle.com/mugs/nhl/20252026/DAL/8478476.png,https://assets.nhle.com/mugs/actionshots/1296x729/8478476.jpg
8482076,Nico,Daws,2000-12-22,True,G,L,76,193,205,93,Munich,GER,2020,NJD,3,22,84,https://assets.nhle.com/mugs/nhl/20252026/NJD/8482076.png,https://assets.nhle.com/mugs/actionshots/1296x729/8482076.jpg
8481848,Jacob,Gaucher,2001-03-09,True,C,R,75,191,185,84,Longueuil,CAN,NaN,NaN,NaN,NaN,NaN,https://assets.nhle.com/mugs/nhl/20252026/PHI/8481848.png,https://assets.nhle.com/mugs/actionshots/1296x729/8481848.jpg
8478433,Felix,Sandstrom,1997-01-12,False,G,L,74,188,211,96,Gavle,SWE,2015,PHI,3,9,70,https://assets.nhle.com/mugs/nhl/latest/8478433.png,https://assets.nhle.com/mugs/actionshots/1296x729/8478433.jpg
8477990,Brandon,Halverson,1996-03-29,True,G,L,77,196,235,107,Traverse City,USA,2014,NYR,2,29,59,https://assets.nhle.com/mugs/nhl/20252026/TBL/8477990.png,https://assets.nhle.com/mugs/actionshots/1296x729/8477990.jpg
8482666,Scott,Morrow,2002-11-01,True,D,R,74,188,210,95,Darien,USA,2021,CAR,2,8,40,https://assets.nhle.com/mugs/nhl/20252026/NYR/8482666.png,https://assets.nhle.com/mugs/actionshots/1296x729/8482666.jpg
8479249,Andrew,Poturalski,1994-01-14,False,C,R,70,178,187,85,Williamsville,USA,NaN,NaN,NaN,NaN,NaN,https://assets.nhle.com/mugs/nhl/latest/8479249.png,https://assets.nhle.com/mugs/actionshots/1296x729/8479249.jpg
8480205,Emil,Bemstrom,1999-06-01,False,C,R,72,183,190,86,Nykoping,SWE,2017,CBJ,4,24,117,https://assets.nhle.com/mugs/nhl/latest/8480205.png,https://assets.nhle.com/mugs/actionshots/1296x729/8480205.jpg
8483465,Joakim,Kemell,2004-04-27,True,R,R,71,180,182,83,Jyvaskyla,FIN,2022,NSH,1,17,17,https://assets.nhle.com/mugs/nhl/20252026/NSH/8483465.png,https://assets.nhle.com/mugs/actionshots/1296x729/8483465.jpg
8482663,Dylan,Duke,2003-03-04,True,L,L,70,178,177,80,Strongsville,USA,2021,TBL,4,30,126,https://assets.nhle.com/mugs/nhl/20252026/TBL/8482663.png,https://assets.nhle.com/mugs/actionshots/1296x729/8482663.jpg
8482470,Ilya,Solovyov,2000-07-20,True,D,L,75,191,208,94,Mogilev,BLR,2020,CGY,7,19,205,https://assets.nhle.com/mugs/nhl/20252026/CGY/8482470.png,https://assets.nhle.com/mugs/actionshots/1296x729/8482470.jpg
8483512,Matt,Savoie,2004-01-01,True,C,R,69,175,179,81,St. Albert,CAN,2022,BUF,1,9,9,https://assets.nhle.com/mugs/nhl/20252026/EDM/8483512.png,https://assets.nhle.com/mugs/actionshots/1296x729/8483512.jpg
8476425,Joseph,LaBate,1993-04-16,True,C,L,77,196,225,102,Burnsville,USA,2011,VAN,4,10,101,https://assets.nhle.com/mugs/nhl/20252026/VAN/8476425.png,https://assets.nhle.com/mugs/actionshots/1296x729/8476425.jpg
8476432,Boone,Jenner,1993-06-15,True,C,L,74,188,203,92,Dorchester,CAN,2011,CBJ,2,7,37,https://assets.nhle.com/mugs/nhl/20252026/CBJ/8476432.png,https://assets.nhle.com/mugs/actionshots/1296x729/8476432.jpg
8476861,Oscar,Dansk,1994-02-28,False,G,L,75,191,204,93,Stockholm,SWE,2012,CBJ,2,1,31,https://assets.nhle.com/mugs/nhl/latest/8476861.png,https://assets.nhle.com/mugs/actionshots/1296x729/8476861.jpg
8482747,Brennan,Othmann,2003-01-05,True,L,L,72,183,192,87,Pickering,CAN,2021,NYR,1,16,16,https://assets.nhle.com/mugs/nhl/20252026/NYR/8482747.png,https://assets.nhle.com/mugs/actionshots/1296x729/8482747.jpg
8483668,Nikke,Kokko,2004-03-14,True,G,L,75,191,184,83,Oulu,FIN,2022,SEA,2,26,58,https://assets.nhle.com/mugs/nhl/20252026/SEA/8483668.png,https://assets.nhle.com/mugs/actionshots/1296x729/8483668.jpg
8479356,Kieffer,Bellows,1998-06-10,False,L,L,73,185,195,88,Edina,USA,2016,NYI,1,19,19,https://assets.nhle.com/mugs/nhl/latest/8479356.png,https://assets.nhle.com/mugs/actionshots/1296x729/8479356.jpg
8482088,Justin,Sourdif,2002-03-24,True,R,R,71,180,181,82,Richmond,CAN,2020,FLA,3,25,87,https://assets.nhle.com/mugs/nhl/20252026/WSH/8482088.png,https://assets.nhle.com/mugs/actionshots/1296x729/8482088.jpg
8481065,Angus,Crookshank,1999-10-02,True,L,L,70,178,183,83,North Vancouver,CAN,2018,OTT,5,2,126,https://assets.nhle.com/mugs/nhl/20252026/NJD/8481065.png,https://assets.nhle.com/mugs/actionshots/1296x729/8481065.jpg
8481422,Jake,Lucchini,1995-05-09,True,C,L,72,183,180,82,Trail,CAN,NaN,NaN,NaN,NaN,NaN,https://assets.nhle.com/mugs/nhl/20252026/NSH/8481422.png,https://assets.nhle.com/mugs/actionshots/1296x729/8481422.jpg
8480070,Ian,Mitchell,1999-01-18,True,D,R,72,183,192,87,St. Albert,CAN,2017,CHI,2,26,57,https://assets.nhle.com/mugs/nhl/20252026/DET/8480070.png,https://assets.nhle.com/mugs/actionshots/1296x729/8480070.jpg
8475714,Calle,Jarnkrok,1991-09-25,True,C,R,72,183,191,87,Gavle,SWE,2010,DET,2,21,51,https://assets.nhle.com/mugs/nhl/20252026/TOR/8475714.png,https://assets.nhle.com/mugs/actionshots/1296x729/8475714.jpg
8482802,Carter,Mazur,2002-03-28,True,L,R,72,183,170,77,Jackson,USA,2021,DET,3,6,70,https://assets.nhle.com/mugs/nhl/20252026/DET/8482802.png,https://assets.nhle.com/mugs/actionshots/1296x729/8482802.jpg
8482874,Jacob,Melanson,2003-04-22,True,R,R,72,183,207,94,Halifax,CAN,2021,SEA,5,3,131,https://assets.nhle.com/mugs/nhl/20252026/SEA/8482874.png,https://assets.nhle.com/mugs/actionshots/1296x729/8482874.jpg
8479341,Cam,Dineen,1998-06-19,True,D,L,71,180,188,85,Toms River,USA,2016,ARI,3,7,68,https://assets.nhle.com/mugs/nhl/20252026/EDM/8479341.png,https://assets.nhle.com/mugs/actionshots/1296x729/8479341.jpg
8481486,Jimmy,Schuldt,1995-05-11,True,D,L,73,185,203,92,Minnetonka,USA,NaN,NaN,NaN,NaN,NaN,https://assets.nhle.com/mugs/nhl/20252026/VAN/8481486.png,https://assets.nhle.com/mugs/actionshots/1296x729/8481486.jpg
8484312,Georgi,Romanov,1999-12-15,False,G,L,77,196,207,94,Yekaterinburg,RUS,NaN,NaN,NaN,NaN,NaN,https://assets.nhle.com/mugs/nhl/latest/8484312.png,https://assets.nhle.com/mugs/actionshots/1296x729/8484312.jpg
8482623,Josh,Dunne,1998-12-08,True,C,L,76,193,211,96,O'Fallon,USA,NaN,NaN,NaN,NaN,NaN,https://assets.nhle.com/mugs/nhl/20252026/BUF/8482623.png,https://assets.nhle.com/mugs/actionshots/1296x729/8482623.jpg
8484783,Artyom,Levshunov,2005-10-28,True,D,R,74,188,208,94,Zhlobin,BLR,2024,CHI,1,2,2,https://assets.nhle.com/mugs/nhl/20252026/CHI/8484783.png,https://assets.nhle.com/mugs/actionshots/1296x729/8484783.jpg
8483497,Jani,Nyman,2004-07-30,True,R,L,74,188,212,96,Valkeakoski,FIN,2022,SEA,2,17,49,https://assets.nhle.com/mugs/nhl/20252026/SEA/8483497.png,https://assets.nhle.com/mugs/actionshots/1296x729/8483497.jpg
8479419,Brett,Murray,1998-07-20,False,L,L,77,196,228,103,Bolton,CAN,2016,BUF,4,8,99,https://assets.nhle.com/mugs/nhl/latest/8479419.png,https://assets.nhle.com/mugs/actionshots/1296x729/8479419.jpg
8479533,Joona,Koppanen,1998-02-25,True,L,L,77,196,215,98,Tampere,FIN,2016,BOS,5,14,135,https://assets.nhle.com/mugs/nhl/20252026/PIT/8479533.png,https://assets.nhle.com/mugs/actionshots/1296x729/8479533.jpg
8484152,Luca,Cagnoni,2004-12-21,True,D,L,69,175,180,82,Burnaby,CAN,2023,SJS,4,27,123,https://assets.nhle.com/mugs/nhl/20252026/SJS/8484152.png,https://assets.nhle.com/mugs/actionshots/1296x729/8484152.jpg
8479523,Lucas,Carlsson,1997-07-05,True,D,L,72,183,190,86,Gavle,SWE,2016,CHI,4,19,110,https://assets.nhle.com/mugs/nhl/20252026/SJS/8479523.png,https://assets.nhle.com/mugs/actionshots/1296x729/8479523.jpg
8484164,Dalibor,Dvorsky,2005-06-15,True,R,L,73,185,201,91,Zvolen,SVK,2023,STL,1,10,10,https://assets.nhle.com/mugs/nhl/20252026/STL/8484164.png,https://assets.nhle.com/mugs/actionshots/1296x729/8484164.jpg
8480885,Olivier,Rodrigue,2000-07-06,False,G,L,73,185,158,72,Chicoutimi,CAN,2018,EDM,2,31,62,https://assets.nhle.com/mugs/nhl/latest/8480885.png,https://assets.nhle.com/mugs/actionshots/1296x729/8480885.jpg
8483481,Cam,Lund,2004-06-07,True,C,R,74,188,195,88,Bridgewater,USA,2022,SJS,2,2,34,https://assets.nhle.com/mugs/nhl/20252026/SJS/8483481.png,https://assets.nhle.com/mugs/actionshots/1296x729/8483481.jpg
8480191,Matt,Villalta,1999-06-03,True,G,L,75,191,190,86,Kingston,CAN,2017,LAK,3,10,72,https://assets.nhle.com/mugs/nhl/20252026/UTA/8480191.png,https://assets.nhle.com/mugs/actionshots/1296x729/8480191.jpg
8483506,Sam,Rinzel,2004-06-25,True,D,R,76,193,177,80,Chanhassen,USA,2022,CHI,1,25,25,https://assets.nhle.com/mugs/nhl/20252026/CHI/8483506.png,https://assets.nhle.com/mugs/actionshots/1296x729/8483506.jpg
8484197,Oliver,Moore,2005-01-22,True,C,L,71,180,188,85,Mounds View,USA,2023,CHI,1,19,19,https://assets.nhle.com/mugs/nhl/20252026/CHI/8484197.png,https://assets.nhle.com/mugs/actionshots/1296x729/8484197.jpg
8482758,Ville,Koivunen,2003-06-13,True,R,L,71,180,161,73,Oulu,FIN,2021,CAR,2,19,51,https://assets.nhle.com/mugs/nhl/20252026/PIT/8482758.png,https://assets.nhle.com/mugs/actionshots/1296x729/8482758.jpg
8484186,Ryan,Leonard,2005-01-21,True,R,R,72,183,192,87,Northampton,USA,2023,WSH,1,8,8,https://assets.nhle.com/mugs/nhl/20252026/WSH/8484186.png,https://assets.nhle.com/mugs/actionshots/1296x729/8484186.jpg
8483516,Jimmy,Snuggerud,2004-06-01,True,R,R,73,185,186,84,Minneapolis,USA,2022,STL,1,23,23,https://assets.nhle.com/mugs/nhl/20252026/STL/8483516.png,https://assets.nhle.com/mugs/actionshots/1296x729/8483516.jpg
8484210,Gabe,Perreault,2005-05-07,True,R,L,71,180,180,82,Sherbrooke,CAN,2023,NYR,1,23,23,https://assets.nhle.com/mugs/nhl/20252026/NYR/8484210.png,https://assets.nhle.com/mugs/actionshots/1296x729/8484210.jpg
8477034,Jaycob,Megna,1992-12-10,True,D,L,78,198,214,97,Plantation,USA,2012,ANA,7,29,210,https://assets.nhle.com/mugs/nhl/20252026/VGK/8477034.png,https://assets.nhle.com/mugs/actionshots/1296x729/8477034.jpg
8479994,Jaret,Anderson-Dolan,1999-09-12,True,C,L,71,180,200,91,Calgary,CAN,2017,LAK,2,10,41,https://assets.nhle.com/mugs/nhl/20252026/WPG/8479994.png,https://assets.nhle.com/mugs/actionshots/1296x729/8479994.jpg
8484887,Gabriel,Carriere,2000-11-05,True,G,L,74,188,185,84,Ottawa,CAN,NaN,NaN,NaN,NaN,NaN,https://assets.nhle.com/mugs/nhl/20252026/SJS/8484887.png,https://assets.nhle.com/mugs/actionshots/1296x729/8484887.jpg
8482785,Justin,Robidas,2003-03-13,True,C,R,68,173,176,80,Plano,USA,2021,CAR,5,19,147,https://assets.nhle.com/mugs/nhl/20252026/CAR/8482785.png,https://assets.nhle.com/mugs/actionshots/1296x729/8482785.jpg
8483500,Noah,Ostlund,2004-03-11,True,C,L,71,180,175,79,Stockholm,SWE,2022,BUF,1,16,16,https://assets.nhle.com/mugs/nhl/20252026/BUF/8483500.png,https://assets.nhle.com/mugs/actionshots/1296x729/8483500.jpg
8485483,Karsen,Dorwart,2002-09-17,True,L,L,73,185,194,88,Sherwood,USA,NaN,NaN,NaN,NaN,NaN,https://assets.nhle.com/mugs/nhl/20252026/PHI/8485483.png,https://assets.nhle.com/mugs/actionshots/1296x729/8485483.jpg
8482641,Matt,Kiersted,1998-04-14,True,D,L,72,183,182,83,Elk River,USA,NaN,NaN,NaN,NaN,NaN,https://assets.nhle.com/mugs/nhl/20252026/MIN/8482641.png,https://assets.nhle.com/mugs/actionshots/1296x729/8482641.jpg
8484241,Matthew,Wood,2005-02-06,True,R,R,76,193,202,92,Nanaimo,CAN,2023,NSH,1,15,15,https://assets.nhle.com/mugs/nhl/20252026/NSH/8484241.png,https://assets.nhle.com/mugs/actionshots/1296x729/8484241.jpg
8484910,Victor,Ostman,2000-10-03,True,G,L,76,193,205,93,Danderyd,SWE,NaN,NaN,NaN,NaN,NaN,https://assets.nhle.com/mugs/nhl/20252026/SEA/8484910.png,https://assets.nhle.com/mugs/actionshots/1296x729/8484910.jpg
8482213,Riley,Duran,2002-01-25,True,C,R,73,185,174,79,Boston,USA,2020,BOS,6,27,182,https://assets.nhle.com/mugs/nhl/20252026/BOS/8482213.png,https://assets.nhle.com/mugs/actionshots/1296x729/8482213.jpg
8482668,Tristan,Lennox,2002-10-21,True,G,L,75,191,193,88,Ottawa,CAN,2021,NYI,3,29,93,https://assets.nhle.com/mugs/nhl/20252026/NYI/8482668.png,https://assets.nhle.com/mugs/actionshots/1296x729/8482668.jpg
8478173,Hayden,Hodgson,1996-03-02,True,R,R,74,188,221,100,Windsor,CAN,NaN,NaN,NaN,NaN,NaN,https://assets.nhle.com/mugs/nhl/20252026/OTT/8478173.png,https://assets.nhle.com/mugs/actionshots/1296x729/8478173.jpg
8482072,Jack,Ahcan,1997-05-18,True,D,L,68,173,180,82,Savage,USA,NaN,NaN,NaN,NaN,NaN,https://assets.nhle.com/mugs/nhl/20252026/COL/8482072.png,https://assets.nhle.com/mugs/actionshots/1296x729/8482072.jpg
8483569,Wyatt,Aamodt,1997-11-22,True,D,L,72,183,201,91,Hermantown,USA,NaN,NaN,NaN,NaN,NaN,https://assets.nhle.com/mugs/nhl/20252026/COL/8483569.png,https://assets.nhle.com/mugs/actionshots/1296x729/8483569.jpg
8480075,Cameron,Crotty,1999-05-05,False,D,R,75,191,182,83,Ottawa,CAN,2017,ARI,3,20,82,https://assets.nhle.com/mugs/nhl/latest/8480075.png,https://assets.nhle.com/mugs/actionshots/1296x729/8480075.jpg
8484268,Nikita,Tolopilo,2000-04-06,True,G,L,78,198,229,104,Minsk,BLR,NaN,NaN,NaN,NaN,NaN,https://assets.nhle.com/mugs/nhl/20252026/VAN/8484268.png,https://assets.nhle.com/mugs/actionshots/1296x729/8484268.jpg
8484406,Ty,Mueller,2003-02-26,True,C,L,71,180,185,84,Edmonton,CAN,2023,VAN,4,9,105,https://assets.nhle.com/mugs/nhl/20252026/VAN/8484406.png,https://assets.nhle.com/mugs/actionshots/1296x729/8484406.jpg
8482133,Thomas,Bordeleau,2002-01-03,True,C,L,70,178,180,82,Houston,USA,2020,SJS,2,7,38,https://assets.nhle.com/mugs/nhl/20252026/NJD/8482133.png,https://assets.nhle.com/mugs/actionshots/1296x729/8482133.jpg
8482178,Ian,Moore,2002-01-04,True,D,R,75,191,203,92,Salt Lake City,USA,2020,ANA,3,5,67,https://assets.nhle.com/mugs/nhl/20252026/ANA/8482178.png,https://assets.nhle.com/mugs/actionshots/1296x729/8482178.jpg
8483450,Ryan,Greene,2003-10-21,True,C,R,73,185,174,79,St. John's,CAN,2022,CHI,2,25,57,https://assets.nhle.com/mugs/nhl/20252026/CHI/8483450.png,https://assets.nhle.com/mugs/actionshots/1296x729/8483450.jpg
8484984,Ivan,Demidov,2005-12-10,True,R,L,73,185,192,87,Sergiyev Posad,RUS,2024,MTL,1,5,5,https://assets.nhle.com/mugs/nhl/20252026/MTL/8484984.png,https://assets.nhle.com/mugs/actionshots/1296x729/8484984.jpg
8481525,Matthew,Robertson,2001-03-09,True,D,L,76,193,211,96,Edmonton,CAN,2019,NYR,2,18,49,https://assets.nhle.com/mugs/nhl/20252026/NYR/8481525.png,https://assets.nhle.com/mugs/actionshots/1296x729/8481525.jpg
8482715,Ryan,Ufko,2003-05-07,True,D,R,72,183,174,79,Smithtown,USA,2021,NSH,4,19,115,https://assets.nhle.com/mugs/nhl/20252026/NSH/8482715.png,https://assets.nhle.com/mugs/actionshots/1296x729/8482715.jpg
8485511,Quinn,Hutson,2002-01-01,True,R,R,71,180,170,77,North Barrington,USA,NaN,NaN,NaN,NaN,NaN,https://assets.nhle.com/mugs/nhl/20252026/EDM/8485511.png,https://assets.nhle.com/mugs/actionshots/1296x729/8485511.jpg
8483467,Kirill,Kudryavtsev,2004-02-05,True,D,L,71,180,200,91,Yaroslavl,RUS,2022,VAN,7,15,208,https://assets.nhle.com/mugs/nhl/20252026/VAN/8483467.png,https://assets.nhle.com/mugs/actionshots/1296x729/8483467.jpg
8481558,John,Farinacci,2001-02-14,True,C,R,71,180,197,89,Red Bank,USA,2019,ARI,3,14,76,https://assets.nhle.com/mugs/nhl/20252026/BOS/8481558.png,https://assets.nhle.com/mugs/actionshots/1296x729/8481558.jpg
8483017,Frederic,Brunet,2003-08-21,True,D,L,75,191,196,89,Gatineau,CAN,2022,BOS,5,3,132,https://assets.nhle.com/mugs/nhl/20252026/BOS/8483017.png,https://assets.nhle.com/mugs/actionshots/1296x729/8483017.jpg
8483532,Clay,Stevenson,1999-03-03,True,G,L,76,193,195,88,Drayton Valley,CAN,NaN,NaN,NaN,NaN,NaN,https://assets.nhle.com/mugs/nhl/20252026/WSH/8483532.png,https://assets.nhle.com/mugs/actionshots/1296x729/8483532.jpg
8485512,Tim,Washe,2001-08-25,True,C,L,75,191,215,98,Detroit,USA,NaN,NaN,NaN,NaN,NaN,https://assets.nhle.com/mugs/nhl/20252026/ANA/8485512.png,https://assets.nhle.com/mugs/actionshots/1296x729/8485512.jpg
8482866,Ville,Ottavainen,2002-08-12,True,D,R,77,196,210,95,Oulu,FIN,2021,SEA,4,3,99,https://assets.nhle.com/mugs/nhl/20252026/SEA/8482866.png,https://assets.nhle.com/mugs/actionshots/1296x729/8482866.jpg
8480291,Skyler,Brind'Amour,1999-07-27,True,C,L,74,188,195,88,Raleigh,USA,2017,EDM,6,22,177,https://assets.nhle.com/mugs/nhl/20252026/CAR/8480291.png,https://assets.nhle.com/mugs/actionshots/1296x729/8480291.jpg
8481562,Domenick,Fensore,2001-09-07,True,D,L,69,175,175,79,Thornwood,USA,2019,CAR,3,28,90,https://assets.nhle.com/mugs/nhl/20252026/CAR/8481562.png,https://assets.nhle.com/mugs/actionshots/1296x729/8481562.jpg
8484203,Bradly,Nadeau,2005-05-05,True,L,R,71,180,172,78,St-Francois de Madaw,CAN,2023,CAR,1,30,30,https://assets.nhle.com/mugs/nhl/20252026/CAR/8484203.png,https://assets.nhle.com/mugs/actionshots/1296x729/8484203.jpg
8483461,Devin,Kaplan,2004-01-10,True,R,R,74,188,199,90,Bridgewater,USA,2022,PHI,3,4,69,https://assets.nhle.com/mugs/nhl/20252026/PHI/8483461.png,https://assets.nhle.com/mugs/actionshots/1296x729/8483461.jpg
8485469,Jack,Williams,2002-03-02,True,R,R,71,180,185,84,Biddeford,USA,NaN,NaN,NaN,NaN,NaN,https://assets.nhle.com/mugs/nhl/20252026/CBJ/8485469.png,https://assets.nhle.com/mugs/actionshots/1296x729/8485469.jpg
